time,1Y,5Y
2014-01-02,5.73,
2014-01-03,5.73,
2014-01-06,5.73,
2014-01-07,5.73,
2014-01-08,5.73,
2014-01-09,5.73,
2014-01-10,5.73,
2014-01-13,5.73,
2014-01-14,5.73,
2014-01-15,5.73,
2014-01-16,5.73,
2014-01-17,5.73,
2014-01-20,5.73,
2014-01-21,5.73,
2014-01-22,5.73,
2014-01-23,5.73,
2014-01-24,5.73,
2014-01-26,5.73,
2014-01-27,5.73,
2014-01-28,5.73,
2014-01-29,5.73,
2014-01-30,5.73,
2014-02-07,5.73,
2014-02-08,5.73,
2014-02-10,5.73,
2014-02-11,5.73,
2014-02-12,5.73,
2014-02-13,5.74,
2014-02-14,5.76,
2014-02-17,5.76,
2014-02-18,5.76,
2014-02-19,5.76,
2014-02-20,5.76,
2014-02-21,5.76,
2014-02-24,5.76,
2014-02-25,5.76,
2014-02-26,5.76,
2014-02-27,5.76,
2014-02-28,5.76,
2014-03-03,5.76,
2014-03-04,5.76,
2014-03-05,5.76,
2014-03-06,5.76,
2014-03-07,5.76,
2014-03-10,5.76,
2014-03-11,5.76,
2014-03-12,5.76,
2014-03-13,5.76,
2014-03-14,5.76,
2014-03-17,5.76,
2014-03-18,5.76,
2014-03-19,5.76,
2014-03-20,5.76,
2014-03-21,5.76,
2014-03-24,5.76,
2014-03-25,5.76,
2014-03-26,5.76,
2014-03-27,5.76,
2014-03-28,5.76,
2014-03-31,5.76,
2014-04-01,5.77,
2014-04-02,5.77,
2014-04-03,5.77,
2014-04-04,5.77,
2014-04-08,5.77,
2014-04-09,5.77,
2014-04-10,5.77,
2014-04-11,5.77,
2014-04-14,5.77,
2014-04-15,5.77,
2014-04-16,5.77,
2014-04-17,5.77,
2014-04-18,5.77,
2014-04-21,5.77,
2014-04-22,5.77,
2014-04-23,5.77,
2014-04-24,5.77,
2014-04-25,5.77,
2014-04-28,5.77,
2014-04-29,5.77,
2014-04-30,5.77,
2014-05-04,5.77,
2014-05-05,5.77,
2014-05-06,5.77,
2014-05-07,5.77,
2014-05-08,5.77,
2014-05-09,5.77,
2014-05-12,5.77,
2014-05-13,5.77,
2014-05-14,5.77,
2014-05-15,5.77,
2014-05-16,5.77,
2014-05-19,5.77,
2014-05-20,5.77,
2014-05-21,5.77,
2014-05-22,5.77,
2014-05-23,5.77,
2014-05-26,5.77,
2014-05-27,5.77,
2014-05-28,5.77,
2014-05-29,5.77,
2014-05-30,5.77,
2014-06-03,5.77,
2014-06-04,5.77,
2014-06-05,5.77,
2014-06-06,5.77,
2014-06-09,5.77,
2014-06-10,5.77,
2014-06-11,5.77,
2014-06-12,5.77,
2014-06-13,5.77,
2014-06-16,5.77,
2014-06-17,5.76,
2014-06-18,5.76,
2014-06-19,5.76,
2014-06-20,5.76,
2014-06-23,5.76,
2014-06-24,5.76,
2014-06-25,5.76,
2014-06-26,5.76,
2014-06-27,5.76,
2014-06-30,5.76,
2014-07-01,5.76,
2014-07-02,5.76,
2014-07-03,5.76,
2014-07-04,5.76,
2014-07-07,5.76,
2014-07-08,5.76,
2014-07-09,5.76,
2014-07-10,5.76,
2014-07-11,5.76,
2014-07-14,5.76,
2014-07-15,5.76,
2014-07-16,5.76,
2014-07-17,5.76,
2014-07-18,5.76,
2014-07-21,5.76,
2014-07-22,5.76,
2014-07-23,5.76,
2014-07-24,5.76,
2014-07-25,5.76,
2014-07-28,5.76,
2014-07-29,5.76,
2014-07-30,5.76,
2014-07-31,5.76,
2014-08-01,5.76,
2014-08-04,5.76,
2014-08-05,5.76,
2014-08-06,5.76,
2014-08-07,5.76,
2014-08-08,5.76,
2014-08-11,5.76,
2014-08-12,5.76,
2014-08-13,5.76,
2014-08-14,5.76,
2014-08-15,5.76,
2014-08-18,5.76,
2014-08-19,5.76,
2014-08-20,5.76,
2014-08-21,5.76,
2014-08-22,5.76,
2014-08-25,5.76,
2014-08-26,5.76,
2014-08-27,5.76,
2014-08-28,5.76,
2014-08-29,5.76,
2014-09-01,5.76,
2014-09-02,5.76,
2014-09-03,5.76,
2014-09-04,5.76,
2014-09-05,5.76,
2014-09-09,5.76,
2014-09-10,5.76,
2014-09-11,5.76,
2014-09-12,5.76,
2014-09-15,5.76,
2014-09-16,5.76,
2014-09-17,5.76,
2014-09-18,5.76,
2014-09-19,5.76,
2014-09-22,5.76,
2014-09-23,5.76,
2014-09-24,5.76,
2014-09-25,5.76,
2014-09-26,5.76,
2014-09-28,5.76,
2014-09-29,5.76,
2014-09-30,5.76,
2014-10-08,5.76,
2014-10-09,5.76,
2014-10-10,5.76,
2014-10-11,5.76,
2014-10-13,5.76,
2014-10-14,5.76,
2014-10-15,5.76,
2014-10-16,5.76,
2014-10-17,5.76,
2014-10-20,5.76,
2014-10-21,5.76,
2014-10-22,5.76,
2014-10-23,5.76,
2014-10-24,5.76,
2014-10-27,5.76,
2014-10-28,5.76,
2014-10-29,5.76,
2014-10-30,5.76,
2014-10-31,5.76,
2014-11-03,5.76,
2014-11-04,5.76,
2014-11-05,5.76,
2014-11-06,5.76,
2014-11-07,5.76,
2014-11-10,5.76,
2014-11-11,5.76,
2014-11-12,5.76,
2014-11-13,5.76,
2014-11-14,5.76,
2014-11-17,5.76,
2014-11-18,5.76,
2014-11-19,5.76,
2014-11-20,5.76,
2014-11-21,5.76,
2014-11-24,5.56,
2014-11-25,5.56,
2014-11-26,5.56,
2014-11-27,5.52,
2014-11-28,5.51,
2014-12-01,5.51,
2014-12-02,5.51,
2014-12-03,5.51,
2014-12-04,5.51,
2014-12-05,5.51,
2014-12-08,5.51,
2014-12-09,5.51,
2014-12-10,5.51,
2014-12-11,5.51,
2014-12-12,5.51,
2014-12-15,5.51,
2014-12-16,5.51,
2014-12-17,5.51,
2014-12-18,5.51,
2014-12-19,5.51,
2014-12-22,5.51,
2014-12-23,5.51,
2014-12-24,5.51,
2014-12-25,5.51,
2014-12-26,5.51,
2014-12-29,5.51,
2014-12-30,5.51,
2014-12-31,5.51,
2015-01-04,5.51,
2015-01-05,5.51,
2015-01-06,5.51,
2015-01-07,5.51,
2015-01-08,5.51,
2015-01-09,5.51,
2015-01-12,5.51,
2015-01-13,5.51,
2015-01-14,5.51,
2015-01-15,5.51,
2015-01-16,5.51,
2015-01-19,5.51,
2015-01-20,5.51,
2015-01-21,5.51,
2015-01-22,5.51,
2015-01-23,5.51,
2015-01-26,5.51,
2015-01-27,5.51,
2015-01-28,5.51,
2015-01-29,5.51,
2015-01-30,5.51,
2015-02-02,5.51,
2015-02-03,5.51,
2015-02-04,5.51,
2015-02-05,5.51,
2015-02-06,5.51,
2015-02-09,5.51,
2015-02-10,5.51,
2015-02-11,5.51,
2015-02-12,5.51,
2015-02-13,5.51,
2015-02-15,5.51,
2015-02-16,5.51,
2015-02-17,5.51,
2015-02-25,5.51,
2015-02-26,5.51,
2015-02-27,5.51,
2015-02-28,5.51,
2015-03-02,5.3,
2015-03-03,5.3,
2015-03-04,5.3,
2015-03-05,5.3,
2015-03-06,5.3,
2015-03-09,5.3,
2015-03-10,5.3,
2015-03-11,5.3,
2015-03-12,5.3,
2015-03-13,5.3,
2015-03-16,5.3,
2015-03-17,5.3,
2015-03-18,5.3,
2015-03-19,5.3,
2015-03-20,5.3,
2015-03-23,5.3,
2015-03-24,5.3,
2015-03-25,5.3,
2015-03-26,5.3,
2015-03-27,5.3,
2015-03-30,5.3,
2015-03-31,5.3,
2015-04-01,5.3,
2015-04-02,5.3,
2015-04-03,5.3,
2015-04-07,5.3,
2015-04-08,5.3,
2015-04-09,5.3,
2015-04-10,5.3,
2015-04-13,5.3,
2015-04-14,5.3,
2015-04-15,5.3,
2015-04-16,5.3,
2015-04-17,5.3,
2015-04-20,5.3,
2015-04-21,5.3,
2015-04-22,5.3,
2015-04-23,5.3,
2015-04-24,5.3,
2015-04-27,5.3,
2015-04-28,5.3,
2015-04-29,5.3,
2015-04-30,5.3,
2015-05-04,5.3,
2015-05-05,5.3,
2015-05-06,5.3,
2015-05-07,5.3,
2015-05-08,5.3,
2015-05-11,5.05,
2015-05-12,5.05,
2015-05-13,5.05,
2015-05-14,5.05,
2015-05-15,5.05,
2015-05-18,5.05,
2015-05-19,5.05,
2015-05-20,5.05,
2015-05-21,5.05,
2015-05-22,5.05,
2015-05-25,5.05,
2015-05-26,5.05,
2015-05-27,5.05,
2015-05-28,5.05,
2015-05-29,5.05,
2015-06-01,5.05,
2015-06-02,5.05,
2015-06-03,5.05,
2015-06-04,5.05,
2015-06-05,5.05,
2015-06-08,5.05,
2015-06-09,5.05,
2015-06-10,5.05,
2015-06-11,5.05,
2015-06-12,5.05,
2015-06-15,5.05,
2015-06-16,5.05,
2015-06-17,5.05,
2015-06-18,5.05,
2015-06-19,5.05,
2015-06-23,5.05,
2015-06-24,5.05,
2015-06-25,5.05,
2015-06-26,5.05,
2015-06-29,4.8,
2015-06-30,4.8,
2015-07-01,4.8,
2015-07-02,4.8,
2015-07-03,4.8,
2015-07-06,4.8,
2015-07-07,4.8,
2015-07-08,4.8,
2015-07-09,4.8,
2015-07-10,4.8,
2015-07-13,4.8,
2015-07-14,4.8,
2015-07-15,4.8,
2015-07-16,4.8,
2015-07-17,4.8,
2015-07-20,4.8,
2015-07-21,4.8,
2015-07-22,4.8,
2015-07-23,4.8,
2015-07-24,4.8,
2015-07-27,4.8,
2015-07-28,4.8,
2015-07-29,4.8,
2015-07-30,4.8,
2015-07-31,4.8,
2015-08-03,4.8,
2015-08-04,4.8,
2015-08-05,4.8,
2015-08-06,4.8,
2015-08-07,4.8,
2015-08-10,4.8,
2015-08-11,4.8,
2015-08-12,4.8,
2015-08-13,4.8,
2015-08-14,4.8,
2015-08-17,4.8,
2015-08-18,4.8,
2015-08-19,4.8,
2015-08-20,4.8,
2015-08-21,4.8,
2015-08-24,4.8,
2015-08-25,4.8,
2015-08-26,4.55,
2015-08-27,4.55,
2015-08-28,4.55,
2015-08-31,4.55,
2015-09-01,4.55,
2015-09-02,4.55,
2015-09-06,4.55,
2015-09-07,4.55,
2015-09-08,4.55,
2015-09-09,4.55,
2015-09-10,4.55,
2015-09-11,4.55,
2015-09-14,4.55,
2015-09-15,4.55,
2015-09-16,4.55,
2015-09-17,4.55,
2015-09-18,4.55,
2015-09-21,4.55,
2015-09-22,4.55,
2015-09-23,4.55,
2015-09-24,4.55,
2015-09-25,4.55,
2015-09-28,4.55,
2015-09-29,4.55,
2015-09-30,4.55,
2015-10-08,4.55,
2015-10-09,4.55,
2015-10-10,4.55,
2015-10-12,4.55,
2015-10-13,4.55,
2015-10-14,4.55,
2015-10-15,4.55,
2015-10-16,4.55,
2015-10-19,4.55,
2015-10-20,4.55,
2015-10-21,4.55,
2015-10-22,4.55,
2015-10-23,4.55,
2015-10-26,4.3,
2015-10-27,4.3,
2015-10-28,4.3,
2015-10-29,4.3,
2015-10-30,4.3,
2015-11-02,4.3,
2015-11-03,4.3,
2015-11-04,4.3,
2015-11-05,4.3,
2015-11-06,4.3,
2015-11-09,4.3,
2015-11-10,4.3,
2015-11-11,4.3,
2015-11-12,4.3,
2015-11-13,4.3,
2015-11-16,4.3,
2015-11-17,4.3,
2015-11-18,4.3,
2015-11-19,4.3,
2015-11-20,4.3,
2015-11-23,4.3,
2015-11-24,4.3,
2015-11-25,4.3,
2015-11-26,4.3,
2015-11-27,4.3,
2015-11-30,4.3,
2015-12-01,4.3,
2015-12-02,4.3,
2015-12-03,4.3,
2015-12-04,4.3,
2015-12-07,4.3,
2015-12-08,4.3,
2015-12-09,4.3,
2015-12-10,4.3,
2015-12-11,4.3,
2015-12-14,4.3,
2015-12-15,4.3,
2015-12-16,4.3,
2015-12-17,4.3,
2015-12-18,4.3,
2015-12-21,4.3,
2015-12-22,4.3,
2015-12-23,4.3,
2015-12-24,4.3,
2015-12-25,4.3,
2015-12-28,4.3,
2015-12-29,4.3,
2015-12-30,4.3,
2015-12-31,4.3,
2016-01-04,4.3,
2016-01-05,4.3,
2016-01-06,4.3,
2016-01-07,4.3,
2016-01-08,4.3,
2016-01-11,4.3,
2016-01-12,4.3,
2016-01-13,4.3,
2016-01-14,4.3,
2016-01-15,4.3,
2016-01-18,4.3,
2016-01-19,4.3,
2016-01-20,4.3,
2016-01-21,4.3,
2016-01-22,4.3,
2016-01-25,4.3,
2016-01-26,4.3,
2016-01-27,4.3,
2016-01-28,4.3,
2016-01-29,4.3,
2016-02-01,4.3,
2016-02-02,4.3,
2016-02-03,4.3,
2016-02-04,4.3,
2016-02-05,4.3,
2016-02-06,4.3,
2016-02-14,4.3,
2016-02-15,4.3,
2016-02-16,4.3,
2016-02-17,4.3,
2016-02-18,4.3,
2016-02-19,4.3,
2016-02-22,4.3,
2016-02-23,4.3,
2016-02-24,4.3,
2016-02-25,4.3,
2016-02-26,4.3,
2016-02-29,4.3,
2016-03-01,4.3,
2016-03-02,4.3,
2016-03-03,4.3,
2016-03-04,4.3,
2016-03-07,4.3,
2016-03-08,4.3,
2016-03-09,4.3,
2016-03-10,4.3,
2016-03-11,4.3,
2016-03-14,4.3,
2016-03-15,4.3,
2016-03-16,4.3,
2016-03-17,4.3,
2016-03-18,4.3,
2016-03-21,4.3,
2016-03-22,4.3,
2016-03-23,4.3,
2016-03-24,4.3,
2016-03-25,4.3,
2016-03-28,4.3,
2016-03-29,4.3,
2016-03-30,4.3,
2016-03-31,4.3,
2016-04-01,4.3,
2016-04-05,4.3,
2016-04-06,4.3,
2016-04-07,4.3,
2016-04-08,4.3,
2016-04-11,4.3,
2016-04-12,4.3,
2016-04-13,4.3,
2016-04-14,4.3,
2016-04-15,4.3,
2016-04-18,4.3,
2016-04-19,4.3,
2016-04-20,4.3,
2016-04-21,4.3,
2016-04-22,4.3,
2016-04-25,4.3,
2016-04-26,4.3,
2016-04-27,4.3,
2016-04-28,4.3,
2016-04-29,4.3,
2016-05-03,4.3,
2016-05-04,4.3,
2016-05-05,4.3,
2016-05-06,4.3,
2016-05-09,4.3,
2016-05-10,4.3,
2016-05-11,4.3,
2016-05-12,4.3,
2016-05-13,4.3,
2016-05-16,4.3,
2016-05-17,4.3,
2016-05-18,4.3,
2016-05-19,4.3,
2016-05-20,4.3,
2016-05-23,4.3,
2016-05-24,4.3,
2016-05-25,4.3,
2016-05-26,4.3,
2016-05-27,4.3,
2016-05-30,4.3,
2016-05-31,4.3,
2016-06-01,4.3,
2016-06-02,4.3,
2016-06-03,4.3,
2016-06-06,4.3,
2016-06-07,4.3,
2016-06-08,4.3,
2016-06-12,4.3,
2016-06-13,4.3,
2016-06-14,4.3,
2016-06-15,4.3,
2016-06-16,4.3,
2016-06-17,4.3,
2016-06-20,4.3,
2016-06-21,4.3,
2016-06-22,4.3,
2016-06-23,4.3,
2016-06-24,4.3,
2016-06-27,4.3,
2016-06-28,4.3,
2016-06-29,4.3,
2016-06-30,4.3,
2016-07-01,4.3,
2016-07-04,4.3,
2016-07-05,4.3,
2016-07-06,4.3,
2016-07-07,4.3,
2016-07-08,4.3,
2016-07-11,4.3,
2016-07-12,4.3,
2016-07-13,4.3,
2016-07-14,4.3,
2016-07-15,4.3,
2016-07-18,4.3,
2016-07-19,4.3,
2016-07-20,4.3,
2016-07-21,4.3,
2016-07-22,4.3,
2016-07-25,4.3,
2016-07-26,4.3,
2016-07-27,4.3,
2016-07-28,4.3,
2016-07-29,4.3,
2016-08-01,4.3,
2016-08-02,4.3,
2016-08-03,4.3,
2016-08-04,4.3,
2016-08-05,4.3,
2016-08-08,4.3,
2016-08-09,4.3,
2016-08-10,4.3,
2016-08-11,4.3,
2016-08-12,4.3,
2016-08-15,4.3,
2016-08-16,4.3,
2016-08-17,4.3,
2016-08-18,4.3,
2016-08-19,4.3,
2016-08-22,4.3,
2016-08-23,4.3,
2016-08-24,4.3,
2016-08-25,4.3,
2016-08-26,4.3,
2016-08-29,4.3,
2016-08-30,4.3,
2016-08-31,4.3,
2016-09-01,4.3,
2016-09-02,4.3,
2016-09-05,4.3,
2016-09-06,4.3,
2016-09-07,4.3,
2016-09-08,4.3,
2016-09-09,4.3,
2016-09-12,4.3,
2016-09-13,4.3,
2016-09-14,4.3,
2016-09-18,4.3,
2016-09-19,4.3,
2016-09-20,4.3,
2016-09-21,4.3,
2016-09-22,4.3,
2016-09-23,4.3,
2016-09-26,4.3,
2016-09-27,4.3,
2016-09-28,4.3,
2016-09-29,4.3,
2016-09-30,4.3,
2016-10-08,4.3,
2016-10-09,4.3,
2016-10-10,4.3,
2016-10-11,4.3,
2016-10-12,4.3,
2016-10-13,4.3,
2016-10-14,4.3,
2016-10-17,4.3,
2016-10-18,4.3,
2016-10-19,4.3,
2016-10-20,4.3,
2016-10-21,4.3,
2016-10-24,4.3,
2016-10-25,4.3,
2016-10-26,4.3,
2016-10-27,4.3,
2016-10-28,4.3,
2016-10-31,4.3,
2016-11-01,4.3,
2016-11-02,4.3,
2016-11-03,4.3,
2016-11-04,4.3,
2016-11-07,4.3,
2016-11-08,4.3,
2016-11-09,4.3,
2016-11-10,4.3,
2016-11-11,4.3,
2016-11-14,4.3,
2016-11-15,4.3,
2016-11-16,4.3,
2016-11-17,4.3,
2016-11-18,4.3,
2016-11-21,4.3,
2016-11-22,4.3,
2016-11-23,4.3,
2016-11-24,4.3,
2016-11-25,4.3,
2016-11-28,4.3,
2016-11-29,4.3,
2016-11-30,4.3,
2016-12-01,4.3,
2016-12-02,4.3,
2016-12-05,4.3,
2016-12-06,4.3,
2016-12-07,4.3,
2016-12-08,4.3,
2016-12-09,4.3,
2016-12-12,4.3,
2016-12-13,4.3,
2016-12-14,4.3,
2016-12-15,4.3,
2016-12-16,4.3,
2016-12-19,4.3,
2016-12-20,4.3,
2016-12-21,4.3,
2016-12-22,4.3,
2016-12-23,4.3,
2016-12-26,4.3,
2016-12-27,4.3,
2016-12-28,4.3,
2016-12-29,4.3,
2016-12-30,4.3,
2017-01-03,4.3,
2017-01-04,4.3,
2017-01-05,4.3,
2017-01-06,4.3,
2017-01-09,4.3,
2017-01-10,4.3,
2017-01-11,4.3,
2017-01-12,4.3,
2017-01-13,4.3,
2017-01-16,4.3,
2017-01-17,4.3,
2017-01-18,4.3,
2017-01-19,4.3,
2017-01-20,4.3,
2017-01-22,4.3,
2017-01-23,4.3,
2017-01-24,4.3,
2017-01-25,4.3,
2017-01-26,4.3,
2017-02-03,4.3,
2017-02-04,4.3,
2017-02-06,4.3,
2017-02-07,4.3,
2017-02-08,4.3,
2017-02-09,4.3,
2017-02-10,4.3,
2017-02-13,4.3,
2017-02-14,4.3,
2017-02-15,4.3,
2017-02-16,4.3,
2017-02-17,4.3,
2017-02-20,4.3,
2017-02-21,4.3,
2017-02-22,4.3,
2017-02-23,4.3,
2017-02-24,4.3,
2017-02-27,4.3,
2017-02-28,4.3,
2017-03-01,4.3,
2017-03-02,4.3,
2017-03-03,4.3,
2017-03-06,4.3,
2017-03-07,4.3,
2017-03-08,4.3,
2017-03-09,4.3,
2017-03-10,4.3,
2017-03-13,4.3,
2017-03-14,4.3,
2017-03-15,4.3,
2017-03-16,4.3,
2017-03-17,4.3,
2017-03-20,4.3,
2017-03-21,4.3,
2017-03-22,4.3,
2017-03-23,4.3,
2017-03-24,4.3,
2017-03-27,4.3,
2017-03-28,4.3,
2017-03-29,4.3,
2017-03-30,4.3,
2017-03-31,4.3,
2017-04-01,4.3,
2017-04-05,4.3,
2017-04-06,4.3,
2017-04-07,4.3,
2017-04-10,4.3,
2017-04-11,4.3,
2017-04-12,4.3,
2017-04-13,4.3,
2017-04-14,4.3,
2017-04-17,4.3,
2017-04-18,4.3,
2017-04-19,4.3,
2017-04-20,4.3,
2017-04-21,4.3,
2017-04-24,4.3,
2017-04-25,4.3,
2017-04-26,4.3,
2017-04-27,4.3,
2017-04-28,4.3,
2017-05-02,4.3,
2017-05-03,4.3,
2017-05-04,4.3,
2017-05-05,4.3,
2017-05-08,4.3,
2017-05-09,4.3,
2017-05-10,4.3,
2017-05-11,4.3,
2017-05-12,4.3,
2017-05-15,4.3,
2017-05-16,4.3,
2017-05-17,4.3,
2017-05-18,4.3,
2017-05-19,4.3,
2017-05-22,4.3,
2017-05-23,4.3,
2017-05-24,4.3,
2017-05-25,4.3,
2017-05-26,4.3,
2017-05-27,4.3,
2017-05-31,4.3,
2017-06-01,4.3,
2017-06-02,4.3,
2017-06-05,4.3,
2017-06-06,4.3,
2017-06-07,4.3,
2017-06-08,4.3,
2017-06-09,4.3,
2017-06-12,4.3,
2017-06-13,4.3,
2017-06-14,4.3,
2017-06-15,4.3,
2017-06-16,4.3,
2017-06-19,4.3,
2017-06-20,4.3,
2017-06-21,4.3,
2017-06-22,4.3,
2017-06-23,4.3,
2017-06-26,4.3,
2017-06-27,4.3,
2017-06-28,4.3,
2017-06-29,4.3,
2017-06-30,4.3,
2017-07-03,4.3,
2017-07-04,4.3,
2017-07-05,4.3,
2017-07-06,4.3,
2017-07-07,4.3,
2017-07-10,4.3,
2017-07-11,4.3,
2017-07-12,4.3,
2017-07-13,4.3,
2017-07-14,4.3,
2017-07-17,4.3,
2017-07-18,4.3,
2017-07-19,4.3,
2017-07-20,4.3,
2017-07-21,4.3,
2017-07-24,4.3,
2017-07-25,4.3,
2017-07-26,4.3,
2017-07-27,4.3,
2017-07-28,4.3,
2017-07-31,4.3,
2017-08-01,4.3,
2017-08-02,4.3,
2017-08-03,4.3,
2017-08-04,4.3,
2017-08-07,4.3,
2017-08-08,4.3,
2017-08-09,4.3,
2017-08-10,4.3,
2017-08-11,4.3,
2017-08-14,4.3,
2017-08-15,4.3,
2017-08-16,4.3,
2017-08-17,4.3,
2017-08-18,4.3,
2017-08-21,4.3,
2017-08-22,4.3,
2017-08-23,4.3,
2017-08-24,4.3,
2017-08-25,4.3,
2017-08-28,4.3,
2017-08-29,4.3,
2017-08-30,4.3,
2017-08-31,4.3,
2017-09-01,4.3,
2017-09-04,4.3,
2017-09-05,4.3,
2017-09-06,4.3,
2017-09-07,4.3,
2017-09-08,4.3,
2017-09-11,4.3,
2017-09-12,4.3,
2017-09-13,4.3,
2017-09-14,4.3,
2017-09-15,4.3,
2017-09-18,4.3,
2017-09-19,4.3,
2017-09-20,4.3,
2017-09-21,4.3,
2017-09-22,4.3,
2017-09-25,4.3,
2017-09-26,4.3,
2017-09-27,4.3,
2017-09-28,4.3,
2017-09-29,4.3,
2017-09-30,4.3,
2017-10-09,4.3,
2017-10-10,4.3,
2017-10-11,4.3,
2017-10-12,4.3,
2017-10-13,4.3,
2017-10-16,4.3,
2017-10-17,4.3,
2017-10-18,4.3,
2017-10-19,4.3,
2017-10-20,4.3,
2017-10-23,4.3,
2017-10-24,4.3,
2017-10-25,4.3,
2017-10-26,4.3,
2017-10-27,4.3,
2017-10-30,4.3,
2017-10-31,4.3,
2017-11-01,4.3,
2017-11-02,4.3,
2017-11-03,4.3,
2017-11-06,4.3,
2017-11-07,4.3,
2017-11-08,4.3,
2017-11-09,4.3,
2017-11-10,4.3,
2017-11-13,4.3,
2017-11-14,4.3,
2017-11-15,4.3,
2017-11-16,4.3,
2017-11-17,4.3,
2017-11-20,4.3,
2017-11-21,4.3,
2017-11-22,4.3,
2017-11-23,4.3,
2017-11-24,4.3,
2017-11-27,4.3,
2017-11-28,4.3,
2017-11-29,4.3,
2017-11-30,4.3,
2017-12-01,4.3,
2017-12-04,4.3,
2017-12-05,4.3,
2017-12-06,4.3,
2017-12-07,4.3,
2017-12-08,4.3,
2017-12-11,4.3,
2017-12-12,4.3,
2017-12-13,4.3,
2017-12-14,4.3,
2017-12-15,4.3,
2017-12-18,4.3,
2017-12-19,4.3,
2017-12-20,4.3,
2017-12-21,4.3,
2017-12-22,4.3,
2017-12-25,4.3,
2017-12-26,4.3,
2017-12-27,4.3,
2017-12-28,4.3,
2017-12-29,4.3,
2018-01-02,4.3,
2018-01-03,4.3,
2018-01-04,4.3,
2018-01-05,4.3,
2018-01-08,4.3,
2018-01-09,4.3,
2018-01-10,4.3,
2018-01-11,4.3,
2018-01-12,4.3,
2018-01-15,4.3,
2018-01-16,4.3,
2018-01-17,4.3,
2018-01-18,4.3,
2018-01-19,4.3,
2018-01-22,4.3,
2018-01-23,4.3,
2018-01-24,4.3,
2018-01-25,4.3,
2018-01-26,4.3,
2018-01-29,4.3,
2018-01-30,4.3,
2018-01-31,4.3,
2018-02-01,4.3,
2018-02-02,4.3,
2018-02-05,4.3,
2018-02-06,4.3,
2018-02-07,4.3,
2018-02-08,4.3,
2018-02-09,4.3,
2018-02-11,4.3,
2018-02-12,4.3,
2018-02-13,4.3,
2018-02-14,4.3,
2018-02-22,4.3,
2018-02-23,4.3,
2018-02-24,4.3,
2018-02-26,4.3,
2018-02-27,4.3,
2018-02-28,4.3,
2018-03-01,4.3,
2018-03-02,4.3,
2018-03-05,4.3,
2018-03-06,4.3,
2018-03-07,4.3,
2018-03-08,4.3,
2018-03-09,4.3,
2018-03-12,4.3,
2018-03-13,4.3,
2018-03-14,4.3,
2018-03-15,4.3,
2018-03-16,4.3,
2018-03-19,4.3,
2018-03-20,4.3,
2018-03-21,4.3,
2018-03-22,4.3,
2018-03-23,4.3,
2018-03-26,4.3,
2018-03-27,4.3,
2018-03-28,4.3,
2018-03-29,4.3,
2018-03-30,4.3,
2018-04-02,4.3,
2018-04-03,4.3,
2018-04-04,4.3,
2018-04-08,4.31,
2018-04-09,4.31,
2018-04-10,4.31,
2018-04-11,4.31,
2018-04-12,4.31,
2018-04-13,4.31,
2018-04-16,4.31,
2018-04-17,4.31,
2018-04-18,4.31,
2018-04-19,4.31,
2018-04-20,4.31,
2018-04-23,4.31,
2018-04-24,4.31,
2018-04-25,4.31,
2018-04-26,4.31,
2018-04-27,4.31,
2018-04-28,4.31,
2018-05-02,4.31,
2018-05-03,4.31,
2018-05-04,4.31,
2018-05-07,4.31,
2018-05-08,4.31,
2018-05-09,4.31,
2018-05-10,4.31,
2018-05-11,4.31,
2018-05-14,4.31,
2018-05-15,4.31,
2018-05-16,4.31,
2018-05-17,4.31,
2018-05-18,4.31,
2018-05-21,4.31,
2018-05-22,4.31,
2018-05-23,4.31,
2018-05-24,4.31,
2018-05-25,4.31,
2018-05-28,4.31,
2018-05-29,4.31,
2018-05-30,4.31,
2018-05-31,4.31,
2018-06-01,4.31,
2018-06-04,4.31,
2018-06-05,4.31,
2018-06-06,4.31,
2018-06-07,4.31,
2018-06-08,4.31,
2018-06-11,4.31,
2018-06-12,4.31,
2018-06-13,4.31,
2018-06-14,4.31,
2018-06-15,4.31,
2018-06-19,4.31,
2018-06-20,4.31,
2018-06-21,4.31,
2018-06-22,4.31,
2018-06-25,4.31,
2018-06-26,4.31,
2018-06-27,4.31,
2018-06-28,4.31,
2018-06-29,4.31,
2018-07-02,4.31,
2018-07-03,4.31,
2018-07-04,4.31,
2018-07-05,4.31,
2018-07-06,4.31,
2018-07-09,4.31,
2018-07-10,4.31,
2018-07-11,4.31,
2018-07-12,4.31,
2018-07-13,4.31,
2018-07-16,4.31,
2018-07-17,4.31,
2018-07-18,4.31,
2018-07-19,4.31,
2018-07-20,4.31,
2018-07-23,4.31,
2018-07-24,4.31,
2018-07-25,4.31,
2018-07-26,4.31,
2018-07-27,4.31,
2018-07-30,4.31,
2018-07-31,4.31,
2018-08-01,4.31,
2018-08-02,4.31,
2018-08-03,4.31,
2018-08-06,4.31,
2018-08-07,4.31,
2018-08-08,4.31,
2018-08-09,4.31,
2018-08-10,4.31,
2018-08-13,4.31,
2018-08-14,4.31,
2018-08-15,4.31,
2018-08-16,4.31,
2018-08-17,4.31,
2018-08-20,4.31,
2018-08-21,4.31,
2018-08-22,4.31,
2018-08-23,4.31,
2018-08-24,4.31,
2018-08-27,4.31,
2018-08-28,4.31,
2018-08-29,4.31,
2018-08-30,4.31,
2018-08-31,4.31,
2018-09-03,4.31,
2018-09-04,4.31,
2018-09-05,4.31,
2018-09-06,4.31,
2018-09-07,4.31,
2018-09-10,4.31,
2018-09-11,4.31,
2018-09-12,4.31,
2018-09-13,4.31,
2018-09-14,4.31,
2018-09-17,4.31,
2018-09-18,4.31,
2018-09-19,4.31,
2018-09-20,4.31,
2018-09-21,4.31,
2018-09-25,4.31,
2018-09-26,4.31,
2018-09-27,4.31,
2018-09-28,4.31,
2018-09-29,4.31,
2018-09-30,4.31,
2018-10-08,4.31,
2018-10-09,4.31,
2018-10-10,4.31,
2018-10-11,4.31,
2018-10-12,4.31,
2018-10-15,4.31,
2018-10-16,4.31,
2018-10-17,4.31,
2018-10-18,4.31,
2018-10-19,4.31,
2018-10-22,4.31,
2018-10-23,4.31,
2018-10-24,4.31,
2018-10-25,4.31,
2018-10-26,4.31,
2018-10-29,4.31,
2018-10-30,4.31,
2018-10-31,4.31,
2018-11-01,4.31,
2018-11-02,4.31,
2018-11-05,4.31,
2018-11-06,4.31,
2018-11-07,4.31,
2018-11-08,4.31,
2018-11-09,4.31,
2018-11-12,4.31,
2018-11-13,4.31,
2018-11-14,4.31,
2018-11-15,4.31,
2018-11-16,4.31,
2018-11-19,4.31,
2018-11-20,4.31,
2018-11-21,4.31,
2018-11-22,4.31,
2018-11-23,4.31,
2018-11-26,4.31,
2018-11-27,4.31,
2018-11-28,4.31,
2018-11-29,4.31,
2018-11-30,4.31,
2018-12-03,4.31,
2018-12-04,4.31,
2018-12-05,4.31,
2018-12-06,4.31,
2018-12-07,4.31,
2018-12-10,4.31,
2018-12-11,4.31,
2018-12-12,4.31,
2018-12-13,4.31,
2018-12-14,4.31,
2018-12-17,4.31,
2018-12-18,4.31,
2018-12-19,4.31,
2018-12-20,4.31,
2018-12-21,4.31,
2018-12-24,4.31,
2018-12-25,4.31,
2018-12-26,4.31,
2018-12-27,4.31,
2018-12-28,4.31,
2018-12-29,4.31,
2019-01-02,4.31,
2019-01-03,4.31,
2019-01-04,4.31,
2019-01-07,4.31,
2019-01-08,4.31,
2019-01-09,4.31,
2019-01-10,4.31,
2019-01-11,4.31,
2019-01-14,4.31,
2019-01-15,4.31,
2019-01-16,4.31,
2019-01-17,4.31,
2019-01-18,4.31,
2019-01-21,4.31,
2019-01-22,4.31,
2019-01-23,4.31,
2019-01-24,4.31,
2019-01-25,4.31,
2019-01-28,4.31,
2019-01-29,4.31,
2019-01-30,4.31,
2019-01-31,4.31,
2019-02-01,4.31,
2019-02-02,4.31,
2019-02-03,4.31,
2019-02-11,4.31,
2019-02-12,4.31,
2019-02-13,4.31,
2019-02-14,4.31,
2019-02-15,4.31,
2019-02-18,4.31,
2019-02-19,4.31,
2019-02-20,4.31,
2019-02-21,4.31,
2019-02-22,4.31,
2019-02-25,4.31,
2019-02-26,4.31,
2019-02-27,4.31,
2019-02-28,4.31,
2019-03-01,4.31,
2019-03-04,4.31,
2019-03-05,4.31,
2019-03-06,4.31,
2019-03-07,4.31,
2019-03-08,4.31,
2019-03-11,4.31,
2019-03-12,4.31,
2019-03-13,4.31,
2019-03-14,4.31,
2019-03-15,4.31,
2019-03-18,4.31,
2019-03-19,4.31,
2019-03-20,4.31,
2019-03-21,4.31,
2019-03-22,4.31,
2019-03-25,4.31,
2019-03-26,4.31,
2019-03-27,4.31,
2019-03-28,4.31,
2019-03-29,4.31,
2019-04-01,4.31,
2019-04-02,4.31,
2019-04-03,4.31,
2019-04-04,4.31,
2019-04-08,4.31,
2019-04-09,4.31,
2019-04-10,4.31,
2019-04-11,4.31,
2019-04-12,4.31,
2019-04-15,4.31,
2019-04-16,4.31,
2019-04-17,4.31,
2019-04-18,4.31,
2019-04-19,4.31,
2019-04-22,4.31,
2019-04-23,4.31,
2019-04-24,4.31,
2019-04-25,4.31,
2019-04-26,4.31,
2019-04-28,4.31,
2019-04-29,4.31,
2019-04-30,4.31,
2019-05-05,4.31,
2019-05-06,4.31,
2019-05-07,4.31,
2019-05-08,4.31,
2019-05-09,4.31,
2019-05-10,4.31,
2019-05-13,4.31,
2019-05-14,4.31,
2019-05-15,4.31,
2019-05-16,4.31,
2019-05-17,4.31,
2019-05-20,4.31,
2019-05-21,4.31,
2019-05-22,4.31,
2019-05-23,4.31,
2019-05-24,4.31,
2019-05-27,4.31,
2019-05-28,4.31,
2019-05-29,4.31,
2019-05-30,4.31,
2019-05-31,4.31,
2019-06-03,4.31,
2019-06-04,4.31,
2019-06-05,4.31,
2019-06-06,4.31,
2019-06-10,4.31,
2019-06-11,4.31,
2019-06-12,4.31,
2019-06-13,4.31,
2019-06-14,4.31,
2019-06-17,4.31,
2019-06-18,4.31,
2019-06-19,4.31,
2019-06-20,4.31,
2019-06-21,4.31,
2019-06-24,4.31,
2019-06-25,4.31,
2019-06-26,4.31,
2019-06-27,4.31,
2019-06-28,4.31,
2019-07-01,4.31,
2019-07-02,4.31,
2019-07-03,4.31,
2019-07-04,4.31,
2019-07-05,4.31,
2019-07-08,4.31,
2019-07-09,4.31,
2019-07-10,4.31,
2019-07-11,4.31,
2019-07-12,4.31,
2019-07-15,4.31,
2019-07-16,4.31,
2019-07-17,4.31,
2019-07-18,4.31,
2019-07-19,4.31,
2019-07-22,4.31,
2019-07-23,4.31,
2019-07-24,4.31,
2019-07-25,4.31,
2019-07-26,4.31,
2019-07-29,4.31,
2019-07-30,4.31,
2019-07-31,4.31,
2019-08-01,4.31,
2019-08-02,4.31,
2019-08-05,4.31,
2019-08-06,4.31,
2019-08-07,4.31,
2019-08-08,4.31,
2019-08-09,4.31,
2019-08-12,4.31,
2019-08-13,4.31,
2019-08-14,4.31,
2019-08-15,4.31,
2019-08-16,4.31,
2019-08-20,4.25,4.85
2019-09-20,4.2,4.85
2019-10-21,4.2,4.85
2019-11-20,4.15,4.8
2019-12-20,4.15,4.8
2020-01-20,4.15,4.8
2020-02-20,4.05,4.75
2020-03-20,4.05,4.75
2020-04-20,3.85,4.65
2020-05-20,3.85,4.65
2020-06-22,3.85,4.65
2020-07-20,3.85,4.65
2020-08-20,3.85,4.65
2020-09-21,3.85,4.65
2020-10-20,3.85,4.65
2020-11-20,3.85,4.65
2020-12-21,3.85,4.65
2021-01-20,3.85,4.65
2021-02-20,3.85,4.65
2021-03-22,3.85,4.65
2021-04-20,3.85,4.65
2021-05-20,3.85,4.65
2021-06-21,3.85,4.65
2021-07-20,3.85,4.65
2021-08-20,3.85,4.65
2021-09-22,3.85,4.65
2021-10-20,3.85,4.65
2021-11-22,3.85,4.65
2021-12-20,3.8,4.65
2022-01-20,3.7,4.6
2022-02-21,3.7,4.6
2022-03-21,3.7,4.6
2022-04-20,3.7,4.6
2022-05-20,3.7,4.45
2022-06-20,3.7,4.45
2022-07-20,3.7,4.45
2022-08-22,3.65,4.3
2022-09-20,3.65,4.3
2022-10-20,3.65,4.3
2022-11-21,3.65,4.3
2022-12-20,3.65,4.3
2023-01-20,3.65,4.3
2023-02-20,3.65,4.3
2023-03-20,3.65,4.3
2023-04-20,3.65,4.3
2023-05-22,3.65,4.3
2023-06-20,3.55,4.2
2023-07-20,3.55,4.2
2023-08-21,3.45,4.2
2023-09-20,3.45,4.2
2023-10-20,3.45,4.2
2023-11-20,3.45,4.2
2023-12-20,3.45,4.20
