time,close,C,C,C,C,C,C,C,C,C,C,C,C,C,C,C,C,C,C,C,C,C,C,C,C,C,C,C,C,C,C,C,C,C,C,C,C,C,C,C,C,C,C,C,C,C,C,C,C,C,C,C,C,C,C,C,C,C,C,C,C,C,C,C,C,C,C,C,C,C,C,C,C,C,C,C,C,C,C,C,C,C,C,C,C,C,C,C,C,C,C,C,C,C,C,C,C,C,C,C,C,C,C,C,C,C,C,C,C,C,C,C,C,C,C,C,C,C,C,C,C,C,C,C,C,C,C,C,C,C,C,C,C,C,C,C,C,C,C,C,C,C,C,C,C,C,C,C,C,C,C,C,C,C,C,C,C,P,P,P,P,P,P,P,P,P,P,P,P,P,P,P,P,P,P,P,P,P,P,P,P,P,P,P,P,P,P,P,P,P,P,P,P,P,P,P,P,P,P,P,P,P,P,P,P,P,P,P,P,P,P,P,P,P,P,P,P,P,P,P,P,P,P,P,P,P,P,P,P,P,P,P,P,P,P,P,P,P,P,P,P,P,P,P,P,P,P,P,P,P,P,P,P,P,P,P,P,P,P,P,P,P,P,P,P,P,P,P,P,P,P,P,P,P,P,P,P,P,P,P,P,P,P,P,P,P,P,P,P,P,P,P,P,P,P,P,P,P,P,P,P,P,P,P,P,P,P,P,P,P,P,P,P
time,close,15.50,15.50,15.50,15.50,16.00,16.00,16.00,16.00,16.50,16.50,16.50,16.50,17.00,17.00,17.00,17.00,17.50,17.50,17.50,17.50,18.00,18.00,18.00,18.00,18.50,18.50,18.50,18.50,19.00,19.00,19.00,19.00,19.50,19.50,19.50,19.50,20.00,20.00,20.00,20.00,21.00,21.00,21.00,21.00,22.00,22.00,22.00,22.00,23.00,23.00,23.00,23.00,24.00,24.00,24.00,24.00,25.00,25.00,25.00,25.00,26.00,26.00,26.00,26.00,27.00,27.00,27.00,27.00,28.00,28.00,28.00,28.00,29.00,29.00,29.00,29.00,30.00,30.00,30.00,30.00,31.00,31.00,31.00,31.00,32.00,32.00,32.00,32.00,33.00,33.00,33.00,33.00,34.00,34.00,34.00,34.00,35.00,35.00,35.00,35.00,36.00,36.00,36.00,36.00,37.00,37.00,37.00,37.00,38.00,38.00,38.00,38.00,39.00,39.00,39.00,39.00,40.00,40.00,40.00,40.00,41.00,41.00,41.00,41.00,42.00,42.00,42.00,42.00,43.00,43.00,43.00,43.00,44.00,44.00,44.00,44.00,45.00,45.00,45.00,45.00,46.00,46.00,46.00,46.00,47.00,47.00,47.00,47.00,48.00,48.00,48.00,48.00,49.00,49.00,49.00,49.00,15.50,15.50,15.50,15.50,16.00,16.00,16.00,16.00,16.50,16.50,16.50,16.50,17.00,17.00,17.00,17.00,17.50,17.50,17.50,17.50,18.00,18.00,18.00,18.00,18.50,18.50,18.50,18.50,19.00,19.00,19.00,19.00,19.50,19.50,19.50,19.50,20.00,20.00,20.00,20.00,21.00,21.00,21.00,21.00,22.00,22.00,22.00,22.00,23.00,23.00,23.00,23.00,24.00,24.00,24.00,24.00,25.00,25.00,25.00,25.00,26.00,26.00,26.00,26.00,27.00,27.00,27.00,27.00,28.00,28.00,28.00,28.00,29.00,29.00,29.00,29.00,30.00,30.00,30.00,30.00,31.00,31.00,31.00,31.00,32.00,32.00,32.00,32.00,33.00,33.00,33.00,33.00,34.00,34.00,34.00,34.00,35.00,35.00,35.00,35.00,36.00,36.00,36.00,36.00,37.00,37.00,37.00,37.00,38.00,38.00,38.00,38.00,39.00,39.00,39.00,39.00,40.00,40.00,40.00,40.00,41.00,41.00,41.00,41.00,42.00,42.00,42.00,42.00,43.00,43.00,43.00,43.00,44.00,44.00,44.00,44.00,45.00,45.00,45.00,45.00,46.00,46.00,46.00,46.00,47.00,47.00,47.00,47.00,48.00,48.00,48.00,48.00,49.00,49.00,49.00,49.00
time,close,settle,volume,oi,imp_vol,settle,volume,oi,imp_vol,settle,volume,oi,imp_vol,settle,volume,oi,imp_vol,settle,volume,oi,imp_vol,settle,volume,oi,imp_vol,settle,volume,oi,imp_vol,settle,volume,oi,imp_vol,settle,volume,oi,imp_vol,settle,volume,oi,imp_vol,settle,volume,oi,imp_vol,settle,volume,oi,imp_vol,settle,volume,oi,imp_vol,settle,volume,oi,imp_vol,settle,volume,oi,imp_vol,settle,volume,oi,imp_vol,settle,volume,oi,imp_vol,settle,volume,oi,imp_vol,settle,volume,oi,imp_vol,settle,volume,oi,imp_vol,settle,volume,oi,imp_vol,settle,volume,oi,imp_vol,settle,volume,oi,imp_vol,settle,volume,oi,imp_vol,settle,volume,oi,imp_vol,settle,volume,oi,imp_vol,settle,volume,oi,imp_vol,settle,volume,oi,imp_vol,settle,volume,oi,imp_vol,settle,volume,oi,imp_vol,settle,volume,oi,imp_vol,settle,volume,oi,imp_vol,settle,volume,oi,imp_vol,settle,volume,oi,imp_vol,settle,volume,oi,imp_vol,settle,volume,oi,imp_vol,settle,volume,oi,imp_vol,settle,volume,oi,imp_vol,settle,volume,oi,imp_vol,settle,volume,oi,imp_vol,settle,volume,oi,imp_vol,settle,volume,oi,imp_vol,settle,volume,oi,imp_vol,settle,volume,oi,imp_vol,settle,volume,oi,imp_vol,settle,volume,oi,imp_vol,settle,volume,oi,imp_vol,settle,volume,oi,imp_vol,settle,volume,oi,imp_vol,settle,volume,oi,imp_vol,settle,volume,oi,imp_vol,settle,volume,oi,imp_vol,settle,volume,oi,imp_vol,settle,volume,oi,imp_vol,settle,volume,oi,imp_vol,settle,volume,oi,imp_vol,settle,volume,oi,imp_vol,settle,volume,oi,imp_vol,settle,volume,oi,imp_vol,settle,volume,oi,imp_vol,settle,volume,oi,imp_vol,settle,volume,oi,imp_vol,settle,volume,oi,imp_vol,settle,volume,oi,imp_vol,settle,volume,oi,imp_vol,settle,volume,oi,imp_vol,settle,volume,oi,imp_vol,settle,volume,oi,imp_vol,settle,volume,oi,imp_vol,settle,volume,oi,imp_vol,settle,volume,oi,imp_vol,settle,volume,oi,imp_vol,settle,volume,oi,imp_vol,settle,volume,oi,imp_vol,settle,volume,oi,imp_vol,settle,volume,oi,imp_vol,settle,volume,oi,imp_vol,settle,volume,oi,imp_vol
2023-01-03 16:00:00,27.75,12.56,0,0,0.42,12.07,0,0,0.4,11.59,0,0,0.41,11.11,0,0,0.41,10.63,0,0,0.4,10.16,0,0,0.4,9.7,0,0,0.41,9.24,0,0,0.41,8.79,0,0,0.41,8.35,0,0,0.41,7.49,0,0,0.41,6.67,0,0,0.41,5.91,0,0,0.41,5.2,0,0,0.41,4.55,0,1,0.41,3.96,0,0,0.41,3.38,0,1,0.4,2.87,0,1,0.4,2.46,0,63,0.4,2.09,0,26,0.4,1.78,0,0,0.4,1.51,0,63,0.4,1.3,0,6,0.41,1.11,0,24,0.41,0.92,0,1,0.41,0.78,0,9,0.41,0.64,0,1,0.41,0.54,0,0,0.41,0.45,0,0,0.41,0.37,0,14,0.41,0.31,0,0,0.41,0.26,0,0,0.41,0.21,0,0,0.41,0.17,0,0,0.41,0.15,0,11,0.41,0.12,0,1,0.41,0.1,0,10,0.41,0.08,0,2,0.41,0.07,0,104,0.41,0.06,0,0,0.41,0.08,0,0,0.4,0.11,0,0,0.41,0.14,0,0,0.4,0.18,0,0,0.41,0.23,0,0,0.41,0.29,0,0,0.41,0.36,0,0,0.41,0.43,0,15,0.41,0.52,0,110,0.41,0.76,0,10,0.41,1.02,0,150,0.41,1.35,0,18,0.41,1.74,0,17,0.42,2.18,0,4,0.42,2.67,0,3,0.42,3.21,0,3,0.42,3.79,0,27,0.42,4.34,0,35,0.41,5.02,0,77,0.41,5.72,0,127,0.41,6.48,0,6,0.41,7.25,0,4,0.41,8.07,0,7,0.41,8.89,0,0,0.41,9.76,0,10,0.41,10.62,0,6,0.41,11.52,0,18,0.41,12.42,0,0,0.41,13.34,0,10,0.41,14.27,0,0,0.41,15.2,0,0,0.41,16.15,0,0,0.41,17.09,0,10,0.41,18.05,0,0,0.41,19.01,0,0,0.41,19.97,0,0,0.41,20.94,0,0,0.41,21.9,0,0,0.4
2023-01-05 16:00:00,28.5,13.32,0,0,0.41,12.83,0,0,0.39,12.35,0,0,0.41,11.87,0,0,0.41,11.39,0,0,0.41,10.91,0,0,0.4,10.44,0,0,0.4,9.98,0,0,0.41,9.52,0,0,0.41,9.06,0,0,0.4,8.18,0,0,0.4,7.34,0,0,0.4,6.54,0,0,0.4,5.79,0,0,0.4,5.1,0,1,0.4,4.46,0,0,0.4,3.88,0,1,0.4,3.27,0,1,0.39,2.81,0,63,0.39,2.41,0,26,0.39,2.06,0,0,0.39,1.75,0,63,0.4,1.49,0,6,0.4,1.29,0,26,0.4,1.1,0,1,0.4,0.92,0,9,0.4,0.77,0,1,0.4,0.64,0,0,0.4,0.54,0,0,0.4,0.44,0,14,0.4,0.37,0,0,0.4,0.31,0,0,0.4,0.26,0,0,0.4,0.21,0,0,0.4,0.18,0,11,0.41,0.15,0,1,0.4,0.12,0,10,0.4,0.1,0,2,0.4,0.08,0,104,0.4,0.04,0,0,0.4,0.06,0,0,0.41,0.08,0,0,0.4,0.1,0,0,0.4,0.14,0,0,0.41,0.17,0,0,0.4,0.22,0,0,0.4,0.27,0,0,0.4,0.34,0,15,0.4,0.41,0,110,0.4,0.59,0,10,0.4,0.84,0,150,0.41,1.12,0,18,0.41,1.46,0,17,0.41,1.86,81,85,0.41,2.31,0,3,0.41,2.81,0,3,0.41,3.38,0,27,0.42,3.99,0,35,0.42,4.5,0,77,0.4,5.19,0,127,0.4,5.89,0,6,0.4,6.65,0,4,0.4,7.43,0,7,0.4,8.25,0,2,0.4,9.08,0,10,0.4,9.94,0,6,0.4,10.8,0,18,0.4,11.7,0,0,0.4,12.6,0,10,0.4,13.52,0,0,0.4,14.44,0,0,0.4,15.38,0,0,0.4,16.32,0,10,0.4,17.27,0,0,0.4,18.22,0,0,0.4,19.18,0,0,0.4,20.14,0,0,0.4,21.11,0,0,0.4
2023-01-06 16:00:00,28.95,13.76,0,0,,13.28,0,0,0.41,12.79,0,0,0.39,12.31,0,0,0.4,11.82,0,0,0.38,11.34,0,0,0.38,10.87,0,0,0.39,10.39,0,0,0.39,9.92,0,0,0.38,9.46,0,0,0.39,8.56,0,0,0.39,7.69,0,0,0.39,6.86,0,0,0.39,6.08,0,0,0.39,5.36,0,1,0.39,4.68,0,0,0.39,4.07,0,1,0.39,3.52,0,1,0.39,2.96,0,63,0.38,2.51,0,26,0.38,2.13,0,0,0.38,1.81,0,63,0.38,1.53,0,6,0.38,1.31,0,26,0.39,1.11,0,1,0.39,0.92,0,9,0.39,0.77,0,1,0.39,0.63,0,0,0.39,0.53,0,0,0.39,0.43,0,14,0.39,0.36,0,0,0.39,0.3,0,0,0.39,0.24,0,0,0.38,0.2,0,0,0.39,0.16,0,11,0.38,0.13,0,1,0.38,0.11,0,10,0.39,0.09,0,2,0.39,0.07,0,104,0.38,0.03,0,0,0.39,0.04,0,0,0.39,0.05,0,0,0.38,0.07,0,0,0.39,0.09,0,0,0.38,0.12,0,0,0.38,0.16,0,0,0.39,0.2,0,0,0.39,0.25,0,15,0.38,0.31,0,110,0.39,0.46,0,10,0.39,0.68,0,150,0.39,0.93,0,18,0.39,1.21,0,17,0.39,1.6,0,85,0.39,2.01,0,3,0.39,2.5,0,3,0.4,3.03,0,27,0.4,3.61,0,35,0.4,4.22,0,77,0.4,4.79,0,127,0.39,5.48,0,6,0.39,6.23,0,4,0.39,6.99,0,7,0.39,7.8,0,2,0.39,8.62,0,10,0.39,9.48,0,6,0.39,10.35,0,18,0.39,11.24,0,0,0.39,12.14,0,10,0.39,13.06,0,0,0.39,13.98,0,0,0.39,14.92,0,0,0.39,15.86,0,10,0.38,16.81,0,0,0.38,17.77,0,0,0.39,18.73,0,0,0.39,19.69,0,0,0.39,20.66,0,0,0.39
2023-01-09 16:00:00,29.45,14.26,0,0,0.41,13.77,0,0,0.39,13.28,0,0,0.37,12.8,0,0,0.4,12.31,0,0,0.38,11.83,0,0,0.39,11.36,0,0,0.4,10.88,0,0,0.4,10.41,0,0,0.39,9.95,0,0,0.4,9.04,0,0,0.4,8.16,0,0,0.4,7.32,0,0,0.4,6.53,0,0,0.4,5.78,0,1,0.4,5.09,0,0,0.4,4.45,0,1,0.4,3.88,0,1,0.4,3.26,0,63,0.38,2.81,0,26,0.38,2.41,0,0,0.39,2.06,0,63,0.39,1.74,0,6,0.39,1.49,0,26,0.39,1.29,0,1,0.4,1.09,0,9,0.4,0.91,0,1,0.4,0.77,0,0,0.4,0.64,0,0,0.4,0.54,0,14,0.4,0.44,0,0,0.4,0.37,0,0,0.4,0.31,0,0,0.4,0.25,0,0,0.39,0.21,0,11,0.4,0.17,0,1,0.39,0.14,0,10,0.39,0.12,0,2,0.4,0.1,0,104,0.4,0.02,0,0,0.39,0.03,0,0,0.39,0.05,0,0,0.4,0.07,0,0,0.4,0.09,0,0,0.4,0.11,0,0,0.39,0.15,0,0,0.4,0.19,0,0,0.4,0.24,0,15,0.4,0.29,0,110,0.4,0.43,0,10,0.4,0.62,0,150,0.4,0.87,0,18,0.4,1.16,0,17,0.4,1.49,0,85,0.4,1.9,0,3,0.4,2.36,0,3,0.41,2.85,0,27,0.41,3.42,0,35,0.41,4.03,0,77,0.41,4.54,0,127,0.4,5.23,0,6,0.4,5.94,0,4,0.4,6.7,0,7,0.4,7.47,0,2,0.4,8.29,0,10,0.4,9.12,0,6,0.4,9.98,0,18,0.4,10.85,0,0,0.4,11.75,0,10,0.4,12.64,0,0,0.39,13.57,0,0,0.4,14.49,0,0,0.4,15.43,0,10,0.4,16.37,0,0,0.4,17.32,0,0,0.4,18.27,0,0,0.39,19.23,0,0,0.4,20.19,0,0,0.39
2023-01-10 16:00:00,29.25,14.06,0,0,0.42,13.57,0,0,0.4,13.08,0,0,0.38,12.6,0,0,0.41,12.11,0,0,0.39,11.63,0,0,0.39,11.15,0,0,0.39,10.68,0,0,0.39,10.21,0,0,0.39,9.74,0,0,0.39,8.83,0,0,0.39,7.95,0,0,0.39,7.11,0,0,0.39,6.32,0,0,0.39,5.58,0,1,0.39,4.89,0,0,0.39,4.26,0,1,0.39,3.7,0,1,0.39,3.1,0,63,0.38,2.65,0,26,0.38,2.25,0,0,0.38,1.92,0,63,0.38,1.62,0,6,0.38,1.37,0,26,0.38,1.18,0,1,0.39,0.99,0,9,0.39,0.83,0,1,0.39,0.68,0,0,0.39,0.57,0,0,0.39,0.47,0,14,0.39,0.39,0,0,0.39,0.32,0,0,0.39,0.26,0,0,0.39,0.22,0,0,0.39,0.18,0,11,0.39,0.15,0,1,0.39,0.12,0,10,0.39,0.1,0,2,0.39,0.08,0,104,0.39,0.02,0,0,0.38,0.03,0,0,0.38,0.05,0,0,0.39,0.06,0,0,0.39,0.09,0,0,0.39,0.11,0,0,0.39,0.15,0,0,0.39,0.18,0,0,0.39,0.23,0,15,0.39,0.29,0,110,0.39,0.43,0,10,0.39,0.61,0,150,0.39,0.87,0,18,0.39,1.16,0,17,0.39,1.51,0,85,0.4,1.91,0,3,0.4,2.38,0,3,0.4,2.89,0,27,0.4,3.46,0,35,0.4,4.08,0,77,0.4,4.6,0,127,0.39,5.3,0,6,0.39,6.03,0,4,0.39,6.79,0,7,0.39,7.58,0,2,0.39,8.4,0,10,0.39,9.25,0,6,0.39,10.11,0,18,0.39,11.0,0,0,0.39,11.89,0,10,0.39,12.8,0,0,0.39,13.73,0,0,0.39,14.66,0,0,0.39,15.6,0,10,0.39,16.54,0,0,0.39,17.5,0,0,0.39,18.46,0,0,0.39,19.42,0,0,0.39,20.39,0,0,0.39
2023-01-11 16:00:00,29.3,14.1,0,0,,13.62,0,0,0.41,13.13,0,0,0.4,12.64,0,0,0.38,12.16,0,0,0.39,11.67,0,0,0.37,11.19,0,0,0.38,10.72,0,0,0.39,10.25,0,0,0.39,9.78,0,0,0.39,8.87,0,0,0.39,7.98,0,0,0.38,7.14,0,0,0.39,6.34,0,0,0.39,5.59,0,1,0.39,4.9,0,0,0.39,4.26,0,1,0.39,3.69,0,1,0.39,3.22,0,63,0.39,2.72,0,26,0.39,2.27,0,0,0.38,1.9,0,63,0.38,1.6,0,6,0.38,1.35,0,26,0.38,1.16,0,1,0.38,0.97,0,9,0.39,0.81,0,1,0.39,0.66,0,0,0.38,0.55,0,0,0.38,0.45,0,14,0.38,0.38,0,0,0.39,0.31,0,0,0.39,0.25,0,0,0.38,0.21,0,0,0.39,0.17,0,11,0.39,0.14,0,1,0.39,0.11,0,10,0.38,0.09,0,2,0.38,0.08,0,104,0.39,0.02,0,0,0.38,0.03,0,0,0.39,0.04,0,0,0.38,0.06,0,0,0.39,0.08,0,0,0.39,0.1,0,0,0.38,0.13,0,0,0.38,0.17,0,0,0.39,0.22,0,15,0.39,0.27,0,110,0.39,0.41,0,10,0.39,0.59,0,150,0.39,0.84,0,18,0.39,1.12,0,17,0.39,1.46,0,85,0.39,1.86,0,3,0.39,2.32,0,3,0.39,2.8,0,27,0.39,3.31,0,35,0.39,3.9,0,77,0.39,4.54,0,127,0.39,5.23,0,6,0.38,5.96,0,4,0.39,6.72,0,7,0.39,7.52,0,2,0.39,8.33,0,10,0.38,9.18,0,6,0.38,10.05,0,18,0.39,10.93,0,0,0.38,11.83,0,10,0.39,12.75,0,0,0.39,13.67,0,0,0.39,14.6,0,0,0.38,15.55,0,10,0.39,16.49,0,0,0.38,17.45,0,0,0.39,18.41,0,0,0.39,19.37,0,0,0.39,20.34,0,0,0.39
2023-01-12 16:00:00,29.05,13.85,0,0,0.39,13.36,0,0,0.38,12.87,0,0,0.36,12.38,0,0,0.35,11.9,0,0,0.38,11.41,0,0,0.36,10.93,0,0,0.37,10.45,0,0,0.37,9.98,0,0,0.37,9.51,0,0,0.37,8.59,0,0,0.37,7.7,0,0,0.37,6.85,0,0,0.37,6.05,0,0,0.37,5.3,0,1,0.37,4.61,0,0,0.37,3.99,0,1,0.37,3.4,0,1,0.37,2.88,20,83,0.37,2.41,0,26,0.36,2.02,0,0,0.36,1.68,0,63,0.36,1.4,0,6,0.37,1.2,38,44,0.37,0.99,0,1,0.37,0.82,0,9,0.37,0.67,0,1,0.37,0.55,0,0,0.37,0.45,0,0,0.37,0.36,0,14,0.37,0.29,0,0,0.37,0.24,0,0,0.37,0.19,0,0,0.37,0.15,0,0,0.37,0.13,0,11,0.37,0.1,0,1,0.37,0.08,0,10,0.37,0.06,0,2,0.37,0.05,0,104,0.37,0.01,0,0,0.35,0.02,0,0,0.36,0.03,0,0,0.36,0.05,0,0,0.37,0.07,0,0,0.37,0.09,0,0,0.37,0.12,0,0,0.37,0.16,0,0,0.37,0.2,0,15,0.37,0.25,0,110,0.37,0.38,0,10,0.37,0.58,0,150,0.38,0.81,0,18,0.38,1.1,0,17,0.38,1.44,0,85,0.38,1.84,0,3,0.38,2.31,0,3,0.38,2.84,0,27,0.38,3.41,0,35,0.39,3.93,0,77,0.37,4.59,0,127,0.37,5.29,0,6,0.37,6.04,0,4,0.37,6.82,0,7,0.37,7.63,0,2,0.37,8.47,0,10,0.37,9.32,0,6,0.37,10.21,0,18,0.37,11.1,0,0,0.37,12.02,0,10,0.37,12.94,0,0,0.37,13.87,0,0,0.37,14.82,0,0,0.37,15.77,0,10,0.37,16.72,0,0,0.37,17.68,0,0,0.37,18.65,0,0,0.38,19.61,0,0,0.37,20.58,0,0,0.37
2023-01-13 16:00:00,30.2,15.0,0,0,0.43,14.51,0,0,0.42,14.02,0,0,0.4,13.53,0,0,0.39,13.04,0,0,0.37,12.56,0,0,0.39,12.07,0,0,0.37,11.59,0,0,0.38,11.11,0,0,0.38,10.64,0,0,0.38,9.7,0,0,0.38,8.79,0,0,0.38,7.92,0,0,0.38,7.08,0,0,0.38,6.29,0,1,0.38,5.54,0,0,0.38,4.86,0,1,0.38,4.24,0,1,0.38,3.56,2,83,0.36,3.06,0,26,0.37,2.62,0,0,0.37,2.23,0,63,0.37,1.89,0,6,0.37,1.6,0,44,0.37,1.34,0,1,0.37,1.16,0,9,0.38,0.97,0,1,0.38,0.81,0,0,0.38,0.67,0,0,0.38,0.55,0,14,0.38,0.46,0,0,0.38,0.38,0,0,0.38,0.31,0,0,0.38,0.25,0,0,0.38,0.21,0,11,0.38,0.17,0,1,0.38,0.14,0,10,0.38,0.11,0,2,0.38,0.09,0,104,0.38,0.01,0,0,0.37,0.02,0,0,0.39,0.03,0,0,0.39,0.04,0,0,0.39,0.05,0,0,0.38,0.07,0,0,0.38,0.09,0,0,0.38,0.12,0,0,0.38,0.15,0,15,0.38,0.19,0,110,0.38,0.3,0,10,0.38,0.44,0,150,0.38,0.65,0,18,0.39,0.89,0,17,0.38,1.15,0,85,0.38,1.53,0,3,0.39,1.93,0,3,0.39,2.4,0,27,0.39,2.92,0,35,0.39,3.48,1,76,0.39,4.11,0,127,0.4,4.63,0,6,0.38,5.33,0,4,0.38,6.06,0,7,0.38,6.82,2,0,0.38,7.62,4,10,0.38,8.43,0,6,0.38,9.29,0,18,0.38,10.15,0,0,0.38,11.04,0,10,0.38,11.93,0,0,0.38,12.85,0,0,0.38,13.77,0,0,0.38,14.71,0,10,0.38,15.65,0,0,0.38,16.6,0,0,0.38,17.55,0,0,0.38,18.51,0,0,0.38,19.47,0,0,0.38
2023-01-16 16:00:00,30.5,15.29,0,0,0.35,14.8,0,0,0.36,14.31,0,0,0.36,13.82,0,0,0.36,13.33,0,0,0.35,12.84,0,0,0.34,12.36,0,0,0.37,11.87,0,0,0.36,11.39,0,0,0.36,10.91,0,0,0.36,9.96,0,0,0.36,9.04,0,0,0.37,8.14,0,0,0.37,7.28,0,0,0.37,6.46,0,1,0.37,5.7,0,0,0.37,4.98,0,1,0.36,4.33,0,1,0.37,3.73,0,83,0.37,3.1,0,26,0.35,2.65,0,0,0.35,2.23,0,63,0.36,1.88,0,6,0.36,1.58,0,44,0.36,1.32,0,1,0.36,1.13,0,9,0.37,0.93,0,1,0.37,0.77,0,0,0.37,0.63,0,0,0.37,0.52,0,14,0.37,0.42,0,0,0.37,0.34,0,0,0.36,0.28,0,0,0.37,0.23,0,0,0.37,0.18,0,11,0.37,0.15,0,1,0.37,0.12,0,10,0.37,0.09,0,2,0.36,0.08,0,104,0.37,0.01,0,0,0.38,0.01,0,0,0.36,0.01,0,0,0.35,0.02,0,0,0.36,0.03,0,0,0.36,0.05,0,0,0.37,0.06,0,0,0.36,0.09,0,0,0.37,0.11,0,15,0.37,0.14,0,110,0.36,0.23,0,10,0.36,0.35,0,150,0.36,0.52,0,18,0.37,0.74,0,17,0.37,1.01,0,85,0.37,1.33,0,3,0.37,1.72,0,3,0.37,2.15,0,27,0.37,2.64,0,35,0.38,3.2,0,76,0.38,3.81,1,126,0.38,4.33,0,6,0.37,5.02,0,4,0.37,5.74,0,7,0.37,6.5,0,0,0.37,7.29,0,10,0.37,8.11,0,6,0.37,8.96,0,18,0.37,9.82,0,0,0.37,10.71,0,10,0.36,11.61,0,0,0.37,12.53,0,0,0.36,13.46,0,0,0.37,14.4,0,10,0.37,15.34,0,0,0.37,16.29,0,0,0.36,17.25,0,0,0.37,18.21,0,0,0.36,19.18,0,0,0.37
2023-01-17 16:00:00,29.7,14.49,0,0,0.39,14.0,0,0,0.39,13.51,0,0,0.38,13.02,0,0,0.36,12.53,0,0,0.35,12.05,0,0,0.38,11.56,0,0,0.36,11.08,0,0,0.37,10.6,0,0,0.37,10.12,0,0,0.36,9.19,0,0,0.37,8.28,0,0,0.37,7.4,0,0,0.37,6.56,0,0,0.37,5.78,0,1,0.37,5.05,0,0,0.37,4.37,0,1,0.37,3.76,0,1,0.37,3.12,0,83,0.35,2.65,0,26,0.36,2.23,0,0,0.36,1.87,0,63,0.36,1.56,0,6,0.36,1.29,0,44,0.36,1.1,0,1,0.37,0.9,0,9,0.37,0.74,0,1,0.37,0.6,0,0,0.37,0.49,0,0,0.37,0.4,0,14,0.37,0.32,0,0,0.37,0.26,0,0,0.37,0.21,0,0,0.37,0.17,0,0,0.37,0.14,0,11,0.37,0.11,0,1,0.37,0.09,0,10,0.37,0.07,0,2,0.37,0.05,0,104,0.36,0.01,0,0,0.37,0.01,0,0,0.35,0.02,0,0,0.36,0.03,0,0,0.36,0.05,0,0,0.37,0.06,0,0,0.37,0.08,0,0,0.36,0.11,0,0,0.37,0.14,0,15,0.36,0.18,0,110,0.37,0.29,0,10,0.37,0.43,0,150,0.37,0.64,0,18,0.37,0.89,2,17,0.37,1.2,0,85,0.37,1.57,0,3,0.37,1.99,0,3,0.38,2.47,0,27,0.38,3.02,4,39,0.38,3.62,0,76,0.38,4.13,0,126,0.37,4.82,0,6,0.37,5.54,0,4,0.37,6.29,0,7,0.37,7.09,0,0,0.37,7.9,0,10,0.37,8.76,0,6,0.37,9.62,0,18,0.37,10.52,0,0,0.37,11.42,0,10,0.37,12.34,0,0,0.37,13.26,0,0,0.36,14.21,0,0,0.37,15.15,0,10,0.37,16.11,0,0,0.37,17.06,0,0,0.36,18.03,0,0,0.37,18.99,0,0,0.36,19.96,0,0,0.36
2023-01-26 16:00:00,30.15,14.92,0,0,0.39,14.43,0,0,0.4,13.94,0,0,0.4,13.45,0,0,0.39,12.96,0,0,0.38,12.47,0,0,0.37,11.98,0,0,0.36,11.49,0,0,0.35,11.01,0,0,0.36,10.53,0,0,0.36,9.58,0,0,0.36,8.65,0,0,0.36,7.75,0,0,0.36,6.89,0,0,0.36,6.07,0,1,0.36,5.31,0,0,0.36,4.6,0,1,0.36,3.96,0,1,0.36,3.38,0,83,0.36,2.78,0,26,0.35,2.34,0,0,0.35,1.95,0,63,0.35,1.62,0,6,0.36,1.34,0,44,0.36,1.1,0,1,0.36,0.93,0,9,0.36,0.76,0,1,0.36,0.61,0,0,0.36,0.5,0,0,0.36,0.39,0,14,0.36,0.32,0,0,0.36,0.25,0,0,0.36,0.2,0,0,0.36,0.16,0,0,0.36,0.13,0,11,0.36,0.1,0,1,0.36,0.08,0,10,0.36,0.06,0,2,0.36,0.05,0,104,0.36,0.01,0,0,0.39,0.01,0,0,0.37,0.01,0,0,0.35,0.02,0,0,0.36,0.03,0,0,0.36,0.04,20,20,0.36,0.06,0,0,0.37,0.08,0,0,0.36,0.1,0,15,0.36,0.14,0,110,0.36,0.22,0,10,0.36,0.35,0,150,0.36,0.53,0,18,0.37,0.75,0,17,0.37,1.02,64,148,0.37,1.35,0,3,0.37,1.75,0,3,0.37,2.21,0,27,0.37,2.72,2,41,0.37,3.29,0,76,0.38,3.93,0,126,0.38,4.47,0,6,0.36,5.17,0,4,0.36,5.93,0,7,0.36,6.7,0,0,0.36,7.52,0,10,0.36,8.36,0,6,0.36,9.22,0,18,0.36,10.12,0,0,0.36,11.01,0,10,0.36,11.94,0,0,0.36,12.86,0,0,0.36,13.81,0,0,0.37,14.75,0,10,0.36,15.71,0,0,0.36,16.67,0,0,0.37,17.63,0,0,0.36,18.6,0,0,0.36,19.57,0,0,0.36
2023-01-30 16:00:00,29.4,14.16,0,0,,13.67,0,0,,13.18,0,0,0.35,12.69,0,0,0.36,12.2,0,0,0.36,11.71,0,0,0.35,11.23,0,0,0.38,10.74,0,0,0.36,10.26,0,0,0.37,9.79,0,0,0.38,8.84,0,0,0.37,7.93,0,0,0.37,7.05,0,0,0.37,6.22,0,0,0.37,5.44,0,1,0.37,4.73,20,20,0.37,4.05,0,1,0.37,3.46,0,1,0.37,2.84,0,83,0.36,2.45,0,26,0.37,2.04,0,0,0.37,1.7,0,64,0.37,1.4,0,6,0.37,1.14,0,44,0.37,0.91,20,20,0.37,0.76,0,9,0.37,0.61,0,1,0.37,0.49,0,0,0.37,0.39,0,0,0.37,0.32,0,14,0.37,0.25,0,0,0.37,0.2,0,0,0.37,0.16,0,0,0.37,0.13,0,0,0.37,0.1,0,11,0.37,0.08,0,1,0.37,0.06,0,10,0.37,0.05,0,2,0.37,0.04,0,104,0.37,0.01,0,0,0.38,0.01,0,0,0.36,0.02,0,0,0.37,0.03,0,0,0.37,0.04,0,0,0.37,0.06,0,20,0.37,0.08,0,0,0.37,0.11,0,0,0.37,0.14,0,15,0.37,0.18,0,110,0.37,0.29,0,10,0.37,0.43,0,150,0.37,0.65,0,18,0.38,0.9,0,17,0.38,1.19,0,148,0.37,1.56,0,3,0.37,1.99,0,3,0.37,2.47,0,27,0.37,3.11,0,41,0.38,3.62,0,76,0.37,4.27,0,126,0.37,4.97,0,6,0.37,5.72,0,4,0.37,6.49,0,7,0.37,7.3,0,0,0.37,8.15,0,10,0.37,9.01,0,6,0.37,9.9,0,18,0.37,10.79,0,0,0.37,11.72,0,10,0.37,12.64,0,0,0.37,13.59,0,0,0.37,14.53,0,0,0.37,15.49,0,10,0.37,16.45,0,0,0.37,17.42,0,0,0.37,18.39,0,0,0.37,19.36,0,0,0.37,20.34,0,0,0.38
2023-01-31 16:00:00,29.7,14.46,0,0,0.43,13.97,0,0,0.43,13.47,0,0,,12.98,0,0,,12.49,0,0,,12.0,0,0,0.31,11.52,0,0,0.37,11.03,0,0,0.36,10.54,0,0,0.35,10.06,0,0,0.35,9.11,0,0,0.36,8.18,0,0,0.36,7.28,0,0,0.36,6.42,0,0,0.36,5.61,0,1,0.36,4.85,0,20,0.35,4.16,0,1,0.36,3.53,0,1,0.35,2.98,0,83,0.35,2.43,0,26,0.35,2.06,0,0,0.36,1.69,0,64,0.35,1.39,0,6,0.36,1.12,0,44,0.35,0.88,0,20,0.35,0.7,0,9,0.35,0.58,0,1,0.36,0.46,0,0,0.35,0.36,0,0,0.35,0.29,0,14,0.36,0.22,0,0,0.35,0.18,0,0,0.36,0.14,0,0,0.36,0.11,0,0,0.36,0.08,0,11,0.35,0.06,0,1,0.35,0.05,0,10,0.36,0.04,0,2,0.36,0.03,0,104,0.36,0.01,0,0,0.38,0.01,0,0,0.36,0.01,0,0,0.35,0.02,0,0,0.36,0.03,0,0,0.36,0.04,0,20,0.36,0.05,0,0,0.35,0.08,0,0,0.36,0.1,0,15,0.36,0.13,0,110,0.35,0.22,0,10,0.35,0.35,0,150,0.36,0.53,15,33,0.36,0.76,0,17,0.36,1.02,0,148,0.35,1.36,0,3,0.35,1.76,0,3,0.36,2.22,0,27,0.35,2.75,0,41,0.35,3.4,0,76,0.36,3.97,0,126,0.35,4.66,0,6,0.35,5.4,0,4,0.35,6.17,0,7,0.35,6.98,0,0,0.35,7.83,0,10,0.36,8.69,0,6,0.36,9.58,0,18,0.35,10.48,0,0,0.35,11.4,0,10,0.35,12.34,0,0,0.36,13.28,0,0,0.35,14.23,0,0,0.35,15.19,0,10,0.35,16.15,0,0,0.35,17.12,0,0,0.35,18.09,0,0,0.35,19.07,0,0,0.36,20.04,0,0,0.35
2023-02-01 16:00:00,30.1,14.86,0,0,0.46,14.36,0,0,,13.87,0,0,,13.38,0,0,,12.89,0,0,0.34,12.4,0,0,0.35,11.91,0,0,0.35,11.42,0,0,0.34,10.94,0,0,0.36,10.45,0,0,0.35,9.49,0,0,0.35,8.55,0,0,0.35,7.64,0,0,0.35,6.76,0,0,0.35,5.93,0,1,0.35,5.15,0,20,0.35,4.43,0,1,0.35,3.78,0,1,0.35,3.19,0,83,0.35,2.59,0,26,0.34,2.22,0,0,0.35,1.83,0,64,0.35,1.5,0,6,0.35,1.22,0,44,0.35,0.96,0,20,0.35,0.77,0,9,0.35,0.63,0,1,0.35,0.5,0,0,0.35,0.4,0,0,0.35,0.31,0,14,0.35,0.24,0,0,0.35,0.19,0,0,0.35,0.15,0,0,0.35,0.12,0,0,0.35,0.09,0,11,0.35,0.07,0,1,0.35,0.05,0,10,0.35,0.04,0,2,0.35,0.03,0,104,0.35,0.01,0,0,0.39,0.01,0,0,0.37,0.01,0,0,0.36,0.01,0,0,0.34,0.02,0,0,0.35,0.03,0,20,0.35,0.04,0,0,0.35,0.06,0,0,0.35,0.08,0,15,0.35,0.11,0,110,0.35,0.18,0,10,0.35,0.29,0,150,0.35,0.44,15,48,0.35,0.66,120,123,0.35,0.92,0,148,0.36,1.21,0,3,0.35,1.59,0,3,0.35,2.03,0,27,0.35,2.53,0,41,0.35,3.18,0,76,0.36,3.71,0,126,0.35,4.38,0,6,0.35,5.1,0,4,0.35,5.85,0,7,0.35,6.65,0,0,0.35,7.48,0,10,0.35,8.34,0,6,0.35,9.22,0,18,0.35,10.11,0,0,0.35,11.33,39,49,0.43,11.96,0,0,0.35,12.9,0,0,0.35,13.85,0,0,0.35,14.8,0,10,0.35,15.76,0,0,0.35,16.73,0,0,0.35,17.7,0,0,0.35,18.68,0,0,0.36,19.65,0,0,0.35
2023-02-02 16:00:00,29.95,14.63,0,0,,14.14,0,0,0.32,13.65,0,0,0.41,13.15,0,0,,12.66,0,0,0.35,12.17,0,0,0.37,11.67,0,0,0.28,11.18,0,0,0.32,10.69,0,0,0.32,10.21,0,0,0.35,9.24,0,0,0.34,8.29,0,0,0.34,7.37,0,0,0.34,6.49,0,0,0.34,5.65,0,1,0.34,4.87,0,20,0.34,4.16,0,1,0.34,3.51,0,1,0.34,2.93,0,83,0.34,2.47,0,26,0.34,1.98,0,0,0.34,1.62,0,64,0.34,1.3,6,0,0.34,1.04,0,44,0.34,0.8,0,20,0.33,0.63,0,9,0.33,0.51,0,1,0.34,0.4,0,0,0.34,0.31,0,0,0.34,0.24,0,14,0.34,0.18,0,0,0.34,0.14,0,0,0.34,0.11,0,0,0.34,0.08,0,0,0.34,0.06,0,11,0.34,0.05,0,1,0.34,0.04,0,10,0.34,0.03,0,2,0.34,0.02,0,104,0.34,0.01,0,0,0.39,0.01,0,0,0.37,0.01,0,0,0.35,0.01,0,0,0.33,0.02,0,0,0.34,0.03,0,20,0.34,0.04,0,0,0.34,0.05,0,0,0.33,0.07,0,15,0.33,0.1,0,110,0.34,0.17,0,10,0.34,0.28,0,150,0.34,0.43,0,48,0.34,0.65,15,138,0.34,0.92,0,148,0.34,1.21,0,3,0.34,1.61,0,3,0.34,2.07,0,27,0.34,2.59,0,41,0.34,3.12,0,76,0.33,3.8,0,126,0.34,4.5,0,6,0.34,5.24,0,4,0.34,6.02,0,7,0.34,6.84,0,0,0.34,7.69,0,10,0.34,8.56,0,6,0.34,9.47,0,18,0.34,10.38,0,0,0.34,11.31,0,49,0.34,12.26,0,0,0.34,13.21,0,0,0.34,14.17,0,0,0.34,15.14,0,10,0.34,16.11,0,0,0.34,17.09,0,0,0.34,18.07,0,0,0.35,19.05,0,0,0.35,20.03,0,0,0.34
2023-02-03 16:00:00,29.2,13.88,0,0,,13.39,0,0,0.38,12.9,0,0,0.41,12.4,0,0,,11.91,0,0,0.35,11.42,0,0,0.36,10.93,0,0,0.36,10.44,0,0,0.35,9.95,0,0,0.34,9.47,0,0,0.35,8.51,0,0,0.34,7.59,0,0,0.35,6.87,0,0,0.41,5.85,0,0,0.35,5.07,0,1,0.35,4.32,0,20,0.35,3.66,0,1,0.35,3.06,0,1,0.35,2.54,0,83,0.35,2.09,0,26,0.35,1.7,0,0,0.35,1.38,0,64,0.35,1.06,78,78,0.34,0.85,0,44,0.34,0.68,0,20,0.35,0.54,0,9,0.35,0.43,0,1,0.35,0.33,0,0,0.35,0.26,0,0,0.35,0.2,0,14,0.35,0.15,0,0,0.35,0.12,0,0,0.35,0.09,0,0,0.35,0.07,0,0,0.35,0.05,0,11,0.35,0.04,0,1,0.35,0.03,0,10,0.35,0.02,0,2,0.34,0.01,0,104,0.33,0.01,0,0,0.37,0.01,0,0,0.36,0.01,0,0,0.34,0.02,0,0,0.35,0.03,0,0,0.35,0.04,0,20,0.34,0.06,0,0,0.35,0.08,0,0,0.35,0.11,0,15,0.35,0.15,0,110,0.35,0.25,0,10,0.35,0.39,0,150,0.35,0.59,30,78,0.35,0.85,0,138,0.35,1.13,0,148,0.35,1.51,0,3,0.35,1.95,0,3,0.35,2.46,0,27,0.35,3.01,0,41,0.35,3.65,0,76,0.35,4.34,0,126,0.35,5.07,0,6,0.35,5.83,0,4,0.35,6.65,0,7,0.35,7.49,0,0,0.35,8.36,0,10,0.35,9.26,0,6,0.35,10.17,0,18,0.35,11.1,0,0,0.35,12.04,0,49,0.35,12.99,0,0,0.35,13.95,0,0,0.35,14.91,0,0,0.35,15.88,0,10,0.35,16.86,0,0,0.35,17.83,0,0,0.34,18.81,0,0,0.34,19.8,0,0,0.36,20.78,0,0,0.35
2023-02-09 16:00:00,28.3,12.97,0,0,,12.48,0,0,0.37,11.99,0,0,0.4,11.49,0,0,0.28,11.0,0,0,0.35,10.51,0,0,0.36,10.02,0,0,0.35,9.53,0,0,0.34,9.04,0,0,0.34,8.56,0,0,0.34,7.61,0,0,0.34,6.69,0,0,0.34,5.81,0,0,0.34,4.98,0,0,0.34,4.34,550,951,0.36,3.52,0,20,0.34,2.97,0,1,0.35,2.44,0,1,0.35,1.9,0,83,0.34,1.52,0,22,0.34,1.19,0,0,0.34,0.93,0,64,0.34,0.73,0,78,0.34,0.56,0,44,0.34,0.42,0,20,0.34,0.32,0,9,0.34,0.24,0,1,0.34,0.18,0,0,0.34,0.13,0,0,0.34,0.1,0,14,0.34,0.07,0,0,0.33,0.05,0,0,0.33,0.04,0,0,0.34,0.03,0,0,0.34,0.02,0,11,0.33,0.01,0,1,0.32,0.01,0,10,0.33,0.01,0,2,0.34,0.01,0,104,0.36,0.01,0,0,0.36,0.01,0,0,0.34,0.01,0,0,0.32,0.02,0,0,0.33,0.03,0,0,0.34,0.05,0,20,0.34,0.06,0,0,0.33,0.09,0,0,0.34,0.12,0,15,0.33,0.16,0,110,0.34,0.27,0,10,0.33,0.45,90,240,0.34,0.67,0,78,0.34,0.94,0,138,0.34,1.29,0,148,0.34,1.71,0,3,0.34,2.21,0,3,0.34,2.69,0,27,0.32,3.4,0,41,0.34,4.09,0,76,0.34,4.83,0,128,0.34,5.62,0,6,0.34,6.44,0,4,0.34,7.3,0,7,0.34,8.19,0,0,0.34,9.09,0,10,0.33,10.02,0,6,0.33,10.96,0,18,0.33,11.92,0,0,0.34,12.88,0,49,0.34,13.85,0,0,0.34,14.82,0,0,0.34,15.8,0,0,0.34,16.78,0,10,0.34,17.76,0,0,0.34,18.74,0,0,0.32,19.73,0,0,0.34,20.72,0,0,0.36,21.7,0,0,0.31
2023-02-10 16:00:00,28.1,12.77,0,0,,12.28,0,0,0.39,11.78,0,0,,11.29,0,0,0.33,10.8,0,0,0.36,10.31,0,0,0.36,9.82,0,0,0.35,9.33,0,0,0.34,8.84,0,0,0.34,8.36,0,0,0.34,7.42,0,0,0.34,6.51,0,0,0.34,5.63,0,0,0.34,4.82,0,0,0.34,4.11,300,1251,0.35,3.38,0,20,0.34,2.78,0,1,0.34,2.28,0,1,0.34,1.81,0,83,0.34,1.43,0,22,0.34,1.12,0,0,0.34,0.87,0,64,0.34,0.67,0,78,0.34,0.52,0,44,0.34,0.39,0,20,0.34,0.29,0,9,0.34,0.22,0,1,0.34,0.17,0,0,0.34,0.12,0,0,0.34,0.09,0,14,0.34,0.07,0,0,0.34,0.05,0,0,0.34,0.04,0,0,0.34,0.03,0,0,0.34,0.02,0,11,0.34,0.01,0,1,0.33,0.01,0,10,0.34,0.01,0,2,0.35,0.01,0,104,0.36,0.01,0,0,0.36,0.01,0,0,0.34,0.01,0,0,0.32,0.02,0,0,0.33,0.03,0,0,0.33,0.05,0,20,0.34,0.07,0,0,0.34,0.1,0,0,0.34,0.13,0,15,0.34,0.18,0,110,0.34,0.3,0,10,0.34,0.48,30,270,0.34,0.71,0,78,0.34,0.99,0,138,0.34,1.35,0,148,0.34,1.79,0,3,0.34,2.3,0,3,0.34,2.85,0,27,0.33,3.52,0,41,0.34,4.22,0,76,0.34,4.98,0,128,0.34,5.77,0,6,0.34,6.61,0,4,0.34,7.47,0,7,0.34,8.37,0,0,0.34,9.28,0,10,0.34,10.21,0,6,0.34,11.16,0,18,0.34,12.11,0,0,0.34,13.07,0,49,0.33,14.04,0,0,0.33,15.02,0,0,0.34,16.0,0,0,0.34,16.98,0,10,0.34,17.96,0,0,0.33,18.95,0,0,0.35,19.93,0,0,0.33,20.92,0,0,0.34,21.91,0,0,0.36
2023-02-13 16:00:00,29.45,14.12,0,0,0.43,13.62,0,0,,13.13,0,0,0.37,12.64,0,0,0.41,12.14,0,0,0.29,11.65,0,0,0.36,11.16,0,0,0.37,10.66,0,0,0.32,10.17,0,0,0.33,9.69,0,0,0.35,8.72,0,0,0.34,7.77,0,0,0.34,6.86,0,0,0.34,5.98,0,0,0.34,5.21,0,1251,0.35,4.39,0,20,0.34,3.7,0,1,0.34,3.07,0,1,0.34,2.51,0,83,0.34,2.06,0,22,0.34,1.65,0,0,0.34,1.32,0,64,0.34,1.04,0,78,0.34,0.83,0,44,0.34,0.64,0,20,0.34,0.49,0,9,0.34,0.38,0,1,0.34,0.29,0,0,0.34,0.21,0,0,0.34,0.16,0,14,0.34,0.12,20,20,0.34,0.09,0,0,0.34,0.07,0,0,0.34,0.05,0,0,0.34,0.04,0,11,0.34,0.03,0,1,0.34,0.02,0,10,0.34,0.01,0,2,0.32,0.01,0,104,0.34,0.01,0,0,0.39,0.01,0,0,0.37,0.01,0,0,0.35,0.01,0,0,0.34,0.02,0,0,0.35,0.03,0,20,0.35,0.04,0,0,0.34,0.05,0,0,0.34,0.08,0,15,0.34,0.1,0,110,0.34,0.18,0,10,0.34,0.3,60,310,0.34,0.48,0,78,0.34,0.7,0,138,0.34,0.96,0,148,0.34,1.31,0,3,0.34,1.73,0,3,0.34,2.21,0,27,0.34,2.77,0,41,0.34,3.39,0,76,0.34,4.06,0,128,0.34,4.79,0,6,0.34,5.56,0,4,0.34,6.37,0,7,0.34,7.22,0,0,0.34,8.09,0,10,0.34,9.0,0,6,0.34,9.91,0,18,0.34,10.85,0,0,0.34,11.8,0,49,0.34,12.75,0,0,0.34,13.72,0,0,0.34,14.69,0,0,0.34,15.66,0,10,0.34,16.64,0,0,0.34,17.62,0,0,0.34,18.6,0,0,0.33,19.59,0,0,0.35,20.57,0,0,0.33
2023-02-15 16:00:00,28.8,13.46,0,0,,12.97,0,0,0.38,12.47,0,0,,11.98,0,0,0.32,11.49,0,0,0.38,10.99,0,0,,10.5,0,0,0.33,10.01,0,0,0.34,9.52,0,0,0.34,9.03,0,0,0.33,8.07,0,0,0.33,7.13,0,0,0.33,6.23,0,0,0.34,5.37,0,0,0.34,4.7,0,1251,0.37,3.83,0,20,0.33,3.17,0,1,0.33,2.6,0,1,0.33,2.15,0,83,0.34,1.67,0,22,0.33,1.31,0,0,0.33,1.02,0,64,0.33,0.77,0,78,0.33,0.59,0,44,0.33,0.46,0,20,0.33,0.35,0,9,0.33,0.26,0,1,0.33,0.19,0,0,0.33,0.14,0,0,0.33,0.11,0,14,0.34,0.08,0,20,0.34,0.06,0,0,0.34,0.04,0,0,0.33,0.03,0,0,0.33,0.02,0,11,0.33,0.01,0,1,0.32,0.01,0,10,0.33,0.01,0,2,0.34,0.01,0,104,0.35,0.01,0,0,0.38,0.01,0,0,0.36,0.01,0,0,0.34,0.01,0,0,0.32,0.02,0,0,0.33,0.03,0,20,0.33,0.04,0,0,0.33,0.06,0,0,0.33,0.09,0,15,0.34,0.12,0,110,0.33,0.21,0,10,0.33,0.34,0,310,0.33,0.54,15,93,0.34,0.79,0,138,0.34,1.08,0,148,0.33,1.47,0,3,0.33,1.93,0,3,0.33,2.48,0,27,0.34,3.01,0,41,0.33,3.73,0,76,0.33,4.44,0,128,0.33,5.23,0,6,0.34,6.02,0,4,0.33,6.87,0,7,0.33,7.74,0,0,0.33,8.64,0,10,0.33,9.56,0,6,0.33,10.5,0,18,0.33,11.45,0,0,0.33,12.41,0,49,0.33,13.38,0,0,0.34,14.35,0,0,0.33,15.33,0,0,0.34,16.31,0,10,0.34,17.29,0,0,0.34,18.27,0,0,0.32,19.26,0,0,0.34,20.25,0,0,0.35,21.23,0,0,0.29
2023-02-16 16:00:00,29.05,13.71,0,0,,13.22,0,0,0.41,12.72,0,0,,12.23,0,0,0.37,11.73,0,0,,11.24,0,0,0.32,10.75,0,0,0.35,10.26,0,0,0.35,9.77,0,0,0.35,9.28,0,0,0.34,8.31,0,0,0.33,7.37,0,0,0.34,6.46,0,0,0.34,5.59,0,0,0.34,4.91,0,1251,0.37,4.02,0,20,0.33,3.35,0,1,0.34,2.75,0,1,0.34,2.19,0,83,0.33,1.78,0,22,0.33,1.42,0,0,0.34,1.11,0,64,0.33,0.87,0,78,0.34,0.66,0,44,0.33,0.51,0,20,0.34,0.39,0,9,0.34,0.29,0,1,0.34,0.22,0,0,0.34,0.16,0,0,0.33,0.12,0,14,0.34,0.09,0,20,0.34,0.06,0,0,0.33,0.05,0,0,0.34,0.03,0,0,0.33,0.02,0,11,0.33,0.01,0,1,0.31,0.01,0,10,0.33,0.01,0,2,0.34,0.01,0,104,0.35,0.01,0,0,0.39,0.01,0,0,0.37,0.01,0,0,0.35,0.01,0,0,0.33,0.02,0,0,0.34,0.03,0,20,0.34,0.04,0,0,0.34,0.06,0,0,0.34,0.08,0,15,0.34,0.11,0,110,0.34,0.19,0,10,0.33,0.31,0,310,0.33,0.5,90,183,0.34,0.74,0,138,0.34,1.02,0,148,0.33,1.39,0,3,0.33,1.84,0,3,0.34,2.35,0,27,0.34,2.97,0,41,0.34,3.57,0,76,0.34,4.27,0,128,0.34,5.03,0,6,0.34,5.83,0,4,0.34,6.66,0,7,0.33,7.53,0,0,0.34,8.43,0,10,0.34,9.34,0,6,0.34,10.27,0,18,0.34,11.22,0,0,0.34,12.17,0,49,0.33,13.14,0,0,0.34,14.11,0,0,0.34,15.08,0,0,0.33,16.06,0,10,0.33,17.04,0,0,0.32,18.03,0,0,0.34,19.01,0,0,0.32,20.0,0,0,0.33,20.99,0,0,0.34
2023-02-20 16:00:00,30.55,15.21,0,0,0.47,14.71,0,0,,14.22,0,0,0.43,13.72,0,0,,13.23,0,0,0.39,12.73,0,0,,12.24,0,0,0.35,11.75,0,0,0.37,11.26,0,0,0.38,10.76,0,0,0.33,9.79,0,0,0.35,8.83,0,0,0.36,7.89,0,0,0.36,6.99,0,0,0.36,6.26,0,1251,0.4,5.31,0,20,0.36,4.55,0,1,0.36,3.85,0,1,0.35,3.24,0,83,0.36,2.68,0,22,0.35,2.24,0,0,0.36,1.8,0,64,0.35,1.47,18,78,0.36,1.16,0,44,0.35,0.93,2,20,0.35,0.75,0,9,0.36,0.59,0,1,0.36,0.45,0,0,0.35,0.35,0,0,0.35,0.27,0,14,0.35,0.2,0,20,0.35,0.16,0,0,0.35,0.12,0,0,0.35,0.09,20,20,0.35,0.07,0,11,0.35,0.05,0,1,0.35,0.04,0,10,0.35,0.03,0,2,0.35,0.02,0,104,0.35,0.01,0,0,0.42,0.01,0,0,0.4,0.01,0,0,0.38,0.01,0,0,0.37,0.01,0,0,0.35,0.02,0,20,0.36,0.03,0,0,0.36,0.04,0,0,0.36,0.05,0,15,0.35,0.07,0,110,0.35,0.13,0,10,0.35,0.22,0,310,0.35,0.34,0,183,0.35,0.53,0,138,0.36,0.77,0,148,0.36,1.04,0,3,0.35,1.39,0,3,0.35,1.8,0,33,0.35,2.28,0,41,0.35,2.84,0,76,0.35,3.42,2,126,0.35,4.11,0,6,0.35,4.82,0,4,0.35,5.59,0,7,0.35,6.39,0,0,0.35,7.22,0,10,0.35,8.09,0,6,0.35,8.98,0,18,0.35,9.88,0,0,0.35,10.82,0,49,0.36,11.75,0,0,0.35,12.7,0,0,0.35,13.66,0,0,0.35,14.63,0,10,0.36,15.6,0,0,0.36,16.57,0,0,0.35,17.55,0,0,0.35,18.53,0,0,0.35,19.52,0,0,0.36
2023-02-21 16:00:00,30.7,15.35,0,0,,14.86,0,0,0.41,14.36,0,0,,13.87,0,0,0.38,13.37,0,0,,12.88,0,0,0.34,12.39,0,0,0.39,11.89,0,0,0.31,11.4,0,0,0.35,10.91,0,0,0.36,9.94,0,0,0.37,8.98,0,0,0.37,8.04,0,0,0.36,7.13,0,0,0.36,6.41,0,1251,0.41,5.43,0,20,0.36,4.67,0,1,0.36,3.97,0,1,0.36,3.37,0,83,0.36,2.78,0,22,0.36,2.36,0,0,0.37,1.88,0,64,0.36,1.53,20,80,0.36,1.23,0,44,0.36,0.98,0,20,0.36,0.8,0,9,0.36,0.63,0,1,0.36,0.48,0,0,0.36,0.37,0,0,0.36,0.29,0,14,0.36,0.22,0,20,0.36,0.17,0,0,0.36,0.13,0,0,0.36,0.1,0,20,0.36,0.08,0,11,0.36,0.06,20,21,0.36,0.04,0,10,0.35,0.03,0,2,0.35,0.02,0,104,0.35,0.01,0,0,0.43,0.01,0,0,0.41,0.01,0,0,0.39,0.01,0,0,0.37,0.01,0,0,0.35,0.02,0,20,0.37,0.03,0,0,0.37,0.04,0,0,0.36,0.05,0,15,0.36,0.07,0,110,0.36,0.13,0,10,0.36,0.21,0,310,0.36,0.34,0,183,0.36,0.53,0,138,0.36,0.76,0,148,0.36,1.02,0,3,0.36,1.36,0,3,0.36,1.77,0,33,0.36,2.24,0,41,0.36,2.79,1,75,0.36,3.29,0,126,0.34,4.04,0,6,0.36,4.75,0,4,0.36,5.5,0,7,0.36,6.3,0,0,0.36,7.12,0,10,0.36,7.98,0,6,0.36,8.86,0,18,0.36,9.77,0,0,0.36,10.66,0,49,0.35,11.62,0,0,0.36,12.57,0,0,0.36,13.53,0,0,0.36,14.49,0,10,0.36,15.46,0,0,0.36,16.44,0,0,0.36,17.42,0,0,0.36,18.4,0,0,0.36,19.38,0,0,0.36
2023-02-22 16:00:00,30.6,15.25,0,0,,14.76,0,0,0.45,14.26,0,0,,13.77,0,0,0.41,13.27,0,0,,12.78,0,0,0.37,12.29,0,0,0.4,11.79,0,0,0.34,11.3,0,0,0.36,10.81,0,0,0.37,9.83,0,0,0.35,8.88,0,0,0.37,7.94,0,0,0.36,7.03,0,0,0.36,6.34,0,1251,0.42,5.34,0,20,0.36,4.61,0,1,0.37,3.89,0,1,0.36,3.26,0,83,0.36,2.72,0,22,0.36,2.22,0,0,0.36,1.82,0,64,0.36,1.48,0,80,0.36,1.19,0,44,0.36,0.95,0,20,0.36,0.77,0,9,0.36,0.61,0,1,0.36,0.46,0,0,0.36,0.36,0,0,0.36,0.28,0,14,0.36,0.21,0,20,0.36,0.16,0,0,0.36,0.12,0,0,0.36,0.1,0,20,0.36,0.07,0,11,0.36,0.06,0,21,0.36,0.04,0,10,0.36,0.03,0,2,0.36,0.02,0,104,0.35,0.01,0,0,0.43,0.01,0,0,0.41,0.01,0,0,0.39,0.01,0,0,0.37,0.01,0,0,0.35,0.02,0,20,0.36,0.03,0,0,0.36,0.04,0,0,0.36,0.05,0,15,0.35,0.07,0,110,0.36,0.13,0,10,0.36,0.22,0,310,0.36,0.35,0,183,0.36,0.54,0,138,0.36,0.77,0,148,0.36,1.04,0,3,0.36,1.39,0,3,0.36,1.8,0,33,0.36,2.28,0,41,0.36,2.83,0,75,0.36,3.46,0,126,0.36,4.1,0,6,0.36,4.81,0,4,0.36,5.57,0,7,0.36,6.37,0,0,0.36,7.2,0,10,0.36,8.06,0,6,0.36,8.95,0,18,0.36,9.85,0,0,0.36,10.78,0,49,0.36,11.72,0,0,0.36,12.67,0,0,0.36,13.63,0,0,0.36,14.59,0,10,0.36,15.56,0,0,0.36,16.54,0,0,0.36,17.52,0,0,0.36,18.5,0,0,0.36,19.48,0,0,0.35
2023-02-23 16:00:00,31.4,16.05,0,0,,15.56,0,0,0.49,15.06,0,0,,14.57,0,0,0.45,14.07,0,0,,13.58,0,0,0.41,13.08,0,0,,12.59,0,0,0.37,12.09,0,0,,11.6,0,0,0.34,10.62,0,0,0.35,9.65,0,0,0.35,8.69,0,0,0.35,7.76,0,0,0.35,7.07,0,1251,0.43,6.01,0,20,0.36,5.21,0,1,0.36,4.59,0,1,0.38,3.89,0,83,0.37,3.26,0,22,0.37,2.7,0,0,0.36,2.21,0,64,0.36,1.81,0,80,0.36,1.48,0,44,0.36,1.2,0,20,0.36,0.91,0,9,0.35,0.74,0,1,0.36,0.6,2,2,0.36,0.45,0,0,0.35,0.35,0,14,0.36,0.28,0,20,0.36,0.21,0,0,0.36,0.16,0,0,0.35,0.12,0,20,0.35,0.09,0,11,0.35,0.07,0,21,0.35,0.05,0,10,0.35,0.04,0,2,0.35,0.03,0,104,0.35,0.01,0,0,0.44,0.01,0,0,0.42,0.01,0,0,0.41,0.01,0,0,0.39,0.01,0,0,0.37,0.01,0,20,0.35,0.01,0,0,0.33,0.02,0,0,0.35,0.03,0,15,0.35,0.05,0,110,0.36,0.09,0,10,0.35,0.16,0,310,0.36,0.25,0,183,0.35,0.39,0,138,0.35,0.6,15,148,0.36,0.85,0,3,0.36,1.13,0,3,0.35,1.5,0,33,0.36,1.93,0,41,0.36,2.37,4,71,0.35,2.91,1,125,0.35,3.59,0,6,0.35,4.26,0,4,0.35,4.98,0,7,0.36,5.74,0,0,0.35,6.55,4,10,0.35,7.38,0,6,0.35,8.25,0,18,0.36,9.14,0,0,0.36,10.04,0,49,0.35,10.97,0,0,0.35,11.91,0,0,0.36,12.86,0,0,0.35,13.82,0,10,0.36,14.79,0,0,0.36,15.76,0,0,0.36,16.73,0,0,0.35,17.71,0,0,0.35,18.69,0,0,0.35
2023-02-24 16:00:00,30.0,14.65,0,0,,14.16,0,0,0.47,13.66,0,0,,13.17,0,0,0.43,12.67,0,0,,12.18,0,0,0.39,11.68,0,0,0.25,11.19,0,0,0.36,10.7,0,0,0.36,10.21,0,0,0.36,9.24,0,0,0.36,8.28,0,0,0.36,7.35,0,0,0.36,6.46,0,0,0.36,5.77,0,1251,0.4,4.89,0,20,0.38,4.13,0,1,0.37,3.43,0,1,0.36,2.85,0,83,0.36,2.41,0,22,0.37,1.9,0,0,0.36,1.53,0,64,0.36,1.22,0,80,0.36,0.96,0,44,0.36,0.78,0,20,0.36,0.61,0,9,0.36,0.46,0,1,0.36,0.35,0,2,0.36,0.27,0,0,0.36,0.2,0,14,0.36,0.16,0,20,0.36,0.12,0,0,0.36,0.09,0,0,0.36,0.07,0,20,0.36,0.05,0,11,0.36,0.04,0,21,0.36,0.03,0,10,0.36,0.02,0,2,0.36,0.01,0,104,0.34,0.01,0,0,0.42,0.01,0,0,0.4,0.01,0,0,0.38,0.01,0,0,0.36,0.01,0,0,0.34,0.02,0,20,0.35,0.03,0,0,0.35,0.05,0,0,0.36,0.06,0,15,0.35,0.09,0,110,0.36,0.15,0,10,0.36,0.25,0,310,0.36,0.4,0,183,0.36,0.61,0,138,0.36,0.87,0,148,0.36,1.17,0,3,0.36,1.56,0,3,0.36,2.01,0,33,0.36,2.53,0,41,0.36,3.02,0,71,0.34,3.75,0,125,0.36,4.46,0,6,0.36,5.21,0,4,0.36,5.99,0,7,0.36,6.82,0,0,0.36,7.68,0,10,0.36,8.56,0,6,0.36,9.47,0,18,0.36,10.39,0,0,0.36,11.23,0,49,0.3,12.28,0,0,0.36,13.24,0,0,0.36,14.2,0,0,0.35,15.18,0,10,0.36,16.15,0,0,0.36,17.13,0,0,0.35,18.11,0,0,0.35,19.1,0,0,0.36,20.08,0,0,0.34
2023-02-27 16:00:00,29.45,14.1,0,0,0.5,13.6,0,0,,13.11,0,0,0.46,12.61,0,0,0.36,12.12,0,0,0.42,11.62,0,0,0.34,11.13,0,0,0.38,10.64,0,0,0.38,10.14,0,0,0.34,9.66,0,0,0.37,8.69,0,0,0.36,7.74,0,0,0.36,6.82,0,0,0.36,5.95,0,0,0.37,5.17,1,1252,0.38,4.42,0,20,0.38,3.69,0,1,0.37,3.05,0,1,0.36,2.51,0,83,0.36,2.04,0,22,0.36,1.65,0,0,0.36,1.31,0,64,0.36,1.03,0,80,0.36,0.81,0,44,0.36,0.63,0,20,0.36,0.49,0,9,0.36,0.38,0,1,0.36,0.29,0,2,0.36,0.22,0,0,0.36,0.17,0,14,0.37,0.12,0,20,0.36,0.09,0,0,0.36,0.07,0,0,0.36,0.05,0,20,0.36,0.04,0,11,0.36,0.03,0,21,0.36,0.02,0,10,0.36,0.01,0,2,0.34,0.01,0,104,0.36,0.01,0,0,0.41,0.01,0,0,0.39,0.01,0,0,0.37,0.01,0,0,0.35,0.02,0,0,0.36,0.03,0,20,0.37,0.04,0,0,0.36,0.06,0,0,0.37,0.08,0,15,0.36,0.11,0,110,0.36,0.19,0,10,0.36,0.31,0,310,0.36,0.5,60,243,0.37,0.73,0,138,0.37,1.0,0,148,0.36,1.35,0,3,0.36,1.77,0,3,0.36,2.26,0,33,0.36,2.75,0,41,0.35,3.44,0,71,0.36,4.12,0,125,0.36,4.85,0,6,0.36,5.62,0,4,0.36,6.44,0,7,0.36,7.28,0,0,0.36,8.15,0,10,0.36,9.06,0,6,0.36,9.98,0,18,0.36,10.91,0,0,0.36,11.86,0,49,0.36,12.82,0,0,0.37,13.78,0,0,0.36,14.75,0,0,0.36,15.73,0,10,0.36,16.71,0,0,0.36,17.69,0,0,0.36,18.68,0,0,0.37,19.66,0,0,0.36,20.65,0,0,0.37
2023-02-28 16:00:00,28.8,13.44,0,0,,12.95,0,0,0.41,12.45,0,0,,11.96,0,0,0.38,11.46,0,0,,10.97,0,0,0.35,10.48,0,0,0.38,9.98,0,0,0.32,9.49,0,0,0.34,9.01,0,0,0.36,8.04,0,0,0.35,7.1,0,0,0.35,6.19,0,0,0.35,5.33,0,0,0.35,4.64,0,1252,0.38,3.9,0,20,0.37,3.21,0,1,0.37,2.61,0,1,0.36,2.09,0,83,0.36,1.66,0,22,0.35,1.3,30,30,0.35,1.0,70,134,0.35,0.77,0,80,0.35,0.59,0,44,0.35,0.44,4,24,0.35,0.33,0,9,0.35,0.24,0,1,0.35,0.18,0,2,0.35,0.13,0,0,0.35,0.1,0,14,0.35,0.07,0,20,0.35,0.05,0,0,0.35,0.04,0,0,0.35,0.03,0,20,0.35,0.02,0,11,0.35,0.01,0,21,0.34,0.01,0,10,0.35,0.01,0,2,0.36,0.01,0,104,0.37,0.01,0,0,0.4,0.01,0,0,0.38,0.01,0,0,0.36,0.01,0,0,0.34,0.02,0,0,0.35,0.03,0,20,0.35,0.05,0,0,0.36,0.06,0,0,0.35,0.09,0,15,0.35,0.12,0,110,0.35,0.2,0,10,0.35,0.34,0,310,0.35,0.52,0,243,0.35,0.78,0,138,0.35,1.1,21,169,0.35,1.43,62,59,0.34,1.86,0,3,0.34,2.38,0,33,0.33,2.96,0,41,0.33,3.61,0,71,0.33,4.31,0,125,0.32,5.05,0,6,0.31,5.85,0,4,0.3,6.68,0,7,0.29,7.76,0,0,0.35,8.67,0,10,0.35,9.46,30,36,0.27,10.54,0,18,0.35,11.49,0,0,0.35,12.29,0,49,,13.42,0,0,0.34,14.4,0,0,0.35,15.38,0,0,0.35,16.36,0,10,0.35,17.35,0,0,0.36,18.33,0,0,0.34,19.32,0,0,0.35,20.31,0,0,0.36,21.3,0,0,0.37
2023-03-01 16:00:00,29.75,14.39,0,0,,13.9,0,0,0.46,13.4,0,0,,12.91,0,0,0.42,12.41,0,0,,11.92,0,0,0.39,11.42,0,0,,10.93,0,0,0.36,10.44,0,0,0.37,9.94,0,0,0.32,8.97,0,0,0.35,8.01,0,0,0.35,7.07,0,0,0.35,6.17,0,0,0.35,5.46,0,1252,0.39,4.57,0,20,0.36,3.82,0,1,0.35,3.22,0,1,0.36,2.62,0,83,0.35,2.11,0,22,0.35,1.67,0,30,0.35,1.32,16,150,0.35,1.03,16,80,0.35,0.8,0,44,0.35,0.61,0,24,0.35,0.46,0,9,0.35,0.34,0,1,0.34,0.25,0,2,0.34,0.19,0,0,0.34,0.14,0,14,0.34,0.1,0,20,0.34,0.07,0,0,0.34,0.05,0,0,0.34,0.04,0,20,0.34,0.03,0,11,0.35,0.02,0,21,0.34,0.01,0,10,0.33,0.01,0,2,0.34,0.01,0,104,0.35,0.01,0,0,0.42,0.01,0,0,0.4,0.01,0,0,0.38,0.01,0,0,0.36,0.01,0,0,0.34,0.01,0,20,0.32,0.02,0,0,0.34,0.03,0,0,0.34,0.05,0,15,0.34,0.07,0,110,0.34,0.13,0,10,0.34,0.22,0,310,0.34,0.37,0,243,0.35,0.57,0,138,0.35,0.82,1,170,0.35,1.15,44,103,0.35,1.54,0,3,0.35,1.95,0,33,0.34,2.45,96,130,0.33,3.07,0,71,0.33,3.72,0,125,0.33,4.51,0,6,0.34,5.28,0,4,0.34,6.09,0,7,0.34,6.94,0,0,0.34,7.82,0,10,0.34,8.73,0,36,0.34,9.65,0,18,0.34,10.59,0,0,0.34,11.54,0,49,0.34,12.5,0,0,0.34,13.47,0,0,0.34,14.45,0,0,0.35,15.42,0,10,0.33,16.41,0,0,0.35,17.39,0,0,0.34,18.38,0,0,0.35,19.36,0,0,0.31,20.35,0,0,0.32
2023-03-02 16:00:00,30.5,15.12,0,0,0.49,14.62,0,0,,14.13,0,0,0.48,13.63,0,0,0.39,13.13,0,0,,12.64,0,0,0.4,12.14,0,0,,11.65,0,0,0.38,11.15,0,0,0.32,10.66,0,0,0.36,9.68,0,0,0.36,8.71,0,0,0.35,7.77,0,0,0.36,6.85,0,0,0.36,6.0,0,1252,0.37,5.15,0,20,0.36,4.38,0,1,0.36,3.67,0,1,0.35,3.05,0,83,0.35,2.55,0,22,0.36,2.1,0,30,0.36,1.69,0,150,0.36,1.35,0,80,0.36,1.06,0,44,0.36,0.83,0,24,0.36,0.65,0,9,0.36,0.49,0,1,0.36,0.37,0,2,0.35,0.28,0,0,0.35,0.21,0,14,0.35,0.16,0,20,0.35,0.12,0,0,0.35,0.09,0,0,0.35,0.07,0,20,0.36,0.05,0,11,0.35,0.04,0,21,0.36,0.03,0,10,0.36,0.02,0,2,0.35,0.01,0,104,0.34,0.01,0,0,0.44,0.01,0,0,0.42,0.01,0,0,0.4,0.01,0,0,0.38,0.01,0,0,0.36,0.01,0,20,0.34,0.02,0,0,0.35,0.03,0,0,0.35,0.04,0,15,0.35,0.06,0,110,0.35,0.11,0,10,0.35,0.2,0,310,0.36,0.32,0,243,0.36,0.5,0,138,0.36,0.73,0,170,0.36,1.03,0,103,0.36,1.37,0,3,0.36,1.76,0,33,0.35,2.23,0,130,0.35,2.78,15,71,0.35,3.37,0,125,0.34,4.08,0,6,0.35,4.84,0,4,0.35,5.62,0,7,0.35,6.44,0,0,0.35,7.29,0,10,0.35,8.16,0,36,0.35,9.07,0,18,0.36,9.99,0,0,0.36,10.91,0,49,0.35,11.87,0,0,0.35,12.83,0,0,0.35,13.8,0,0,0.35,14.77,0,10,0.35,15.75,0,0,0.35,16.73,0,0,0.35,17.72,0,0,0.36,18.7,0,0,0.34,19.69,0,0,0.35
2023-03-03 16:00:00,30.75,15.37,0,0,0.51,14.87,0,0,,14.37,0,0,,13.88,0,0,0.43,13.38,0,0,,12.89,0,0,0.42,12.39,0,0,0.33,11.9,0,0,0.4,11.4,0,0,0.35,10.91,0,0,0.37,9.93,0,0,0.37,8.96,0,0,0.36,8.01,0,0,0.36,7.09,0,0,0.36,6.37,0,1252,0.42,5.37,0,20,0.36,4.69,0,1,0.38,3.97,0,1,0.38,3.33,0,83,0.37,2.72,0,22,0.37,2.25,0,30,0.37,1.82,0,150,0.37,1.45,0,80,0.36,1.15,30,74,0.36,0.91,0,24,0.36,0.71,58,67,0.36,0.55,0,1,0.36,0.42,0,2,0.36,0.32,0,0,0.36,0.25,0,14,0.36,0.19,0,20,0.36,0.14,0,0,0.36,0.11,0,0,0.36,0.08,0,20,0.36,0.06,0,11,0.36,0.04,0,21,0.35,0.03,0,10,0.35,0.02,0,2,0.35,0.01,0,104,0.34,0.01,0,0,0.44,0.01,0,0,0.42,0.01,0,0,0.4,0.01,0,0,0.39,0.01,0,0,0.37,0.01,0,20,0.35,0.02,0,0,0.36,0.03,0,0,0.36,0.05,0,15,0.37,0.06,0,110,0.36,0.11,0,10,0.36,0.19,0,310,0.36,0.3,0,243,0.36,0.47,0,138,0.36,0.69,0,170,0.36,0.97,0,103,0.36,1.3,0,3,0.36,1.68,0,33,0.36,2.12,0,130,0.35,2.64,0,71,0.35,3.22,0,125,0.34,3.9,0,6,0.35,4.56,0,4,0.34,5.31,0,7,0.33,6.11,0,0,0.33,6.94,0,10,0.32,7.8,0,36,0.31,8.85,0,18,0.36,9.77,0,0,0.36,10.7,0,49,0.36,11.64,0,0,0.35,12.6,0,0,0.36,13.56,0,0,0.35,14.53,0,10,0.35,15.51,0,0,0.36,16.49,0,0,0.36,17.48,0,0,0.37,18.46,0,0,0.36,19.45,0,0,0.36
2023-03-06 16:00:00,30.4,15.01,0,0,,14.52,0,0,0.5,14.02,0,0,0.39,13.52,0,0,,13.03,0,0,0.43,12.53,0,0,,12.04,0,0,0.41,11.54,0,0,0.36,11.04,0,0,,10.55,0,0,0.34,9.57,0,0,0.36,8.6,0,0,0.36,7.65,0,0,0.36,6.73,0,0,0.36,5.91,0,1252,0.38,5.03,0,20,0.36,4.36,0,1,0.38,3.65,0,1,0.37,3.01,0,83,0.37,2.45,0,22,0.36,1.97,0,30,0.36,1.57,0,150,0.36,1.23,29,80,0.36,0.96,0,74,0.36,0.74,0,24,0.35,0.57,0,67,0.35,0.43,0,1,0.35,0.32,0,2,0.35,0.25,0,0,0.35,0.18,0,14,0.35,0.14,0,20,0.35,0.1,0,0,0.35,0.07,0,0,0.35,0.05,0,20,0.35,0.04,0,11,0.35,0.03,0,21,0.35,0.02,0,10,0.35,0.01,0,2,0.34,0.01,0,104,0.35,0.01,0,0,0.44,0.01,0,0,0.42,0.01,0,0,0.4,0.01,0,0,0.38,0.01,0,0,0.36,0.01,0,20,0.35,0.02,0,0,0.36,0.03,0,0,0.36,0.04,0,15,0.35,0.06,0,110,0.36,0.11,0,10,0.36,0.19,0,310,0.35,0.31,0,243,0.35,0.48,0,138,0.35,0.71,0,170,0.36,1.0,0,103,0.36,1.35,0,3,0.35,1.73,0,33,0.35,2.21,0,130,0.34,2.79,0,71,0.35,3.36,0,125,0.34,4.06,0,6,0.34,4.74,0,4,0.33,5.52,0,7,0.32,6.34,0,0,0.32,7.19,0,10,0.31,8.23,0,36,0.35,9.13,0,18,0.35,10.07,0,0,0.35,10.86,13,49,,11.96,0,0,0.35,12.93,0,0,0.35,13.9,0,0,0.35,14.88,0,10,0.35,15.86,0,0,0.35,16.84,0,0,0.35,17.83,0,0,0.35,18.82,0,0,0.36,19.81,0,0,0.36
2023-03-07 16:00:00,30.05,14.66,0,0,,14.17,0,0,0.51,13.67,0,0,0.43,13.17,0,0,,12.68,0,0,0.43,12.18,0,0,0.35,11.68,0,0,,11.19,0,0,0.36,10.69,0,0,,10.2,0,0,0.35,9.22,0,0,0.35,8.26,0,0,0.36,7.31,0,0,0.35,6.4,0,0,0.36,5.7,0,1252,0.41,4.78,0,20,0.37,4.03,0,1,0.37,3.35,0,1,0.36,2.73,0,83,0.36,2.21,0,22,0.36,1.79,0,30,0.36,1.43,2000,2150,0.36,1.13,24,80,0.36,0.88,95,169,0.36,0.68,0,24,0.36,0.52,76,85,0.36,0.4,0,1,0.36,0.29,0,2,0.36,0.22,0,0,0.36,0.17,0,14,0.36,0.12,0,20,0.36,0.09,0,0,0.36,0.07,0,0,0.36,0.05,0,20,0.36,0.03,0,11,0.35,0.02,0,21,0.35,0.01,0,10,0.33,0.01,0,2,0.35,0.01,0,104,0.36,0.01,0,0,0.44,0.01,0,0,0.42,0.01,0,0,0.4,0.01,0,0,0.38,0.01,0,0,0.36,0.02,0,20,0.37,0.03,0,0,0.37,0.04,0,0,0.37,0.05,0,15,0.36,0.07,0,110,0.36,0.13,0,10,0.36,0.22,0,310,0.36,0.36,0,243,0.36,0.55,0,138,0.36,0.8,0,170,0.36,1.12,0,103,0.36,1.5,0,3,0.36,1.94,0,33,0.36,2.44,2078,2168,0.36,3.02,173,218,0.35,3.67,590,589,0.36,4.33,0,6,0.35,5.09,0,4,0.35,5.88,0,7,0.34,6.72,0,0,0.34,7.65,0,10,0.36,8.55,0,36,0.36,9.46,0,18,0.35,10.4,0,0,0.36,11.35,0,49,0.36,12.31,0,0,0.36,13.27,0,0,0.35,14.25,0,0,0.36,15.23,0,10,0.36,16.21,0,0,0.36,17.19,0,0,0.35,18.18,0,0,0.35,19.17,0,0,0.36,20.16,0,0,0.36
2023-03-08 16:00:00,29.35,13.96,0,0,,13.46,0,0,,12.97,0,0,0.44,12.47,0,0,,11.98,0,0,0.43,11.48,0,0,0.36,10.98,0,0,,10.49,0,0,0.36,10.0,0,0,0.37,9.51,0,0,0.37,8.53,0,0,0.36,7.58,0,0,0.36,6.65,0,0,0.36,5.77,0,0,0.36,5.07,0,1252,0.4,4.27,0,20,0.39,3.56,0,1,0.38,2.93,0,1,0.38,2.36,0,83,0.37,1.9,0,22,0.37,1.5,0,30,0.37,1.17,0,2150,0.36,0.91,0,80,0.36,0.7,0,169,0.36,0.53,0,24,0.36,0.4,0,85,0.36,0.3,0,1,0.36,0.22,0,2,0.36,0.17,0,0,0.36,0.12,0,14,0.36,0.09,0,20,0.36,0.07,0,0,0.37,0.05,0,0,0.36,0.03,0,20,0.35,0.02,0,11,0.35,0.01,0,21,0.34,0.01,0,10,0.35,0.01,0,2,0.36,0.01,0,104,0.38,0.01,0,0,0.42,0.01,0,0,0.4,0.01,0,0,0.38,0.01,0,0,0.36,0.02,0,0,0.38,0.03,0,20,0.37,0.04,0,0,0.37,0.05,0,0,0.36,0.07,0,15,0.36,0.1,0,110,0.37,0.17,0,10,0.36,0.29,0,310,0.36,0.46,0,243,0.36,0.68,0,138,0.36,0.98,0,170,0.37,1.33,0,103,0.36,1.73,0,3,0.36,2.2,0,33,0.35,2.76,0,2168,0.35,3.37,0,218,0.35,4.01,0,589,0.34,4.77,0,6,0.34,5.56,0,4,0.33,6.39,0,7,0.33,7.37,0,0,0.36,8.26,0,10,0.36,9.18,0,36,0.36,10.11,0,18,0.36,11.06,0,0,0.36,12.01,2,51,0.36,12.98,0,0,0.36,13.96,0,0,0.36,14.94,0,0,0.36,15.92,0,10,0.36,16.9,0,0,0.35,17.89,0,0,0.36,18.88,0,0,0.36,19.87,0,0,0.36,20.86,0,0,0.36
2023-03-09 16:00:00,28.55,13.16,0,0,0.46,12.66,0,0,,12.17,0,0,0.46,11.67,0,0,0.39,11.17,0,0,,10.68,0,0,0.38,10.18,0,0,0.32,9.69,0,0,0.36,9.2,0,0,0.37,8.71,0,0,0.36,7.74,0,0,0.36,6.8,0,0,0.36,5.9,0,0,0.36,5.04,0,0,0.36,4.37,0,1252,0.39,3.62,0,20,0.38,2.95,0,1,0.37,2.38,0,1,0.37,1.89,0,83,0.37,1.48,0,22,0.36,1.15,0,30,0.36,0.88,0,2150,0.36,0.66,0,80,0.36,0.5,0,169,0.36,0.37,0,24,0.36,0.27,0,85,0.36,0.2,0,1,0.36,0.15,0,2,0.36,0.11,0,0,0.36,0.08,0,14,0.36,0.06,0,20,0.36,0.04,0,0,0.36,0.03,0,0,0.36,0.02,0,20,0.36,0.01,0,11,0.34,0.01,0,21,0.36,0.01,0,10,0.37,0.01,0,2,0.38,0.01,0,104,0.4,0.01,0,0,0.41,0.01,0,0,0.39,0.01,0,0,0.37,0.02,0,0,0.38,0.03,0,0,0.38,0.04,0,20,0.37,0.05,0,0,0.36,0.07,0,0,0.36,0.09,0,15,0.36,0.13,0,110,0.36,0.22,0,10,0.36,0.37,60,293,0.36,0.57,0,243,0.36,0.84,0,138,0.36,1.15,0,170,0.36,1.52,0,103,0.35,1.97,7,10,0.35,2.52,30,51,0.34,3.13,0,2168,0.34,3.8,0,218,0.34,4.52,0,589,0.33,5.29,0,6,0.32,6.09,0,4,0.3,6.94,0,7,0.29,8.05,0,0,0.36,8.97,1,10,0.36,9.9,0,36,0.35,10.86,0,18,0.36,11.82,0,0,0.36,12.79,0,51,0.36,13.76,0,0,0.35,14.74,0,0,0.35,15.73,0,0,0.36,16.55,0,10,,17.7,0,0,0.35,18.52,0,0,,19.68,0,0,0.34,20.67,0,0,0.29,21.67,0,0,0.39
2023-03-27 16:00:00,26.7,11.29,0,0,0.5,10.79,0,0,0.43,10.29,0,0,,9.79,0,0,,9.3,0,0,0.38,8.8,0,0,0.29,8.31,0,0,0.37,7.82,0,0,0.38,7.33,0,0,0.37,6.85,0,0,0.38,5.91,0,0,0.38,5.0,0,0,0.37,4.16,0,0,0.38,3.47,0,0,0.4,2.77,0,1252,0.39,2.14,0,20,0.38,1.63,0,1,0.37,1.22,0,1,0.37,0.9,20,83,0.37,0.65,2,45,0.37,0.47,0,32,0.37,0.33,0,2150,0.37,0.23,0,86,0.37,0.16,20,149,0.37,0.1,0,24,0.36,0.07,0,85,0.36,0.05,0,1,0.37,0.03,0,2,0.36,0.02,0,0,0.36,0.01,0,14,0.35,0.01,0,20,0.37,0.01,0,0,0.38,0.01,0,0,0.4,0.01,0,20,0.41,0.01,0,11,0.43,0.01,0,21,0.44,0.01,0,10,0.46,0.01,0,2,0.47,0.01,0,104,0.48,0.01,0,0,0.4,0.01,0,0,0.37,0.01,0,0,0.35,0.02,0,0,0.36,0.03,0,0,0.36,0.05,0,20,0.36,0.08,0,0,0.37,0.11,0,0,0.36,0.16,0,15,0.37,0.21,0,110,0.37,0.37,0,10,0.37,0.59,0,299,0.37,0.89,4,243,0.37,1.28,0,138,0.37,1.71,2,170,0.36,2.21,0,120,0.35,2.8,30,73,0.35,3.48,50,85,0.34,4.23,50,2532,0.33,5.17,0,203,0.36,6.04,15,589,0.36,6.93,0,6,0.36,7.85,0,15,0.36,8.79,0,55,0.36,9.45,100,100,,10.43,100,106,,11.37,50,20,,12.67,0,18,0.36,13.66,0,0,0.37,14.65,0,51,0.37,15.64,0,0,0.37,16.63,0,0,0.37,17.62,0,0,0.32,18.62,0,10,0.4,19.61,0,0,0.38,20.6,0,0,,21.6,0,0,0.42,22.59,0,0,,23.59,0,0,0.46
2023-03-28 16:00:00,27.1,11.68,0,0,,11.19,0,0,0.49,10.69,0,0,0.4,10.19,0,0,,9.7,0,0,0.43,9.2,0,0,0.38,8.7,0,0,,8.21,0,0,0.37,7.72,0,0,0.37,7.23,0,0,0.36,6.27,0,0,0.37,5.35,0,0,0.37,4.47,0,0,0.37,3.72,0,0,0.39,2.97,0,1252,0.37,2.37,0,20,0.38,1.82,51,30,0.37,1.38,42,43,0.37,1.02,0,83,0.37,0.74,0,45,0.37,0.53,0,32,0.37,0.38,0,2150,0.37,0.26,0,86,0.37,0.18,0,149,0.37,0.12,0,24,0.36,0.08,0,85,0.36,0.06,0,1,0.37,0.04,0,2,0.37,0.03,0,0,0.37,0.02,0,14,0.37,0.01,0,20,0.36,0.01,0,0,0.38,0.01,0,0,0.39,0.01,0,20,0.41,0.01,0,11,0.42,0.01,0,21,0.44,0.01,0,10,0.45,0.01,0,2,0.46,0.01,0,104,0.48,0.01,0,0,0.41,0.01,0,0,0.38,0.01,0,0,0.36,0.02,0,0,0.37,0.03,0,0,0.37,0.04,0,20,0.36,0.07,0,0,0.37,0.09,0,0,0.36,0.13,0,15,0.36,0.19,0,110,0.37,0.32,0,10,0.37,0.53,0,299,0.37,0.81,0,243,0.37,1.18,0,138,0.37,1.56,21,170,0.36,2.08,21,120,0.36,2.66,0,73,0.35,3.3,0,85,0.34,4.03,0,2532,0.34,4.95,0,203,0.36,5.8,0,589,0.36,6.68,0,6,0.36,7.59,0,15,0.36,8.53,0,55,0.36,9.48,0,100,0.36,10.45,0,106,0.37,11.42,20,26,0.36,12.4,0,18,0.36,13.39,0,0,0.37,14.37,0,51,0.35,15.36,0,0,0.34,16.36,0,0,0.39,17.35,0,0,0.38,18.34,0,10,0.33,19.34,0,0,0.41,20.33,0,0,0.38,21.32,0,0,,22.32,0,0,0.42,23.31,0,0,
2023-03-29 16:00:00,27.2,11.78,0,0,,11.29,0,0,0.5,10.79,0,0,0.44,10.29,0,0,,9.79,0,0,,9.3,0,0,0.39,8.8,0,0,0.33,8.31,0,0,0.38,7.82,0,0,0.38,7.33,0,0,0.37,6.37,0,0,0.37,5.44,0,0,0.37,4.56,0,0,0.37,3.82,0,0,0.39,3.05,0,1252,0.38,2.43,0,20,0.38,1.9,0,30,0.38,1.44,0,43,0.38,1.06,0,83,0.37,0.77,0,45,0.37,0.56,0,32,0.37,0.4,0,2150,0.37,0.29,0,86,0.37,0.2,0,149,0.37,0.14,0,24,0.37,0.09,0,85,0.37,0.06,0,1,0.37,0.04,0,2,0.37,0.03,0,0,0.37,0.02,0,14,0.37,0.01,0,20,0.36,0.01,0,0,0.38,0.01,0,0,0.39,0.01,0,20,0.41,0.01,0,11,0.42,0.01,0,21,0.44,0.01,0,10,0.45,0.01,0,2,0.46,0.01,0,104,0.48,0.01,0,0,0.41,0.01,0,0,0.39,0.01,0,0,0.36,0.02,0,0,0.37,0.03,0,0,0.37,0.04,0,20,0.36,0.07,0,0,0.37,0.09,0,0,0.37,0.13,0,15,0.37,0.18,0,110,0.37,0.32,0,10,0.37,0.52,0,299,0.37,0.8,0,243,0.37,1.15,0,138,0.37,1.54,0,170,0.36,2.02,0,120,0.36,2.61,0,73,0.35,3.26,0,85,0.35,3.97,0,2532,0.34,4.89,0,203,0.37,5.73,1,589,0.37,6.6,0,6,0.37,7.51,0,15,0.37,8.45,0,55,0.37,9.4,0,100,0.37,10.36,0,106,0.37,11.33,0,26,0.37,12.31,0,18,0.37,13.29,0,0,0.37,14.28,0,51,0.37,15.27,0,0,0.38,16.26,0,0,0.37,17.25,0,0,0.35,18.24,0,10,,19.24,0,0,0.39,20.23,0,0,,21.23,0,0,0.43,22.22,0,0,,23.22,0,0,0.46
2023-03-30 16:00:00,27.35,11.93,0,0,,11.43,0,0,,10.94,0,0,0.46,10.44,0,0,0.33,9.94,0,0,,9.45,0,0,0.41,8.95,0,0,0.35,8.46,0,0,0.39,7.96,0,0,0.35,7.47,0,0,0.36,6.5,0,0,0.36,5.57,0,0,0.37,4.67,0,0,0.36,3.87,0,0,0.37,3.09,0,1252,0.36,2.46,2,22,0.37,1.93,0,30,0.37,1.45,0,43,0.37,1.08,0,83,0.37,0.78,5,50,0.36,0.56,0,32,0.36,0.39,0,2150,0.36,0.27,0,86,0.36,0.19,0,149,0.36,0.13,0,24,0.36,0.08,0,85,0.36,0.06,0,1,0.36,0.04,0,2,0.36,0.03,0,0,0.37,0.02,0,14,0.37,0.01,0,20,0.36,0.01,0,0,0.37,0.01,0,0,0.39,0.01,0,20,0.41,0.01,0,11,0.42,0.01,0,21,0.44,0.01,0,10,0.45,0.01,0,2,0.46,0.01,0,104,0.48,0.01,0,0,0.42,0.01,0,0,0.39,0.01,0,0,0.37,0.01,0,0,0.35,0.02,0,0,0.36,0.03,0,20,0.35,0.05,0,0,0.36,0.07,0,0,0.36,0.11,0,15,0.36,0.15,20,130,0.36,0.27,0,10,0.36,0.46,0,299,0.36,0.71,0,243,0.36,1.06,30,138,0.37,1.46,0,170,0.36,1.92,0,120,0.35,2.49,50,123,0.35,3.11,0,85,0.34,3.9,0,2532,0.35,4.73,4,207,0.36,5.57,0,589,0.36,6.35,0,6,0.32,7.26,0,15,0.31,8.19,0,55,0.29,9.24,0,100,0.36,10.2,0,106,0.36,11.18,0,26,0.37,12.16,0,18,0.37,13.14,0,0,0.36,14.05,0,51,,15.12,0,0,0.36,16.11,0,0,0.36,17.1,0,0,,18.01,0,10,,19.09,0,0,0.34,20.08,0,0,,21.08,0,0,0.38,22.07,0,0,,23.07,0,0,0.42
2023-03-31 16:00:00,27.2,11.78,0,0,,11.28,0,0,,10.79,0,0,0.47,10.29,0,0,0.4,9.79,0,0,,9.29,0,0,,8.8,0,0,0.37,8.3,0,0,0.3,7.81,0,0,0.35,7.32,0,0,0.36,6.35,0,0,0.35,5.4,0,0,0.35,4.5,0,0,0.35,3.77,0,0,0.38,3.0,0,1252,0.37,2.33,124,144,0.36,1.76,30,56,0.36,1.3,0,43,0.35,0.94,0,83,0.35,0.67,33,72,0.35,0.47,60,62,0.35,0.32,0,2150,0.35,0.22,4,86,0.35,0.14,0,149,0.35,0.1,0,24,0.35,0.06,0,85,0.35,0.04,0,1,0.35,0.02,0,2,0.34,0.01,0,0,0.33,0.01,0,14,0.35,0.01,0,20,0.36,0.01,0,0,0.38,0.01,0,0,0.4,0.01,0,20,0.41,0.01,0,11,0.43,0.01,0,21,0.44,0.01,0,10,0.46,0.01,0,2,0.47,0.01,0,104,0.48,0.01,0,0,0.42,0.01,0,0,0.39,0.01,0,0,0.37,0.01,0,0,0.34,0.02,0,0,0.35,0.03,0,20,0.35,0.05,0,0,0.36,0.07,0,0,0.35,0.1,0,15,0.35,0.13,0,130,0.35,0.25,0,10,0.35,0.43,0,299,0.35,0.68,0,243,0.35,1.03,115,253,0.35,1.4,0,170,0.34,1.89,4,124,0.33,2.47,0,123,0.33,3.13,0,85,0.32,3.86,0,2532,0.32,4.65,0,207,0.31,5.48,0,589,0.28,6.54,0,6,0.35,7.46,0,15,0.35,8.4,0,55,0.34,9.36,0,100,0.34,10.33,0,106,0.34,11.31,0,26,0.34,12.3,0,18,0.35,13.29,0,0,0.36,13.96,0,51,,15.27,0,0,0.36,16.26,0,0,0.33,17.25,0,0,,18.25,0,10,0.37,19.24,0,0,,20.24,0,0,0.41,21.23,0,0,,22.23,0,0,0.44,23.22,0,0,
2023-04-03 16:00:00,27.0,11.58,0,0,0.54,11.08,0,0,0.47,10.58,0,0,,10.08,0,0,,9.59,0,0,0.43,9.09,0,0,0.37,8.59,0,0,,8.1,0,0,0.37,7.6,0,0,0.33,7.11,0,0,0.35,6.13,0,0,0.33,5.18,0,0,0.34,4.27,0,0,0.33,3.54,0,0,0.37,2.76,0,1252,0.36,2.1,139,283,0.35,1.55,69,125,0.34,1.11,0,43,0.34,0.78,53,113,0.34,0.53,0,72,0.34,0.36,0,62,0.34,0.24,0,2150,0.34,0.15,0,86,0.34,0.1,0,149,0.34,0.07,0,24,0.34,0.04,0,85,0.34,0.02,0,1,0.33,0.01,0,2,0.32,0.01,0,0,0.34,0.01,0,14,0.36,0.01,0,20,0.38,0.01,0,0,0.39,0.01,0,0,0.41,0.01,0,20,0.43,0.01,0,11,0.44,0.01,0,21,0.46,0.01,0,10,0.47,0.01,0,2,0.48,0.01,0,104,0.5,0.01,0,0,0.42,0.01,0,0,0.39,0.01,0,0,0.37,0.01,0,0,0.34,0.02,0,0,0.35,0.03,0,20,0.35,0.04,2,2,0.34,0.06,0,0,0.34,0.09,0,15,0.34,0.12,0,130,0.34,0.24,0,10,0.34,0.41,2,301,0.34,0.67,0,243,0.34,1.03,0,253,0.34,1.46,97,194,0.34,1.95,48,148,0.33,2.51,0,123,0.32,3.19,4,85,0.31,3.97,0,2532,0.31,4.79,0,207,0.3,5.74,0,589,0.32,6.69,0,6,0.34,7.62,0,15,0.33,8.58,0,55,0.33,9.55,0,100,0.33,10.53,0,106,0.34,11.51,0,26,0.32,12.5,0,18,0.33,13.49,0,0,0.31,14.49,0,51,0.36,15.48,0,0,0.35,16.47,0,0,,17.47,0,0,0.38,18.46,0,10,,19.46,0,0,0.4,20.45,0,0,,21.45,0,0,0.43,22.44,0,0,,23.44,0,0,0.46
2023-04-04 16:00:00,26.8,11.38,0,0,,10.88,0,0,,10.39,0,0,0.47,9.89,0,0,0.39,9.39,0,0,,8.89,0,0,,8.4,0,0,0.36,7.9,0,0,0.26,7.41,0,0,0.35,6.91,0,0,0.31,5.94,0,0,0.33,4.99,0,0,0.33,4.09,0,0,0.33,3.34,0,0,0.36,2.59,0,1252,0.35,1.94,0,283,0.34,1.41,0,125,0.34,1.0,1,42,0.34,0.69,0,113,0.34,0.46,20,72,0.33,0.3,0,62,0.33,0.2,0,2150,0.33,0.13,0,86,0.34,0.08,0,149,0.33,0.05,0,24,0.33,0.03,0,85,0.33,0.02,0,1,0.34,0.01,0,2,0.33,0.01,0,0,0.35,0.01,0,14,0.37,0.01,0,20,0.38,0.01,0,0,0.4,0.01,0,0,0.42,0.01,0,20,0.43,0.01,0,11,0.45,0.01,0,21,0.46,0.01,0,10,0.48,0.01,0,2,0.49,0.01,0,104,0.51,0.01,0,0,0.41,0.01,0,0,0.39,0.01,0,0,0.36,0.01,0,0,0.34,0.02,0,0,0.35,0.03,0,20,0.35,0.04,0,2,0.34,0.06,0,0,0.34,0.09,0,15,0.34,0.12,204,334,0.33,0.24,0,10,0.33,0.42,0,301,0.33,0.69,0,243,0.33,1.06,55,308,0.34,1.5,0,194,0.33,2.01,0,148,0.33,2.61,0,123,0.32,3.31,2,85,0.31,4.08,0,2532,0.3,4.92,0,207,0.29,5.92,0,589,0.33,6.85,0,6,0.33,7.79,0,15,0.33,8.75,0,55,0.33,9.73,0,100,0.33,10.71,0,106,0.33,11.7,0,26,0.34,12.69,0,18,0.35,13.68,0,0,0.35,14.67,0,51,0.33,15.66,0,0,,16.66,0,0,0.37,17.65,0,0,,18.65,0,10,0.41,19.64,0,0,,20.64,0,0,0.44,21.63,0,0,,22.62,0,0,,23.62,0,0,0.4
2023-04-11 16:00:00,27.3,11.87,0,0,,11.37,0,0,,10.88,0,0,0.53,10.38,0,0,0.46,9.88,0,0,,9.38,0,0,,8.89,0,0,0.42,8.39,0,0,0.37,7.89,0,0,,7.39,0,0,,6.41,0,0,0.34,5.44,0,0,0.33,4.5,0,0,0.33,3.62,0,0,0.33,2.82,0,1252,0.33,2.11,0,283,0.32,1.53,0,125,0.32,1.06,4,46,0.32,0.72,119,232,0.32,0.47,79,151,0.32,0.31,0,62,0.32,0.2,0,2150,0.33,0.13,45,87,0.33,0.08,0,149,0.33,0.05,0,24,0.33,0.03,0,85,0.33,0.02,0,1,0.34,0.01,0,2,0.33,0.01,0,0,0.35,0.01,0,14,0.37,0.01,0,20,0.39,0.01,0,0,0.4,0.01,0,0,0.42,0.01,0,20,0.44,0.01,0,11,0.45,0.01,0,21,0.47,0.01,0,10,0.48,0.01,0,2,0.5,0.01,0,104,0.51,0.01,0,0,0.45,0.01,0,0,0.42,0.01,0,0,0.4,0.01,0,0,0.37,0.01,0,0,0.35,0.01,0,20,0.32,0.02,0,2,0.33,0.03,0,20,0.33,0.05,0,15,0.33,0.07,0,334,0.33,0.15,0,10,0.33,0.29,0,301,0.33,0.51,0,243,0.33,0.81,15,335,0.33,1.22,67,194,0.33,1.73,0,148,0.33,2.29,0,121,0.32,2.99,0,85,0.33,3.73,0,2532,0.32,4.52,0,207,0.31,5.45,0,589,0.32,6.37,0,6,0.32,7.31,0,15,0.32,8.28,0,55,0.33,9.25,0,100,0.33,10.23,0,106,0.32,11.22,0,26,0.33,12.21,0,18,0.33,13.2,0,0,0.29,14.2,0,51,0.36,15.19,0,0,0.29,16.19,0,0,0.39,17.18,0,0,,18.18,0,10,0.42,19.17,0,0,,20.17,0,0,0.44,21.16,0,0,,22.16,0,0,0.46,23.15,0,0,
2023-04-17 16:00:00,26.25,10.81,0,0,,10.32,0,0,0.55,9.82,0,0,0.48,9.32,0,0,,8.82,0,0,,8.32,0,0,,7.83,0,0,0.39,7.33,0,0,0.34,6.83,0,0,,6.34,0,0,0.34,5.36,0,0,0.34,4.4,0,0,0.32,3.5,0,0,0.33,2.64,30,30,0.31,1.92,0,1252,0.31,1.35,20,263,0.32,0.91,1,127,0.32,0.6,0,116,0.32,0.38,4,233,0.33,0.24,4,150,0.33,0.15,6,96,0.33,0.09,0,2150,0.33,0.05,0,87,0.33,0.03,0,149,0.33,0.01,0,24,0.31,0.01,0,85,0.33,0.01,0,1,0.36,0.01,0,2,0.38,0.01,0,0,0.4,0.01,0,14,0.42,0.01,0,20,0.44,0.01,0,0,0.46,0.01,0,0,0.47,0.01,0,20,0.49,0.01,0,11,0.51,0.01,0,21,0.52,0.01,0,10,0.54,0.01,0,2,0.55,0.01,0,104,0.57,0.01,0,0,0.43,0.01,0,0,0.4,0.01,0,0,0.38,0.01,0,0,0.35,0.01,0,0,0.33,0.02,0,20,0.33,0.04,0,2,0.34,0.05,0,22,0.33,0.08,0,15,0.33,0.12,0,334,0.33,0.24,0,10,0.33,0.44,2,303,0.33,0.74,0,240,0.33,1.15,10,384,0.34,1.67,12,292,0.34,2.28,2,167,0.34,2.97,0,131,0.34,3.75,0,85,0.34,4.61,0,2532,0.34,5.47,0,207,0.33,6.4,0,589,0.33,7.36,0,6,0.33,8.33,0,15,0.33,9.31,0,55,0.33,10.3,0,100,0.34,11.29,0,106,0.34,12.28,0,26,0.33,13.27,0,18,,14.27,0,0,0.33,15.27,0,51,0.41,16.26,0,0,,17.26,0,0,0.43,18.25,0,0,,19.25,0,10,0.44,20.24,0,0,,21.24,0,0,0.41,22.24,0,0,0.52,23.23,0,0,,24.23,0,0,0.53
2023-04-20 16:00:00,26.0,10.56,0,0,0.5,10.06,0,0,,9.56,0,0,,9.07,0,0,0.5,8.57,0,0,0.45,8.07,0,0,0.38,7.57,0,0,,7.07,0,0,,6.58,0,0,0.36,6.08,0,0,0.31,5.09,0,0,0.3,4.13,0,0,0.31,3.21,0,0,0.3,2.43,30,60,0.32,1.72,0,1252,0.32,1.16,30,265,0.32,0.74,61,204,0.31,0.44,0,116,0.31,0.26,0,233,0.31,0.14,0,150,0.31,0.08,0,96,0.31,0.04,0,2150,0.31,0.03,0,87,0.32,0.01,0,149,0.3,0.01,0,24,0.33,0.01,0,85,0.35,0.01,0,1,0.37,0.01,0,2,0.39,0.01,0,0,0.42,0.01,0,14,0.44,0.01,0,20,0.46,0.01,0,0,0.47,0.01,0,0,0.49,0.01,0,20,0.51,0.01,0,11,0.53,0.01,0,21,0.54,0.01,0,10,0.56,0.01,0,2,0.57,0.01,0,104,0.59,0.01,0,0,0.43,0.01,0,0,0.4,0.01,0,0,0.38,0.01,0,0,0.35,0.01,0,0,0.32,0.02,0,20,0.33,0.03,0,2,0.32,0.04,0,22,0.31,0.06,0,15,0.31,0.1,0,334,0.31,0.21,0,10,0.31,0.4,0,303,0.31,0.7,0,240,0.31,1.13,2,450,0.31,1.62,30,338,0.3,2.25,18,185,0.3,2.98,0,131,0.29,3.79,0,85,0.28,4.59,0,2532,0.2,5.66,0,207,0.31,6.61,0,589,0.3,7.58,95,95,0.3,8.57,90,105,0.31,9.56,45,100,0.32,10.55,0,100,0.31,11.51,40,138,,12.51,80,60,,13.54,0,18,0.38,14.53,80,80,,15.53,0,51,0.4,16.52,0,0,,17.52,0,0,0.39,18.52,0,0,0.47,19.51,0,10,,20.51,0,0,0.48,21.5,0,0,,22.5,0,0,0.4,23.5,0,0,0.55,24.49,0,0,
2023-04-25 16:00:00,25.2,9.75,0,0,,9.25,0,0,,8.76,0,0,0.53,8.26,0,0,0.47,7.76,0,0,0.39,7.26,0,0,,6.76,0,0,,6.26,0,0,,5.77,0,0,0.33,5.27,0,0,0.29,4.28,0,0,0.27,3.33,0,0,0.29,2.51,0,0,0.33,1.72,0,89,0.3,1.09,50,1251,0.3,0.64,30,295,0.29,0.36,0,204,0.29,0.18,0,116,0.29,0.09,4,229,0.29,0.05,2,148,0.3,0.02,0,96,0.29,0.01,2,2148,0.29,0.01,0,87,0.32,0.01,0,149,0.35,0.01,0,24,0.37,0.01,0,85,0.39,0.01,0,1,0.42,0.01,0,2,0.44,0.01,0,0,0.46,0.01,0,14,0.48,0.01,0,20,0.5,0.01,0,0,0.52,0.01,0,0,0.54,0.01,0,20,0.56,0.01,0,11,0.57,0.01,0,21,0.59,0.01,0,10,0.61,0.01,0,2,0.62,0.01,0,104,0.64,0.01,0,0,0.42,0.01,0,0,0.39,0.01,0,0,0.36,0.01,0,0,0.33,0.01,0,0,0.31,0.02,0,20,0.31,0.03,0,2,0.3,0.04,0,22,0.29,0.07,0,15,0.29,0.11,0,334,0.29,0.25,0,12,0.29,0.5,0,303,0.29,0.86,464,517,0.29,1.32,60,450,0.28,1.94,31,337,0.27,2.66,0,181,0.26,3.48,6,142,0.23,4.49,0,95,0.29,5.32,0,2532,,6.4,0,207,0.28,7.39,0,589,0.29,8.38,0,95,0.3,9.37,0,105,,10.37,0,100,0.33,11.36,0,100,,12.36,0,138,0.26,13.36,0,60,0.39,14.35,0,18,,15.35,0,80,0.37,16.35,0,51,0.46,17.34,0,0,,18.34,0,0,0.44,19.34,0,0,0.52,20.33,0,10,,21.33,0,0,0.5,22.33,0,0,0.57,23.32,0,0,,24.32,0,0,0.55,25.32,0,0,0.62
2023-04-26 16:00:00,25.25,9.8,0,0,,9.3,0,0,,8.8,0,0,,8.31,0,0,0.51,7.81,0,0,0.45,7.31,0,0,0.38,6.81,0,0,,6.31,0,0,,5.81,0,0,,5.32,0,0,0.31,4.33,0,0,0.29,3.38,0,0,0.3,2.53,0,0,0.32,1.76,0,89,0.31,1.13,0,1251,0.3,0.67,32,327,0.3,0.37,5,204,0.3,0.2,0,116,0.3,0.1,0,229,0.3,0.05,0,148,0.3,0.03,0,96,0.31,0.01,0,2148,0.29,0.01,0,87,0.32,0.01,0,149,0.35,0.01,0,24,0.37,0.01,0,85,0.4,0.01,0,1,0.42,0.01,0,2,0.44,0.01,0,0,0.46,0.01,0,14,0.48,0.01,0,20,0.5,0.01,0,0,0.52,0.01,0,0,0.54,0.01,0,20,0.56,0.01,0,11,0.58,0.01,0,21,0.59,0.01,0,10,0.61,0.01,0,2,0.63,0.01,0,104,0.64,0.01,0,0,0.42,0.01,0,0,0.39,0.01,0,0,0.37,0.01,0,0,0.34,0.01,0,0,0.31,0.02,0,20,0.32,0.03,0,2,0.31,0.05,0,22,0.31,0.07,0,15,0.29,0.11,0,334,0.29,0.25,0,12,0.29,0.5,0,303,0.3,0.86,94,611,0.3,1.32,1,451,0.29,1.92,1,336,0.28,2.65,0,181,0.27,3.48,0,142,0.26,4.45,0,95,0.29,5.29,0,2532,,6.36,0,207,0.29,7.34,0,589,0.28,8.33,0,95,0.27,9.33,0,105,0.32,10.32,0,100,,11.32,0,100,0.34,12.31,0,138,,13.31,0,60,,14.31,0,18,0.41,15.3,0,80,,16.3,10,61,,17.3,0,0,0.47,18.29,0,0,,19.29,0,0,,20.29,0,10,0.52,21.28,0,0,,22.28,0,0,,23.28,0,0,0.57,24.27,0,0,,25.27,0,0,
2023-04-27 16:00:00,24.4,8.95,0,0,,8.45,0,0,,7.95,0,0,,7.45,0,0,,6.96,0,0,0.43,6.46,0,0,0.37,5.96,0,0,0.29,5.46,0,0,,4.96,0,0,,4.47,0,0,0.29,3.5,0,0,0.29,2.58,0,0,0.29,1.78,0,0,0.29,1.11,212,242,0.29,0.62,110,1281,0.28,0.34,0,327,0.29,0.15,0,204,0.28,0.07,20,116,0.28,0.03,0,229,0.28,0.02,0,148,0.3,0.01,0,96,0.3,0.01,0,2148,0.33,0.01,45,86,0.36,0.01,0,149,0.38,0.01,0,24,0.41,0.01,0,85,0.43,0.01,0,1,0.46,0.01,0,2,0.48,0.01,0,0,0.5,0.01,0,14,0.52,0.01,0,20,0.54,0.01,0,0,0.56,0.01,0,0,0.58,0.01,0,20,0.6,0.01,0,11,0.61,0.01,0,21,0.63,0.01,0,10,0.65,0.01,0,2,0.66,0.01,0,104,0.68,0.01,0,0,0.39,0.01,0,0,0.36,0.01,0,0,0.34,0.01,0,0,0.31,0.01,0,0,0.28,0.02,0,20,0.28,0.04,0,2,0.29,0.06,0,22,0.28,0.1,0,15,0.28,0.16,30,334,0.28,0.36,0,12,0.28,0.7,0,303,0.28,1.18,215,826,0.28,1.77,202,384,0.28,2.5,10,346,0.27,3.27,0,181,0.22,4.28,0,142,0.28,5.23,0,95,0.28,6.02,0,2532,,7.19,0,207,0.27,8.18,0,589,,9.18,0,95,0.28,10.18,0,105,0.34,11.17,0,100,,12.17,0,100,0.33,13.17,0,138,0.41,14.16,0,60,,15.16,0,18,0.39,16.16,0,80,0.47,17.15,0,61,,18.15,0,0,0.43,19.15,0,0,0.53,20.14,0,0,,21.14,0,10,0.46,22.14,0,0,0.58,23.13,0,0,,24.13,0,0,0.45,25.13,0,0,0.63,26.12,0,0,
2023-04-28 16:00:00,24.7,9.25,0,0,0.55,8.75,0,0,0.37,8.25,0,0,,7.75,0,0,,7.25,0,0,,6.76,0,0,0.42,6.26,0,0,0.37,5.76,0,0,0.3,5.26,0,0,,4.76,0,0,,3.78,0,0,0.28,2.83,0,0,0.28,2.01,0,0,0.3,1.27,471,583,0.28,0.71,71,1352,0.27,0.36,70,397,0.27,0.17,13,207,0.27,0.08,4,120,0.27,0.03,6,229,0.27,0.02,0,148,0.29,0.01,0,96,0.29,0.01,0,2148,0.32,0.01,0,86,0.35,0.01,0,149,0.38,0.01,0,24,0.4,0.01,0,85,0.42,0.01,0,1,0.45,0.01,0,2,0.47,0.01,0,0,0.49,0.01,0,14,0.51,0.01,0,20,0.53,0.01,0,0,0.55,0.01,0,0,0.57,0.01,0,20,0.59,0.01,0,11,0.61,0.01,0,21,0.62,0.01,0,10,0.64,0.01,0,2,0.66,0.01,0,104,0.67,0.01,0,0,0.41,0.01,0,0,0.38,0.01,0,0,0.35,0.01,0,0,0.32,0.01,0,0,0.3,0.01,0,20,0.27,0.02,0,2,0.27,0.04,0,22,0.27,0.07,0,15,0.27,0.11,0,334,0.27,0.27,0,12,0.27,0.55,0,303,0.27,0.96,68,894,0.27,1.5,30,384,0.26,2.19,0,346,0.24,2.99,0,181,0.22,3.98,0,142,0.26,4.93,0,95,0.26,5.73,0,2532,,6.89,0,207,0.22,7.89,0,589,0.28,8.88,0,95,,9.88,0,105,0.27,10.88,0,100,0.36,11.87,0,100,,12.87,0,138,,13.87,0,60,0.42,14.86,0,18,,15.86,0,80,,16.86,0,61,0.47,17.85,0,0,,18.85,0,0,,19.85,0,0,0.52,20.84,0,10,,21.84,0,0,,22.84,0,0,0.56,23.84,0,0,0.62,24.83,0,0,,25.83,0,0,0.59
2023-05-03 16:00:00,24.3,8.84,0,0,0.51,8.34,0,0,,7.84,0,0,,7.34,0,0,,6.84,0,0,,6.35,0,0,0.43,5.85,0,0,0.38,5.35,0,0,0.33,4.85,0,0,0.22,4.35,0,0,,3.38,0,0,0.3,2.45,0,0,0.29,1.68,30,60,0.31,0.99,30,578,0.29,0.53,0,1382,0.29,0.26,0,397,0.29,0.12,0,207,0.29,0.05,0,120,0.29,0.02,0,229,0.29,0.01,0,148,0.29,0.01,0,96,0.33,0.01,0,2148,0.35,0.01,0,86,0.38,0.01,0,149,0.41,0.01,0,24,0.43,0.01,0,85,0.46,0.01,0,1,0.48,0.01,0,2,0.51,0.01,0,0,0.53,0.01,0,14,0.55,0.01,0,20,0.57,0.01,0,0,0.59,0.01,0,0,0.61,0.01,0,20,0.63,0.01,0,11,0.65,0.01,0,21,0.67,0.01,0,10,0.68,0.01,0,2,0.7,0.01,0,104,0.72,0.01,0,0,0.41,0.01,0,0,0.38,0.01,0,0,0.35,0.01,0,0,0.32,0.01,0,0,0.29,0.02,0,20,0.29,0.04,0,2,0.29,0.06,33,55,0.28,0.1,0,15,0.28,0.16,0,334,0.28,0.37,0,24,0.29,0.7,0,305,0.28,1.15,98,853,0.27,1.77,11,395,0.27,2.51,0,346,0.25,3.37,0,181,0.23,4.38,0,142,0.29,5.34,0,95,0.28,6.21,0,2532,,7.31,0,207,0.28,8.31,0,589,0.32,9.3,0,95,,10.3,0,105,0.32,11.3,0,100,0.39,12.29,0,100,,13.29,0,138,,14.29,0,60,0.42,15.29,0,18,0.48,16.28,0,80,,17.28,0,61,,18.28,0,0,0.51,19.28,0,0,0.57,20.27,0,0,,21.27,0,10,,22.27,0,0,0.59,23.27,0,0,0.65,24.26,0,0,,25.26,0,0,,26.26,0,0,0.66
2023-05-05 16:00:00,24.35,8.89,0,0,0.64,8.39,0,0,0.57,7.89,0,0,0.49,7.39,0,0,,6.89,0,0,,6.39,0,0,,5.89,0,0,,5.4,0,0,0.39,4.9,0,0,0.34,4.4,0,0,0.29,3.42,0,0,0.3,2.48,0,0,0.29,1.64,0,120,0.29,0.98,27,605,0.29,0.53,0,1382,0.29,0.25,0,397,0.29,0.11,0,207,0.29,0.05,0,120,0.29,0.02,0,229,0.29,0.01,0,148,0.3,0.01,0,96,0.33,0.01,0,2148,0.36,0.01,0,86,0.39,0.01,0,149,0.41,0.01,0,24,0.44,0.01,0,85,0.47,0.01,0,1,0.49,0.01,0,2,0.51,0.01,0,0,0.54,0.01,0,14,0.56,0.01,0,20,0.58,0.01,0,0,0.6,0.01,0,0,0.62,0.01,0,20,0.64,0.01,0,11,0.66,0.01,0,21,0.68,0.01,0,10,0.7,0.01,0,2,0.71,0.01,0,104,0.73,0.01,0,0,0.42,0.01,0,0,0.39,0.01,180,180,0.36,0.01,0,0,0.33,0.01,0,0,0.3,0.02,0,20,0.3,0.03,0,2,0.29,0.06,0,55,0.29,0.1,0,15,0.29,0.15,0,334,0.29,0.35,0,24,0.29,0.69,44,349,0.29,1.18,0,853,0.29,1.77,20,395,0.28,2.56,0,346,0.29,3.33,0,181,0.23,4.33,0,142,0.28,5.29,0,95,0.28,6.18,0,2532,,7.27,0,207,0.31,8.26,0,589,,9.26,0,95,0.32,10.26,0,105,0.38,11.25,0,100,,12.25,0,100,,13.25,0,138,0.41,14.25,0,60,0.47,15.24,0,18,,16.24,0,80,,17.24,0,61,0.49,18.24,0,0,0.55,19.23,0,0,,20.23,0,0,,21.23,0,10,0.55,22.23,0,0,0.63,23.22,0,0,,24.22,0,0,,25.22,0,0,0.6,26.22,0,0,0.69
2023-05-08 16:00:00,24.7,9.23,0,0,,8.73,0,0,,8.24,0,0,0.61,7.74,0,0,0.56,7.24,0,0,0.5,6.74,0,0,0.44,6.24,0,0,0.33,5.74,0,0,,5.24,0,0,,4.74,0,0,,3.75,0,0,0.28,2.78,0,0,0.28,1.94,30,150,0.31,1.18,4,605,0.3,0.63,30,1382,0.29,0.3,60,415,0.28,0.13,6,207,0.28,0.06,0,120,0.29,0.03,0,229,0.3,0.01,0,148,0.29,0.01,0,96,0.32,0.01,0,2148,0.36,0.01,0,86,0.38,0.01,0,149,0.41,0.01,0,24,0.44,0.01,0,85,0.46,0.01,0,1,0.49,0.01,0,2,0.51,0.01,0,0,0.54,0.01,0,14,0.56,0.01,0,20,0.58,0.01,0,0,0.61,0.01,0,0,0.63,0.01,0,20,0.65,0.01,0,11,0.66,0.01,0,21,0.68,0.01,0,10,0.7,0.01,0,2,0.72,0.01,0,104,0.74,0.01,0,0,0.45,0.01,0,0,0.41,0.01,0,180,0.38,0.01,0,0,0.35,0.01,0,0,0.32,0.01,0,20,0.29,0.02,0,2,0.29,0.04,0,55,0.29,0.06,0,15,0.28,0.1,0,334,0.28,0.25,0,24,0.28,0.53,37,354,0.29,0.94,4,853,0.28,1.48,1,396,0.27,2.19,0,346,0.26,3.04,0,181,0.26,4.0,0,142,0.28,4.95,0,95,0.28,5.86,0,2532,,6.92,0,207,,7.92,0,589,0.3,8.92,0,95,0.35,9.91,0,105,,10.91,0,100,,11.91,0,100,0.37,12.91,0,138,0.44,13.9,0,60,,14.9,0,18,,15.9,0,80,,16.9,0,61,0.51,17.9,0,0,0.56,18.89,0,0,,19.89,0,0,,20.89,0,10,0.55,21.89,0,0,0.63,22.88,0,0,,23.88,0,0,,24.88,0,0,,25.88,0,0,0.67
2023-05-09 16:00:00,25.05,9.58,0,0,,9.08,0,0,,8.58,0,0,,8.09,0,0,0.61,7.59,0,0,0.55,7.09,0,0,0.5,6.59,0,0,0.44,6.09,0,0,0.37,5.59,0,0,,5.09,0,0,,4.1,0,0,0.32,3.12,0,0,0.29,2.2,0,150,0.29,1.46,30,635,0.32,0.84,120,1409,0.31,0.44,106,424,0.3,0.21,143,319,0.3,0.1,2,120,0.3,0.04,158,82,0.3,0.02,34,148,0.31,0.01,0,96,0.31,0.01,0,2148,0.34,0.01,0,86,0.37,0.01,0,149,0.4,0.01,0,24,0.43,0.01,0,85,0.45,0.01,0,1,0.48,0.01,0,2,0.5,0.01,0,0,0.53,0.01,0,14,0.55,0.01,0,20,0.58,0.01,0,0,0.6,0.01,0,0,0.62,0.01,0,20,0.64,0.01,0,11,0.66,0.01,0,21,0.68,0.01,0,10,0.69,0.01,0,2,0.71,0.01,0,104,0.73,0.01,0,0,0.46,0.01,0,0,0.43,0.01,0,180,0.4,0.01,0,0,0.37,0.01,0,0,0.34,0.01,0,20,0.31,0.02,0,2,0.31,0.03,0,55,0.3,0.05,0,15,0.3,0.09,0,334,0.3,0.22,0,24,0.3,0.47,7,347,0.3,0.81,35,888,0.29,1.32,37,371,0.28,1.98,0,346,0.28,2.74,30,181,0.26,3.59,0,142,0.19,4.63,0,95,0.3,5.43,0,2532,,6.58,0,207,0.29,7.57,0,589,,8.57,0,95,0.3,9.57,0,105,0.36,10.56,0,100,,11.56,0,100,,12.56,0,138,,13.56,0,60,0.44,14.56,0,18,0.49,15.55,0,80,,16.55,0,61,,17.55,0,0,0.47,18.55,0,0,0.56,19.55,0,0,0.6,20.54,0,10,,21.54,0,0,,22.54,0,0,0.59,23.54,0,0,0.66,24.53,0,0,,25.53,0,0,
2023-05-12 16:00:00,24.0,8.53,0,0,0.69,8.03,0,0,0.61,7.53,0,0,0.53,7.03,0,0,,6.53,0,0,,6.03,0,0,,5.53,0,0,,5.03,0,0,,4.53,0,0,,4.04,0,0,0.34,3.04,0,0,0.24,2.09,0,0,0.27,1.29,30,180,0.29,0.66,60,605,0.28,0.28,1,1411,0.27,0.11,0,384,0.27,0.04,13,314,0.28,0.02,0,120,0.29,0.01,0,82,0.3,0.01,0,148,0.34,0.01,0,96,0.37,0.01,0,2148,0.4,0.01,0,86,0.43,0.01,0,149,0.46,0.01,0,24,0.49,0.01,0,85,0.52,0.01,0,1,0.54,0.01,0,2,0.57,0.01,0,0,0.59,0.01,0,14,0.62,0.01,0,20,0.64,0.01,0,0,0.66,0.01,0,0,0.68,0.01,0,20,0.7,0.01,0,11,0.72,0.01,0,21,0.74,0.01,0,10,0.76,0.01,0,2,0.78,0.01,0,104,0.8,0.01,0,0,0.43,0.01,0,0,0.4,0.01,0,180,0.37,0.01,0,0,0.33,0.01,0,0,0.3,0.01,0,20,0.27,0.03,0,2,0.29,0.05,0,55,0.28,0.08,0,15,0.27,0.14,16,350,0.27,0.34,3,31,0.27,0.68,16,359,0.26,1.2,99,933,0.26,1.89,191,396,0.25,2.69,30,316,0.21,3.69,0,181,0.27,4.66,0,142,0.28,5.64,0,95,0.26,6.64,0,2532,0.31,7.63,0,207,,8.63,0,589,,9.63,0,95,0.36,10.63,0,105,0.42,11.62,0,100,,12.62,0,100,,13.62,0,138,,14.62,0,60,0.46,15.62,0,18,0.53,16.62,0,80,0.58,17.61,0,61,,18.61,0,0,,19.61,0,0,,20.61,0,0,0.62,21.61,0,10,0.68,22.6,0,0,,23.6,0,0,,24.6,0,0,,25.6,0,0,0.68,26.6,0,0,0.75
2023-05-16 16:00:00,23.55,8.07,0,0,,7.57,0,0,,7.07,0,0,,6.57,0,0,,6.08,0,0,0.57,5.58,0,0,0.51,5.08,0,0,0.45,4.58,0,0,0.4,4.08,0,0,0.35,3.58,0,0,0.29,2.59,0,0,0.28,1.69,2,2,0.31,0.88,0,180,0.27,0.37,102,592,0.27,0.12,1,1411,0.26,0.04,0,384,0.27,0.02,1,314,0.29,0.01,0,120,0.3,0.01,0,82,0.34,0.01,0,148,0.38,0.01,0,96,0.41,0.01,0,2148,0.44,0.01,0,86,0.47,0.01,0,149,0.5,0.01,0,24,0.53,0.01,0,85,0.56,0.01,0,1,0.59,0.01,0,2,0.61,0.01,0,0,0.64,0.01,0,14,0.67,0.01,0,20,0.69,0.01,0,0,0.71,0.01,0,0,0.73,0.01,0,20,0.75,0.01,0,11,0.77,0.01,0,21,0.8,0.01,0,10,0.81,0.01,0,2,0.83,0.01,0,104,0.85,0.01,0,0,0.43,0.01,0,0,0.4,0.01,0,180,0.36,0.01,0,0,0.33,0.01,0,0,0.29,0.02,0,20,0.29,0.03,0,0,0.27,0.05,0,55,0.26,0.1,0,15,0.27,0.16,20,350,0.26,0.42,2,71,0.27,0.85,36,391,0.26,1.45,132,935,0.25,2.19,92,455,0.22,3.06,0,316,,4.12,0,181,0.27,5.1,0,142,0.25,6.1,0,95,0.3,6.89,0,2532,,8.09,0,207,,9.09,0,589,,10.09,0,95,,11.09,0,105,0.43,12.09,0,100,0.49,13.09,0,100,0.53,14.08,0,138,,15.08,0,60,,16.08,0,18,,17.08,0,80,0.54,18.08,0,61,0.62,19.08,0,0,0.67,20.08,0,0,0.71,21.07,0,0,,22.07,0,10,,23.07,0,0,,24.07,0,0,0.7,25.07,0,0,0.77,26.07,0,0,0.82,27.06,0,0,
2023-05-17 16:00:00,23.0,7.52,0,0,,7.02,0,0,,6.52,0,0,,6.02,0,0,,5.52,0,0,,5.02,0,0,,4.53,0,0,0.44,4.03,0,0,0.39,3.53,0,0,0.34,3.03,0,0,0.28,2.05,0,0,0.27,1.18,60,62,0.27,0.54,42,153,0.27,0.2,151,560,0.27,0.06,0,1411,0.27,0.02,0,384,0.28,0.01,1,314,0.29,0.01,0,120,0.33,0.01,0,82,0.37,0.01,0,148,0.41,0.01,0,96,0.44,0.01,0,2148,0.48,0.01,0,86,0.51,0.01,0,149,0.54,0.01,0,24,0.57,0.01,0,85,0.59,0.01,0,1,0.62,0.01,0,2,0.65,0.01,0,0,0.68,0.01,0,14,0.7,0.01,0,20,0.72,0.01,0,0,0.75,0.01,0,0,0.77,0.01,0,20,0.79,0.01,0,11,0.81,0.01,0,21,0.83,0.01,0,10,0.85,0.01,0,2,0.87,0.01,0,104,0.89,0.01,0,0,0.41,0.01,0,0,0.37,0.01,0,180,0.34,0.01,0,0,0.3,0.02,0,0,0.3,0.03,0,20,0.28,0.05,0,0,0.27,0.1,0,55,0.27,0.17,0,15,0.27,0.28,0,350,0.27,0.63,0,71,0.27,1.15,4,395,0.27,1.84,15,940,0.25,2.7,0,455,0.23,3.68,0,316,0.27,4.66,0,181,0.28,5.65,0,142,0.25,6.65,0,95,0.31,7.51,0,2532,,8.65,0,207,0.41,9.64,0,589,,10.64,0,95,,11.64,0,105,,12.64,0,100,0.45,13.64,0,100,0.53,14.64,0,138,0.58,15.64,0,60,0.62,16.63,0,18,,17.63,0,80,,18.63,0,61,,19.63,0,0,0.6,20.63,0,0,0.69,21.63,0,0,0.74,22.63,0,10,0.79,23.62,0,0,,24.62,0,0,,25.62,0,0,,26.62,0,0,0.71,27.62,0,0,0.82
2023-05-19 16:00:00,22.4,6.92,0,0,0.67,6.42,0,0,0.59,5.92,0,0,0.48,5.42,0,0,,4.92,0,0,,4.42,0,0,,3.92,0,0,,3.42,0,0,,2.92,0,0,,2.43,0,0,0.28,1.53,60,60,0.32,0.74,1,63,0.29,0.27,226,298,0.28,0.08,30,560,0.28,0.03,0,1411,0.29,0.01,0,384,0.29,0.01,32,314,0.34,0.01,0,120,0.38,0.01,0,82,0.42,0.01,0,148,0.45,0.01,0,96,0.49,0.01,0,2148,0.52,0.01,0,86,0.55,0.01,0,149,0.58,0.01,0,24,0.61,0.01,0,85,0.64,0.01,0,1,0.67,0.01,0,2,0.7,0.01,0,0,0.72,0.01,0,14,0.75,0.01,0,20,0.77,0.01,0,0,0.79,0.01,0,0,0.82,0.01,0,20,0.84,0.01,0,11,0.86,0.01,0,21,0.88,0.01,0,10,0.9,0.01,0,2,0.92,0.01,0,104,0.94,0.01,0,0,0.39,0.01,0,0,0.35,0.01,0,180,0.31,0.01,0,0,0.27,0.03,0,0,0.29,0.05,1,21,0.28,0.1,0,0,0.28,0.17,0,55,0.28,0.29,0,15,0.28,0.45,2,352,0.28,0.88,1,100,0.27,1.51,2,401,0.25,2.3,0,973,0.21,3.2,0,455,,4.27,30,316,0.29,5.26,0,181,0.3,6.25,0,142,,7.25,0,95,,8.12,0,2532,,9.2,0,207,,10.25,0,589,0.42,11.25,0,95,0.48,12.25,0,105,0.54,13.25,0,100,0.58,14.24,0,100,,15.24,0,138,,16.24,0,60,,17.24,0,18,,18.24,0,80,0.62,19.24,0,61,0.7,20.24,0,0,0.75,21.24,0,0,0.79,22.23,0,0,,23.23,0,10,,24.23,0,0,,25.23,0,0,,26.23,0,0,0.77,27.23,0,0,0.86,28.23,0,0,0.92
2023-05-25 16:00:00,21.9,6.41,0,0,,5.91,0,0,,5.41,0,0,,4.91,0,0,,4.41,0,0,,3.91,0,0,,3.41,0,0,,2.91,0,0,,2.41,0,0,,1.92,0,0,0.31,1.01,0,100,0.31,0.34,33,123,0.28,0.09,20,359,0.29,0.03,10,564,0.3,0.01,210,1531,0.3,0.01,0,384,0.35,0.01,80,234,0.4,0.01,0,120,0.44,0.01,0,82,0.48,0.01,0,148,0.52,0.01,0,96,0.56,0.01,0,2148,0.59,0.01,0,86,0.63,0.01,0,149,0.66,0.01,0,24,0.69,0.01,0,85,0.72,0.01,0,1,0.75,0.01,0,2,0.78,0.01,0,0,0.81,0.01,0,14,0.84,0.01,0,20,0.86,0.01,0,0,0.89,0.01,0,0,0.91,0.01,0,20,0.94,0.01,0,11,0.96,0.01,0,21,0.98,0.01,0,10,1.0,0.01,0,2,1.03,0.01,0,104,1.05,0.01,0,0,0.39,0.01,0,0,0.35,0.01,0,180,0.31,0.02,0,0,0.3,0.04,0,0,0.29,0.07,0,21,0.28,0.14,0,0,0.29,0.24,20,71,0.28,0.39,0,52,0.28,0.57,16,354,0.27,1.12,93,234,0.27,1.86,141,414,0.24,2.73,21,1067,,3.78,0,455,0.28,4.77,0,316,,5.77,0,181,,6.77,0,142,,7.77,0,95,0.4,8.69,0,2532,,9.77,0,207,0.51,10.77,0,589,0.55,11.77,0,95,0.6,12.77,0,105,0.64,13.77,0,100,0.69,14.76,0,100,,15.76,0,138,,16.76,0,60,,17.76,0,18,,18.76,0,80,,19.76,0,61,,20.76,0,0,,21.76,0,0,0.8,22.76,0,0,0.86,23.76,0,10,0.91,24.76,0,0,0.95,25.76,0,0,0.99,26.76,0,0,1.03,27.76,0,0,1.06,28.75,0,0,
2023-05-30 16:00:00,21.35,5.85,20,20,,5.35,0,0,,4.85,0,0,,4.35,0,0,,3.85,0,0,,3.35,0,0,,2.85,0,0,,2.35,0,0,,1.86,0,0,0.44,1.39,105,105,0.44,0.47,100,55,0.29,0.09,34,86,0.29,0.02,30,654,0.28,0.01,2,564,0.31,0.01,0,1531,0.36,0.01,0,384,0.42,0.01,0,234,0.47,0.01,0,120,0.51,0.01,0,82,0.56,0.01,0,148,0.6,0.01,0,96,0.64,0.01,0,2148,0.68,0.01,0,86,0.71,0.01,0,149,0.75,0.01,0,24,0.78,0.01,0,85,0.82,0.01,0,1,0.85,0.01,0,2,0.88,0.01,0,0,0.91,0.01,0,14,0.94,0.01,0,20,0.97,0.01,0,0,0.99,0.01,0,0,1.02,0.01,0,20,1.05,0.01,0,11,1.07,0.01,0,21,1.09,0.01,0,10,1.12,0.01,0,2,1.14,0.01,0,104,1.16,0.01,0,0,0.38,0.01,0,0,0.34,0.01,0,180,0.29,0.03,16,16,0.3,0.05,0,0,0.28,0.11,0,21,0.29,0.2,0,0,0.28,0.35,1,72,0.29,0.56,19,81,0.29,0.81,60,372,0.28,1.46,11,246,0.25,2.3,7,420,,3.24,4,1067,,4.33,0,455,,5.33,0,316,,6.33,0,181,,7.33,0,142,,8.33,0,95,,9.17,0,2532,,10.33,0,207,,11.33,0,589,,12.33,0,95,,13.33,0,105,,14.33,0,100,0.68,15.33,0,100,0.75,16.33,0,138,0.79,17.33,0,60,0.84,18.33,0,18,0.88,19.33,0,80,0.92,20.33,0,61,0.96,21.33,0,0,1.0,22.33,0,0,1.03,23.33,0,0,1.06,24.33,0,10,1.1,25.33,0,0,1.13,26.33,0,0,1.16,27.33,0,0,1.19,28.33,0,0,1.22,29.33,0,0,1.25
2023-05-31 16:00:00,20.8,5.3,0,20,,4.8,0,0,,4.3,0,0,,3.8,0,0,,3.3,0,0,,2.8,0,0,,2.3,0,0,,1.8,102,102,,1.3,0,0,,0.84,103,56,0.39,0.18,0,55,0.32,0.06,277,318,0.33,0.02,242,814,0.33,0.01,0,564,0.36,0.01,42,1489,0.41,0.01,0,384,0.46,0.01,0,234,0.51,0.01,0,120,0.56,0.01,0,82,0.6,0.01,30,148,0.65,0.01,0,96,0.69,0.01,0,2148,0.72,0.01,0,86,0.76,0.01,0,149,0.8,0.01,0,24,0.83,0.01,0,85,0.87,0.01,0,1,0.9,0.01,0,2,0.93,0.01,0,0,0.96,0.01,0,14,0.99,0.01,0,20,1.02,0.01,0,0,1.05,0.01,0,0,1.07,0.01,58,58,1.1,0.01,0,11,1.12,0.01,0,21,1.15,0.01,0,10,1.17,0.01,0,2,1.2,0.01,0,104,1.22,0.01,0,0,0.35,0.02,0,0,0.34,0.04,0,180,0.33,0.08,30,46,0.33,0.14,0,0,0.32,0.25,30,49,0.32,0.41,0,0,0.32,0.6,50,122,0.31,0.86,30,89,0.3,1.18,2,372,0.3,1.94,1,247,0.27,2.82,2,418,,3.77,0,1067,,4.89,1,454,0.39,5.89,0,316,0.45,6.89,0,181,0.51,7.88,0,142,,8.68,0,95,,9.74,0,2532,,10.88,0,207,,11.88,0,589,,12.88,0,95,,13.88,0,105,,14.88,0,100,,15.88,0,100,,16.88,0,138,,17.88,0,60,,18.88,0,18,,19.88,0,80,,20.88,0,61,,21.88,0,0,,22.88,0,0,,23.88,0,0,,24.88,0,10,,25.88,0,0,,26.88,0,0,,27.88,0,0,,28.88,0,0,,29.88,0,0,
2023-06-01 16:00:00,21.1,5.6,10,0,,5.1,0,0,,4.6,0,0,,4.22,0,0,1.31,3.71,0,0,1.19,3.19,0,0,1.06,2.68,0,0,0.94,2.16,22,0,0.8,1.65,0,0,0.68,1.13,0,0,0.5,0.23,28,82,0.29,0.06,52,318,0.3,0.02,127,935,0.31,0.01,24,568,0.34,0.01,1,1488,0.4,0.01,0,384,0.45,0.01,0,234,0.5,0.01,0,120,0.55,0.01,0,82,0.59,0.01,0,148,0.64,0.01,0,96,0.68,0.01,0,2148,0.72,0.01,0,86,0.75,0.01,0,149,0.79,0.01,0,24,0.83,0.01,0,85,0.86,0.01,0,1,0.9,0.01,0,2,0.93,0.01,0,0,0.96,0.01,0,14,0.99,0.01,0,20,1.02,0.01,0,0,1.05,0.01,0,0,1.07,0.01,0,58,1.1,0.01,0,11,1.12,0.01,0,21,1.15,0.01,0,10,1.17,0.01,0,2,1.2,0.01,0,104,1.22,0.01,0,0,0.38,0.01,0,0,0.33,0.01,0,180,0.28,0.04,0,46,0.31,0.08,0,0,0.3,0.15,0,49,0.3,0.27,44,44,0.3,0.44,118,196,0.3,0.64,204,285,0.28,0.93,98,373,0.28,1.66,405,652,0.25,2.53,5,413,,3.48,0,1067,,4.45,11,445,,5.42,0,316,,6.39,0,181,,7.59,10,132,0.54,8.59,15,95,0.6,9.3,0,2532,,10.59,0,207,0.69,11.59,0,589,0.74,12.59,0,95,0.78,13.59,0,105,0.83,14.59,2,100,0.87,15.59,0,100,0.91,16.59,0,138,0.95,17.59,0,60,0.99,18.59,0,18,1.02,19.59,0,80,1.06,20.59,0,61,1.09,21.59,0,0,1.13,22.59,0,0,1.16,23.59,0,0,1.2,24.59,0,10,1.23,25.59,0,0,1.26,26.59,0,0,1.29,27.59,0,0,1.32,28.59,0,0,1.35,29.59,0,0,1.37
2023-06-02 16:00:00,20.4,4.95,0,0,0.41,4.45,0,0,0.35,3.96,0,0,0.37,3.47,0,0,0.35,2.99,0,0,0.35,2.53,0,0,0.35,2.09,0,0,0.34,1.7,0,0,0.35,1.32,0,0,0.34,1.04,0,0,0.36,0.52,40,88,0.33,0.25,437,313,0.34,0.11,9,938,0.35,0.04,197,694,0.34,0.02,959,563,0.37,0.01,0,384,0.38,0.01,0,234,0.44,0.01,0,120,0.49,0.01,0,82,0.53,0.01,0,148,0.58,0.01,0,96,0.62,0.01,55,2102,0.66,0.01,0,86,0.7,0.01,0,149,0.74,0.01,0,24,0.77,0.01,0,85,0.81,0.01,0,1,0.84,0.01,0,2,0.87,0.01,0,0,0.91,0.01,0,14,0.94,0.01,0,20,0.97,0.01,0,0,0.99,0.01,0,0,1.02,0.01,0,58,1.05,0.01,0,11,1.08,0.01,0,21,1.1,0.01,0,10,1.13,0.01,0,2,1.15,0.01,0,104,1.18,0.01,0,0,0.46,0.01,0,0,0.41,0.01,0,180,0.36,0.02,1,46,0.35,0.04,20,20,0.35,0.08,0,49,0.35,0.14,0,44,0.35,0.23,10,196,0.34,0.36,0,285,0.34,0.54,11,383,0.34,1.05,15,667,0.33,1.78,2,411,0.33,2.61,1,1067,0.27,3.61,5,445,0.35,4.6,0,316,,5.6,0,181,,6.6,0,0,,7.6,0,30,,8.6,0,2532,,9.6,0,173,,10.6,0,589,,11.6,0,0,,12.6,0,0,,13.6,0,0,,14.6,0,0,,15.6,3,0,,16.6,0,0,,17.6,16,0,,18.6,0,0,,19.6,10,13,,20.6,0,0,,21.6,0,0,,22.6,0,0,,23.6,0,0,,24.6,0,0,,25.6,0,0,,26.6,0,0,,27.6,0,0,,28.6,0,0,
2023-06-05 16:00:00,20.5,5.04,0,0,,4.54,0,0,,4.05,0,0,0.37,3.55,0,0,0.32,3.06,0,0,0.31,2.58,0,0,0.31,2.13,0,0,0.32,1.7,0,0,0.32,1.31,0,0,0.32,0.98,31,31,0.32,0.47,76,151,0.31,0.21,303,250,0.32,0.08,0,938,0.33,0.03,0,694,0.34,0.01,44,519,0.34,0.01,0,384,0.4,0.01,0,234,0.46,0.01,8,128,0.51,0.01,0,82,0.56,0.01,0,148,0.61,0.01,0,96,0.65,0.01,0,2102,0.69,0.01,0,86,0.74,0.01,0,149,0.77,0.01,0,24,0.81,0.01,0,85,0.85,0.01,0,1,0.89,0.01,0,2,0.92,0.01,0,0,0.95,0.01,0,14,0.99,0.01,0,20,1.02,0.01,0,0,1.05,0.01,0,0,1.08,0.01,0,58,1.11,0.01,0,11,1.14,0.01,0,21,1.16,0.01,0,10,1.19,0.01,0,2,1.22,0.01,0,104,1.24,0.01,0,0,0.49,0.01,0,0,0.44,0.01,0,180,0.39,0.01,0,46,0.34,0.02,200,220,0.33,0.04,0,49,0.32,0.08,0,44,0.32,0.16,0,196,0.32,0.27,3,288,0.32,0.45,0,383,0.33,0.96,38,669,0.33,1.7,0,411,0.35,2.54,0,1067,0.32,3.5,0,445,,4.5,0,316,,5.5,0,146,,6.5,0,0,,7.5,0,30,,8.5,0,2532,,9.5,0,173,,10.5,0,589,,11.5,0,0,,12.5,0,0,,13.5,0,0,,14.5,0,0,,15.5,0,0,,16.5,0,0,,17.5,0,0,,18.5,0,0,,19.5,0,13,,20.5,0,0,,21.5,0,0,,22.5,0,0,,23.5,0,0,,24.5,0,0,,25.5,0,0,,26.5,0,0,,27.5,0,0,,28.5,0,0,
2023-06-06 16:00:00,20.55,5.09,0,0,0.39,4.59,0,0,,4.09,0,0,,3.6,0,0,0.34,3.11,0,0,0.33,2.63,0,0,0.33,2.17,0,0,0.32,1.74,0,0,0.33,1.4,0,0,0.36,1.05,10,41,0.35,0.53,174,269,0.34,0.23,106,274,0.34,0.09,60,918,0.34,0.03,11,698,0.34,0.01,0,519,0.35,0.01,30,384,0.41,0.01,0,234,0.46,0.01,0,128,0.52,0.01,0,82,0.57,0.01,0,148,0.61,0.01,0,96,0.66,0.01,0,2102,0.71,0.01,0,86,0.75,0.01,0,149,0.79,0.01,0,24,0.83,0.01,0,85,0.87,0.01,0,1,0.9,0.01,0,2,0.94,0.01,0,0,0.97,0.01,0,14,1.01,0.01,0,20,1.04,0.01,0,0,1.07,0.01,0,0,1.1,0.01,0,58,1.13,0.01,0,11,1.16,0.01,0,21,1.19,0.01,0,10,1.21,0.01,0,2,1.24,0.01,0,104,1.27,0.01,0,0,0.51,0.01,0,0,0.45,0.01,0,180,0.4,0.01,0,46,0.35,0.02,0,220,0.34,0.04,0,49,0.34,0.08,8,52,0.33,0.15,0,196,0.33,0.27,0,288,0.34,0.43,1,384,0.33,0.89,26,669,0.32,1.63,36,375,0.33,2.49,0,1067,0.32,3.45,0,445,,4.45,0,316,,5.45,0,146,,6.45,0,0,,7.45,0,30,,8.45,2,2532,,9.45,0,173,,10.45,0,589,,11.45,0,0,,12.45,0,0,,13.45,0,0,,14.45,0,0,,15.45,0,0,,16.45,0,0,,17.45,0,0,,18.45,0,0,,19.45,0,13,,20.45,0,0,,21.45,0,0,,22.45,0,0,,23.45,0,0,,24.45,0,0,,25.45,0,0,,26.45,0,0,,27.45,0,0,,28.45,0,0,
2023-06-08 16:00:00,21.35,5.89,0,0,0.53,5.39,0,0,0.47,4.89,0,0,0.4,4.39,0,0,0.33,3.89,0,0,,3.4,0,0,0.33,2.91,0,0,0.32,2.44,0,0,0.33,1.99,0,0,0.32,1.59,0,41,0.34,0.89,12,378,0.33,0.43,73,402,0.33,0.18,261,910,0.33,0.07,0,698,0.34,0.02,0,519,0.33,0.01,0,384,0.36,0.01,0,234,0.42,0.01,0,128,0.48,0.01,0,82,0.53,0.01,0,148,0.58,0.01,0,96,0.63,0.01,0,2102,0.68,0.01,0,86,0.72,0.01,0,149,0.77,0.01,0,24,0.81,0.01,0,85,0.85,0.01,0,1,0.89,0.01,0,2,0.92,0.01,0,0,0.96,0.01,0,14,1.0,0.01,0,20,1.03,0.01,0,0,1.06,0.01,0,0,1.09,0.01,0,58,1.13,0.01,0,11,1.16,0.01,0,21,1.19,0.01,0,10,1.21,0.01,0,2,1.24,0.01,0,104,1.27,0.01,0,0,0.59,0.01,0,0,0.54,0.01,0,180,0.49,0.01,0,46,0.43,0.01,0,220,0.38,0.01,0,49,0.34,0.03,3,55,0.35,0.05,0,196,0.33,0.11,0,288,0.34,0.19,0,393,0.33,0.5,72,650,0.33,1.01,42,370,0.31,1.77,0,1067,0.32,2.68,0,445,0.33,3.65,0,316,,4.65,0,104,,5.65,0,0,,6.65,0,30,,7.87,0,2532,0.97,8.65,0,173,,9.65,0,589,,10.65,0,0,,11.65,0,0,,12.65,0,0,,13.65,0,0,,14.65,0,0,,15.65,0,0,,16.65,0,0,,17.65,0,0,,18.65,0,13,,19.65,0,0,,20.65,0,0,,21.65,0,0,,22.65,0,0,,23.65,0,0,,24.65,0,0,,25.65,0,0,,26.65,0,0,,27.65,0,0,
2023-06-12 16:00:00,21.0,5.53,0,0,0.49,5.03,0,0,0.39,4.53,0,0,,4.03,0,0,,3.53,0,0,,3.04,0,0,0.32,2.55,0,0,0.31,2.08,0,0,0.32,1.62,0,0,0.3,1.22,10,51,0.31,0.59,90,414,0.31,0.24,0,408,0.32,0.08,300,715,0.33,0.02,5,698,0.32,0.01,0,519,0.37,0.01,0,384,0.44,0.01,0,234,0.5,0.01,0,128,0.56,0.01,0,82,0.62,0.01,0,148,0.68,0.01,0,96,0.73,0.01,0,2102,0.79,0.01,0,86,0.83,0.01,0,149,0.88,0.01,0,24,0.93,0.01,0,85,0.97,0.01,0,1,1.02,0.01,0,2,1.06,0.01,0,0,1.1,0.01,0,14,1.14,0.01,0,20,1.17,0.01,0,0,1.21,0.01,0,0,1.24,0.01,0,58,1.28,0.01,0,11,1.31,0.01,0,21,1.35,0.01,0,10,1.38,0.01,0,2,1.41,0.01,0,104,1.44,0.01,0,0,0.62,0.01,0,0,0.57,0.01,0,180,0.51,0.01,0,46,0.45,0.01,0,220,0.4,0.01,17,32,0.34,0.02,0,55,0.33,0.05,0,216,0.33,0.1,0,288,0.32,0.2,143,537,0.32,0.58,33,680,0.33,1.24,0,370,0.34,2.05,0,1067,0.32,3.0,0,445,,4.0,0,316,,5.0,0,104,,6.0,0,0,,7.0,0,30,,8.14,0,2532,1.02,9.0,0,173,,10.0,0,589,,11.0,0,0,,12.0,0,0,,13.0,0,0,,14.0,0,0,,15.0,0,0,,16.0,0,0,,17.0,0,0,,18.0,0,0,,19.0,0,13,,20.0,0,0,,21.0,0,0,,22.0,0,0,,23.0,0,0,,24.0,0,0,,25.0,0,0,,26.0,0,0,,27.0,0,0,,28.0,0,0,
2023-06-13 16:00:00,21.3,5.83,0,0,0.58,5.33,0,0,0.5,4.83,0,0,0.43,4.33,0,0,0.34,3.83,0,0,,3.33,0,0,,2.84,0,0,0.31,2.36,0,0,0.33,1.9,0,0,0.33,1.47,21,50,0.33,0.8,0,414,0.34,0.34,24,432,0.34,0.12,24,715,0.34,0.04,0,698,0.35,0.01,0,519,0.35,0.01,0,384,0.42,0.01,0,234,0.49,0.01,0,128,0.56,0.01,0,82,0.62,0.01,0,148,0.68,0.01,0,96,0.73,0.01,0,2102,0.78,0.01,0,86,0.84,0.01,0,149,0.89,0.01,0,24,0.93,0.01,0,85,0.98,0.01,0,1,1.02,0.01,0,2,1.06,0.01,0,0,1.11,0.01,0,14,1.15,0.01,0,20,1.19,0.01,0,0,1.22,0.01,0,0,1.26,0.01,0,58,1.29,0.01,0,11,1.33,0.01,0,21,1.36,0.01,0,10,1.4,0.01,0,2,1.43,0.01,0,104,1.46,0.01,0,0,0.67,0.01,0,0,0.61,0.01,0,180,0.55,0.01,0,46,0.49,0.01,0,220,0.44,0.01,0,32,0.38,0.02,0,55,0.37,0.03,0,216,0.33,0.07,0,288,0.33,0.14,13,527,0.33,0.42,4,684,0.32,0.97,0,370,0.31,1.77,0,1067,0.32,2.71,0,445,0.33,3.7,0,316,,4.7,0,104,,5.7,0,0,,6.7,0,30,,7.76,0,2532,0.87,8.7,0,173,,9.7,0,589,,10.7,0,0,,11.7,0,0,,12.7,0,0,,13.7,0,0,,14.7,0,0,,15.7,0,0,,16.7,0,0,,17.7,0,0,,18.7,0,0,,19.7,0,0,,20.7,0,0,,21.7,0,0,,22.7,0,0,,23.7,0,0,,24.7,0,0,,25.7,0,0,,26.7,0,0,,27.7,0,0,
2023-06-15 16:00:00,21.75,6.27,0,0,,5.77,0,0,,5.28,0,0,0.57,4.78,0,0,0.5,4.28,0,0,0.44,3.78,0,0,0.38,3.28,0,0,0.31,2.79,0,0,0.34,2.3,0,0,0.32,1.83,1,51,0.31,1.0,40,453,0.31,0.43,58,428,0.31,0.15,60,694,0.32,0.04,130,738,0.32,0.01,8,519,0.33,0.01,0,384,0.41,0.01,0,234,0.48,0.01,0,120,0.55,0.01,0,82,0.62,0.01,0,148,0.68,0.01,0,96,0.74,0.01,0,2102,0.8,0.01,0,86,0.85,0.01,0,149,0.91,0.01,0,24,0.96,0.01,0,85,1.01,0.01,0,1,1.06,0.01,0,2,1.1,0.01,0,0,1.15,0.01,0,14,1.19,0.01,0,20,1.23,0.01,0,0,1.27,0.01,0,0,1.31,0.01,0,58,1.35,0.01,0,11,1.38,0.01,0,21,1.42,0.01,0,10,1.46,0.01,0,2,1.49,0.01,0,104,1.52,0.01,0,0,0.75,0.01,0,0,0.69,0.01,0,180,0.63,0.01,0,46,0.57,0.01,0,80,0.51,0.01,0,32,0.45,0.01,0,55,0.39,0.01,0,216,0.34,0.02,3,288,0.32,0.06,20,547,0.33,0.24,20,680,0.32,0.68,43,357,0.32,1.41,0,1067,0.35,2.27,4,442,0.32,3.25,0,38,,4.25,0,104,,5.25,0,0,,6.25,0,30,,7.25,0,2532,,8.25,0,173,,9.25,0,589,,10.25,0,0,,11.25,0,0,,12.25,0,0,,13.25,0,0,,14.25,0,0,,15.25,0,0,,16.25,0,0,,17.25,0,0,,18.25,0,0,,19.25,0,0,,20.25,0,0,,21.25,0,0,,22.25,0,0,,23.25,0,0,,24.25,0,0,,25.25,0,0,,26.25,0,0,,27.25,0,0,
2023-06-16 16:00:00,22.0,6.52,0,0,,6.02,0,0,,5.52,0,0,,5.02,0,0,,4.52,0,0,,4.03,0,0,0.44,3.53,0,0,0.38,3.03,0,0,0.32,2.54,0,0,0.33,2.06,13,52,0.32,1.2,2,455,0.33,0.56,103,430,0.32,0.2,194,768,0.32,0.06,5,738,0.33,0.01,1,519,0.32,0.01,0,384,0.4,0.01,0,234,0.48,0.01,0,120,0.55,0.01,0,82,0.62,0.01,0,148,0.69,0.01,0,96,0.75,0.01,0,2102,0.81,0.01,0,86,0.87,0.01,0,149,0.92,0.01,0,24,0.97,0.01,0,85,1.02,0.01,0,1,1.07,0.01,0,2,1.12,0.01,0,0,1.17,0.01,0,14,1.21,0.01,0,20,1.26,0.01,0,0,1.3,0.01,0,0,1.34,0.01,0,58,1.38,0.01,0,11,1.42,0.01,0,21,1.45,0.01,0,10,1.49,0.01,0,2,1.53,0.01,0,104,1.56,0.01,0,0,0.8,0.01,0,0,0.74,0.01,0,180,0.68,0.01,0,46,0.61,0.01,0,80,0.55,0.01,0,32,0.49,0.01,0,55,0.43,0.01,0,216,0.37,0.02,0,288,0.36,0.04,0,547,0.34,0.17,0,680,0.32,0.51,20,365,0.31,1.19,20,1087,0.33,2.05,0,442,0.35,3.0,0,38,,4.0,0,104,,5.0,0,0,,6.0,0,30,,7.0,0,2532,,8.0,0,173,,9.0,0,589,,10.0,0,0,,11.0,0,0,,12.0,0,0,,13.0,0,0,,14.0,0,0,,15.0,0,0,,16.0,0,0,,17.0,0,0,,18.0,0,0,,19.0,0,0,,20.0,0,0,,21.0,0,0,,22.0,0,0,,23.0,0,0,,24.0,0,0,,25.0,0,0,,26.0,0,0,,27.0,0,0,
2023-06-21 16:00:00,20.7,5.21,0,0,,4.71,0,0,,4.21,0,0,,3.71,0,0,,3.22,0,0,0.49,2.72,0,0,0.41,2.22,0,0,0.33,1.73,0,0,0.32,1.26,0,0,0.31,0.84,70,60,0.31,0.27,335,854,0.32,0.05,5,495,0.32,0.01,0,732,0.35,0.01,0,738,0.47,0.01,0,519,0.58,0.01,0,384,0.68,0.01,0,234,0.77,0.01,0,120,0.86,0.01,0,82,0.95,0.01,0,148,1.03,0.01,0,96,1.11,0.01,0,2102,1.18,0.01,0,86,1.26,0.01,0,149,1.33,0.01,0,24,1.39,0.01,0,85,1.46,0.01,0,1,1.52,0.01,0,2,1.58,0.01,0,0,1.64,0.01,0,14,1.69,0.01,0,20,1.75,0.01,0,0,1.8,0.01,0,0,1.85,0.01,0,58,1.9,0.01,0,11,1.95,0.01,0,21,2.0,0.01,0,10,2.05,0.01,0,2,2.09,0.01,0,104,2.13,0.01,0,0,0.87,0.01,0,0,0.79,0.01,0,180,0.7,0.01,0,46,0.62,0.01,0,80,0.54,0.01,0,32,0.46,0.01,0,55,0.38,0.02,0,216,0.34,0.05,0,288,0.32,0.12,28,526,0.31,0.53,4,684,0.3,1.37,0,401,0.37,2.37,0,1087,0.55,3.3,1,441,,4.3,0,15,,5.3,0,104,,6.3,0,0,,7.3,0,30,,8.39,2000,2532,1.38,9.3,0,173,,10.3,0,589,,11.3,0,0,,12.3,0,0,,13.3,0,0,,14.3,0,0,,15.3,0,0,,16.3,0,0,,17.3,0,0,,18.3,0,0,,19.3,0,0,,20.3,0,0,,21.3,0,0,,22.3,0,0,,23.3,0,0,,24.3,0,0,,25.3,0,0,,26.3,0,0,,27.3,0,0,,28.3,0,0,
2023-06-26 16:00:00,20.45,4.98,0,0,1.57,4.48,0,0,1.41,3.96,0,0,0.99,3.46,0,0,0.86,2.95,0,0,,2.45,0,0,,1.95,0,0,,1.50,0,0,0.6,1.00,0,0,0.43,0.56,2,60,0.37,0.08,0,840,0.35,0.01,9,484,0.43,0.01,0,732,0.63,0.01,0,738,0.82,0.01,0,519,1.0,0.01,0,384,1.16,0.01,0,234,1.32,0.01,0,120,1.47,0.01,0,82,1.61,0.01,0,148,1.74,0.01,0,96,1.87,0.01,0,2102,1.99,0.01,0,86,2.11,0.01,0,149,2.22,0.01,0,24,2.33,0.01,0,85,2.43,0.01,0,1,2.53,0.01,0,2,2.63,0.01,0,0,2.73,0.01,0,14,2.82,0.01,0,20,2.91,0.01,0,0,2.99,0.01,0,0,3.08,0.01,0,58,3.16,0.01,0,11,3.24,0.01,0,21,3.32,0.01,0,10,3.39,0.01,0,2,3.47,0.01,0,104,3.54,0.01,0,0,1.38,0.01,0,0,1.24,0.01,0,180,1.1,0.01,0,46,0.96,0.01,0,80,0.83,0.01,0,32,0.7,0.01,0,55,0.57,0.01,0,216,0.44,0.02,0,288,0.35,0.10,4,522,0.36,0.60,0,662,0.31,1.55,0,401,,2.55,3,938,,3.57,0,403,0.95,4.57,1,15,1.15,5.57,0,88,1.33,6.57,0,0,1.51,7.57,0,30,1.67,8.55,0,2532,,9.55,0,173,,10.55,0,589,,11.55,0,0,,12.57,0,0,2.38,13.57,0,0,2.5,14.57,0,0,2.62,15.57,0,0,2.73,16.57,0,0,2.84,17.57,0,0,2.95,18.57,0,0,3.06,19.57,0,0,3.16,20.57,0,0,3.26,21.57,0,0,3.36,22.57,0,0,3.45,23.57,0,0,3.55,24.57,0,0,3.64,25.57,0,0,3.73,26.57,0,0,3.81,27.57,0,0,3.89,28.57,0,0,3.97
