time,close,C,C,C,C,C,C,C,C,C,C,C,C,C,C,C,C,C,C,C,C,C,C,C,C,C,C,C,C,C,C,C,C,C,C,C,C,C,C,C,C,C,C,C,C,C,C,C,C,C,C,C,C,C,C,C,C,C,C,C,C,C,C,C,C,C,C,C,C,C,C,C,C,C,C,C,C,C,C,C,C,C,C,C,C,C,C,C,C,C,C,C,C,C,C,C,C,C,C,C,C,C,C,C,C,C,C,C,C,C,C,C,C,C,C,C,C,C,C,C,C,C,C,C,C,C,C,C,C,C,C,C,C,C,C,C,C,C,C,C,C,C,C,C,C,C,C,C,C,C,C,C,C,C,C,C,C,C,C,C,C,C,C,C,C,C,C,C,C,C,C,C,C,C,C,C,C,C,C,C,C,C,C,C,C,C,C,C,C,C,C,C,C,C,C,C,C,C,C,C,C,C,C,C,C,C,C,C,C,C,C,C,C,C,C,C,C,C,C,C,C,C,C,C,C,C,C,C,C,C,C,C,C,C,C,C,C,C,C,C,C,C,C,C,C,C,C,C,C,C,C,C,C,C,C,C,C,P,P,P,P,P,P,P,P,P,P,P,P,P,P,P,P,P,P,P,P,P,P,P,P,P,P,P,P,P,P,P,P,P,P,P,P,P,P,P,P,P,P,P,P,P,P,P,P,P,P,P,P,P,P,P,P,P,P,P,P,P,P,P,P,P,P,P,P,P,P,P,P,P,P,P,P,P,P,P,P,P,P,P,P,P,P,P,P,P,P,P,P,P,P,P,P,P,P,P,P,P,P,P,P,P,P,P,P,P,P,P,P,P,P,P,P,P,P,P,P,P,P,P,P,P,P,P,P,P,P,P,P,P,P,P,P,P,P,P,P,P,P,P,P,P,P,P,P,P,P,P,P,P,P,P,P,P,P,P,P,P,P,P,P,P,P,P,P,P,P,P,P,P,P,P,P,P,P,P,P,P,P,P,P,P,P,P,P,P,P,P,P,P,P,P,P,P,P,P,P,P,P,P,P,P,P,P,P,P,P,P,P,P,P,P,P,P,P,P,P,P,P,P,P,P,P,P,P,P,P,P,P,P,P,P,P,P,P,P,P,P,P,P,P,P,P,P,P,P,P,P,P,P,P,P,P
time,close,2.10,2.10,2.10,2.10,2.20,2.20,2.20,2.20,2.30,2.30,2.30,2.30,2.40,2.40,2.40,2.40,2.50,2.50,2.50,2.50,2.60,2.60,2.60,2.60,2.70,2.70,2.70,2.70,2.80,2.80,2.80,2.80,2.90,2.90,2.90,2.90,3.00,3.00,3.00,3.00,3.10,3.10,3.10,3.10,3.20,3.20,3.20,3.20,3.30,3.30,3.30,3.30,3.40,3.40,3.40,3.40,3.50,3.50,3.50,3.50,3.60,3.60,3.60,3.60,3.70,3.70,3.70,3.70,3.80,3.80,3.80,3.80,3.90,3.90,3.90,3.90,4.00,4.00,4.00,4.00,4.10,4.10,4.10,4.10,4.20,4.20,4.20,4.20,4.30,4.30,4.30,4.30,4.40,4.40,4.40,4.40,4.50,4.50,4.50,4.50,4.60,4.60,4.60,4.60,4.70,4.70,4.70,4.70,4.80,4.80,4.80,4.80,4.90,4.90,4.90,4.90,5.00,5.00,5.00,5.00,5.25,5.25,5.25,5.25,5.50,5.50,5.50,5.50,5.75,5.75,5.75,5.75,6.00,6.00,6.00,6.00,6.25,6.25,6.25,6.25,6.50,6.50,6.50,6.50,6.75,6.75,6.75,6.75,7.00,7.00,7.00,7.00,7.25,7.25,7.25,7.25,7.50,7.50,7.50,7.50,7.75,7.75,7.75,7.75,8.00,8.00,8.00,8.00,8.25,8.25,8.25,8.25,8.50,8.50,8.50,8.50,8.75,8.75,8.75,8.75,9.00,9.00,9.00,9.00,9.25,9.25,9.25,9.25,9.50,9.50,9.50,9.50,9.75,9.75,9.75,9.75,10.00,10.00,10.00,10.00,10.50,10.50,10.50,10.50,11.00,11.00,11.00,11.00,11.50,11.50,11.50,11.50,12.00,12.00,12.00,12.00,12.50,12.50,12.50,12.50,13.00,13.00,13.00,13.00,13.50,13.50,13.50,13.50,14.00,14.00,14.00,14.00,14.50,14.50,14.50,14.50,15.00,15.00,15.00,15.00,15.50,15.50,15.50,15.50,16.00,16.00,16.00,16.00,16.50,16.50,16.50,16.50,17.00,17.00,17.00,17.00,2.10,2.10,2.10,2.10,2.20,2.20,2.20,2.20,2.30,2.30,2.30,2.30,2.40,2.40,2.40,2.40,2.50,2.50,2.50,2.50,2.60,2.60,2.60,2.60,2.70,2.70,2.70,2.70,2.80,2.80,2.80,2.80,2.90,2.90,2.90,2.90,3.00,3.00,3.00,3.00,3.10,3.10,3.10,3.10,3.20,3.20,3.20,3.20,3.30,3.30,3.30,3.30,3.40,3.40,3.40,3.40,3.50,3.50,3.50,3.50,3.60,3.60,3.60,3.60,3.70,3.70,3.70,3.70,3.80,3.80,3.80,3.80,3.90,3.90,3.90,3.90,4.00,4.00,4.00,4.00,4.10,4.10,4.10,4.10,4.20,4.20,4.20,4.20,4.30,4.30,4.30,4.30,4.40,4.40,4.40,4.40,4.50,4.50,4.50,4.50,4.60,4.60,4.60,4.60,4.70,4.70,4.70,4.70,4.80,4.80,4.80,4.80,4.90,4.90,4.90,4.90,5.00,5.00,5.00,5.00,5.25,5.25,5.25,5.25,5.50,5.50,5.50,5.50,5.75,5.75,5.75,5.75,6.00,6.00,6.00,6.00,6.25,6.25,6.25,6.25,6.50,6.50,6.50,6.50,6.75,6.75,6.75,6.75,7.00,7.00,7.00,7.00,7.25,7.25,7.25,7.25,7.50,7.50,7.50,7.50,7.75,7.75,7.75,7.75,8.00,8.00,8.00,8.00,8.25,8.25,8.25,8.25,8.50,8.50,8.50,8.50,8.75,8.75,8.75,8.75,9.00,9.00,9.00,9.00,9.25,9.25,9.25,9.25,9.50,9.50,9.50,9.50,9.75,9.75,9.75,9.75,10.00,10.00,10.00,10.00,10.50,10.50,10.50,10.50,11.00,11.00,11.00,11.00,11.50,11.50,11.50,11.50,12.00,12.00,12.00,12.00,12.50,12.50,12.50,12.50,13.00,13.00,13.00,13.00,13.50,13.50,13.50,13.50,14.00,14.00,14.00,14.00,14.50,14.50,14.50,14.50,15.00,15.00,15.00,15.00,15.50,15.50,15.50,15.50,16.00,16.00,16.00,16.00,16.50,16.50,16.50,16.50,17.00,17.00,17.00,17.00
time,close,settle,volume,oi,imp_vol,settle,volume,oi,imp_vol,settle,volume,oi,imp_vol,settle,volume,oi,imp_vol,settle,volume,oi,imp_vol,settle,volume,oi,imp_vol,settle,volume,oi,imp_vol,settle,volume,oi,imp_vol,settle,volume,oi,imp_vol,settle,volume,oi,imp_vol,settle,volume,oi,imp_vol,settle,volume,oi,imp_vol,settle,volume,oi,imp_vol,settle,volume,oi,imp_vol,settle,volume,oi,imp_vol,settle,volume,oi,imp_vol,settle,volume,oi,imp_vol,settle,volume,oi,imp_vol,settle,volume,oi,imp_vol,settle,volume,oi,imp_vol,settle,volume,oi,imp_vol,settle,volume,oi,imp_vol,settle,volume,oi,imp_vol,settle,volume,oi,imp_vol,settle,volume,oi,imp_vol,settle,volume,oi,imp_vol,settle,volume,oi,imp_vol,settle,volume,oi,imp_vol,settle,volume,oi,imp_vol,settle,volume,oi,imp_vol,settle,volume,oi,imp_vol,settle,volume,oi,imp_vol,settle,volume,oi,imp_vol,settle,volume,oi,imp_vol,settle,volume,oi,imp_vol,settle,volume,oi,imp_vol,settle,volume,oi,imp_vol,settle,volume,oi,imp_vol,settle,volume,oi,imp_vol,settle,volume,oi,imp_vol,settle,volume,oi,imp_vol,settle,volume,oi,imp_vol,settle,volume,oi,imp_vol,settle,volume,oi,imp_vol,settle,volume,oi,imp_vol,settle,volume,oi,imp_vol,settle,volume,oi,imp_vol,settle,volume,oi,imp_vol,settle,volume,oi,imp_vol,settle,volume,oi,imp_vol,settle,volume,oi,imp_vol,settle,volume,oi,imp_vol,settle,volume,oi,imp_vol,settle,volume,oi,imp_vol,settle,volume,oi,imp_vol,settle,volume,oi,imp_vol,settle,volume,oi,imp_vol,settle,volume,oi,imp_vol,settle,volume,oi,imp_vol,settle,volume,oi,imp_vol,settle,volume,oi,imp_vol,settle,volume,oi,imp_vol,settle,volume,oi,imp_vol,settle,volume,oi,imp_vol,settle,volume,oi,imp_vol,settle,volume,oi,imp_vol,settle,volume,oi,imp_vol,settle,volume,oi,imp_vol,settle,volume,oi,imp_vol,settle,volume,oi,imp_vol,settle,volume,oi,imp_vol,settle,volume,oi,imp_vol,settle,volume,oi,imp_vol,settle,volume,oi,imp_vol,settle,volume,oi,imp_vol,settle,volume,oi,imp_vol,settle,volume,oi,imp_vol,settle,volume,oi,imp_vol,settle,volume,oi,imp_vol,settle,volume,oi,imp_vol,settle,volume,oi,imp_vol,settle,volume,oi,imp_vol,settle,volume,oi,imp_vol,settle,volume,oi,imp_vol,settle,volume,oi,imp_vol,settle,volume,oi,imp_vol,settle,volume,oi,imp_vol,settle,volume,oi,imp_vol,settle,volume,oi,imp_vol,settle,volume,oi,imp_vol,settle,volume,oi,imp_vol,settle,volume,oi,imp_vol,settle,volume,oi,imp_vol,settle,volume,oi,imp_vol,settle,volume,oi,imp_vol,settle,volume,oi,imp_vol,settle,volume,oi,imp_vol,settle,volume,oi,imp_vol,settle,volume,oi,imp_vol,settle,volume,oi,imp_vol,settle,volume,oi,imp_vol,settle,volume,oi,imp_vol,settle,volume,oi,imp_vol,settle,volume,oi,imp_vol,settle,volume,oi,imp_vol,settle,volume,oi,imp_vol,settle,volume,oi,imp_vol,settle,volume,oi,imp_vol,settle,volume,oi,imp_vol,settle,volume,oi,imp_vol,settle,volume,oi,imp_vol,settle,volume,oi,imp_vol,settle,volume,oi,imp_vol,settle,volume,oi,imp_vol,settle,volume,oi,imp_vol,settle,volume,oi,imp_vol,settle,volume,oi,imp_vol,settle,volume,oi,imp_vol,settle,volume,oi,imp_vol,settle,volume,oi,imp_vol,settle,volume,oi,imp_vol,settle,volume,oi,imp_vol,settle,volume,oi,imp_vol,settle,volume,oi,imp_vol,settle,volume,oi,imp_vol,settle,volume,oi,imp_vol,settle,volume,oi,imp_vol,settle,volume,oi,imp_vol
2023-01-03 16:00:00,6.65,4.57,0,0,,4.47,0,0,,4.38,0,0,0.92,4.28,0,0,0.85,4.18,0,0,0.79,4.08,0,0,0.71,3.98,0,0,0.58,3.88,0,0,,3.79,0,0,0.78,3.69,0,0,0.74,3.59,0,0,0.69,3.5,0,0,0.76,3.4,0,0,0.73,3.3,0,0,0.69,3.21,0,3,0.72,3.12,0,0,0.74,3.02,0,0,0.71,2.93,0,0,0.72,2.84,0,0,0.72,2.75,0,7,0.72,2.66,0,1,0.72,2.58,0,17,0.74,2.49,0,60,0.73,2.4,0,30,0.71,2.32,0,0,0.72,2.24,0,60,0.72,2.16,0,31,0.72,2.08,0,16,0.72,2.01,0,30,0.73,1.93,0,60,0.72,1.78,0,150,0.75,1.61,0,91,0.75,1.45,0,10,0.74,1.3,50,90,0.74,1.16,0,274,0.73,1.04,1,91,0.73,0.92,5,203,0.72,0.82,0,60,0.72,0.73,0,15,0.72,0.65,0,70,0.72,0.58,0,70,0.73,0.52,0,54,0.73,0.47,0,113,0.74,0.41,0,42,0.73,0.36,0,80,0.73,0.32,0,162,0.73,0.28,0,192,0.73,0.25,0,85,0.73,0.22,0,86,0.73,0.19,0,205,0.73,0.15,0,115,0.73,0.12,0,102,0.74,0.09,0,85,0.73,0.07,0,34,0.73,0.05,0,0,0.72,0.04,0,0,0.73,0.03,0,0,0.72,0.02,0,2,0.71,0.01,0,0,0.67,0.01,0,0,0.69,0.01,0,0,0.72,0.01,0,0,0.74,0.01,0,0,0.76,0.01,0,166,0.78,0.01,0,73,1.1,0.01,0,0,1.05,0.01,0,0,1.01,0.01,0,80,0.98,0.01,0,0,0.94,0.01,0,0,0.9,0.01,0,0,0.87,0.01,0,0,0.84,0.01,0,32,0.81,0.01,0,0,0.78,0.01,0,3,0.75,0.01,0,6,0.72,0.01,0,5,0.69,0.01,0,7,0.67,0.01,0,27,0.64,0.02,0,30,0.69,0.03,0,0,0.71,0.04,0,0,0.73,0.05,0,0,0.73,0.06,0,0,0.74,0.07,0,0,0.73,0.08,0,0,0.73,0.1,0,0,0.74,0.11,0,0,0.73,0.13,0,60,0.74,0.15,0,30,0.74,0.16,0,71,0.73,0.19,0,82,0.74,0.21,0,65,0.73,0.23,0,45,0.73,0.31,0,145,0.74,0.39,4,61,0.74,0.48,0,74,0.74,0.58,5,56,0.73,0.69,0,79,0.72,0.81,0,280,0.72,0.96,0,68,0.73,1.11,0,17,0.73,1.27,0,130,0.73,1.44,0,120,0.73,1.62,0,43,0.74,1.81,0,220,0.74,2.01,0,295,0.75,2.2,0,0,0.74,2.41,0,15,0.75,2.62,0,96,0.76,2.84,0,2,0.76,3.06,0,30,0.77,3.28,0,2,0.77,3.51,0,0,0.78,3.93,0,0,0.73,4.4,0,2,0.73,4.88,0,0,0.73,5.36,0,0,0.71,5.85,0,0,,6.35,0,0,,6.85,0,0,,7.35,0,0,,7.85,0,0,,8.35,0,0,,8.85,0,0,,9.35,0,0,,9.85,0,0,,10.35,0,0,
2023-01-04 16:00:00,7.4,5.32,0,0,,5.23,0,0,1.02,5.13,0,0,0.95,5.03,0,0,0.87,4.93,0,0,0.77,4.83,0,0,,4.73,0,0,,4.63,0,0,,4.54,0,0,0.84,4.44,0,0,0.79,4.34,0,0,0.73,4.24,0,0,0.68,4.15,0,0,0.79,4.05,0,0,0.76,3.95,1,3,0.72,3.86,0,0,0.77,3.76,0,0,0.73,3.67,0,0,0.76,3.58,0,0,0.78,3.48,0,7,0.75,3.39,0,1,0.76,3.3,0,17,0.76,3.21,0,60,0.76,3.12,0,30,0.76,3.03,0,0,0.75,2.94,0,60,0.75,2.86,0,31,0.76,2.77,0,16,0.75,2.69,0,30,0.75,2.61,0,60,0.76,2.41,0,150,0.75,2.22,0,91,0.75,2.07,0,10,0.78,1.89,0,90,0.77,1.73,0,274,0.77,1.58,0,91,0.77,1.43,5,203,0.76,1.3,5,65,0.76,1.17,33,48,0.75,1.08,10,70,0.76,0.96,25,88,0.75,0.87,29,56,0.75,0.8,2,115,0.76,0.72,0,42,0.76,0.66,0,80,0.77,0.6,0,162,0.77,0.54,0,192,0.77,0.49,2,85,0.77,0.44,0,86,0.77,0.39,7,206,0.76,0.32,0,115,0.77,0.26,6,102,0.77,0.21,0,85,0.77,0.17,0,34,0.77,0.13,150,150,0.76,0.11,0,0,0.77,0.09,0,0,0.77,0.07,0,2,0.76,0.05,0,0,0.75,0.04,0,0,0.75,0.03,0,0,0.74,0.02,0,0,0.72,0.01,0,0,0.68,0.01,0,166,0.7,0.01,0,73,1.19,0.01,0,0,1.14,0.01,0,0,1.1,0.01,0,80,1.07,0.01,0,0,1.03,0.01,0,0,0.99,0.01,0,0,0.96,0.01,0,0,0.93,0.01,0,32,0.9,0.01,0,0,0.87,0.01,0,3,0.84,0.01,0,6,0.81,0.01,0,5,0.78,0.01,0,7,0.75,0.01,0,27,0.73,0.01,0,30,0.7,0.01,0,0,0.68,0.01,0,0,0.66,0.02,0,0,0.71,0.03,0,0,0.73,0.04,0,0,0.75,0.05,0,0,0.76,0.06,0,0,0.76,0.07,0,0,0.76,0.08,0,60,0.76,0.1,0,30,0.77,0.11,0,71,0.77,0.12,0,82,0.76,0.14,0,65,0.76,0.16,0,45,0.77,0.21,0,145,0.77,0.27,3,61,0.77,0.34,0,74,0.77,0.42,0,56,0.77,0.51,3,82,0.77,0.61,150,230,0.77,0.71,25,93,0.76,0.83,0,17,0.76,0.96,0,130,0.76,1.09,0,120,0.75,1.24,0,43,0.75,1.41,1,221,0.77,1.57,0,295,0.76,1.74,0,0,0.76,1.93,0,15,0.77,2.12,0,96,0.77,2.32,0,2,0.78,2.52,0,30,0.78,2.73,0,2,0.79,2.94,0,0,0.8,3.37,0,0,0.8,3.82,0,2,0.82,4.22,0,0,0.76,4.68,0,0,0.76,5.15,0,0,0.75,5.63,0,0,0.75,6.12,0,0,0.77,6.61,0,0,0.77,7.1,0,0,,7.6,0,0,,8.1,0,0,,8.6,0,0,,9.1,0,0,,9.6,0,0,
2023-01-05 16:00:00,7.24,5.16,0,0,,5.07,0,0,1.02,4.97,0,0,0.95,4.87,0,0,0.88,4.77,0,0,0.78,4.67,0,0,,4.57,0,0,,4.47,0,0,,4.38,0,0,0.83,4.28,0,0,0.78,4.18,0,0,0.73,4.08,0,0,0.68,3.99,0,0,0.79,3.89,0,0,0.75,3.79,0,3,0.71,3.7,0,0,0.76,3.6,0,0,0.72,3.51,0,0,0.75,3.41,0,0,0.72,3.32,0,7,0.73,3.23,0,1,0.74,3.14,0,17,0.74,3.05,0,60,0.74,2.96,0,30,0.74,2.87,0,0,0.74,2.78,0,60,0.73,2.7,0,31,0.74,2.61,0,16,0.73,2.53,0,30,0.73,2.45,0,60,0.74,2.25,0,150,0.73,2.07,0,91,0.74,1.89,0,10,0.74,1.71,0,90,0.72,1.55,0,274,0.72,1.4,0,91,0.72,1.27,0,203,0.72,1.15,4,61,0.72,1.03,0,48,0.72,0.92,46,81,0.71,0.84,0,88,0.73,0.76,25,49,0.73,0.68,0,115,0.73,0.62,0,42,0.74,0.56,0,80,0.74,0.51,0,162,0.75,0.45,0,192,0.74,0.4,2,85,0.74,0.36,0,86,0.74,0.32,0,206,0.74,0.25,0,115,0.74,0.2,0,102,0.74,0.16,0,85,0.74,0.13,0,34,0.75,0.1,0,150,0.74,0.08,0,0,0.74,0.06,0,0,0.74,0.05,0,2,0.74,0.04,0,0,0.74,0.03,0,0,0.74,0.02,0,0,0.72,0.01,0,0,0.68,0.01,0,0,0.7,0.01,0,166,0.72,0.01,0,73,1.18,0.01,0,0,1.13,0.01,0,0,1.09,0.01,0,80,1.05,0.01,0,0,1.02,0.01,0,0,0.98,0.01,0,0,0.95,0.01,0,0,0.92,0.01,0,32,0.88,0.01,0,0,0.85,0.01,0,3,0.82,0.01,0,6,0.8,0.01,0,5,0.77,0.01,0,7,0.74,0.01,0,27,0.72,0.01,0,30,0.69,0.01,0,0,0.67,0.01,0,0,0.64,0.02,0,0,0.69,0.03,0,0,0.72,0.04,0,0,0.73,0.05,0,0,0.74,0.06,0,0,0.74,0.07,0,0,0.74,0.08,0,60,0.74,0.1,0,30,0.76,0.11,0,71,0.75,0.12,0,82,0.74,0.14,0,65,0.74,0.16,0,45,0.75,0.21,0,145,0.74,0.27,11,70,0.74,0.34,5,79,0.74,0.43,0,56,0.75,0.52,0,82,0.75,0.63,55,280,0.75,0.74,0,93,0.75,0.86,0,17,0.74,1.0,0,130,0.75,1.15,0,120,0.75,1.31,0,43,0.76,1.47,0,221,0.75,1.64,0,295,0.75,1.82,0,0,0.76,2.01,0,15,0.76,2.21,0,96,0.77,2.41,0,2,0.77,2.62,0,30,0.78,2.83,0,2,0.78,3.05,0,0,0.79,3.49,0,0,0.8,3.87,0,2,0.73,4.34,0,0,0.74,4.81,0,0,0.74,5.29,0,0,0.74,5.77,0,0,0.72,6.27,0,0,0.76,6.76,0,0,,7.26,0,0,,7.76,0,0,,8.26,0,0,,8.76,0,0,,9.26,0,0,,9.76,0,0,
2023-01-06 16:00:00,6.88,4.8,0,0,,4.71,0,0,1.0,4.61,0,0,0.93,4.51,0,0,0.86,4.41,0,0,0.78,4.31,0,0,0.64,4.21,0,0,,4.11,0,0,,4.02,0,0,0.8,3.92,0,0,0.76,3.82,0,0,0.71,3.72,0,0,0.66,3.63,0,0,0.75,3.53,0,0,0.72,3.43,0,3,0.68,3.34,0,0,0.72,3.25,0,0,0.75,3.15,0,0,0.71,3.06,0,0,0.72,2.97,0,7,0.73,2.88,0,1,0.73,2.79,0,17,0.73,2.7,0,60,0.72,2.61,0,30,0.72,2.52,0,0,0.71,2.44,0,60,0.72,2.36,0,31,0.72,2.28,0,16,0.73,2.2,0,30,0.73,2.12,0,60,0.72,1.93,0,150,0.72,1.78,0,91,0.75,1.61,0,10,0.74,1.45,0,90,0.74,1.3,0,274,0.73,1.16,0,91,0.72,1.04,0,203,0.72,0.92,0,61,0.71,0.83,0,48,0.72,0.75,17,83,0.73,0.66,10,88,0.72,0.59,0,49,0.73,0.53,0,115,0.73,0.47,2,44,0.73,0.41,0,80,0.73,0.37,0,162,0.73,0.32,0,192,0.73,0.28,0,85,0.72,0.25,0,86,0.73,0.22,0,206,0.73,0.17,4,117,0.73,0.13,0,102,0.72,0.1,0,85,0.72,0.08,0,34,0.73,0.06,0,150,0.72,0.04,0,0,0.7,0.03,0,0,0.7,0.02,0,2,0.69,0.01,0,0,0.65,0.01,0,0,0.68,0.01,0,0,0.7,0.01,0,0,0.72,0.01,0,0,0.75,0.01,55,166,0.77,0.01,0,73,1.14,0.01,0,0,1.1,0.01,0,0,1.06,0.01,0,80,1.02,0.01,0,0,0.98,0.01,0,0,0.95,0.01,0,0,0.91,0.01,0,0,0.88,0.01,0,32,0.85,0.01,0,0,0.82,0.01,0,3,0.79,0.01,0,6,0.76,0.01,0,5,0.73,0.01,0,7,0.71,0.01,0,27,0.68,0.01,0,30,0.65,0.01,0,0,0.63,0.02,0,0,0.68,0.03,0,0,0.7,0.04,0,0,0.72,0.05,0,0,0.72,0.06,0,0,0.73,0.07,0,0,0.72,0.09,0,0,0.74,0.1,0,60,0.73,0.11,0,30,0.72,0.13,0,71,0.73,0.15,0,82,0.73,0.16,0,65,0.72,0.19,0,45,0.73,0.25,0,145,0.73,0.32,0,70,0.73,0.41,10,89,0.73,0.5,0,56,0.73,0.61,1,83,0.73,0.72,5,285,0.73,0.84,0,93,0.72,0.98,5,22,0.72,1.13,24,130,0.72,1.3,24,120,0.73,1.46,0,43,0.73,1.64,32,253,0.73,1.83,0,295,0.74,2.02,0,0,0.74,2.22,0,15,0.74,2.43,0,96,0.75,2.64,0,2,0.75,2.86,0,30,0.76,3.08,0,2,0.77,3.3,0,0,0.77,3.71,0,0,0.72,4.18,0,2,0.72,4.65,0,0,0.71,5.14,0,0,0.73,5.63,0,0,0.74,6.12,0,0,,6.62,0,0,,7.12,0,0,,7.62,0,0,,8.12,0,0,,8.62,0,0,,9.12,0,0,,9.62,0,0,,10.12,0,0,
2023-01-09 16:00:00,7.41,5.33,0,0,,5.23,0,0,,5.14,0,0,1.03,5.04,0,0,0.96,4.94,0,0,0.89,4.84,0,0,0.81,4.74,0,0,0.67,4.64,0,0,,4.54,0,0,,4.45,0,0,0.85,4.35,0,0,0.8,4.25,0,0,0.75,4.15,0,0,0.71,4.05,0,0,0.65,3.96,0,3,0.77,3.86,0,0,0.73,3.77,0,0,0.78,3.67,0,0,0.74,3.57,0,0,0.71,3.48,0,7,0.74,3.39,0,1,0.75,3.29,0,17,0.72,3.2,0,60,0.73,3.11,0,30,0.73,3.02,0,0,0.73,2.93,0,60,0.73,2.85,0,31,0.75,2.76,0,16,0.74,2.68,0,30,0.75,2.59,0,60,0.74,2.39,0,150,0.74,2.2,0,91,0.74,2.03,0,10,0.76,1.85,0,90,0.75,1.68,0,274,0.74,1.52,0,91,0.73,1.38,0,203,0.74,1.25,0,61,0.74,1.13,0,48,0.74,1.01,6,81,0.73,0.91,0,88,0.73,0.82,11,54,0.73,0.74,2,117,0.74,0.67,0,44,0.74,0.61,0,80,0.75,0.55,1,163,0.75,0.49,0,192,0.75,0.44,0,85,0.75,0.39,0,86,0.75,0.35,2,208,0.75,0.28,0,117,0.75,0.22,0,102,0.75,0.17,0,85,0.74,0.14,0,34,0.75,0.1,0,150,0.73,0.09,0,0,0.76,0.06,0,0,0.73,0.05,0,2,0.74,0.04,0,0,0.74,0.03,0,0,0.73,0.02,0,0,0.72,0.01,0,0,0.68,0.01,0,0,0.7,0.01,0,166,0.72,0.01,0,73,1.22,0.01,0,0,1.18,0.01,0,0,1.14,0.01,0,80,1.1,0.01,0,0,1.06,0.01,0,0,1.03,0.01,0,0,0.99,0.01,0,0,0.96,0.01,0,32,0.92,0.01,0,0,0.89,0.01,0,3,0.86,0.01,0,6,0.83,0.01,0,5,0.81,0.01,0,7,0.78,0.01,0,27,0.75,0.01,0,30,0.73,0.01,0,0,0.7,0.01,0,0,0.68,0.01,0,0,0.65,0.01,10,10,0.63,0.02,0,0,0.68,0.03,0,0,0.7,0.04,0,0,0.72,0.05,0,0,0.73,0.07,0,60,0.76,0.08,0,30,0.75,0.09,0,71,0.75,0.1,0,82,0.74,0.12,0,65,0.75,0.13,0,45,0.74,0.18,0,145,0.75,0.23,0,70,0.74,0.3,40,129,0.75,0.38,85,141,0.76,0.47,10,82,0.76,0.56,0,285,0.75,0.66,0,93,0.74,0.78,0,22,0.75,0.9,0,130,0.74,1.05,73,143,0.75,1.19,0,43,0.74,1.35,0,253,0.75,1.52,0,295,0.75,1.7,0,0,0.76,1.89,0,15,0.76,2.08,0,96,0.77,2.28,0,2,0.78,2.48,0,30,0.78,2.69,0,2,0.78,2.9,0,0,0.79,3.34,0,0,0.8,3.79,0,2,0.82,4.18,0,0,0.74,4.65,0,0,0.74,5.13,0,0,0.75,5.61,0,0,0.74,6.1,0,0,0.74,6.59,0,0,,7.09,0,0,,7.59,0,0,,8.09,0,0,,8.59,0,0,,9.09,0,0,,9.59,0,0,
2023-01-10 16:00:00,7.67,5.59,0,0,,5.49,0,0,,5.4,0,0,1.07,5.3,0,0,1.0,5.2,0,0,0.93,5.1,0,0,0.86,5.0,0,0,0.75,4.9,0,0,,4.8,0,0,,4.7,0,0,,4.61,0,0,0.84,4.51,0,0,0.79,4.41,0,0,0.75,4.31,0,0,0.69,4.21,0,3,0.64,4.12,0,0,0.77,4.02,0,0,0.73,3.92,0,0,0.69,3.83,0,0,0.75,3.73,0,7,0.71,3.64,0,1,0.74,3.54,0,17,0.71,3.45,0,60,0.73,3.35,0,30,0.7,3.26,0,0,0.71,3.17,0,60,0.71,3.08,0,31,0.72,2.99,0,16,0.71,2.9,0,30,0.71,2.82,0,60,0.72,2.61,0,150,0.73,2.4,0,91,0.71,2.21,0,10,0.72,2.02,0,90,0.71,1.88,0,274,0.75,1.71,0,91,0.74,1.55,0,203,0.73,1.41,0,61,0.73,1.27,0,48,0.73,1.15,21,71,0.73,1.03,0,88,0.72,0.92,1,54,0.72,0.84,0,117,0.73,0.76,0,44,0.73,0.69,0,80,0.73,0.62,0,163,0.74,0.55,0,192,0.73,0.49,0,85,0.73,0.44,36,98,0.73,0.39,0,208,0.73,0.31,0,117,0.73,0.24,0,102,0.72,0.19,0,85,0.72,0.15,0,34,0.72,0.12,0,150,0.73,0.09,1,1,0.72,0.08,0,0,0.74,0.05,0,2,0.71,0.04,0,0,0.71,0.03,0,0,0.71,0.02,0,0,0.69,0.01,0,0,0.65,0.01,0,0,0.68,0.01,0,166,0.7,0.01,15,88,1.26,0.01,0,0,1.22,0.01,0,0,1.17,0.01,0,80,1.13,0.01,0,0,1.1,0.01,0,0,1.06,0.01,0,0,1.02,0.01,0,0,0.99,0.01,0,32,0.96,0.01,0,0,0.93,0.01,0,3,0.9,0.01,0,6,0.87,0.01,0,5,0.84,0.01,0,7,0.81,0.01,0,27,0.78,0.01,0,30,0.76,0.01,0,0,0.73,0.01,0,0,0.71,0.01,0,0,0.69,0.01,0,10,0.66,0.01,0,0,0.64,0.01,0,0,0.62,0.02,0,0,0.67,0.03,0,0,0.69,0.04,0,60,0.71,0.05,0,30,0.71,0.06,0,71,0.72,0.07,0,82,0.72,0.09,0,65,0.74,0.1,0,45,0.73,0.13,0,145,0.72,0.18,0,70,0.73,0.23,0,129,0.72,0.3,10,151,0.73,0.37,3,83,0.73,0.46,0,285,0.73,0.55,33,123,0.72,0.65,5,27,0.72,0.76,5,135,0.71,0.89,0,143,0.71,1.03,0,43,0.72,1.18,0,253,0.72,1.34,0,295,0.73,1.5,0,0,0.72,1.67,0,15,0.72,1.86,0,96,0.73,2.05,0,2,0.73,2.25,0,30,0.74,2.45,0,2,0.74,2.66,0,0,0.75,3.09,0,0,0.76,3.53,0,2,0.77,3.94,0,0,0.72,4.4,0,0,0.72,4.87,0,0,0.71,5.35,0,0,0.71,5.84,0,0,0.71,6.33,0,0,,6.83,0,0,,7.33,0,0,,7.83,0,0,,8.33,0,0,,8.83,0,0,,9.33,0,0,
2023-01-11 16:00:00,7.47,5.39,0,0,,5.29,0,0,,5.19,0,0,,5.1,0,0,1.0,5.0,0,0,0.93,4.9,0,0,0.86,4.8,0,0,0.77,4.7,0,0,,4.6,0,0,,4.5,0,0,,4.4,0,0,,4.31,0,0,0.79,4.21,0,0,0.74,4.11,0,0,0.69,4.01,0,3,0.64,3.92,0,0,0.75,3.82,0,0,0.72,3.72,0,0,0.68,3.63,0,0,0.73,3.53,0,7,0.7,3.44,0,1,0.73,3.34,0,17,0.7,3.25,0,60,0.71,3.16,0,30,0.72,3.06,0,0,0.69,2.97,0,60,0.69,2.88,0,31,0.69,2.79,0,16,0.69,2.71,0,30,0.71,2.62,0,60,0.7,2.41,0,150,0.7,2.21,0,91,0.7,2.02,0,10,0.7,1.87,0,90,0.73,1.7,0,274,0.73,1.54,0,91,0.72,1.38,1,203,0.71,1.24,0,61,0.71,1.11,0,48,0.7,1.0,0,71,0.71,0.89,0,88,0.7,0.8,0,54,0.71,0.72,108,170,0.71,0.65,55,99,0.72,0.57,0,80,0.71,0.51,0,163,0.71,0.45,0,192,0.71,0.4,54,124,0.71,0.35,0,98,0.71,0.31,57,265,0.71,0.24,0,117,0.71,0.19,0,102,0.71,0.14,0,85,0.7,0.11,0,34,0.71,0.09,0,150,0.72,0.07,0,1,0.72,0.05,0,0,0.71,0.04,0,2,0.71,0.03,0,0,0.71,0.02,0,0,0.69,0.01,0,0,0.65,0.01,0,0,0.68,0.01,0,0,0.7,0.01,0,166,0.72,0.01,0,88,1.25,0.01,0,0,1.2,0.01,0,0,1.16,0.01,0,80,1.12,0.01,0,0,1.08,0.01,0,0,1.04,0.01,0,0,1.01,0.01,0,0,0.98,0.01,0,32,0.94,0.01,0,0,0.91,0.01,0,3,0.88,0.01,0,6,0.85,0.01,0,5,0.82,0.01,0,7,0.79,0.01,0,27,0.77,0.01,0,30,0.74,0.01,0,0,0.72,0.01,0,0,0.69,0.01,0,0,0.67,0.01,0,10,0.64,0.01,0,0,0.62,0.01,0,0,0.6,0.02,0,0,0.65,0.03,0,0,0.67,0.04,0,60,0.69,0.05,0,30,0.69,0.06,0,71,0.7,0.08,0,82,0.72,0.09,0,65,0.71,0.1,0,45,0.71,0.14,0,145,0.71,0.19,0,70,0.71,0.25,10,139,0.71,0.32,0,151,0.71,0.38,0,83,0.69,0.48,13,290,0.7,0.58,0,123,0.7,0.69,5,32,0.7,0.81,0,135,0.7,0.94,0,143,0.7,1.09,24,56,0.7,1.25,0,253,0.71,1.41,0,295,0.7,1.59,0,0,0.71,1.78,0,15,0.72,1.97,0,96,0.72,2.16,0,2,0.72,2.37,0,30,0.73,2.58,0,2,0.74,2.79,0,0,0.74,3.23,0,0,0.75,3.69,0,2,0.77,4.1,0,0,0.7,4.57,0,0,0.7,5.05,0,0,0.7,5.54,0,0,0.7,6.03,0,0,,6.53,0,0,,7.03,0,0,,7.53,0,0,,8.03,0,0,,8.53,0,0,,9.03,0,0,,9.53,0,0,
2023-01-12 16:00:00,7.32,5.24,0,0,,5.14,0,0,,5.04,0,0,,4.95,0,0,1.0,4.85,0,0,0.93,4.75,0,0,0.87,4.65,0,0,0.79,4.55,0,0,0.66,4.45,0,0,,4.35,0,0,,4.25,0,0,,4.16,0,0,0.78,4.06,0,0,0.74,3.96,0,0,0.69,3.86,0,3,0.64,3.77,0,0,0.75,3.67,0,0,0.71,3.57,0,0,0.68,3.48,0,0,0.72,3.38,0,7,0.69,3.29,0,1,0.72,3.19,0,17,0.68,3.1,0,60,0.7,3.01,0,30,0.71,2.92,0,0,0.71,2.83,0,60,0.71,2.74,0,31,0.7,2.65,0,16,0.7,2.56,0,30,0.69,2.48,0,60,0.7,2.27,0,150,0.7,2.08,0,91,0.71,1.91,0,10,0.72,1.73,0,90,0.72,1.56,0,274,0.71,1.4,0,91,0.7,1.26,0,203,0.7,1.13,0,61,0.7,1.01,0,48,0.7,0.9,4,70,0.7,0.8,0,88,0.7,0.72,0,54,0.71,0.64,2,172,0.71,0.58,0,99,0.72,0.51,0,80,0.71,0.45,0,163,0.71,0.39,0,192,0.71,0.35,0,124,0.71,0.31,0,98,0.71,0.27,0,265,0.71,0.21,0,117,0.71,0.16,0,102,0.71,0.12,0,85,0.71,0.09,0,34,0.7,0.07,0,150,0.7,0.05,0,1,0.7,0.04,0,0,0.7,0.03,0,2,0.7,0.02,0,0,0.69,0.01,0,0,0.65,0.01,0,0,0.68,0.01,0,0,0.7,0.01,0,0,0.72,0.01,0,166,0.75,0.01,0,88,1.24,0.01,0,0,1.19,0.01,0,0,1.15,0.01,0,80,1.11,0.01,0,0,1.07,0.01,0,0,1.03,0.01,0,0,1.0,0.01,0,0,0.96,0.01,0,32,0.93,0.01,0,0,0.9,0.01,0,3,0.87,0.01,0,6,0.84,0.01,0,5,0.81,0.01,0,7,0.78,0.01,0,27,0.76,0.01,0,30,0.73,0.01,0,0,0.7,0.01,0,0,0.68,0.01,0,0,0.66,0.01,0,10,0.63,0.01,0,0,0.61,0.02,0,0,0.66,0.03,0,0,0.68,0.04,0,0,0.7,0.05,0,60,0.7,0.06,0,30,0.71,0.07,0,71,0.7,0.09,0,82,0.72,0.1,0,65,0.72,0.11,0,45,0.71,0.15,0,145,0.7,0.21,0,70,0.71,0.27,0,139,0.71,0.34,0,151,0.71,0.43,0,83,0.71,0.53,55,340,0.72,0.63,0,123,0.71,0.75,0,32,0.71,0.87,1,135,0.7,1.01,0,143,0.7,1.17,0,56,0.71,1.33,0,253,0.71,1.51,0,295,0.72,1.7,0,0,0.73,1.89,0,15,0.73,2.08,0,96,0.74,2.29,0,2,0.75,2.5,0,30,0.75,2.71,0,2,0.76,2.93,0,0,0.77,3.38,0,0,0.79,3.76,0,2,0.7,4.23,0,0,0.7,4.71,0,0,0.7,5.19,0,0,0.69,5.68,0,0,,6.18,0,0,,6.68,0,0,,7.18,0,0,,7.68,0,0,,8.18,0,0,,8.68,0,0,,9.18,0,0,,9.68,0,0,
2023-01-13 16:00:00,7.59,5.51,0,0,,5.41,0,0,,5.31,0,0,,5.22,0,0,1.04,5.12,0,0,0.98,5.02,0,0,0.91,4.92,0,0,0.84,4.82,0,0,0.74,4.72,0,0,,4.62,0,0,,4.52,0,0,,4.42,0,0,,4.33,0,0,0.78,4.23,0,0,0.73,4.13,0,3,0.69,4.03,0,0,0.63,3.93,0,0,0.57,3.84,0,0,0.72,3.74,0,0,0.68,3.64,0,7,0.65,3.55,0,1,0.7,3.45,0,17,0.67,3.36,0,60,0.7,3.26,0,30,0.67,3.17,0,0,0.68,3.08,0,60,0.69,2.99,0,31,0.69,2.9,0,16,0.69,2.81,0,30,0.69,2.72,0,60,0.69,2.5,0,150,0.68,2.3,0,91,0.69,2.1,0,10,0.68,1.92,0,90,0.69,1.73,0,274,0.68,1.56,0,91,0.67,1.38,0,203,0.65,1.26,0,61,0.67,1.12,0,48,0.67,1.0,0,70,0.67,0.9,0,88,0.67,0.8,1,54,0.67,0.72,0,172,0.68,0.64,0,99,0.68,0.57,25,105,0.69,0.51,0,163,0.69,0.45,0,192,0.69,0.4,0,124,0.69,0.35,0,98,0.69,0.31,0,265,0.69,0.24,0,117,0.69,0.18,0,102,0.69,0.14,0,85,0.69,0.11,0,34,0.7,0.08,0,150,0.69,0.06,0,1,0.69,0.04,0,0,0.67,0.03,0,2,0.67,0.02,0,0,0.66,0.01,0,0,0.62,0.01,0,0,0.65,0.01,0,0,0.67,0.01,0,0,0.7,0.01,0,166,0.72,0.01,0,88,1.27,0.01,0,0,1.23,0.01,0,0,1.19,0.01,0,80,1.15,0.01,0,0,1.11,0.01,0,0,1.07,0.01,0,0,1.04,0.01,0,0,1.0,0.01,0,32,0.97,0.01,0,0,0.94,0.01,0,3,0.9,0.01,0,6,0.88,0.01,0,5,0.85,0.01,0,7,0.82,0.01,0,27,0.79,0.01,0,30,0.76,0.01,0,0,0.74,0.01,0,0,0.71,0.01,0,0,0.69,0.01,0,10,0.67,0.01,0,0,0.64,0.01,0,0,0.62,0.01,0,0,0.6,0.02,0,0,0.65,0.03,5,60,0.67,0.04,0,30,0.69,0.05,0,71,0.69,0.06,0,82,0.7,0.07,0,65,0.7,0.08,0,45,0.69,0.11,0,145,0.69,0.15,0,70,0.68,0.21,0,139,0.69,0.27,0,151,0.69,0.34,0,83,0.69,0.43,0,340,0.69,0.52,0,123,0.69,0.63,5,32,0.69,0.74,0,135,0.69,0.87,0,143,0.69,1.01,72,128,0.69,1.16,0,253,0.69,1.33,0,295,0.7,1.51,0,0,0.71,1.69,0,15,0.71,1.88,0,96,0.72,2.08,0,2,0.73,2.28,0,30,0.73,2.49,0,2,0.74,2.71,0,0,0.76,3.15,0,0,0.77,3.51,0,2,0.68,3.98,0,0,0.69,4.45,0,0,0.69,4.93,0,0,0.69,5.42,0,0,0.69,5.91,0,0,,6.41,0,0,,6.91,0,0,,7.41,0,0,,7.91,0,0,,8.41,0,0,,8.91,0,0,,9.41,0,0,
2023-01-16 16:00:00,7.35,5.27,0,0,,5.17,0,0,,5.07,0,0,,4.97,0,0,,4.88,0,0,1.0,4.78,0,0,0.94,4.68,0,0,0.88,4.58,0,0,0.81,4.48,0,0,0.72,4.38,0,0,,4.28,0,0,,4.18,0,0,,4.09,0,0,0.79,3.99,0,0,0.75,3.89,0,3,0.71,3.79,0,0,0.66,3.69,0,0,0.61,3.6,0,0,0.72,3.5,0,0,0.68,3.41,0,7,0.73,3.31,0,1,0.69,3.22,0,17,0.72,3.12,0,60,0.69,3.03,0,30,0.7,2.94,0,0,0.71,2.85,0,60,0.71,2.76,0,31,0.71,2.67,0,16,0.7,2.58,0,30,0.7,2.49,0,60,0.69,2.28,0,150,0.69,2.08,0,91,0.69,1.89,0,10,0.69,1.72,0,90,0.7,1.55,0,274,0.7,1.39,0,91,0.69,1.24,20,203,0.69,1.11,10,61,0.69,0.99,0,48,0.69,0.88,181,211,0.69,0.79,41,99,0.7,0.7,0,54,0.7,0.62,41,172,0.7,0.55,0,99,0.7,0.49,0,105,0.71,0.43,0,163,0.71,0.38,0,192,0.71,0.33,0,124,0.71,0.29,0,98,0.71,0.25,1,265,0.7,0.19,0,117,0.7,0.14,0,102,0.7,0.11,0,85,0.7,0.08,0,34,0.7,0.06,0,150,0.7,0.04,0,1,0.68,0.03,0,0,0.68,0.02,0,2,0.67,0.01,0,0,0.64,0.01,0,0,0.67,0.01,0,0,0.69,0.01,0,0,0.72,0.01,0,0,0.74,0.01,2,167,0.76,0.01,93,181,1.27,0.01,0,0,1.23,0.01,0,0,1.18,0.01,0,80,1.14,0.01,0,0,1.1,0.01,0,0,1.07,0.01,0,0,1.03,0.01,0,0,0.99,0.01,0,32,0.96,0.01,0,0,0.93,0.01,0,3,0.9,0.01,0,6,0.87,0.01,0,5,0.84,0.01,0,7,0.81,0.01,0,27,0.78,0.01,0,30,0.75,0.01,0,0,0.73,0.01,0,0,0.7,0.01,0,0,0.68,0.01,0,10,0.65,0.01,0,0,0.63,0.01,0,0,0.61,0.02,0,0,0.65,0.03,0,0,0.68,0.04,0,60,0.69,0.05,0,30,0.7,0.06,0,71,0.7,0.07,0,82,0.7,0.09,0,65,0.72,0.1,0,45,0.71,0.14,0,145,0.71,0.18,0,70,0.7,0.24,0,139,0.7,0.32,0,151,0.71,0.4,0,83,0.71,0.49,0,340,0.71,0.59,0,123,0.7,0.7,0,32,0.7,0.83,0,135,0.7,0.97,72,169,0.7,1.12,15,143,0.7,1.29,0,253,0.71,1.46,0,295,0.71,1.64,0,0,0.71,1.83,0,15,0.72,2.03,0,96,0.73,2.24,0,2,0.74,2.45,0,30,0.75,2.66,0,2,0.75,2.88,0,0,0.76,3.33,0,0,0.77,3.72,0,2,0.69,4.19,0,0,0.69,4.67,0,0,0.69,5.16,0,0,0.7,5.65,0,0,,6.15,0,0,,6.65,0,0,,7.15,0,0,,7.65,0,0,,8.15,0,0,,8.65,0,0,,9.15,0,0,,9.65,0,0,
2023-01-17 16:00:00,7.35,5.27,0,0,,5.17,0,0,,5.07,0,0,,4.97,0,0,,4.87,0,0,,4.78,0,0,0.96,4.68,0,0,0.9,4.58,0,0,0.83,4.48,0,0,0.75,4.38,0,0,0.62,4.28,0,0,,4.18,0,0,,4.08,0,0,,3.99,0,0,0.76,3.89,0,3,0.72,3.79,0,0,0.68,3.69,0,0,0.63,3.6,0,0,0.73,3.5,0,0,0.69,3.4,0,7,0.66,3.31,0,1,0.7,3.21,0,17,0.67,3.12,0,60,0.69,3.03,0,30,0.71,2.93,0,0,0.68,2.84,0,60,0.68,2.75,0,31,0.69,2.66,0,16,0.68,2.58,0,30,0.7,2.49,0,60,0.7,2.28,0,150,0.7,2.08,0,91,0.7,1.89,0,10,0.7,1.7,0,90,0.69,1.53,0,274,0.68,1.37,0,91,0.68,1.22,0,203,0.68,1.09,0,61,0.68,0.96,0,48,0.67,0.86,42,253,0.68,0.76,42,141,0.68,0.68,21,69,0.69,0.61,21,177,0.7,0.54,2,99,0.7,0.48,0,105,0.71,0.42,0,163,0.7,0.37,0,192,0.71,0.32,0,124,0.7,0.28,0,98,0.7,0.24,0,265,0.7,0.18,0,117,0.7,0.14,0,102,0.7,0.11,0,85,0.71,0.08,0,34,0.7,0.06,0,150,0.7,0.04,0,1,0.69,0.03,0,0,0.69,0.02,0,2,0.68,0.01,0,0,0.64,0.01,0,0,0.67,0.01,0,0,0.7,0.01,0,0,0.72,0.01,0,0,0.75,0.01,0,167,0.77,0.01,0,181,1.28,0.01,0,0,1.24,0.01,0,0,1.19,0.01,0,80,1.15,0.01,0,0,1.11,0.01,0,0,1.07,0.01,0,0,1.04,0.01,0,0,1.0,0.01,0,32,0.97,0.01,0,0,0.93,0.01,0,3,0.9,0.01,0,6,0.87,0.01,0,5,0.84,0.01,0,7,0.81,0.01,0,27,0.78,0.01,0,30,0.76,0.01,0,0,0.73,0.01,0,0,0.71,0.01,0,0,0.68,0.01,0,10,0.66,0.01,0,0,0.63,0.01,0,0,0.61,0.02,0,0,0.66,0.03,0,0,0.68,0.04,0,60,0.7,0.05,0,30,0.7,0.06,0,71,0.71,0.07,0,82,0.7,0.08,0,65,0.7,0.09,0,45,0.69,0.13,0,145,0.7,0.18,0,70,0.7,0.24,0,139,0.71,0.31,0,151,0.7,0.39,0,83,0.7,0.48,0,340,0.7,0.59,0,123,0.71,0.7,0,32,0.7,0.83,3,138,0.7,0.97,0,169,0.7,1.12,0,143,0.71,1.29,0,253,0.71,1.46,0,295,0.72,1.65,0,0,0.73,1.84,0,15,0.73,2.03,0,96,0.73,2.24,0,2,0.74,2.45,0,30,0.75,2.67,0,2,0.76,2.88,0,0,0.76,3.34,0,0,0.79,3.72,0,2,0.69,4.19,0,0,0.69,4.67,0,0,0.69,5.16,0,0,0.7,5.65,0,0,,6.15,0,0,,6.65,0,0,,7.15,0,0,,7.65,0,0,,8.15,0,0,,8.65,0,0,,9.15,0,0,,9.65,0,0,
2023-01-18 16:00:00,7.3,5.22,0,0,,5.12,0,0,,5.02,0,0,,4.92,0,0,,4.82,0,0,,4.73,0,0,0.97,4.63,0,0,0.91,4.53,0,0,0.85,4.43,0,0,0.78,4.33,0,0,0.68,4.23,0,0,,4.13,0,0,,4.03,0,0,,3.94,0,0,0.77,3.84,0,3,0.73,3.74,0,0,0.68,3.64,0,0,0.64,3.54,0,0,0.6,3.45,0,0,0.7,3.35,0,7,0.66,3.25,0,1,0.63,3.16,0,17,0.67,3.06,0,60,0.64,2.97,0,30,0.66,2.88,0,0,0.68,2.79,0,60,0.68,2.69,0,31,0.65,2.6,0,16,0.66,2.52,0,30,0.68,2.43,0,60,0.67,2.21,0,150,0.66,2.01,0,91,0.66,1.82,0,10,0.67,1.64,0,90,0.67,1.47,0,274,0.67,1.31,0,91,0.66,1.16,0,203,0.66,1.02,0,61,0.65,0.9,15,48,0.66,0.79,140,151,0.65,0.7,0,141,0.66,0.62,0,69,0.67,0.55,0,177,0.67,0.48,2,99,0.67,0.42,0,105,0.68,0.37,45,208,0.68,0.32,0,192,0.68,0.27,0,124,0.67,0.24,0,98,0.68,0.2,0,265,0.67,0.15,0,117,0.67,0.11,0,102,0.67,0.08,0,85,0.67,0.06,0,34,0.67,0.04,0,150,0.66,0.03,0,1,0.67,0.02,0,0,0.66,0.01,0,2,0.63,0.01,0,0,0.65,0.01,0,0,0.68,0.01,0,0,0.71,0.01,0,0,0.73,0.01,0,0,0.76,0.01,1,167,0.78,0.01,0,181,1.29,0.01,0,0,1.24,0.01,0,0,1.2,0.01,0,80,1.15,0.01,0,0,1.11,0.01,0,0,1.07,0.01,0,0,1.04,0.01,0,0,1.0,0.01,0,32,0.97,0.01,0,0,0.93,0.01,0,3,0.9,0.01,0,6,0.87,0.01,0,5,0.84,0.01,0,7,0.81,0.01,0,27,0.78,0.01,0,30,0.76,0.01,0,0,0.73,0.01,0,0,0.7,0.01,0,0,0.68,0.01,0,10,0.66,0.01,0,0,0.63,0.01,0,0,0.61,0.01,0,0,0.59,0.02,0,0,0.63,0.03,0,60,0.65,0.04,0,30,0.67,0.05,0,71,0.67,0.06,0,82,0.68,0.07,0,65,0.67,0.08,4,48,0.67,0.12,0,145,0.68,0.16,0,70,0.67,0.22,0,139,0.68,0.29,0,151,0.68,0.37,0,83,0.68,0.46,0,340,0.68,0.57,0,123,0.68,0.68,0,32,0.67,0.81,0,138,0.68,0.96,0,169,0.68,1.11,30,173,0.68,1.28,0,253,0.69,1.45,0,295,0.69,1.64,0,0,0.7,1.83,0,15,0.7,2.03,0,96,0.71,2.24,0,2,0.72,2.45,0,30,0.72,2.67,0,2,0.73,2.89,0,0,0.74,3.28,0,0,0.66,3.75,0,2,0.67,4.22,0,0,0.65,4.71,0,0,0.67,5.2,0,0,,5.7,0,0,,6.2,0,0,,6.7,0,0,,7.2,0,0,,7.7,0,0,,8.2,0,0,,8.7,0,0,,9.2,0,0,,9.7,0,0,
2023-01-19 16:00:00,7.09,5.01,0,0,,4.91,0,0,,4.81,0,0,,4.71,0,0,,4.61,0,0,,4.52,0,0,0.96,4.42,0,0,0.9,4.32,0,0,0.84,4.22,0,0,0.78,4.12,0,0,0.7,4.02,0,0,0.54,3.92,0,0,,3.82,0,0,,3.73,0,0,0.76,3.63,0,3,0.72,3.53,0,0,0.67,3.43,0,0,0.63,3.33,0,0,0.59,3.24,0,0,0.68,3.14,0,7,0.65,3.05,0,1,0.68,2.95,0,17,0.65,2.86,0,60,0.67,2.76,0,30,0.64,2.67,0,0,0.65,2.58,0,60,0.66,2.49,0,31,0.66,2.4,0,16,0.66,2.31,0,30,0.65,2.23,0,60,0.66,2.02,0,150,0.66,1.82,0,91,0.66,1.65,0,10,0.68,1.47,0,90,0.67,1.3,0,274,0.66,1.15,0,91,0.66,1.01,0,203,0.65,0.88,0,61,0.65,0.77,0,48,0.65,0.68,2,149,0.66,0.59,0,141,0.66,0.52,20,74,0.66,0.46,15,187,0.67,0.39,45,99,0.67,0.34,85,190,0.67,0.29,0,208,0.67,0.25,0,192,0.67,0.21,0,124,0.66,0.18,0,98,0.66,0.16,0,265,0.67,0.11,0,117,0.66,0.08,0,102,0.66,0.06,0,85,0.67,0.04,0,34,0.66,0.03,0,150,0.66,0.02,0,1,0.66,0.01,0,0,0.63,0.01,0,2,0.66,0.01,0,0,0.69,0.01,0,0,0.71,0.01,0,0,0.74,0.01,0,0,0.76,0.01,0,0,0.79,0.01,0,167,0.81,0.01,0,181,1.27,0.01,0,0,1.22,0.01,0,0,1.18,0.01,0,80,1.14,0.01,0,0,1.1,0.01,0,0,1.06,0.01,0,0,1.02,0.01,0,0,0.98,0.01,0,32,0.95,0.01,0,0,0.92,0.01,0,3,0.88,0.01,0,6,0.85,0.01,0,5,0.82,0.01,0,7,0.79,0.01,0,27,0.76,0.01,0,30,0.74,0.01,0,0,0.71,0.01,0,0,0.68,0.01,0,0,0.66,0.01,0,10,0.63,0.01,0,0,0.61,0.01,0,0,0.59,0.01,0,0,0.56,0.02,0,0,0.61,0.03,0,60,0.63,0.04,0,30,0.64,0.05,0,71,0.65,0.07,0,82,0.67,0.08,0,65,0.67,0.09,0,48,0.66,0.13,0,145,0.66,0.19,30,70,0.67,0.25,45,184,0.67,0.32,0,151,0.66,0.41,5,88,0.67,0.51,4,344,0.67,0.62,0,123,0.66,0.75,0,32,0.67,0.89,0,138,0.67,1.04,0,169,0.67,1.2,0,173,0.67,1.38,0,253,0.68,1.57,0,295,0.69,1.76,0,0,0.69,1.97,0,15,0.7,2.18,0,96,0.71,2.39,0,2,0.72,2.61,0,30,0.72,2.83,0,2,0.73,3.0,0,0,0.66,3.46,0,0,0.66,3.94,0,2,0.67,4.42,0,0,0.66,4.91,0,0,,5.41,0,0,,5.91,0,0,,6.41,0,0,,6.91,0,0,,7.41,0,0,,7.91,0,0,,8.41,0,0,,8.91,0,0,,9.41,0,0,,9.91,0,0,
2023-01-20 16:00:00,7.37,5.29,0,0,0.72,5.19,0,0,,5.09,0,0,,4.99,0,0,,4.89,0,0,,4.79,0,0,,4.7,0,0,0.95,4.6,0,0,0.89,4.5,0,0,0.83,4.4,0,0,0.76,4.3,0,0,0.66,4.2,0,0,,4.1,0,0,,4.0,0,0,,3.91,0,3,0.76,3.81,0,0,0.72,3.71,0,0,0.68,3.61,0,0,0.64,3.51,0,0,0.59,3.42,0,7,0.69,3.32,0,1,0.66,3.22,0,17,0.62,3.13,0,60,0.67,3.03,0,30,0.64,2.94,0,0,0.66,2.85,0,60,0.67,2.75,0,31,0.64,2.66,0,16,0.65,2.57,0,30,0.65,2.48,0,60,0.65,2.26,0,150,0.64,2.06,0,91,0.66,1.86,0,10,0.65,1.68,0,90,0.66,1.5,0,274,0.65,1.33,0,91,0.65,1.18,15,203,0.65,1.04,0,61,0.64,0.91,0,48,0.64,0.8,0,149,0.64,0.7,0,141,0.64,0.62,0,74,0.65,0.54,0,187,0.65,0.48,0,99,0.66,0.42,15,205,0.67,0.36,0,208,0.66,0.31,0,192,0.66,0.27,0,124,0.66,0.23,0,98,0.66,0.19,0,265,0.65,0.14,0,117,0.66,0.11,0,102,0.67,0.08,0,85,0.67,0.05,0,34,0.65,0.04,0,150,0.66,0.03,0,1,0.67,0.02,0,0,0.66,0.01,0,2,0.63,0.01,0,0,0.66,0.01,0,0,0.68,0.01,0,0,0.71,0.01,0,0,0.74,0.01,0,0,0.76,0.01,0,167,0.78,0.01,0,181,1.31,0.01,0,0,1.27,0.01,0,0,1.22,0.01,0,80,1.18,0.01,0,0,1.14,0.01,0,0,1.1,0.01,0,0,1.06,0.01,0,0,1.02,0.01,0,32,0.99,0.01,0,0,0.96,0.01,0,3,0.92,0.01,0,6,0.89,0.01,0,5,0.86,0.01,0,7,0.83,0.01,0,27,0.8,0.01,0,30,0.78,0.01,0,0,0.75,0.01,0,0,0.72,0.01,0,0,0.7,0.01,0,10,0.67,0.01,0,0,0.65,0.01,0,0,0.63,0.01,0,0,0.6,0.01,0,0,0.58,0.02,0,60,0.63,0.03,0,30,0.65,0.04,0,71,0.66,0.05,0,82,0.67,0.06,0,65,0.67,0.07,0,48,0.67,0.1,4,142,0.66,0.14,30,100,0.66,0.19,0,184,0.66,0.26,48,199,0.67,0.33,0,88,0.66,0.42,1,344,0.67,0.52,0,123,0.66,0.63,0,32,0.66,0.75,0,138,0.66,0.89,0,169,0.66,1.04,67,240,0.66,1.2,0,253,0.66,1.38,0,295,0.68,1.56,0,0,0.68,1.76,0,15,0.69,1.96,0,96,0.7,2.17,0,2,0.71,2.38,0,30,0.71,2.6,0,2,0.72,2.82,0,0,0.73,3.21,0,0,0.66,3.67,0,2,0.65,4.15,0,0,0.65,4.64,0,0,0.66,5.13,0,0,,5.63,0,0,,6.13,0,0,,6.63,0,0,,7.13,0,0,,7.63,0,0,,8.13,0,0,,8.63,0,0,,9.13,0,0,,9.63,0,0,
2023-01-26 16:00:00,7.68,5.6,0,0,1.14,5.5,0,0,1.03,5.4,0,0,,5.3,0,0,,5.2,0,0,,5.1,0,0,,5.0,0,0,,4.9,0,0,,4.81,0,0,0.97,4.71,0,0,0.92,4.61,0,0,0.86,4.51,0,0,0.8,4.41,0,0,0.74,4.31,0,0,0.64,4.21,0,3,,4.11,0,0,,4.01,0,0,,3.92,0,0,0.75,3.82,0,0,0.72,3.72,0,7,0.68,3.62,0,1,0.64,3.52,0,17,0.6,3.43,0,60,0.69,3.33,0,30,0.66,3.23,0,0,0.63,3.14,0,60,0.67,3.04,0,31,0.64,2.95,0,16,0.66,2.86,0,30,0.67,2.76,0,60,0.64,2.54,0,150,0.66,2.32,0,91,0.66,2.11,0,10,0.66,1.91,0,90,0.66,1.73,0,274,0.67,1.55,0,91,0.67,1.37,0,203,0.65,1.22,9,66,0.65,1.07,0,48,0.65,0.95,0,149,0.65,0.83,0,141,0.65,0.74,0,74,0.66,0.65,15,187,0.66,0.57,0,99,0.67,0.5,15,205,0.67,0.43,0,208,0.67,0.37,0,192,0.67,0.32,0,124,0.67,0.28,0,98,0.67,0.24,0,265,0.67,0.17,0,117,0.66,0.13,0,102,0.67,0.09,0,85,0.66,0.06,0,34,0.65,0.04,0,150,0.64,0.03,0,1,0.65,0.02,0,0,0.65,0.01,0,2,0.62,0.01,0,0,0.65,0.01,0,0,0.68,0.01,0,0,0.7,0.01,0,0,0.73,0.01,0,0,0.76,0.01,0,167,0.78,0.01,0,181,1.41,0.01,0,0,1.36,0.01,0,0,1.31,0.01,0,80,1.27,0.01,0,0,1.23,0.01,0,0,1.19,0.01,0,0,1.15,0.01,0,0,1.11,0.01,0,32,1.07,0.01,0,0,1.04,0.01,0,3,1.0,0.01,0,6,0.97,0.01,0,5,0.94,0.01,0,7,0.91,0.01,0,27,0.88,0.01,0,30,0.85,0.01,0,0,0.82,0.01,0,0,0.79,0.01,0,0,0.77,0.01,0,10,0.74,0.01,0,0,0.72,0.01,0,0,0.69,0.01,0,0,0.67,0.01,0,0,0.64,0.01,0,60,0.62,0.01,0,30,0.6,0.01,0,71,0.58,0.02,10,82,0.62,0.03,0,65,0.64,0.04,10,48,0.66,0.07,0,142,0.68,0.1,0,100,0.68,0.13,0,184,0.66,0.18,5,204,0.66,0.24,7,85,0.66,0.32,30,344,0.67,0.4,5,123,0.67,0.5,0,32,0.67,0.61,0,138,0.67,0.73,0,169,0.67,0.86,0,240,0.67,1.02,0,253,0.68,1.17,0,295,0.67,1.34,0,0,0.68,1.52,0,15,0.68,1.72,0,96,0.7,1.92,0,2,0.71,2.12,0,30,0.71,2.34,0,2,0.73,2.55,0,0,0.73,2.93,0,0,0.66,3.38,0,2,0.65,3.86,0,0,0.67,4.34,0,0,0.67,4.82,0,0,,5.32,0,0,,5.82,0,0,,6.32,0,0,,6.82,0,0,,7.32,0,0,,7.82,0,0,,8.32,0,0,,8.82,0,0,,9.32,0,0,
2023-01-27 16:00:00,7.66,5.58,0,0,1.17,5.48,0,0,1.07,5.38,0,0,0.92,5.28,0,0,,5.18,0,0,,5.08,0,0,,4.98,0,0,,4.88,0,0,,4.78,0,0,,4.69,0,0,0.93,4.59,0,0,0.88,4.49,0,0,0.82,4.39,0,0,0.76,4.29,0,0,0.69,4.19,0,3,0.53,4.09,0,0,,3.99,0,0,,3.89,0,0,,3.8,0,0,0.73,3.7,0,7,0.69,3.6,0,1,0.65,3.5,0,17,0.61,3.4,0,60,0.58,3.31,0,30,0.67,3.21,0,0,0.64,3.12,0,60,0.67,3.02,0,31,0.65,2.93,0,16,0.67,2.83,0,30,0.64,2.74,0,60,0.65,2.51,0,150,0.64,2.29,0,91,0.64,2.08,0,10,0.65,1.88,0,90,0.65,1.71,0,274,0.67,1.52,0,91,0.66,1.36,0,203,0.66,1.19,0,66,0.65,1.04,0,48,0.64,0.91,2,149,0.64,0.8,0,141,0.64,0.7,1,74,0.64,0.61,30,217,0.65,0.53,15,84,0.65,0.47,0,205,0.66,0.4,0,208,0.65,0.34,0,192,0.65,0.29,0,124,0.65,0.25,0,98,0.65,0.21,0,265,0.65,0.15,0,117,0.65,0.11,0,102,0.65,0.08,0,85,0.65,0.05,0,34,0.64,0.04,0,150,0.65,0.03,0,1,0.66,0.02,0,0,0.65,0.01,0,2,0.62,0.01,0,0,0.66,0.01,0,0,0.68,0.01,0,0,0.71,0.01,0,0,0.74,0.01,0,0,0.77,0.01,0,167,0.79,0.01,0,181,1.42,0.01,0,0,1.37,0.01,0,0,1.32,0.01,0,80,1.28,0.01,0,0,1.23,0.01,0,0,1.19,0.01,0,0,1.15,0.01,0,0,1.12,0.01,12,44,1.08,0.01,0,0,1.04,0.01,0,3,1.01,0.01,0,6,0.98,0.01,0,5,0.94,0.01,0,7,0.91,0.01,0,27,0.88,0.01,0,30,0.85,0.01,0,0,0.83,0.01,0,0,0.8,0.01,0,0,0.77,0.01,0,10,0.74,0.01,0,0,0.72,0.01,0,0,0.69,0.01,0,0,0.67,0.01,0,0,0.65,0.01,0,60,0.62,0.01,0,30,0.6,0.01,0,71,0.58,0.02,0,82,0.63,0.03,0,65,0.65,0.04,0,48,0.66,0.06,0,142,0.66,0.09,0,100,0.66,0.13,0,184,0.66,0.17,20,184,0.65,0.23,12,97,0.65,0.3,0,344,0.65,0.39,0,123,0.66,0.48,20,16,0.65,0.59,0,138,0.65,0.7,5,174,0.64,0.84,0,240,0.65,0.98,15,253,0.64,1.15,12,295,0.65,1.31,0,0,0.65,1.49,0,15,0.65,1.69,0,96,0.67,1.89,0,2,0.67,2.09,0,30,0.67,2.31,0,2,0.68,2.53,0,0,0.69,2.93,0,0,0.64,3.39,0,2,0.64,3.87,0,0,0.65,4.35,0,0,0.64,4.84,0,0,,5.34,0,0,,5.84,0,0,,6.34,0,0,,6.84,0,0,,7.34,0,0,,7.84,0,0,,8.34,0,0,,8.84,0,0,,9.34,0,0,
2023-01-30 16:00:00,7.05,4.97,0,0,1.18,4.87,0,0,1.09,4.77,0,0,1.0,4.67,0,0,0.88,4.57,0,0,,4.47,0,0,,4.37,0,0,,4.27,0,0,,4.17,0,0,,4.07,0,0,,3.98,0,0,0.86,3.88,0,0,0.81,3.78,0,0,0.76,3.68,0,0,0.71,3.58,0,3,0.65,3.48,0,0,0.58,3.38,0,0,,3.29,0,0,0.73,3.19,0,0,0.69,3.09,0,7,0.65,2.99,0,1,0.62,2.9,0,17,0.68,2.8,0,60,0.65,2.71,0,30,0.68,2.61,0,0,0.64,2.52,0,60,0.66,2.43,0,31,0.67,2.34,0,16,0.67,2.25,0,30,0.67,2.16,0,60,0.66,1.95,0,150,0.67,1.74,8,91,0.65,1.55,0,10,0.66,1.37,0,90,0.66,1.19,0,274,0.64,1.06,0,91,0.66,0.9,0,203,0.64,0.78,4,62,0.64,0.67,15,48,0.64,0.58,1,149,0.65,0.5,0,141,0.66,0.43,18,92,0.66,0.37,1,218,0.66,0.32,9,84,0.67,0.27,5,210,0.67,0.23,0,208,0.67,0.19,0,192,0.67,0.16,0,124,0.67,0.13,0,98,0.66,0.11,0,265,0.67,0.07,0,117,0.65,0.05,0,102,0.66,0.03,0,85,0.65,0.02,0,34,0.65,0.01,0,150,0.62,0.01,0,1,0.66,0.01,0,0,0.69,0.01,0,2,0.72,0.01,0,0,0.75,0.01,0,0,0.78,0.01,0,0,0.81,0.01,0,0,0.84,0.01,0,0,0.87,0.01,0,167,0.89,0.01,0,181,1.38,0.01,0,0,1.33,0.01,0,0,1.28,0.01,0,80,1.23,0.01,0,0,1.19,0.01,0,0,1.15,0.01,0,0,1.1,0.01,0,0,1.07,0.01,0,44,1.03,0.01,0,0,0.99,0.01,0,3,0.96,0.01,0,6,0.92,0.01,0,5,0.89,0.01,0,7,0.86,0.01,0,27,0.83,0.01,0,30,0.8,0.01,0,0,0.77,0.01,0,0,0.74,0.01,0,0,0.71,0.01,0,10,0.68,0.01,0,0,0.66,0.01,0,0,0.63,0.01,0,0,0.61,0.01,0,0,0.58,0.02,16,60,0.63,0.03,0,30,0.65,0.04,0,71,0.66,0.05,0,82,0.67,0.06,0,65,0.66,0.07,0,48,0.66,0.11,0,142,0.67,0.15,1,101,0.66,0.21,0,184,0.66,0.28,12,177,0.67,0.37,10,87,0.67,0.47,11,355,0.67,0.58,5,123,0.67,0.71,1,17,0.67,0.85,0,138,0.67,1.01,5,174,0.68,1.15,0,240,0.66,1.36,0,253,0.69,1.55,0,295,0.7,1.75,0,0,0.71,1.96,0,15,0.72,2.17,0,96,0.73,2.39,0,2,0.73,2.61,0,30,0.74,2.78,0,2,0.67,3.01,0,0,0.66,3.48,0,0,0.66,3.96,0,2,0.65,4.45,0,0,,4.95,0,0,,5.45,0,0,,5.95,0,0,,6.45,0,0,,6.95,0,0,,7.45,0,0,,7.95,0,0,,8.45,0,0,,8.95,0,0,,9.45,0,0,,9.95,0,0,
2023-01-31 16:00:00,6.97,4.89,0,0,1.19,4.79,0,0,1.11,4.69,0,0,1.02,4.59,0,0,0.92,4.49,0,0,,4.39,0,0,,4.29,0,0,,4.19,0,0,,4.09,0,0,,3.99,0,0,,3.9,0,0,0.87,3.8,0,0,0.82,3.7,0,0,0.77,3.6,0,0,0.72,3.5,0,3,0.67,3.4,0,0,0.61,3.3,0,0,0.53,3.21,0,0,0.73,3.11,0,0,0.69,3.01,0,7,0.66,2.91,0,1,0.62,2.82,0,17,0.68,2.72,0,60,0.64,2.63,0,30,0.67,2.53,0,0,0.64,2.44,0,60,0.65,2.35,0,31,0.66,2.26,0,16,0.66,2.17,0,30,0.66,2.08,0,60,0.65,1.87,0,150,0.66,1.67,0,91,0.66,1.45,0,10,0.62,1.27,0,90,0.62,1.11,0,274,0.62,0.97,0,91,0.63,0.84,1,203,0.64,0.73,33,62,0.64,0.62,0,48,0.64,0.53,31,155,0.64,0.45,5,141,0.65,0.38,34,107,0.65,0.32,18,236,0.65,0.28,0,84,0.66,0.24,0,210,0.67,0.2,0,208,0.66,0.17,0,192,0.67,0.14,0,124,0.67,0.12,0,98,0.67,0.1,0,265,0.67,0.07,0,117,0.67,0.05,0,102,0.68,0.03,0,85,0.66,0.02,3,36,0.66,0.01,0,150,0.64,0.01,0,1,0.67,0.01,0,0,0.71,0.01,0,2,0.74,0.01,0,0,0.77,0.01,0,0,0.8,0.01,0,0,0.83,0.01,0,0,0.86,0.01,0,0,0.89,0.01,0,167,0.91,0.01,0,181,1.38,0.01,0,0,1.33,0.01,0,0,1.28,0.01,0,80,1.23,0.01,0,0,1.19,0.01,0,0,1.14,0.01,0,0,1.1,0.01,0,0,1.06,0.01,0,44,1.03,0.01,0,0,0.99,0.01,0,3,0.95,0.01,0,6,0.92,0.01,0,5,0.89,0.01,0,7,0.85,0.01,0,27,0.82,0.01,0,30,0.79,0.01,0,0,0.76,0.01,0,0,0.73,0.01,0,0,0.71,0.01,0,10,0.68,0.01,0,0,0.65,0.01,0,0,0.63,0.01,0,0,0.6,0.02,0,0,0.65,0.03,0,60,0.67,0.04,0,30,0.68,0.05,0,71,0.69,0.06,0,82,0.69,0.07,0,65,0.68,0.08,56,89,0.68,0.12,18,157,0.68,0.16,15,116,0.66,0.23,10,194,0.68,0.3,8,185,0.67,0.39,0,87,0.67,0.5,1,356,0.68,0.62,0,123,0.68,0.75,5,22,0.68,0.9,0,138,0.69,1.06,0,174,0.69,1.23,0,240,0.7,1.41,0,253,0.7,1.61,0,295,0.71,1.81,0,0,0.72,2.02,0,15,0.73,2.24,0,96,0.74,2.47,0,2,0.76,2.62,0,30,0.67,2.85,0,2,0.67,3.08,0,0,0.67,3.55,0,0,0.65,4.04,0,2,0.67,4.53,0,0,,5.03,0,0,,5.53,0,0,,6.03,0,0,,6.53,0,0,,7.03,0,0,,7.53,0,0,,8.03,0,0,,8.53,0,0,,9.03,0,0,,9.53,0,0,,10.03,0,0,
2023-02-01 16:00:00,7.05,4.97,0,0,1.22,4.87,0,0,1.14,4.77,0,0,1.06,4.67,0,0,0.97,4.57,0,0,0.84,4.47,0,0,,4.37,0,0,,4.27,0,0,,4.17,0,0,,4.07,0,0,,3.97,0,0,,3.88,0,0,0.85,3.78,0,0,0.8,3.68,0,0,0.75,3.58,0,3,0.7,3.48,0,0,0.65,3.38,0,0,0.58,3.28,0,0,0.46,3.18,0,0,,3.09,0,7,0.68,2.99,0,1,0.64,2.89,0,17,0.61,2.8,0,60,0.67,2.7,0,30,0.63,2.61,0,0,0.66,2.51,0,60,0.63,2.42,0,31,0.64,2.33,0,16,0.65,2.24,0,30,0.65,2.15,0,60,0.65,1.93,0,150,0.64,1.72,0,91,0.63,1.52,0,10,0.63,1.34,0,90,0.63,1.17,0,274,0.63,1.02,0,91,0.63,0.88,0,203,0.63,0.75,0,62,0.63,0.64,0,48,0.63,0.55,0,155,0.63,0.47,0,141,0.64,0.4,15,122,0.64,0.34,11,241,0.65,0.28,0,84,0.64,0.24,1,211,0.65,0.2,5,213,0.65,0.16,0,192,0.64,0.13,10,124,0.64,0.11,0,98,0.64,0.09,0,265,0.64,0.06,6,123,0.64,0.04,0,102,0.64,0.03,0,85,0.66,0.02,0,36,0.66,0.01,0,150,0.63,0.01,0,1,0.67,0.01,0,0,0.7,0.01,0,2,0.74,0.01,0,0,0.77,0.01,0,0,0.8,0.01,0,0,0.83,0.01,0,0,0.85,0.01,0,0,0.88,0.01,0,167,0.91,0.01,0,181,1.4,0.01,0,0,1.35,0.01,0,0,1.3,0.01,0,80,1.25,0.01,0,0,1.21,0.01,0,0,1.17,0.01,0,0,1.12,0.01,0,0,1.08,0.01,0,44,1.05,0.01,0,0,1.01,0.01,0,3,0.97,0.01,0,6,0.94,0.01,0,5,0.9,0.01,0,7,0.87,0.01,0,27,0.84,0.01,0,30,0.81,0.01,0,0,0.78,0.01,0,0,0.75,0.01,0,0,0.72,0.01,0,10,0.7,0.01,0,0,0.67,0.01,0,0,0.64,0.01,0,0,0.62,0.01,0,0,0.59,0.01,0,60,0.57,0.02,0,30,0.61,0.03,0,71,0.63,0.04,0,82,0.64,0.05,0,65,0.65,0.06,0,89,0.65,0.09,0,157,0.64,0.13,0,116,0.64,0.19,0,194,0.65,0.26,0,185,0.65,0.34,1,86,0.65,0.44,0,356,0.65,0.55,0,123,0.65,0.67,0,22,0.65,0.81,0,138,0.65,0.97,0,174,0.66,1.14,0,240,0.66,1.32,0,253,0.66,1.51,0,295,0.67,1.71,0,0,0.68,1.92,0,15,0.69,2.14,0,96,0.7,2.36,0,2,0.71,2.53,0,30,0.64,2.76,0,2,0.64,2.99,0,0,0.63,3.47,0,0,0.64,3.96,0,2,0.66,4.45,0,0,,4.95,0,0,,5.45,0,0,,5.95,0,0,,6.45,0,0,,6.95,0,0,,7.45,0,0,,7.95,0,0,,8.45,0,0,,8.95,0,0,,9.45,0,0,,9.95,0,0,
2023-02-03 16:00:00,6.82,4.73,0,0,,4.63,0,0,,4.53,0,0,,4.43,0,0,,4.33,0,0,,4.23,0,0,,4.13,0,0,,4.04,0,0,0.96,3.94,0,0,0.91,3.84,0,0,0.86,3.74,0,0,0.82,3.64,0,0,0.77,3.54,0,0,0.72,3.44,0,0,0.66,3.34,0,3,0.6,3.24,0,0,0.52,3.14,0,0,,3.04,0,0,,2.95,0,0,0.68,2.85,0,7,0.65,2.75,0,1,0.62,2.65,0,17,0.58,2.56,0,60,0.64,2.46,0,30,0.61,2.37,0,0,0.64,2.28,0,60,0.65,2.18,0,31,0.62,2.09,0,16,0.62,2.0,0,30,0.62,1.91,0,60,0.62,1.7,0,150,0.62,1.5,0,91,0.63,1.33,1,11,0.65,1.15,0,90,0.64,0.99,0,274,0.63,0.85,0,91,0.64,0.72,0,203,0.63,0.61,0,62,0.63,0.51,0,48,0.63,0.43,0,155,0.63,0.36,1,140,0.64,0.3,5,142,0.64,0.25,0,247,0.64,0.2,2,84,0.63,0.16,50,146,0.63,0.13,1,213,0.63,0.11,0,192,0.64,0.09,0,124,0.64,0.07,0,98,0.63,0.06,57,266,0.64,0.04,0,123,0.65,0.03,0,102,0.66,0.02,0,85,0.66,0.01,1,36,0.64,0.01,0,150,0.68,0.01,0,1,0.72,0.01,0,0,0.75,0.01,0,2,0.78,0.01,0,0,0.82,0.01,0,0,0.85,0.01,0,0,0.88,0.01,0,0,0.91,0.01,0,0,0.93,0.01,0,167,0.96,0.01,0,181,1.39,0.01,0,0,1.34,0.01,0,0,1.29,0.01,0,80,1.24,0.01,0,0,1.2,0.01,0,0,1.15,0.01,0,0,1.11,0.01,0,0,1.07,0.01,0,44,1.03,0.01,0,0,0.99,0.01,0,3,0.96,0.01,0,6,0.92,0.01,0,5,0.89,0.01,0,7,0.85,0.01,0,27,0.82,0.01,0,30,0.79,0.01,0,0,0.76,0.01,0,0,0.73,0.01,0,0,0.7,0.01,0,10,0.67,0.01,0,0,0.65,0.01,0,0,0.62,0.01,0,0,0.59,0.01,0,0,0.57,0.02,0,60,0.61,0.03,0,30,0.63,0.04,0,71,0.64,0.05,0,82,0.64,0.06,0,65,0.64,0.07,0,89,0.64,0.11,0,157,0.64,0.16,34,150,0.64,0.22,90,314,0.64,0.3,0,178,0.64,0.39,53,97,0.64,0.49,41,359,0.63,0.61,45,99,0.63,0.75,50,31,0.63,0.9,0,138,0.62,1.07,0,174,0.63,1.26,0,240,0.64,1.45,0,253,0.64,1.66,0,295,0.66,1.86,0,0,0.65,2.08,0,15,0.66,2.28,0,96,0.64,2.5,0,2,0.63,2.73,0,30,0.62,2.97,0,2,0.64,3.21,0,0,0.64,3.69,0,0,0.63,4.18,0,2,,4.68,0,0,,5.18,0,0,,5.68,0,0,,6.18,0,0,,6.68,0,0,,7.18,0,0,,7.68,0,0,,8.18,0,0,,8.68,0,0,,9.18,0,0,,9.68,0,0,,10.18,0,0,
2023-02-06 16:00:00,6.33,4.24,0,0,,4.14,0,0,,4.04,0,0,,3.94,0,0,,3.84,0,0,,3.74,0,0,,3.64,0,0,,3.54,0,0,,3.45,0,0,0.89,3.35,0,0,0.84,3.25,0,0,0.8,3.15,0,0,0.75,3.05,0,0,0.71,2.95,0,0,0.66,2.85,0,3,0.61,2.75,0,0,0.56,2.66,0,0,0.71,2.56,0,0,0.67,2.46,0,0,0.64,2.37,0,7,0.68,2.27,0,1,0.65,2.18,0,17,0.67,2.09,0,60,0.68,1.99,0,30,0.64,1.9,0,0,0.65,1.82,0,60,0.67,1.73,0,31,0.66,1.65,0,16,0.67,1.56,0,30,0.66,1.48,0,60,0.66,1.31,0,150,0.69,1.13,0,91,0.68,0.96,136,36,0.67,0.81,0,90,0.66,0.68,51,289,0.66,0.56,0,91,0.65,0.47,5,203,0.65,0.38,10,62,0.64,0.32,20,48,0.66,0.26,0,155,0.65,0.22,25,158,0.67,0.18,15,142,0.67,0.15,8,250,0.68,0.12,0,84,0.67,0.1,0,146,0.68,0.08,0,213,0.68,0.06,0,192,0.67,0.05,0,124,0.67,0.04,0,98,0.67,0.03,1,265,0.67,0.02,0,123,0.67,0.01,0,102,0.65,0.01,0,85,0.7,0.01,0,36,0.74,0.01,0,150,0.78,0.01,0,1,0.82,0.01,0,0,0.85,0.01,0,2,0.89,0.01,0,0,0.92,0.01,0,0,0.95,0.01,0,0,0.98,0.01,0,0,1.01,0.01,0,0,1.04,0.01,0,167,1.06,0.01,0,181,1.36,0.01,0,0,1.3,0.01,0,0,1.25,0.01,0,80,1.2,0.01,0,0,1.16,0.01,0,0,1.11,0.01,0,0,1.07,0.01,0,0,1.02,0.01,0,44,0.98,0.01,0,0,0.95,0.01,0,3,0.91,0.01,0,6,0.87,0.01,0,5,0.84,0.01,0,7,0.8,0.01,1,28,0.77,0.01,0,30,0.74,0.01,10,10,0.71,0.01,0,0,0.67,0.01,0,0,0.64,0.01,1,11,0.61,0.02,0,0,0.66,0.03,0,0,0.68,0.04,0,0,0.69,0.05,0,0,0.69,0.06,0,60,0.69,0.07,0,30,0.68,0.08,1,70,0.67,0.1,0,82,0.68,0.11,0,65,0.67,0.13,2,89,0.67,0.19,1,156,0.67,0.27,2,150,0.68,0.36,5,319,0.68,0.46,17,182,0.67,0.58,6,97,0.67,0.71,301,241,0.66,0.86,0,99,0.65,1.03,0,31,0.66,1.21,40,178,0.66,1.41,0,174,0.67,1.61,0,240,0.67,1.83,0,253,0.68,2.03,0,295,0.66,2.25,0,0,0.66,2.48,0,15,0.66,2.71,0,96,0.65,2.95,0,2,0.66,3.19,0,30,0.66,3.43,0,2,0.65,3.68,0,0,0.68,4.17,0,0,,4.67,0,2,,5.17,0,0,,5.67,0,0,,6.17,0,0,,6.67,0,0,,7.17,0,0,,7.67,0,0,,8.17,0,0,,8.67,0,0,,9.17,0,0,,9.67,0,0,,10.17,0,0,,10.67,0,0,
2023-02-07 16:00:00,6.34,4.25,0,0,,4.15,0,0,,4.05,0,0,,3.95,0,0,,3.85,0,0,,3.75,0,0,,3.65,0,0,,3.55,0,0,,3.45,0,0,,3.36,0,0,0.86,3.26,0,0,0.81,3.16,0,0,0.77,3.06,0,0,0.72,2.96,0,0,0.68,2.86,0,3,0.63,2.76,0,0,0.59,2.66,0,0,0.54,2.57,0,0,0.69,2.47,0,0,0.65,2.37,0,7,0.62,2.28,0,1,0.66,2.18,0,17,0.63,2.09,0,60,0.65,2.0,0,30,0.65,1.91,0,0,0.66,1.82,0,60,0.65,1.73,0,31,0.64,1.64,0,16,0.63,1.56,0,30,0.64,1.48,0,60,0.65,1.31,0,150,0.68,1.12,0,91,0.66,0.95,0,36,0.65,0.8,0,90,0.65,0.66,0,289,0.63,0.55,0,91,0.64,0.45,15,210,0.63,0.37,10,72,0.64,0.31,0,48,0.65,0.25,9,164,0.65,0.21,15,173,0.66,0.17,2,144,0.66,0.13,0,250,0.65,0.11,0,84,0.66,0.09,0,146,0.66,0.07,0,213,0.66,0.06,0,192,0.67,0.04,0,124,0.65,0.03,0,98,0.64,0.02,0,265,0.63,0.01,0,123,0.61,0.01,0,102,0.66,0.01,50,85,0.7,0.01,0,36,0.74,0.01,0,150,0.78,0.01,0,1,0.82,0.01,0,0,0.86,0.01,0,2,0.89,0.01,0,0,0.93,0.01,0,0,0.96,0.01,0,0,0.99,0.01,0,0,1.02,0.01,0,0,1.05,0.01,0,167,1.07,0.01,0,181,1.37,0.01,0,0,1.32,0.01,0,0,1.27,0.01,0,80,1.22,0.01,0,0,1.17,0.01,0,0,1.12,0.01,0,0,1.08,0.01,10,10,1.04,0.01,0,44,1.0,0.01,0,0,0.96,0.01,0,3,0.92,0.01,0,6,0.88,0.01,0,5,0.85,0.01,0,7,0.81,0.01,0,28,0.78,0.01,0,30,0.75,0.01,0,10,0.71,0.01,0,0,0.68,0.01,0,0,0.65,0.01,0,11,0.62,0.01,0,0,0.59,0.02,0,0,0.63,0.03,0,0,0.66,0.04,0,0,0.66,0.05,0,60,0.67,0.06,0,30,0.66,0.07,0,70,0.66,0.09,0,82,0.67,0.1,15,80,0.65,0.12,15,89,0.66,0.17,0,156,0.65,0.25,0,150,0.66,0.34,0,319,0.66,0.44,0,182,0.66,0.56,4,97,0.65,0.69,0,241,0.65,0.84,0,99,0.64,1.01,1,31,0.65,1.19,0,178,0.65,1.39,0,174,0.66,1.6,0,240,0.67,1.81,0,253,0.67,2.01,0,295,0.65,2.23,0,0,0.64,2.46,0,15,0.64,2.7,0,96,0.65,2.94,0,2,0.66,3.18,0,30,0.66,3.42,0,2,0.65,3.66,0,0,,4.16,0,0,,4.66,0,2,,5.16,0,0,,5.66,0,0,,6.16,0,0,,6.66,0,0,,7.16,0,0,,7.66,0,0,,8.16,0,0,,8.66,0,0,,9.16,0,0,,9.66,0,0,,10.16,0,0,,10.66,0,0,
2023-02-08 16:00:00,6.11,4.02,0,0,,3.92,0,0,,3.82,0,0,,3.72,0,0,,3.62,0,0,,3.52,0,0,,3.42,0,0,,3.32,0,0,,3.22,0,0,,3.13,0,0,0.84,3.03,0,0,0.79,2.93,0,0,0.75,2.83,0,0,0.7,2.73,0,0,0.66,2.63,0,3,0.62,2.53,0,0,0.57,2.44,0,0,0.69,2.34,0,0,0.66,2.24,0,0,0.62,2.15,0,7,0.66,2.05,0,1,0.62,1.96,0,17,0.64,1.87,0,60,0.65,1.78,0,30,0.65,1.69,0,0,0.64,1.6,0,60,0.63,1.52,0,31,0.65,1.43,0,16,0.63,1.35,0,30,0.63,1.28,0,60,0.65,1.09,0,150,0.64,0.92,0,91,0.63,0.77,0,36,0.63,0.63,0,90,0.62,0.52,5,294,0.63,0.42,2,93,0.62,0.34,5,215,0.62,0.28,23,87,0.63,0.23,0,48,0.64,0.18,45,209,0.64,0.14,15,188,0.64,0.11,22,141,0.64,0.09,7,256,0.65,0.07,0,84,0.64,0.06,0,146,0.66,0.04,0,213,0.64,0.03,0,192,0.63,0.02,0,124,0.62,0.01,0,98,0.58,0.01,0,265,0.61,0.01,0,123,0.66,0.01,0,102,0.71,0.01,0,85,0.75,0.01,0,36,0.79,0.01,0,150,0.83,0.01,0,1,0.87,0.01,0,0,0.91,0.01,0,2,0.94,0.01,0,0,0.97,0.01,0,0,1.01,0.01,0,0,1.04,0.01,0,0,1.07,0.01,0,0,1.09,0.01,0,167,1.12,0.01,0,181,1.35,0.01,0,0,1.29,0.01,0,0,1.24,0.01,0,80,1.19,0.01,0,0,1.14,0.01,0,0,1.1,0.01,0,0,1.05,0.01,0,10,1.01,0.01,0,44,0.97,0.01,0,0,0.93,0.01,0,3,0.89,0.01,0,6,0.85,0.01,0,5,0.82,0.01,0,7,0.78,0.01,0,28,0.75,0.01,0,30,0.71,0.01,0,10,0.68,0.01,0,0,0.65,0.01,0,0,0.62,0.01,0,11,0.58,0.02,0,0,0.63,0.03,0,0,0.65,0.04,0,0,0.66,0.05,0,0,0.66,0.06,0,60,0.65,0.07,10,30,0.64,0.09,0,70,0.65,0.1,12,82,0.64,0.12,0,80,0.64,0.14,1,89,0.64,0.21,0,156,0.64,0.3,37,151,0.65,0.4,0,319,0.65,0.52,67,167,0.65,0.65,0,97,0.64,0.81,10,231,0.65,0.98,0,99,0.66,1.17,0,31,0.67,1.36,30,208,0.67,1.58,0,174,0.7,1.79,0,240,0.7,1.97,3,250,0.63,2.2,0,295,0.64,2.43,0,0,0.64,2.67,0,15,0.65,2.91,0,96,0.65,3.15,0,2,0.64,3.39,0,30,,3.64,0,2,,3.89,0,0,,4.39,0,0,,4.89,2,0,,5.39,0,0,,5.89,0,0,,6.39,0,0,,6.89,0,0,,7.39,0,0,,7.89,0,0,,8.39,0,0,,8.89,0,0,,9.39,0,0,,9.89,0,0,,10.39,0,0,,10.89,0,0,
2023-02-09 16:00:00,6.38,4.29,0,0,,4.19,0,0,,4.09,0,0,,3.99,0,0,,3.89,0,0,,3.79,0,0,,3.69,0,0,,3.59,0,0,,3.49,0,0,,3.39,0,0,,3.3,0,0,0.85,3.2,0,0,0.81,3.1,0,0,0.76,3.0,0,0,0.72,2.9,0,3,0.67,2.8,0,0,0.63,2.7,0,0,0.59,2.6,0,0,0.54,2.51,0,0,0.68,2.41,0,7,0.64,2.31,0,1,0.61,2.22,0,17,0.65,2.12,0,60,0.62,2.03,0,30,0.64,1.94,0,0,0.64,1.85,0,60,0.64,1.76,0,31,0.64,1.67,0,16,0.63,1.59,0,30,0.65,1.51,0,60,0.65,1.31,0,150,0.65,1.14,0,91,0.66,0.97,1,36,0.66,0.82,0,90,0.65,0.69,21,315,0.66,0.56,1,93,0.64,0.47,1,216,0.65,0.39,0,87,0.65,0.32,45,90,0.66,0.25,27,221,0.64,0.21,0,188,0.66,0.16,10,141,0.64,0.13,5,261,0.65,0.1,0,84,0.64,0.08,0,146,0.65,0.07,11,204,0.66,0.05,0,192,0.65,0.04,1,124,0.65,0.03,0,98,0.65,0.02,10,255,0.63,0.01,0,123,0.62,0.01,0,102,0.67,0.01,0,85,0.71,0.01,0,36,0.75,0.01,0,150,0.79,0.01,0,1,0.83,0.01,0,0,0.87,0.01,0,2,0.9,0.01,0,0,0.94,0.01,0,0,0.97,0.01,0,0,1.0,0.01,0,0,1.03,0.01,0,0,1.06,0.01,0,167,1.09,0.01,0,181,1.41,0.01,0,0,1.35,0.01,0,0,1.3,0.01,0,80,1.25,0.01,0,0,1.2,0.01,0,0,1.15,0.01,0,0,1.11,0.01,0,10,1.06,0.01,0,44,1.02,0.01,0,0,0.98,0.01,0,3,0.94,0.01,0,6,0.91,0.01,0,5,0.87,0.01,0,7,0.83,0.01,0,28,0.8,0.01,0,30,0.77,0.01,0,10,0.74,0.01,0,0,0.7,0.01,0,0,0.67,0.01,0,11,0.64,0.01,0,0,0.61,0.01,0,0,0.58,0.02,0,0,0.62,0.03,0,0,0.64,0.04,0,60,0.65,0.05,0,30,0.65,0.06,0,70,0.65,0.07,0,82,0.64,0.09,0,80,0.65,0.11,0,89,0.66,0.16,0,156,0.66,0.23,0,151,0.66,0.31,3,322,0.65,0.41,35,177,0.65,0.52,45,97,0.64,0.66,1,230,0.65,0.81,0,99,0.65,0.98,0,31,0.65,1.17,31,178,0.67,1.36,1,175,0.67,1.56,0,240,0.67,1.78,0,250,0.69,2.0,0,295,0.7,2.19,0,0,0.64,2.42,0,15,0.64,2.66,0,96,0.66,2.89,0,2,0.63,3.13,0,30,0.62,3.38,0,2,0.65,3.62,0,0,,4.12,0,0,,4.62,0,0,,5.12,0,0,,5.62,0,0,,6.12,0,0,,6.62,0,0,,7.12,0,0,,7.62,0,0,,8.12,0,0,,8.62,0,0,,9.12,0,0,,9.62,0,0,,10.12,0,0,,10.62,0,0,
2023-02-10 16:00:00,6.05,3.96,0,0,,3.86,0,0,,3.76,0,0,,3.66,0,0,,3.56,0,0,,3.46,0,0,,3.36,0,0,,3.26,0,0,,3.16,0,0,,3.06,0,0,,2.97,0,0,0.81,2.87,0,0,0.77,2.77,0,0,0.72,2.67,0,0,0.68,2.57,0,3,0.64,2.47,0,0,0.6,2.38,0,0,0.7,2.28,0,0,0.67,2.18,0,0,0.63,2.09,0,7,0.67,1.99,0,1,0.63,1.9,0,17,0.65,1.81,0,60,0.65,1.72,0,30,0.65,1.63,0,0,0.64,1.55,0,60,0.66,1.46,0,31,0.65,1.38,0,16,0.65,1.3,0,30,0.65,1.25,1,60,0.7,1.06,0,150,0.67,0.89,0,91,0.66,0.74,0,36,0.66,0.61,15,105,0.65,0.5,35,314,0.65,0.4,5,98,0.64,0.33,0,216,0.65,0.27,62,144,0.66,0.21,5,90,0.65,0.17,0,221,0.66,0.13,0,188,0.65,0.11,4,145,0.67,0.08,0,261,0.65,0.07,0,84,0.67,0.05,0,146,0.66,0.04,0,204,0.67,0.03,0,192,0.66,0.02,0,124,0.65,0.01,0,98,0.61,0.01,0,255,0.63,0.01,6,118,0.68,0.01,6,102,0.73,0.01,0,85,0.78,0.01,0,36,0.82,0.01,0,150,0.86,0.01,0,1,0.9,0.01,0,0,0.94,0.01,0,2,0.97,0.01,0,0,1.01,0.01,0,0,1.04,0.01,0,0,1.07,0.01,0,0,1.1,0.01,0,0,1.13,0.01,0,167,1.16,0.01,0,181,1.37,0.01,0,0,1.31,0.01,0,0,1.26,0.01,0,80,1.2,0.01,0,0,1.16,0.01,0,0,1.11,0.01,0,0,1.06,0.01,0,10,1.02,0.01,0,44,0.98,0.01,0,0,0.94,0.01,0,3,0.9,0.01,0,6,0.86,0.01,0,5,0.82,0.01,0,7,0.79,0.01,0,28,0.75,0.01,0,30,0.72,0.01,0,10,0.68,0.01,0,0,0.65,0.01,0,0,0.62,0.01,2,13,0.59,0.02,0,0,0.63,0.03,0,0,0.65,0.04,20,20,0.66,0.05,0,0,0.65,0.06,0,60,0.65,0.08,0,30,0.67,0.09,1,71,0.65,0.11,0,82,0.66,0.12,19,99,0.63,0.15,0,89,0.65,0.22,0,156,0.65,0.31,56,207,0.66,0.41,7,315,0.65,0.53,1,178,0.65,0.67,11,86,0.65,0.83,0,230,0.65,1.0,0,99,0.65,1.19,30,45,0.66,1.38,35,213,0.65,1.6,0,175,0.67,1.82,0,240,0.68,2.02,0,250,0.64,2.25,0,295,0.64,2.49,0,0,0.66,2.72,0,15,0.64,2.96,0,96,0.63,3.21,0,2,0.66,3.45,0,30,,3.74,99,99,0.85,3.95,0,0,,4.45,0,0,,4.95,0,0,,5.45,0,0,,5.95,0,0,,6.45,0,0,,6.95,0,0,,7.45,0,0,,7.95,0,0,,8.45,0,0,,8.95,0,0,,9.45,0,0,,9.95,0,0,,10.45,0,0,,10.95,0,0,
2023-02-15 16:00:00,5.7,3.61,0,0,1.04,3.51,0,0,0.94,3.41,0,0,0.79,3.31,0,0,,3.21,0,0,,3.11,0,0,,3.01,0,0,,2.91,0,0,,2.81,0,0,,2.71,0,0,,2.61,0,0,,2.52,0,0,0.78,2.42,0,0,0.73,2.32,0,0,0.69,2.22,0,3,0.65,2.12,0,0,0.61,2.03,0,0,0.69,1.93,0,0,0.65,1.84,0,0,0.68,1.74,0,7,0.64,1.65,0,1,0.65,1.56,0,17,0.65,1.47,0,60,0.64,1.38,0,30,0.63,1.3,0,0,0.65,1.22,0,60,0.65,1.17,0,31,0.71,1.09,0,16,0.7,1.01,0,30,0.68,0.93,0,60,0.66,0.76,0,150,0.65,0.61,5,91,0.64,0.49,11,41,0.64,0.39,22,126,0.64,0.3,2,327,0.63,0.23,11,114,0.63,0.19,15,231,0.65,0.15,20,129,0.66,0.11,0,90,0.65,0.09,40,221,0.67,0.06,0,188,0.65,0.05,4,149,0.66,0.04,0,261,0.67,0.03,0,84,0.68,0.02,0,146,0.66,0.01,0,204,0.62,0.01,0,192,0.65,0.01,0,124,0.68,0.01,0,98,0.71,0.01,57,255,0.74,0.01,1,119,0.79,0.01,0,102,0.85,0.01,0,85,0.89,0.01,0,36,0.94,0.01,0,150,0.98,0.01,0,1,1.02,0.01,0,0,1.06,0.01,0,2,1.1,0.01,0,0,1.13,0.01,0,0,1.17,0.01,0,0,1.2,0.01,0,0,1.23,0.01,0,0,1.26,0.01,0,167,1.29,0.01,0,181,1.38,0.01,0,0,1.32,0.01,0,0,1.26,0.01,0,80,1.21,0.01,0,0,1.16,0.01,0,0,1.11,0.01,0,0,1.06,0.01,0,10,1.01,0.01,0,44,0.97,0.01,0,0,0.92,0.01,0,3,0.88,0.01,0,6,0.84,0.01,0,5,0.8,0.01,0,7,0.76,0.01,0,28,0.72,0.01,0,30,0.68,0.01,0,10,0.65,0.01,0,0,0.61,0.02,0,0,0.66,0.03,2,13,0.67,0.04,0,0,0.68,0.05,5,5,0.68,0.06,0,20,0.67,0.07,0,0,0.66,0.08,0,60,0.64,0.1,45,55,0.65,0.13,34,86,0.67,0.15,0,88,0.66,0.18,0,127,0.66,0.2,7,179,0.65,0.3,24,166,0.67,0.41,2,208,0.67,0.53,5,297,0.65,0.68,2,253,0.66,0.85,0,86,0.67,1.02,0,230,0.65,1.22,0,99,0.66,1.43,0,45,0.67,1.63,0,213,0.64,1.86,0,175,0.65,2.09,0,240,0.65,2.32,0,250,0.63,2.56,0,295,0.62,2.81,0,0,0.66,3.05,0,15,,3.3,0,96,,3.55,0,2,,3.8,0,30,,4.05,0,99,,4.3,0,0,,4.8,0,0,,5.3,0,0,,5.8,0,0,,6.3,0,0,,6.8,0,0,,7.3,0,0,,7.8,0,0,,8.3,0,0,,8.8,0,0,,9.3,0,0,,9.8,0,0,,10.3,0,0,,10.8,0,0,,11.3,0,0,
2023-02-16 16:00:00,5.9,3.81,0,0,1.11,3.71,0,0,1.01,3.61,0,0,0.9,3.51,0,0,,3.41,0,0,,3.31,0,0,,3.21,0,0,,3.11,0,0,,3.01,0,0,,2.91,0,0,,2.81,0,0,,2.71,0,0,,2.62,0,0,0.79,2.52,0,0,0.74,2.42,0,3,0.7,2.32,0,0,0.66,2.22,0,0,0.62,2.12,0,0,0.58,2.03,0,0,0.66,1.93,0,7,0.62,1.84,0,1,0.65,1.75,0,17,0.67,1.65,0,60,0.63,1.56,0,30,0.63,1.48,0,0,0.66,1.39,0,60,0.64,1.31,0,31,0.65,1.23,0,16,0.65,1.17,0,30,0.69,1.09,0,60,0.68,0.91,0,150,0.67,0.75,0,91,0.66,0.61,4,45,0.66,0.49,3,126,0.65,0.39,18,328,0.65,0.31,26,126,0.65,0.24,110,221,0.65,0.19,63,164,0.66,0.15,188,236,0.66,0.11,0,221,0.65,0.09,0,188,0.67,0.07,8,149,0.67,0.05,0,261,0.66,0.04,0,84,0.67,0.03,0,146,0.67,0.02,2,206,0.66,0.01,0,192,0.62,0.01,0,124,0.65,0.01,0,98,0.68,0.01,0,255,0.71,0.01,0,119,0.76,0.01,0,102,0.81,0.01,2,85,0.86,0.01,0,36,0.91,0.01,0,150,0.95,0.01,0,1,0.99,0.01,0,0,1.03,0.01,0,2,1.07,0.01,0,0,1.11,0.01,0,0,1.14,0.01,0,0,1.17,0.01,0,0,1.2,0.01,0,0,1.24,0.01,0,167,1.27,0.01,0,181,1.43,0.01,0,0,1.37,0.01,0,0,1.31,0.01,0,80,1.26,0.01,0,0,1.21,0.01,0,0,1.16,0.01,0,0,1.11,0.01,0,10,1.06,0.01,0,44,1.02,0.01,0,0,0.97,0.01,0,3,0.93,0.01,0,6,0.89,0.01,0,5,0.85,0.01,0,7,0.81,0.01,0,28,0.77,0.01,0,30,0.74,0.01,0,10,0.7,0.01,0,0,0.66,0.01,0,0,0.63,0.01,0,13,0.59,0.02,0,0,0.64,0.03,0,5,0.66,0.04,0,20,0.66,0.05,0,0,0.66,0.06,0,60,0.65,0.08,0,55,0.67,0.09,0,86,0.65,0.11,0,88,0.65,0.13,5,132,0.65,0.16,0,179,0.66,0.23,0,166,0.65,0.33,140,221,0.66,0.44,5,300,0.66,0.56,47,300,0.64,0.72,0,86,0.65,0.88,0,230,0.64,1.07,0,99,0.66,1.27,0,45,0.66,1.48,0,213,0.67,1.68,0,175,0.64,1.91,0,240,0.65,2.14,0,250,0.65,2.38,0,295,0.66,2.62,0,0,0.67,2.86,0,15,0.66,3.1,0,96,,3.35,0,2,,3.6,0,30,,3.85,0,99,,4.1,0,0,,4.6,0,0,,5.1,0,0,,5.6,0,0,,6.1,0,0,,6.6,0,0,,7.1,0,0,,7.6,0,0,,8.1,0,0,,8.6,0,0,,9.1,0,0,,9.6,0,0,,10.1,0,0,,10.6,0,0,,11.1,0,0,
2023-02-17 16:00:00,6.01,3.92,0,0,1.16,3.82,0,0,1.07,3.72,0,0,0.97,3.62,0,0,0.84,3.52,0,0,,3.42,0,0,,3.32,0,0,,3.22,0,0,,3.12,0,0,,3.02,0,0,,2.92,0,0,,2.82,0,0,,2.72,0,0,,2.63,0,0,0.78,2.53,0,3,0.74,2.43,0,0,0.69,2.33,0,0,0.65,2.23,0,0,0.61,2.14,0,0,0.7,2.04,0,7,0.66,1.94,0,1,0.62,1.85,0,17,0.65,1.76,0,60,0.66,1.67,0,30,0.67,1.58,0,0,0.66,1.49,0,60,0.65,1.4,0,31,0.64,1.32,0,16,0.65,1.24,0,30,0.65,1.2,0,60,0.73,1.01,0,150,0.7,0.84,0,91,0.69,0.69,0,45,0.68,0.56,174,176,0.67,0.44,37,360,0.66,0.35,27,137,0.66,0.28,23,213,0.66,0.22,0,164,0.66,0.17,5,236,0.66,0.13,0,221,0.66,0.1,5,188,0.66,0.08,4,153,0.67,0.06,0,261,0.67,0.05,0,84,0.68,0.04,0,146,0.69,0.03,0,206,0.69,0.02,0,192,0.68,0.01,0,124,0.64,0.01,0,98,0.67,0.01,0,255,0.69,0.01,0,119,0.75,0.01,0,102,0.8,0.01,0,85,0.85,0.01,0,36,0.9,0.01,0,150,0.94,0.01,0,1,0.98,0.01,0,0,1.02,0.01,0,2,1.06,0.01,0,0,1.1,0.01,0,0,1.13,0.01,0,0,1.17,0.01,0,0,1.2,0.01,0,0,1.23,0.01,0,167,1.26,0.01,0,181,1.47,0.01,0,0,1.41,0.01,0,0,1.35,0.01,0,80,1.3,0.01,0,0,1.24,0.01,0,0,1.19,0.01,0,0,1.14,0.01,0,10,1.09,0.01,0,44,1.05,0.01,0,0,1.01,0.01,0,3,0.96,0.01,0,6,0.92,0.01,0,5,0.88,0.01,0,7,0.84,0.01,0,28,0.81,0.01,0,30,0.77,0.01,0,10,0.73,0.01,0,0,0.69,0.01,0,0,0.66,0.01,0,13,0.62,0.01,0,0,0.59,0.02,0,5,0.63,0.03,0,20,0.65,0.04,0,0,0.66,0.05,0,60,0.66,0.07,0,55,0.68,0.08,15,101,0.67,0.1,0,88,0.67,0.12,0,132,0.67,0.14,0,179,0.67,0.2,20,176,0.66,0.29,15,225,0.66,0.39,0,300,0.66,0.5,82,300,0.64,0.64,0,86,0.64,0.8,0,230,0.64,0.98,5,99,0.64,1.18,0,45,0.65,1.38,0,213,0.65,1.59,1,174,0.65,1.81,0,240,0.65,2.04,0,250,0.65,2.27,0,295,0.64,2.51,0,0,0.65,2.75,0,15,0.64,3.0,0,96,0.68,3.24,0,2,,3.49,0,30,,3.74,0,99,,3.99,0,0,,4.49,0,0,,4.99,0,0,,5.49,0,0,,5.99,0,0,,6.49,0,0,,6.99,0,0,,7.49,0,0,,7.99,0,0,,8.49,0,0,,8.99,0,0,,9.49,0,0,,9.99,0,0,,10.49,0,0,,10.99,0,0,
2023-02-22 16:00:00,5.79,3.7,0,0,1.27,3.6,0,0,1.19,3.5,0,0,1.12,3.4,0,0,1.04,3.3,0,0,0.97,3.2,0,0,0.89,3.1,0,0,0.79,3.0,0,0,,2.9,0,0,,2.8,0,0,,2.7,0,0,,2.6,0,0,,2.5,0,0,,2.4,0,0,,2.3,0,3,,2.21,0,0,0.73,2.11,0,0,0.68,2.01,0,0,0.64,1.91,0,0,0.6,1.82,0,7,0.67,1.72,0,1,0.63,1.63,0,17,0.65,1.54,0,60,0.66,1.45,0,30,0.66,1.36,0,0,0.65,1.28,0,60,0.67,1.19,0,31,0.65,1.11,0,16,0.65,1.06,0,30,0.71,0.98,40,60,0.69,0.8,0,150,0.68,0.65,0,91,0.68,0.51,0,45,0.66,0.4,10,119,0.66,0.31,0,356,0.66,0.24,42,166,0.66,0.18,0,213,0.66,0.14,0,154,0.67,0.1,0,236,0.66,0.08,60,237,0.68,0.06,0,189,0.68,0.04,0,153,0.67,0.03,5,261,0.67,0.02,0,84,0.66,0.01,0,146,0.63,0.01,0,206,0.66,0.01,0,192,0.7,0.01,0,124,0.73,0.01,0,98,0.76,0.01,0,255,0.79,0.01,0,119,0.85,0.01,0,102,0.9,0.01,0,101,0.96,0.01,0,36,1.01,0.01,0,150,1.05,0.01,0,1,1.1,0.01,0,0,1.14,0.01,0,2,1.18,0.01,0,0,1.22,0.01,0,0,1.26,0.01,0,0,1.29,0.01,0,0,1.33,0.01,0,0,1.36,0.01,0,167,1.39,0.01,0,181,1.52,0.01,0,0,1.46,0.01,0,0,1.4,0.01,0,80,1.34,0.01,0,0,1.28,0.01,0,0,1.23,0.01,0,0,1.17,0.01,0,10,1.12,0.01,0,44,1.07,0.01,0,0,1.03,0.01,0,3,0.98,0.01,0,6,0.94,0.01,0,5,0.89,0.01,0,7,0.85,0.01,0,28,0.81,0.01,0,30,0.77,0.01,0,10,0.73,0.01,0,0,0.69,0.01,0,0,0.65,0.01,13,14,0.62,0.02,0,0,0.66,0.03,0,12,0.68,0.04,0,20,0.68,0.05,0,0,0.68,0.06,0,60,0.67,0.08,0,55,0.69,0.09,0,101,0.67,0.11,0,93,0.67,0.13,0,133,0.66,0.16,4,184,0.67,0.24,0,182,0.67,0.34,15,225,0.67,0.45,3,304,0.66,0.59,80,262,0.66,0.75,2,91,0.66,0.93,10,230,0.66,1.12,0,99,0.66,1.34,28,73,0.69,1.54,0,213,0.66,1.76,0,174,0.65,1.99,0,240,0.64,2.23,0,250,0.65,2.47,0,295,0.64,2.72,0,0,0.69,2.96,0,15,,3.21,0,96,,3.46,0,2,,3.71,0,30,,3.96,0,99,,4.21,0,0,,4.71,0,0,,5.21,0,0,,5.71,0,0,,6.21,0,0,,6.71,0,0,,7.21,0,0,,7.71,0,0,,8.21,0,0,,8.71,0,0,,9.21,0,0,,9.71,0,0,,10.21,0,0,,10.71,0,0,,11.21,0,0,
2023-02-23 16:00:00,5.9,3.81,0,0,1.32,3.71,0,0,1.24,3.61,0,0,1.17,3.51,0,0,1.1,3.41,0,0,1.02,3.31,0,0,0.95,3.21,0,0,0.86,3.11,0,0,0.76,3.01,0,0,,2.91,0,0,,2.81,0,0,,2.71,0,0,,2.61,0,0,,2.51,0,0,,2.41,0,3,,2.31,0,0,,2.22,0,0,0.72,2.12,0,0,0.68,2.02,0,0,0.64,1.92,0,7,0.6,1.83,0,1,0.67,1.73,0,17,0.63,1.64,0,60,0.65,1.55,0,30,0.66,1.46,0,0,0.66,1.37,0,60,0.65,1.28,0,31,0.64,1.2,0,16,0.65,1.12,0,30,0.65,1.07,0,60,0.71,0.88,0,150,0.68,0.72,300,364,0.68,0.57,80,89,0.66,0.44,14,121,0.65,0.35,26,370,0.66,0.27,0,166,0.66,0.2,0,213,0.65,0.15,5,154,0.65,0.11,60,217,0.65,0.08,45,282,0.65,0.06,5,189,0.65,0.05,0,153,0.68,0.03,0,261,0.65,0.02,0,84,0.64,0.01,0,146,0.61,0.01,0,206,0.65,0.01,0,192,0.68,0.01,0,124,0.71,0.01,0,98,0.75,0.01,0,255,0.78,0.01,0,119,0.84,0.01,0,102,0.89,0.01,0,101,0.95,0.01,0,36,1.0,0.01,0,150,1.04,0.01,0,1,1.09,0.01,0,0,1.13,0.01,0,2,1.17,0.01,0,0,1.21,0.01,0,0,1.25,0.01,0,0,1.29,0.01,0,0,1.32,0.01,0,0,1.35,0.01,0,167,1.39,0.01,0,181,1.57,0.01,0,0,1.5,0.01,0,0,1.44,0.01,0,80,1.38,0.01,0,0,1.32,0.01,0,0,1.27,0.01,0,0,1.21,0.01,0,10,1.16,0.01,0,44,1.11,0.01,0,0,1.07,0.01,0,3,1.02,0.01,0,6,0.98,0.01,0,5,0.93,0.01,0,7,0.89,0.01,0,28,0.85,0.01,0,30,0.8,0.01,0,10,0.76,0.01,0,0,0.73,0.01,0,0,0.69,0.01,0,14,0.65,0.01,0,0,0.61,0.02,0,12,0.66,0.03,0,20,0.68,0.04,0,0,0.68,0.05,0,60,0.68,0.06,0,55,0.67,0.07,0,101,0.66,0.09,0,93,0.67,0.11,0,133,0.67,0.13,90,136,0.66,0.2,5,182,0.66,0.29,130,292,0.66,0.39,5,309,0.65,0.52,0,262,0.65,0.67,0,91,0.64,0.84,0,230,0.64,1.02,0,99,0.63,1.23,0,73,0.65,1.44,0,213,0.65,1.66,0,174,0.65,1.89,0,240,0.65,2.13,0,250,0.67,2.36,0,295,0.62,2.61,0,0,0.67,2.85,0,15,,3.1,0,96,,3.35,0,2,,3.6,0,30,,3.85,0,99,,4.1,0,0,,4.6,0,0,,5.1,0,0,,5.6,0,0,,6.1,0,0,,6.6,0,0,,7.1,0,0,,7.6,0,0,,8.1,0,0,,8.6,0,0,,9.1,0,0,,9.6,0,0,,10.1,0,0,,10.6,0,0,,11.1,0,0,
2023-02-24 16:00:00,5.71,3.62,0,0,1.32,3.52,0,0,1.24,3.42,0,0,1.17,3.32,0,0,1.09,3.22,0,0,1.02,3.12,0,0,0.95,3.02,0,0,0.88,2.92,0,0,0.8,2.82,0,0,0.68,2.72,0,0,,2.62,0,0,,2.52,0,0,,2.42,0,0,,2.32,0,0,,2.22,0,3,,2.13,0,0,0.74,2.03,0,0,0.7,1.93,0,0,0.65,1.83,0,0,0.61,1.74,0,7,0.67,1.64,0,1,0.63,1.55,0,17,0.65,1.46,0,60,0.66,1.37,0,30,0.66,1.28,1,1,0.65,1.2,0,60,0.66,1.12,0,31,0.67,1.05,0,16,0.69,0.97,0,30,0.68,0.9,0,60,0.68,0.73,0,150,0.67,0.57,86,324,0.65,0.45,80,46,0.66,0.35,172,224,0.66,0.26,8,366,0.65,0.2,0,166,0.66,0.15,1,213,0.66,0.12,30,124,0.68,0.09,45,247,0.69,0.06,30,297,0.67,0.05,0,189,0.69,0.03,1,154,0.67,0.02,0,261,0.66,0.01,0,84,0.63,0.01,0,146,0.66,0.01,0,206,0.7,0.01,0,192,0.74,0.01,0,124,0.77,0.01,0,98,0.8,0.01,1,254,0.83,0.01,0,119,0.89,0.01,0,102,0.95,0.01,0,101,1.0,0.01,3,34,1.05,0.01,0,150,1.1,0.01,0,1,1.15,0.01,0,0,1.19,0.01,0,2,1.23,0.01,0,0,1.27,0.01,0,0,1.31,0.01,0,0,1.35,0.01,0,0,1.38,0.01,0,0,1.42,0.01,0,167,1.45,0.01,0,181,1.55,0.01,0,0,1.48,0.01,0,0,1.42,0.01,0,80,1.36,0.01,0,0,1.3,0.01,0,0,1.24,0.01,0,0,1.19,0.01,0,10,1.14,0.01,0,44,1.09,0.01,0,0,1.04,0.01,0,3,0.99,0.01,0,6,0.95,0.01,0,5,0.9,0.01,0,7,0.86,0.01,0,28,0.81,0.01,0,30,0.77,0.01,0,10,0.73,0.01,0,0,0.69,0.01,0,0,0.65,0.01,0,14,0.62,0.02,0,0,0.66,0.03,0,12,0.68,0.04,0,20,0.68,0.05,0,0,0.67,0.06,0,60,0.66,0.08,47,102,0.68,0.1,0,101,0.68,0.12,1,94,0.68,0.14,0,133,0.67,0.17,1,136,0.67,0.25,5,187,0.67,0.36,37,283,0.68,0.48,0,309,0.67,0.63,5,267,0.67,0.79,0,91,0.66,0.98,0,230,0.67,1.18,5,99,0.68,1.4,58,59,0.7,1.62,75,138,0.7,1.83,0,174,0.66,2.07,0,240,0.68,2.3,0,250,0.63,2.55,0,295,0.68,2.8,0,0,0.73,3.05,0,15,0.77,3.3,0,96,0.81,3.55,0,2,0.85,3.8,0,30,0.89,4.05,0,99,0.92,4.3,0,0,0.96,4.8,0,0,1.03,5.3,0,0,1.09,5.8,0,0,1.16,6.3,0,0,1.22,6.8,0,0,1.27,7.3,0,0,1.33,7.8,0,0,1.38,8.3,0,0,1.42,8.8,0,0,1.47,9.3,0,0,1.52,9.8,0,0,1.56,10.3,0,0,1.6,10.8,0,0,1.64,11.3,0,0,1.68
2023-02-27 16:00:00,5.72,3.63,0,0,1.41,3.53,0,0,1.34,3.43,0,0,1.26,3.33,0,0,1.19,3.23,0,0,1.12,3.13,0,0,1.05,3.03,0,0,0.99,2.93,0,0,0.92,2.83,0,0,0.86,2.73,0,0,0.79,2.63,0,0,0.71,2.53,0,0,0.59,2.43,0,0,,2.33,0,0,,2.23,0,3,,2.13,0,0,,2.04,0,0,0.75,1.94,0,0,0.7,1.84,0,0,0.66,1.75,0,7,0.72,1.65,0,1,0.67,1.56,0,17,0.69,1.47,0,60,0.7,1.38,0,30,0.7,1.29,0,1,0.69,1.21,0,60,0.7,1.12,0,31,0.68,1.06,0,16,0.73,0.98,0,30,0.72,0.91,0,60,0.72,0.73,0,150,0.7,0.57,10,324,0.67,0.45,58,96,0.68,0.34,14,231,0.67,0.27,6,368,0.69,0.19,80,191,0.67,0.15,7,220,0.69,0.11,0,124,0.69,0.08,2,249,0.69,0.06,16,297,0.7,0.04,0,189,0.69,0.03,1,154,0.7,0.02,0,261,0.69,0.01,0,84,0.65,0.01,0,146,0.69,0.01,0,206,0.73,0.01,0,192,0.77,0.01,0,124,0.8,0.01,0,98,0.84,0.01,0,254,0.87,0.01,0,119,0.93,0.01,0,102,0.99,0.01,0,101,1.05,0.01,0,34,1.1,0.01,0,150,1.15,0.01,0,1,1.2,0.01,0,0,1.25,0.01,0,2,1.29,0.01,0,0,1.33,0.01,0,0,1.37,0.01,0,0,1.41,0.01,0,0,1.45,0.01,0,0,1.48,0.01,0,167,1.52,0.01,0,181,1.63,0.01,0,0,1.56,0.01,0,0,1.49,0.01,0,80,1.43,0.01,0,0,1.36,0.01,0,0,1.31,0.01,0,0,1.25,0.01,0,10,1.19,0.01,0,44,1.14,0.01,0,0,1.09,0.01,0,3,1.04,0.01,0,6,0.99,0.01,0,5,0.95,0.01,0,7,0.9,0.01,0,28,0.85,0.01,0,30,0.81,0.01,0,10,0.77,0.01,0,0,0.73,0.01,0,0,0.69,0.01,0,14,0.65,0.02,0,0,0.69,0.03,5,12,0.71,0.04,0,20,0.71,0.05,0,0,0.71,0.06,1,60,0.7,0.08,0,102,0.71,0.09,0,101,0.69,0.11,0,94,0.69,0.14,0,133,0.7,0.16,0,136,0.69,0.25,10,187,0.71,0.34,102,295,0.69,0.47,11,313,0.69,0.61,23,287,0.68,0.78,2,93,0.69,0.96,5,230,0.68,1.16,0,99,0.68,1.38,0,59,0.71,1.59,0,138,0.68,1.82,0,174,0.68,2.06,0,240,0.7,2.29,0,250,0.66,2.54,0,295,0.71,2.78,0,0,,3.03,0,15,,3.28,0,96,,3.53,0,2,,3.78,0,30,,4.03,0,99,,4.28,0,0,,4.78,0,0,,5.28,0,0,,5.78,0,0,,6.28,0,0,,6.78,0,0,,7.28,0,0,,7.78,0,0,,8.28,0,0,,8.78,0,0,,9.28,0,0,,9.78,0,0,,10.28,0,0,,10.78,0,0,,11.28,0,0,
2023-03-01 16:00:00,6.05,3.96,0,0,1.55,3.86,0,0,1.47,3.76,0,0,1.4,3.66,0,0,1.32,3.56,0,0,1.25,3.46,0,0,1.19,3.36,0,0,1.12,3.26,0,0,1.06,3.16,0,0,0.99,3.06,0,0,0.93,2.96,0,0,0.87,2.86,0,0,0.8,2.76,0,0,0.73,2.66,0,0,0.63,2.56,0,3,,2.46,0,0,,2.36,0,0,,2.26,0,0,,2.17,0,0,0.77,2.07,0,7,0.73,1.97,0,1,0.69,1.87,0,17,0.65,1.78,0,60,0.7,1.68,0,30,0.66,1.59,0,1,0.68,1.5,0,60,0.69,1.41,0,31,0.69,1.32,0,16,0.68,1.24,0,30,0.69,1.16,80,135,0.7,0.97,0,152,0.71,0.79,219,289,0.69,0.63,1,123,0.68,0.5,113,333,0.68,0.38,54,390,0.67,0.29,95,270,0.67,0.22,20,206,0.67,0.17,111,184,0.69,0.12,84,343,0.67,0.1,102,399,0.71,0.07,0,184,0.7,0.05,0,154,0.7,0.04,1,261,0.71,0.03,9,84,0.72,0.02,0,156,0.71,0.01,0,206,0.67,0.01,0,192,0.71,0.01,0,124,0.75,0.01,0,98,0.78,0.01,0,254,0.82,0.01,0,119,0.88,0.01,0,102,0.95,0.01,0,101,1.0,0.01,0,34,1.06,0.01,0,150,1.11,0.01,0,1,1.16,0.01,0,0,1.21,0.01,0,2,1.25,0.01,0,0,1.3,0.01,0,0,1.34,0.01,0,0,1.38,0.01,0,0,1.42,0.01,0,0,1.46,0.01,0,167,1.49,0.01,0,181,1.76,0.01,0,0,1.68,0.01,0,0,1.61,0.01,0,80,1.55,0.01,0,0,1.49,0.01,0,0,1.42,0.01,0,0,1.37,0.01,0,10,1.31,0.01,0,44,1.26,0.01,0,0,1.2,0.01,0,3,1.15,0.01,0,6,1.1,0.01,0,5,1.06,0.01,0,7,1.01,0.01,0,28,0.97,0.01,0,30,0.92,0.01,0,10,0.88,0.01,0,0,0.83,0.01,0,0,0.79,0.01,0,14,0.75,0.01,0,0,0.71,0.01,0,12,0.67,0.01,0,20,0.64,0.02,0,0,0.68,0.03,0,60,0.7,0.04,1,121,0.71,0.05,0,101,0.7,0.06,0,94,0.69,0.08,5,128,0.71,0.1,9,143,0.71,0.15,5,182,0.69,0.23,110,307,0.7,0.31,0,312,0.67,0.44,3,289,0.69,0.56,0,91,0.67,0.72,0,227,0.67,0.9,0,99,0.67,1.1,0,59,0.68,1.31,0,138,0.69,1.53,0,174,0.7,1.75,0,240,0.68,1.98,0,250,0.68,2.29,0,295,0.92,2.46,0,0,0.68,2.71,0,15,0.73,2.95,0,96,,3.2,0,2,,3.45,0,30,,3.7,0,63,,3.95,0,0,,4.45,0,0,,4.95,0,0,,5.45,0,0,,5.95,0,0,,6.45,0,0,,6.95,0,0,,7.45,0,0,,7.95,0,0,,8.45,0,0,,8.95,0,0,,9.45,0,0,,9.95,0,0,,10.45,0,0,,10.95,0,0,
2023-03-06 16:00:00,5.97,3.87,0,0,,3.77,0,0,,3.67,0,0,,3.57,0,0,,3.47,0,0,,3.38,0,0,1.4,3.28,0,0,1.33,3.18,0,0,1.27,3.08,0,0,1.2,2.98,0,0,1.14,2.88,0,0,1.09,2.78,0,0,1.03,2.68,0,0,0.98,2.58,0,0,0.93,2.48,0,3,0.88,2.38,0,0,0.83,2.28,0,0,0.78,2.18,0,0,0.73,2.08,0,0,0.69,1.98,0,7,0.64,1.88,0,1,0.6,1.78,0,17,0.56,1.69,0,60,0.69,1.59,0,30,0.65,1.5,60,93,0.69,1.4,0,60,0.64,1.31,0,31,0.65,1.22,0,16,0.65,1.13,0,30,0.64,1.05,0,92,0.66,0.87,0,152,0.7,0.69,0,289,0.69,0.53,135,217,0.67,0.4,91,394,0.66,0.3,11,392,0.67,0.21,15,282,0.65,0.15,37,192,0.66,0.11,10,257,0.67,0.07,0,343,0.65,0.05,0,399,0.66,0.03,0,169,0.65,0.02,0,154,0.65,0.01,0,261,0.63,0.01,0,85,0.67,0.01,0,156,0.72,0.01,0,206,0.76,0.01,0,192,0.81,0.01,0,124,0.85,0.01,0,98,0.89,0.01,0,254,0.92,0.01,0,119,0.99,0.01,0,102,1.06,0.01,0,101,1.13,0.01,0,34,1.19,0.01,0,150,1.24,0.01,0,1,1.3,0.01,0,0,1.35,0.01,0,2,1.4,0.01,0,0,1.45,0.01,0,0,1.49,0.01,0,0,1.54,0.01,0,0,1.58,0.01,0,0,1.62,0.01,0,167,1.66,0.01,0,181,1.91,0.01,0,0,1.83,0.01,0,0,1.75,0.01,0,80,1.68,0.01,0,0,1.61,0.01,0,0,1.55,0.01,0,0,1.48,0.01,0,10,1.42,0.01,0,44,1.36,0.01,0,0,1.3,0.01,0,3,1.25,0.01,0,6,1.19,0.01,0,5,1.14,0.01,0,7,1.09,0.01,0,28,1.04,0.01,0,30,0.99,0.01,0,10,0.94,0.01,0,0,0.89,0.01,0,0,0.85,0.01,0,14,0.8,0.01,0,0,0.76,0.01,0,12,0.72,0.01,280,300,0.68,0.01,0,0,0.64,0.01,0,60,0.6,0.02,0,121,0.64,0.03,0,101,0.65,0.04,100,182,0.65,0.06,5,125,0.68,0.07,53,201,0.66,0.12,3,203,0.66,0.18,50,330,0.63,0.28,0,317,0.64,0.4,86,288,0.63,0.54,43,122,0.62,0.71,0,227,0.62,0.89,0,99,0.6,1.1,3,62,0.6,1.34,0,138,0.65,1.54,15,189,0.53,1.8,0,240,0.65,2.04,0,250,0.64,2.28,0,295,,2.53,0,0,,2.78,0,15,,3.03,0,96,,3.28,0,2,,3.53,0,30,,3.78,0,63,,4.03,0,0,,4.53,0,0,,5.03,0,0,,5.53,0,0,,6.03,0,0,,6.53,0,0,,7.03,0,0,,7.53,0,0,,8.03,0,0,,8.53,0,0,,9.03,0,0,,9.53,0,0,,10.03,0,0,,10.53,0,0,,11.03,0,0,
2023-03-07 16:00:00,5.84,3.74,0,0,,3.64,0,0,,3.54,0,0,,3.44,0,0,,3.34,0,0,,3.24,0,0,,3.15,0,0,1.33,3.05,0,0,1.27,2.95,0,0,1.21,2.85,0,0,1.15,2.75,0,0,1.09,2.65,0,0,1.03,2.55,0,0,0.98,2.45,0,0,0.92,2.35,0,3,0.87,2.25,0,0,0.82,2.15,0,0,0.77,2.05,0,0,0.73,1.95,0,0,0.68,1.85,0,7,0.64,1.75,0,1,0.59,1.65,0,17,0.55,1.56,0,60,0.67,1.46,0,30,0.63,1.37,0,93,0.66,1.28,0,60,0.67,1.18,0,31,0.62,1.1,0,16,0.66,1.01,0,30,0.64,0.96,0,92,0.73,0.75,0,152,0.67,0.57,0,289,0.65,0.43,185,137,0.65,0.32,83,407,0.65,0.22,18,400,0.64,0.16,56,315,0.65,0.1,0,192,0.63,0.07,53,257,0.64,0.05,11,349,0.66,0.04,0,399,0.69,0.02,16,153,0.65,0.01,0,154,0.63,0.01,0,261,0.68,0.01,0,85,0.73,0.01,0,156,0.77,0.01,0,206,0.82,0.01,0,192,0.86,0.01,0,124,0.9,0.01,0,98,0.94,0.01,0,254,0.98,0.01,0,119,1.05,0.01,0,102,1.12,0.01,0,101,1.19,0.01,0,34,1.25,0.01,0,150,1.31,0.01,0,1,1.36,0.01,0,0,1.42,0.01,0,2,1.47,0.01,0,0,1.51,0.01,0,0,1.56,0.01,0,0,1.61,0.01,0,0,1.65,0.01,0,0,1.69,0.01,0,167,1.73,0.01,0,181,1.92,0.01,0,0,1.84,0.01,0,0,1.76,0.01,0,80,1.68,0.01,0,0,1.61,0.01,0,0,1.55,0.01,0,0,1.48,0.01,0,10,1.42,0.01,0,44,1.36,0.01,0,0,1.3,0.01,0,3,1.24,0.01,0,6,1.19,0.01,0,5,1.13,0.01,0,7,1.08,0.01,0,28,1.03,0.01,0,30,0.97,0.01,0,10,0.93,0.01,0,0,0.88,0.01,0,0,0.83,0.01,0,14,0.78,0.01,0,0,0.74,0.01,0,12,0.7,0.01,0,300,0.65,0.01,1,1,0.61,0.02,0,60,0.65,0.03,0,121,0.67,0.04,15,101,0.67,0.05,0,182,0.66,0.07,46,125,0.67,0.08,127,323,0.65,0.14,10,213,0.65,0.22,14,339,0.65,0.33,5,319,0.65,0.46,7,288,0.64,0.62,33,154,0.64,0.8,0,227,0.63,1.01,0,99,0.65,1.22,0,62,0.64,1.45,0,138,0.65,1.68,0,189,0.64,1.92,0,240,0.64,2.17,32,269,0.7,2.41,0,295,,2.66,0,0,,2.91,0,15,,3.16,0,96,,3.41,0,2,,3.66,0,0,,3.91,0,63,,4.16,0,0,,4.66,0,0,,5.16,0,0,,5.66,0,0,,6.16,0,0,,6.66,0,0,,7.16,0,0,,7.66,0,0,,8.16,0,0,,8.66,0,0,,9.16,0,0,,9.66,0,0,,10.16,0,0,,10.66,0,0,,11.16,0,0,
2023-03-10 16:00:00,5.38,3.28,0,0,,3.18,0,0,,3.08,0,0,,2.98,0,0,,2.88,0,0,,2.78,0,0,,2.68,0,0,,2.58,0,0,,2.48,0,0,,2.38,0,0,,2.29,0,0,1.06,2.19,0,0,1.0,2.09,0,0,0.95,1.99,0,0,0.89,1.89,0,3,0.83,1.79,0,0,0.78,1.69,0,0,0.73,1.59,0,0,0.68,1.49,0,0,0.63,1.39,0,7,0.58,1.3,0,1,0.68,1.2,0,17,0.62,1.11,0,60,0.65,1.02,0,30,0.65,0.93,0,65,0.64,0.84,0,60,0.62,0.75,0,31,0.6,0.68,0,16,0.62,0.6,0,30,0.61,0.53,5,97,0.61,0.38,0,152,0.61,0.27,0,294,0.63,0.18,165,197,0.63,0.11,50,647,0.62,0.07,9,391,0.62,0.05,27,292,0.66,0.03,52,121,0.66,0.02,5,249,0.67,0.01,5,344,0.65,0.01,0,399,0.71,0.01,0,153,0.77,0.01,0,154,0.83,0.01,0,261,0.88,0.01,0,93,0.93,0.01,0,156,0.98,0.01,0,206,1.03,0.01,0,192,1.07,0.01,0,124,1.11,0.01,0,98,1.16,0.01,0,254,1.2,0.01,0,119,1.27,0.01,0,102,1.35,0.01,0,101,1.41,0.01,0,34,1.48,0.01,0,150,1.54,0.01,0,1,1.6,0.01,0,0,1.66,0.01,0,2,1.71,0.01,0,0,1.76,0.01,0,0,1.81,0.01,0,0,1.86,0.01,0,0,1.91,0.01,0,0,1.95,0.01,0,167,1.99,0.01,0,181,1.93,0.01,0,0,1.84,0.01,0,0,1.76,0.01,0,80,1.68,0.01,0,0,1.6,0.01,0,0,1.53,0.01,0,0,1.45,0.01,0,10,1.39,0.01,0,44,1.32,0.01,0,0,1.25,0.01,0,3,1.19,0.01,0,6,1.13,0.01,0,5,1.07,0.01,0,7,1.01,0.01,0,28,0.95,0.01,0,30,0.9,0.01,0,10,0.85,0.01,0,0,0.79,0.01,0,0,0.74,0.01,0,14,0.69,0.01,0,0,0.64,0.02,0,12,0.68,0.03,0,300,0.69,0.04,48,48,0.69,0.05,0,60,0.67,0.06,0,121,0.65,0.08,261,331,0.65,0.1,47,176,0.65,0.13,0,125,0.66,0.16,76,271,0.65,0.26,32,197,0.65,0.4,30,343,0.67,0.56,1,304,0.67,0.75,20,288,0.68,0.95,0,154,0.68,1.16,0,227,0.65,1.39,0,99,0.64,1.63,1,61,0.65,1.87,0,138,,2.12,0,189,,2.37,0,240,,2.62,0,269,,2.87,0,295,,3.12,0,0,,3.37,0,15,,3.62,0,96,,3.87,0,0,,4.12,0,0,,4.37,0,0,,4.62,0,0,,5.12,0,0,,5.62,0,0,,6.12,0,0,,6.62,0,0,,7.12,0,0,,7.62,0,0,,8.12,0,0,,8.62,0,0,,9.12,0,0,,9.62,0,0,,10.12,0,0,,10.62,0,0,,11.12,0,0,,11.62,0,0,
2023-03-13 16:00:00,5.54,3.44,0,0,,3.34,0,0,,3.24,0,0,,3.14,0,0,,3.04,0,0,,2.94,0,0,,2.84,0,0,,2.74,0,0,,2.64,0,0,,2.54,0,0,,2.44,0,0,,2.34,0,0,,2.24,0,0,,2.14,0,0,,2.05,0,3,0.98,1.95,0,0,0.92,1.85,0,0,0.87,1.75,0,0,0.81,1.65,0,0,0.76,1.55,0,7,0.71,1.45,0,1,0.66,1.35,0,17,0.61,1.26,0,60,0.7,1.16,0,30,0.64,1.07,0,65,0.66,0.98,0,60,0.67,0.89,0,31,0.65,0.81,0,16,0.67,0.75,0,30,0.73,0.68,0,97,0.74,0.5,16,159,0.71,0.36,61,354,0.7,0.24,103,255,0.68,0.15,315,942,0.66,0.1,92,435,0.67,0.06,93,382,0.67,0.04,196,294,0.69,0.03,26,223,0.72,0.02,5,339,0.74,0.01,25,374,0.72,0.01,51,153,0.78,0.01,5,154,0.84,0.01,0,261,0.9,0.01,0,93,0.95,0.01,0,156,1.0,0.01,5,201,1.06,0.01,0,192,1.1,0.01,0,124,1.15,0.01,0,98,1.2,0.01,0,254,1.24,0.01,0,119,1.33,0.01,0,102,1.41,0.01,0,101,1.48,0.01,0,34,1.55,0.01,0,150,1.62,0.01,0,1,1.68,0.01,0,0,1.74,0.01,0,2,1.8,0.01,0,0,1.86,0.01,0,0,1.91,0.01,0,0,1.97,0.01,0,0,2.01,0.01,0,0,2.06,0.01,0,167,2.11,0.01,0,181,2.14,0.01,0,0,2.05,0.01,0,0,1.95,0.01,0,80,1.87,0.01,0,0,1.78,0.01,0,0,1.71,0.01,0,0,1.63,0.01,0,10,1.56,0.01,0,44,1.48,0.01,0,0,1.42,0.01,0,3,1.35,0.01,0,6,1.28,0.01,0,5,1.21,0.01,0,7,1.15,0.01,0,28,1.09,0.01,0,30,1.03,0.01,0,10,0.97,0.01,0,0,0.92,0.01,0,0,0.86,0.01,0,14,0.81,0.01,0,0,0.76,0.01,0,12,0.71,0.01,0,300,0.65,0.02,0,48,0.69,0.03,0,60,0.7,0.04,10,111,0.7,0.05,0,331,0.68,0.07,80,176,0.69,0.09,15,140,0.69,0.11,30,248,0.68,0.19,64,160,0.68,0.29,53,338,0.65,0.43,40,341,0.65,0.59,80,318,0.63,0.79,6,160,0.63,0.99,0,227,0.57,1.24,0,99,0.67,1.48,0,61,0.7,1.72,0,138,0.7,1.96,0,189,,2.21,0,240,,2.46,0,269,,2.71,0,295,,2.96,0,0,,3.21,0,15,,3.46,0,96,,3.71,0,0,,3.96,0,0,,4.21,0,0,,4.46,0,0,,4.96,0,0,,5.46,0,0,,5.96,0,0,,6.46,0,0,,6.96,0,0,,7.46,0,0,,7.96,0,0,,8.46,0,0,,8.96,0,0,,9.46,0,0,,9.96,0,0,,10.46,0,0,,10.96,0,0,,11.46,0,0,
2023-03-15 16:00:00,5.67,3.57,0,0,,3.47,0,0,,3.37,0,0,,3.27,0,0,,3.17,0,0,,3.07,0,0,,2.97,0,0,,2.87,0,0,,2.77,0,0,,2.67,0,0,,2.57,0,0,,2.47,0,0,,2.37,0,0,,2.27,0,0,,2.17,0,3,,2.07,0,0,,1.97,0,0,,1.87,0,0,,1.78,0,0,0.87,1.68,0,7,0.81,1.58,0,1,0.76,1.48,0,17,0.71,1.38,0,60,0.66,1.28,0,30,0.61,1.18,3,62,0.56,1.09,0,60,0.63,1.0,0,31,0.65,0.91,0,16,0.65,0.83,0,30,0.68,0.76,0,125,0.72,0.56,0,159,0.67,0.4,3,355,0.67,0.27,160,413,0.66,0.17,96,959,0.64,0.1,451,754,0.63,0.06,3,320,0.63,0.03,15,308,0.62,0.02,0,220,0.65,0.01,5,331,0.64,0.01,0,374,0.71,0.01,0,239,0.78,0.01,0,154,0.84,0.01,0,261,0.91,0.01,0,93,0.96,0.01,0,156,1.02,0.01,0,201,1.08,0.01,0,192,1.13,0.01,0,124,1.18,0.01,0,98,1.23,0.01,0,254,1.28,0.01,0,119,1.37,0.01,0,102,1.45,0.01,0,101,1.53,0.01,0,34,1.61,0.01,0,150,1.68,0.01,0,1,1.75,0.01,0,0,1.81,0.01,0,2,1.87,0.01,0,0,1.93,0.01,0,0,1.99,0.01,0,0,2.05,0.01,0,0,2.1,0.01,0,0,2.15,0.01,0,167,2.2,0.01,0,181,2.32,0.01,0,0,2.22,0.01,0,0,2.12,0.01,0,80,2.03,0.01,0,0,1.94,0.01,0,0,1.86,0.01,0,0,1.78,0.01,0,10,1.7,0.01,0,44,1.62,0.01,0,0,1.55,0.01,0,3,1.48,0.01,0,6,1.41,0.01,0,5,1.34,0.01,0,7,1.27,0.01,0,28,1.21,0.01,0,30,1.15,0.01,0,10,1.08,0.01,0,0,1.02,0.01,0,0,0.97,0.01,0,14,0.91,0.01,0,1,0.85,0.01,0,12,0.8,0.01,0,330,0.75,0.01,0,97,0.7,0.01,0,60,0.64,0.02,0,111,0.68,0.03,0,331,0.69,0.04,0,176,0.68,0.05,0,238,0.66,0.06,6,248,0.64,0.12,49,177,0.64,0.2,193,429,0.61,0.32,90,327,0.6,0.47,37,292,0.59,0.65,10,150,0.56,0.91,40,227,0.72,1.11,0,99,0.64,1.34,0,60,0.61,1.58,0,138,,1.83,0,189,,2.08,0,240,,2.33,0,238,,2.58,0,295,,2.83,0,0,,3.08,0,0,,3.33,0,96,,3.58,0,0,,3.83,0,0,,4.08,0,0,,4.33,0,0,,4.83,0,0,,5.33,0,0,,5.83,0,0,,6.33,0,0,,6.83,0,0,,7.33,0,0,,7.83,0,0,,8.33,0,0,,8.83,0,0,,9.33,0,0,,9.83,0,0,,10.33,0,0,,10.83,0,0,,11.33,0,0,
2023-03-16 16:00:00,5.89,3.79,0,0,,3.69,0,0,,3.59,0,0,,3.49,0,0,,3.39,0,0,,3.29,0,0,,3.19,0,0,,3.09,0,0,,2.99,0,0,,2.89,0,0,,2.79,0,0,,2.69,0,0,,2.59,0,0,,2.49,0,0,,2.39,0,3,,2.29,0,0,,2.19,0,0,,2.09,0,0,,1.99,0,0,,1.89,0,7,,1.8,0,1,0.87,1.7,0,17,0.82,1.6,0,60,0.77,1.5,0,30,0.71,1.4,0,62,0.66,1.3,0,60,0.61,1.2,0,31,0.56,1.11,0,16,0.64,1.02,0,30,0.66,0.95,0,125,0.75,0.73,10,157,0.69,0.54,0,355,0.67,0.38,301,586,0.66,0.25,63,996,0.64,0.16,35,750,0.64,0.1,175,336,0.64,0.06,27,312,0.65,0.04,54,234,0.68,0.02,0,331,0.66,0.01,0,374,0.65,0.01,0,239,0.72,0.01,0,154,0.79,0.01,0,261,0.85,0.01,0,93,0.92,0.01,0,156,0.97,0.01,0,201,1.03,0.01,0,192,1.09,0.01,0,124,1.14,0.01,0,98,1.19,0.01,0,254,1.24,0.01,0,119,1.33,0.01,0,102,1.42,0.01,0,101,1.51,0.01,0,34,1.58,0.01,0,150,1.66,0.01,0,1,1.73,0.01,0,0,1.8,0.01,0,2,1.86,0.01,0,0,1.93,0.01,0,0,1.99,0.01,0,0,2.04,0.01,0,0,2.1,0.01,0,0,2.15,0.01,0,167,2.2,0.01,0,181,2.48,0.01,0,0,2.37,0.01,0,0,2.27,0.01,0,80,2.18,0.01,0,0,2.08,0.01,0,0,2.0,0.01,0,0,1.91,0.01,0,10,1.83,0.01,0,44,1.75,0.01,0,0,1.68,0.01,0,3,1.61,0.01,0,6,1.54,0.01,0,5,1.47,0.01,0,7,1.4,0.01,0,28,1.33,0.01,0,30,1.27,0.01,0,10,1.2,0.01,0,0,1.14,0.01,0,0,1.08,0.01,0,14,1.02,0.01,0,1,0.97,0.01,1,13,0.91,0.01,3,333,0.86,0.01,0,97,0.8,0.01,2,60,0.75,0.01,0,111,0.7,0.01,0,331,0.65,0.01,0,176,0.59,0.02,37,201,0.63,0.03,0,248,0.63,0.07,66,156,0.65,0.13,46,473,0.64,0.22,129,405,0.63,0.34,49,292,0.61,0.5,2,150,0.6,0.68,0,227,0.57,0.9,0,99,0.59,1.13,0,60,0.6,1.37,0,138,0.62,1.61,0,189,,1.86,0,240,,2.11,0,238,,2.36,0,295,,2.61,0,0,,2.86,0,0,,3.11,0,96,,3.36,0,0,,3.61,0,0,,3.86,0,0,,4.11,0,0,,4.61,0,0,,5.11,0,0,,5.61,0,0,,6.11,0,0,,6.61,0,0,,7.11,0,0,,7.61,0,0,,8.11,0,0,,8.61,0,0,,9.11,0,0,,9.61,0,0,,10.11,0,0,,10.61,0,0,,11.11,0,0,
2023-03-21 16:00:00,5.93,3.83,0,0,,3.73,0,0,,3.63,0,0,,3.53,0,0,,3.43,0,0,,3.33,0,0,,3.23,0,0,,3.13,0,0,,3.03,0,0,,2.93,0,0,,2.83,0,0,,2.73,0,0,,2.63,0,0,,2.53,0,0,,2.43,0,3,,2.33,0,0,,2.23,0,0,,2.13,0,0,,2.03,0,0,,1.93,0,7,,1.83,0,1,,1.73,0,17,,1.63,0,60,,1.53,0,30,,1.43,0,62,,1.33,0,60,,1.23,0,31,,1.13,0,16,,1.04,0,30,0.64,0.94,0,125,0.58,0.72,0,157,0.67,0.5,5,355,0.6,0.32,64,603,0.58,0.17,99,1070,0.53,0.1,343,1018,0.58,0.05,23,512,0.59,0.02,20,338,0.57,0.01,0,240,0.6,0.01,0,331,0.7,0.01,0,374,0.79,0.01,0,239,0.88,0.01,0,154,0.97,0.01,0,261,1.05,0.01,0,93,1.13,0.01,0,156,1.2,0.01,0,201,1.27,0.01,0,192,1.34,0.01,0,124,1.41,0.01,0,98,1.47,0.01,0,254,1.53,0.01,0,119,1.65,0.01,0,102,1.76,0.01,0,101,1.86,0.01,0,34,1.96,0.01,0,150,2.06,0.01,0,1,2.14,0.01,0,0,2.23,0.01,0,2,2.31,0.01,0,0,2.39,0.01,0,0,2.46,0.01,0,0,2.53,0.01,0,0,2.6,0.01,0,0,2.67,0.01,0,167,2.73,0.01,0,181,3.1,0.01,0,0,2.97,0.01,0,0,2.85,0.01,0,80,2.73,0.01,0,0,2.62,0.01,0,0,2.51,0.01,0,0,2.4,0.01,0,10,2.3,0.01,0,44,2.2,0.01,0,0,2.11,0.01,0,3,2.02,0.01,0,6,1.93,0.01,0,5,1.85,0.01,0,7,1.76,0.01,0,28,1.68,0.01,0,30,1.6,0.01,0,10,1.52,0.01,0,0,1.44,0.01,0,0,1.37,0.01,0,14,1.29,0.01,0,1,1.22,0.01,0,13,1.15,0.01,0,333,1.09,0.01,0,97,1.02,0.01,0,60,0.96,0.01,0,111,0.89,0.01,0,331,0.83,0.01,0,175,0.76,0.01,0,201,0.7,0.01,0,243,0.64,0.02,5,144,0.57,0.06,100,474,0.58,0.13,49,453,0.57,0.25,1,281,0.57,0.42,38,150,0.59,0.62,0,199,0.6,0.86,0,99,0.71,1.07,3,60,,1.32,0,138,,1.57,0,189,,1.82,0,240,,2.07,0,238,,2.32,0,295,,2.57,0,0,,2.82,0,0,,3.07,0,96,,3.32,0,0,,3.57,0,0,,3.82,0,0,,4.07,0,0,,4.57,0,0,,5.07,0,0,,5.57,0,0,,6.07,0,0,,6.57,0,0,,7.07,0,0,,7.57,0,0,,8.07,0,0,,8.57,0,0,,9.07,0,0,,9.57,0,0,,10.07,0,0,,10.57,0,0,,11.07,0,0,
2023-03-23 16:00:00,6.16,4.06,0,0,,3.96,0,0,,3.86,0,0,,3.76,0,0,,3.66,0,0,,3.56,0,0,,3.46,0,0,,3.36,0,0,,3.26,0,0,,3.16,0,0,,3.06,0,0,,2.96,0,0,,2.86,0,0,,2.76,0,0,,2.66,0,3,,2.56,0,0,,2.46,0,0,,2.36,0,0,,2.26,0,0,,2.16,0,7,,2.06,0,1,,1.96,0,17,,1.86,0,60,,1.76,0,30,,1.66,0,62,,1.56,0,60,,1.46,0,31,,1.36,0,16,,1.26,0,30,,1.16,0,125,,0.92,0,157,0.63,0.68,0,355,0.58,0.47,0,603,0.6,0.29,320,1059,0.58,0.16,88,1074,0.58,0.09,96,536,0.62,0.04,47,351,0.61,0.02,0,240,0.64,0.01,0,331,0.66,0.01,0,374,0.77,0.01,0,239,0.88,0.01,0,154,0.98,0.01,0,261,1.07,0.01,0,93,1.16,0.01,0,156,1.24,0.01,0,201,1.33,0.01,0,192,1.4,0.01,0,124,1.48,0.01,0,98,1.55,0.01,1,254,1.62,0.01,0,119,1.76,0.01,0,102,1.88,0.01,0,101,2.0,0.01,0,34,2.11,0.01,0,150,2.22,0.01,0,1,2.32,0.01,0,0,2.42,0.01,0,2,2.51,0.01,0,0,2.6,0.01,0,0,2.69,0.01,0,0,2.77,0.01,0,0,2.85,0.01,0,0,2.92,0.01,0,167,3.0,0.01,0,181,3.62,0.01,0,0,3.47,0.01,0,0,3.33,0.01,0,80,3.2,0.01,0,0,3.07,0.01,0,0,2.95,0.01,0,0,2.83,0.01,0,10,2.71,0.01,0,44,2.6,0.01,0,0,2.5,0.01,0,3,2.39,0.01,0,6,2.29,0.01,0,5,2.2,0.01,0,7,2.1,0.01,0,28,2.01,0.01,0,30,1.93,0.01,0,10,1.84,0.01,0,0,1.75,0.01,0,0,1.67,0.01,0,14,1.58,0.01,0,1,1.5,0.01,0,13,1.42,0.01,0,333,1.35,0.01,0,97,1.27,0.01,0,60,1.2,0.01,0,111,1.13,0.01,0,331,1.06,0.01,0,175,0.99,0.01,0,201,0.92,0.01,0,243,0.85,0.01,52,203,0.68,0.02,32,429,0.6,0.06,15,450,0.61,0.14,122,241,0.62,0.26,0,148,0.62,0.43,5,199,0.63,0.64,0,99,0.67,0.88,3,60,0.78,1.09,0,138,,1.34,0,189,,1.59,0,182,,1.84,0,228,,2.09,0,295,,2.34,0,0,,2.59,0,0,,2.84,0,96,,3.09,0,0,,3.34,0,0,,3.59,0,0,,3.84,0,0,,4.34,0,0,,4.84,0,0,,5.34,0,0,,5.84,0,0,,6.34,0,0,,6.84,0,0,,7.34,0,0,,7.84,0,0,,8.34,0,0,,8.84,0,0,,9.34,0,0,,9.84,0,0,,10.34,0,0,,10.84,0,0,
2023-03-24 16:00:00,6.38,4.28,0,0,,4.18,0,0,,4.08,0,0,,3.98,0,0,,3.88,0,0,,3.78,0,0,,3.68,0,0,,3.58,0,0,,3.48,0,0,,3.38,0,0,,3.28,0,0,,3.18,0,0,,3.08,0,0,,2.98,0,0,,2.88,0,3,,2.78,0,0,,2.68,0,0,,2.58,0,0,,2.48,0,0,,2.38,5,5,,2.28,0,1,,2.18,0,17,,2.08,0,60,,1.98,0,30,,1.88,0,62,,1.78,0,60,,1.68,0,31,,1.58,0,16,,1.48,0,30,,1.38,0,125,,1.13,0,157,,0.92,2,353,0.94,0.67,79,564,0.72,0.46,53,1059,0.68,0.28,134,1080,0.64,0.16,535,756,0.64,0.08,491,377,0.64,0.04,27,243,0.66,0.02,7,326,0.68,0.01,0,374,0.71,0.01,0,239,0.82,0.01,0,154,0.93,0.01,0,261,1.03,0.01,0,93,1.13,0.01,0,156,1.23,0.01,0,201,1.31,0.01,0,192,1.4,0.01,0,124,1.48,0.01,0,98,1.56,0.01,0,254,1.64,0.01,0,119,1.79,0.01,0,102,1.92,0.01,0,101,2.05,0.01,0,34,2.17,0.01,0,150,2.29,0.01,0,1,2.4,0.01,0,0,2.51,0.01,0,2,2.61,0.01,0,0,2.7,0.01,0,0,2.79,0.01,0,0,2.88,0.01,0,0,2.97,0.01,0,0,3.05,0.01,0,167,3.13,0.01,0,181,4.02,0.01,0,0,3.86,0.01,0,0,3.7,0.01,0,80,3.56,0.01,0,0,3.42,0.01,0,0,3.29,0.01,0,0,3.16,0.01,0,10,3.03,0.01,0,44,2.92,0.01,0,0,2.8,0.01,0,3,2.69,0.01,0,6,2.58,0.01,0,5,2.48,0.01,0,7,2.38,0.01,0,28,2.28,0.01,0,30,2.19,0.01,0,10,2.09,0.01,0,0,2.0,0.01,0,0,1.92,0.01,0,14,1.83,0.01,0,1,1.74,0.01,0,13,1.65,0.01,0,333,1.57,0.01,0,97,1.49,0.01,0,60,1.41,0.01,0,111,1.33,0.01,0,331,1.26,0.01,0,175,1.18,0.01,0,201,1.11,0.01,0,243,1.04,0.01,10,193,0.86,0.01,54,411,0.69,0.03,23,430,0.68,0.06,321,474,0.61,0.14,377,325,0.61,0.26,30,189,0.59,0.43,43,99,0.57,0.66,5,55,0.67,0.91,0,138,0.84,1.12,0,189,,1.37,0,182,,1.62,5,228,,1.87,0,295,,2.12,0,0,,2.37,0,0,,2.62,0,96,,2.87,0,0,,3.12,0,0,,3.37,0,0,,3.62,0,0,,4.12,0,0,,4.62,0,0,,5.12,0,0,,5.62,0,0,,6.12,0,0,,6.62,0,0,,7.12,0,0,,7.62,0,0,,8.12,0,0,,8.62,0,0,,9.12,0,0,,9.62,0,0,,10.12,0,0,,10.62,0,0,
2023-03-27 16:00:00,6.31,4.23,0,0,6.23,4.13,0,0,5.98,4.03,0,0,5.74,3.93,0,0,5.52,3.83,0,0,5.3,3.73,0,0,5.1,3.63,0,0,4.9,3.53,0,0,4.7,3.43,0,0,4.52,3.33,0,0,4.34,3.23,0,0,4.17,3.13,0,0,4.0,3.03,0,0,3.84,2.93,0,0,3.68,2.83,0,3,3.53,2.73,0,0,3.38,2.63,0,0,3.23,2.53,0,0,3.09,2.43,0,0,2.95,2.33,0,5,2.82,2.23,0,1,2.68,2.13,0,17,2.55,2.03,0,60,2.43,1.93,0,30,2.3,1.83,0,62,2.18,1.73,0,60,2.06,1.63,0,31,1.94,1.53,16,8,1.83,1.43,0,30,1.71,1.33,0,125,1.6,1.09,0,157,1.46,0.84,20,333,1.17,0.6,2,564,0.96,0.38,19,1046,0.82,0.22,277,1183,0.82,0.11,577,651,0.81,0.05,358,387,0.83,0.02,511,571,0.83,0.01,0,326,0.89,0.01,0,374,1.06,0.01,0,239,1.22,0.01,0,154,1.38,0.01,0,261,1.52,0.01,0,93,1.66,0.01,0,156,1.79,0.01,0,201,1.91,0.01,0,192,2.04,0.01,0,124,2.15,0.01,0,98,2.26,0.01,0,254,2.37,0.01,0,119,2.58,0.01,0,102,2.77,0.01,0,101,2.95,0.01,0,34,3.13,0.01,0,150,3.29,0.01,0,1,3.45,0.01,0,0,3.59,0.01,0,2,3.74,0.01,0,0,3.87,0.01,0,0,4.0,0.01,0,0,4.13,0.01,0,0,4.25,0.01,0,0,4.36,0.01,0,167,4.48,0.01,0,181,5.63,0.01,0,0,5.41,0.01,0,0,5.19,0.01,0,80,4.99,0.01,0,0,4.79,0.01,0,0,4.6,0.01,0,0,4.42,0.01,0,10,4.25,0.01,0,44,4.08,0.01,0,0,3.91,0.01,0,3,3.76,0.01,0,6,3.61,0.01,0,5,3.46,0.01,0,7,3.32,0.01,0,28,3.18,0.01,0,30,3.05,0.01,0,10,2.92,0.01,0,0,2.79,0.01,0,0,2.66,0.01,0,14,2.53,0.01,0,1,2.41,0.01,0,13,2.29,0.01,0,333,2.17,0.01,0,97,2.06,0.01,0,60,1.95,0.01,0,111,1.84,0.01,0,331,1.73,0.01,0,175,1.62,0.01,0,201,1.52,0.01,0,243,1.42,0.01,0,193,1.16,0.01,25,410,0.91,0.03,239,318,0.89,0.06,444,558,0.77,0.15,128,411,0.78,0.29,88,171,0.77,0.48,0,99,0.77,0.7,5,50,0.73,0.94,0,138,,1.19,0,189,,1.44,0,182,,1.69,10,228,,1.94,0,295,,2.19,0,0,,2.44,0,0,,2.69,5,96,,2.94,0,0,,3.19,0,0,,3.44,0,0,,3.69,0,0,,4.19,0,0,,4.69,0,0,,5.19,0,0,,5.69,0,0,,6.19,0,0,,6.69,0,0,,7.19,0,0,,7.69,0,0,,8.19,0,0,,8.69,0,0,,9.19,0,0,,9.69,0,0,,10.19,0,0,,10.69,0,0,
2023-03-28 16:00:00,6.0,3.9,0,0,,3.8,0,0,,3.7,0,0,,3.61,0,0,5.81,3.51,0,0,5.57,3.41,0,0,5.34,3.31,0,0,5.12,3.21,0,0,4.9,3.11,0,0,4.69,3.01,0,0,4.49,2.91,0,0,4.3,2.82,0,0,4.63,2.72,0,0,4.43,2.62,0,0,4.23,2.52,0,3,4.04,2.42,0,0,3.86,2.32,0,0,3.68,2.22,0,0,3.5,2.12,0,0,3.33,2.02,0,5,3.16,1.92,0,1,3.0,1.82,0,17,2.83,1.72,0,60,2.68,1.62,0,30,2.52,1.52,0,62,2.37,1.42,0,60,2.22,1.32,0,31,2.07,1.22,0,8,1.92,1.12,0,30,1.78,1.02,0,125,1.63,0.77,0,157,1.28,0.52,0,333,0.92,0.3,0,564,0.8,0.14,7,1046,0.78,0.05,87,1161,0.77,0.02,31,638,0.86,0.01,7,380,0.97,0.01,59,561,1.2,0.01,0,326,1.42,0.01,0,374,1.62,0.01,0,239,1.81,0.01,0,154,1.99,0.01,0,261,2.16,0.01,0,93,2.33,0.01,0,156,2.49,0.01,0,201,2.64,0.01,0,192,2.78,0.01,0,124,2.92,0.01,0,98,3.06,0.01,0,254,3.19,0.01,0,119,3.44,0.01,0,102,3.67,0.01,0,101,3.9,0.01,0,34,4.11,0.01,0,150,4.3,0.01,0,1,4.49,0.01,0,0,4.67,0.01,0,2,4.85,0.01,0,0,5.01,0.01,0,0,5.17,0.01,0,0,5.32,0.01,0,0,5.47,0.01,0,0,5.61,0.01,0,167,5.75,0.01,0,181,6.65,0.01,0,0,6.37,0.01,0,0,6.11,0.01,0,80,5.85,0.01,0,0,5.61,0.01,0,0,5.38,0.01,0,0,5.16,0.01,0,10,4.94,0.01,0,44,4.74,0.01,0,0,4.54,0.01,0,3,4.34,0.01,0,6,4.16,0.01,0,5,3.98,0.01,0,7,3.8,0.01,0,28,3.63,0.01,0,30,3.46,0.01,0,10,3.29,0.01,0,0,3.13,0.01,0,0,2.97,0.01,0,14,2.82,0.01,0,1,2.66,0.01,0,13,2.52,0.01,0,333,2.37,0.01,0,97,2.23,0.01,0,60,2.1,0.01,0,111,1.96,0.01,0,331,1.83,0.01,0,175,1.69,0.01,0,201,1.56,0.01,0,243,1.43,0.01,0,193,1.11,0.01,2,408,0.78,0.04,150,387,0.74,0.13,21,558,0.73,0.29,105,425,0.71,0.51,5,166,0.73,0.75,0,99,,1.0,0,50,,1.25,0,116,,1.5,0,73,,1.75,0,182,,2.0,0,228,,2.25,0,295,,2.5,0,0,,2.75,0,0,,3.0,0,96,,3.25,0,0,,3.5,0,0,,3.75,0,0,,4.0,0,0,,4.5,0,0,,5.0,0,0,,5.5,0,0,,6.0,0,0,,6.5,0,0,,7.0,0,0,,7.5,0,0,,8.0,0,0,,8.5,0,0,,9.0,0,0,,9.5,0,0,,10.0,0,0,,10.5,0,0,,11.0,0,0,
2023-03-29 16:00:00,6.31,4.21,0,0,,4.11,0,0,,4.01,0,0,,3.91,0,0,,3.81,0,0,,3.71,0,0,,3.61,0,0,,3.51,0,0,,3.41,0,0,,3.31,0,0,,3.21,0,0,,3.11,0,0,,3.01,0,0,,2.91,0,0,,2.81,0,3,,2.71,0,0,,2.61,0,0,,2.51,0,0,,2.41,0,0,,2.31,0,5,,2.21,0,1,,2.11,0,17,,2.01,0,60,,1.91,0,30,,1.81,0,62,,1.71,0,60,,1.61,0,31,,1.51,0,8,,1.42,0,30,2.61,1.32,21,104,2.43,1.07,0,157,2.0,0.81,0,333,,0.56,4,563,,0.32,40,1045,0.71,0.14,20,1159,0.81,0.04,286,574,0.82,0.01,114,376,0.88,0.01,196,688,1.23,0.01,2,324,1.55,0.01,0,374,1.85,0.01,0,239,2.13,0.01,0,154,2.39,0.01,0,261,2.64,0.01,0,93,2.88,0.01,0,156,3.1,0.01,0,201,3.32,0.01,0,192,3.53,0.01,0,124,3.73,0.01,0,98,3.93,0.01,0,254,4.11,0.01,0,119,4.47,0.01,0,102,4.81,0.01,0,101,5.12,0.01,0,34,5.42,0.01,0,150,5.7,0.01,0,1,5.97,0.01,0,0,6.23,0.01,0,2,6.48,0.01,0,0,6.71,0.01,0,0,6.94,0.01,0,0,7.15,0.01,0,0,7.36,0.01,0,0,7.56,0.01,0,167,7.76,0.01,0,181,9.76,0.01,0,0,9.37,0.01,0,0,9.0,0.01,0,80,8.64,0.01,0,0,8.3,0.01,0,0,7.97,0.01,0,0,7.66,0.01,0,10,7.36,0.01,0,44,7.06,0.01,0,0,6.78,0.01,0,3,6.51,0.01,0,6,6.25,0.01,0,5,5.99,0.01,0,7,5.75,0.01,0,28,5.51,0.01,0,30,5.28,0.01,0,10,5.05,0.01,0,0,4.83,0.01,0,0,4.61,0.01,0,14,4.39,0.01,0,1,4.18,0.01,0,13,3.97,0.01,0,333,3.76,0.01,0,97,3.57,0.01,0,60,3.37,0.01,0,111,3.18,0.01,0,331,3.0,0.01,0,175,2.81,0.01,0,201,2.64,0.01,0,243,2.46,0.01,2,193,2.01,0.01,0,408,1.58,0.01,3,384,1.16,0.02,170,650,0.88,0.08,26,428,0.82,0.23,18,182,0.82,0.46,0,99,1.07,0.7,0,50,1.25,0.94,0,116,,1.2,15,73,1.87,1.45,0,182,2.15,1.69,0,228,,1.94,0,295,,2.19,0,0,,2.44,0,0,,2.69,0,96,,2.94,0,0,,3.19,0,0,,3.44,0,0,,3.69,0,0,,4.19,0,0,,4.69,0,0,,5.19,0,0,,5.69,0,0,,6.19,0,0,,6.69,0,0,,7.19,0,0,,7.69,0,0,,8.19,0,0,,8.69,0,0,,9.19,0,0,,9.69,0,0,,10.19,0,0,,10.69,0,0,
2023-03-30 16:00:00,5.81,3.71,0,0,,3.61,0,0,,3.51,0,0,,3.41,0,0,,3.31,0,0,,3.21,0,0,,3.11,0,0,,3.01,0,0,,2.91,0,0,,2.81,0,0,,2.71,0,0,,2.61,0,0,,2.51,0,0,,2.41,0,0,,2.31,3,0,,2.21,0,0,,2.11,0,0,,2.01,0,0,,1.91,0,0,,1.81,0,0,,1.71,0,0,,1.61,0,0,,1.51,0,0,,1.41,0,0,,1.31,0,0,,1.21,0,0,,1.11,0,0,,1.01,0,0,,0.91,0,0,,0.81,25,0,,0.56,0,0,,0.31,1,0,,0.06,153,6,,0.00,327,767,,0.00,123,1278,,0.00,206,565,,0.00,0,376,,0.00,0,688,,0.00,0,324,,0.00,0,374,,0.00,0,239,,0.00,0,154,,0.00,0,261,,0.00,0,93,,0.00,0,156,,0.00,0,201,,0.00,0,192,,0.00,0,124,,0.00,0,98,,0.00,0,254,,0.00,0,119,,0.00,0,102,,0.00,0,101,,0.00,0,34,,0.00,0,150,,0.00,0,1,,0.00,0,0,,0.00,0,2,,0.00,0,0,,0.00,0,0,,0.00,0,0,,0.00,0,0,,0.00,0,0,,0.00,0,167,,0.00,0,181,,0.00,0,0,,0.00,0,0,,0.00,0,80,,0.00,0,0,,0.00,0,0,,0.00,0,0,,0.00,0,10,,0.00,0,44,,0.00,0,0,,0.00,0,3,,0.00,0,6,,0.00,0,5,,0.00,0,7,,0.00,0,28,,0.00,0,30,,0.00,0,10,,0.00,0,0,,0.00,0,0,,0.00,0,14,,0.00,0,1,,0.00,0,13,,0.00,0,333,,0.00,0,97,,0.00,0,60,,0.00,0,111,,0.00,0,331,,0.00,0,175,,0.00,0,201,,0.00,0,243,,0.00,0,193,,0.00,0,408,,0.00,178,337,,0.19,151,0,,0.44,216,0,,0.69,23,0,,0.94,5,0,,1.19,0,0,,1.44,15,0,,1.69,0,0,,1.94,0,0,,2.19,5,0,,2.44,0,0,,2.69,0,0,,2.94,0,0,,3.19,0,0,,3.44,0,0,,3.69,0,0,,3.94,0,0,,4.19,0,0,,4.69,0,0,,5.19,0,0,,5.69,0,0,,6.19,0,0,,6.69,0,0,,7.19,0,0,,7.69,0,0,,8.19,0,0,,8.69,0,0,,9.19,0,0,,9.69,0,0,,10.19,0,0,,10.69,0,0,,11.19,0,0,
