time,close,C,C,C,C,C,C,C,C,C,C,C,C,C,C,C,C,C,C,C,C,C,C,C,C,C,C,C,C,C,C,C,C,C,C,C,C,C,C,C,C,C,C,C,C,C,C,C,C,C,C,C,C,C,C,C,C,C,C,C,C,C,C,C,C,C,C,C,C,C,C,C,C,C,C,C,C,P,P,P,P,P,P,P,P,P,P,P,P,P,P,P,P,P,P,P,P,P,P,P,P,P,P,P,P,P,P,P,P,P,P,P,P,P,P,P,P,P,P,P,P,P,P,P,P,P,P,P,P,P,P,P,P,P,P,P,P,P,P,P,P,P,P,P,P,P,P,P,P,P,P,P,P,C,C,C,C,P,P,P,P,C,C,C,C,P,P,P,P,C,C,C,C,P,P,P,P,C,C,C,C,P,P,P,P,C,C,C,C,P,P,P,P
time,close,17.00,17.00,17.00,17.00,17.50,17.50,17.50,17.50,18.00,18.00,18.00,18.00,18.50,18.50,18.50,18.50,19.00,19.00,19.00,19.00,19.50,19.50,19.50,19.50,20.00,20.00,20.00,20.00,21.00,21.00,21.00,21.00,22.00,22.00,22.00,22.00,23.00,23.00,23.00,23.00,24.00,24.00,24.00,24.00,25.00,25.00,25.00,25.00,26.00,26.00,26.00,26.00,27.00,27.00,27.00,27.00,28.00,28.00,28.00,28.00,29.00,29.00,29.00,29.00,30.00,30.00,30.00,30.00,31.00,31.00,31.00,31.00,32.00,32.00,32.00,32.00,17.00,17.00,17.00,17.00,17.50,17.50,17.50,17.50,18.00,18.00,18.00,18.00,18.50,18.50,18.50,18.50,19.00,19.00,19.00,19.00,19.50,19.50,19.50,19.50,20.00,20.00,20.00,20.00,21.00,21.00,21.00,21.00,22.00,22.00,22.00,22.00,23.00,23.00,23.00,23.00,24.00,24.00,24.00,24.00,25.00,25.00,25.00,25.00,26.00,26.00,26.00,26.00,27.00,27.00,27.00,27.00,28.00,28.00,28.00,28.00,29.00,29.00,29.00,29.00,30.00,30.00,30.00,30.00,31.00,31.00,31.00,31.00,32.00,32.00,32.00,32.00,33.00,33.00,33.00,33.00,33.00,33.00,33.00,33.00,34.00,34.00,34.00,34.00,34.00,34.00,34.00,34.00,35.00,35.00,35.00,35.00,35.00,35.00,35.00,35.00,36.00,36.00,36.00,36.00,36.00,36.00,36.00,36.00,37.00,37.00,37.00,37.00,37.00,37.00,37.00,37.00
time,close,settle,volume,oi,imp_vol,settle,volume,oi,imp_vol,settle,volume,oi,imp_vol,settle,volume,oi,imp_vol,settle,volume,oi,imp_vol,settle,volume,oi,imp_vol,settle,volume,oi,imp_vol,settle,volume,oi,imp_vol,settle,volume,oi,imp_vol,settle,volume,oi,imp_vol,settle,volume,oi,imp_vol,settle,volume,oi,imp_vol,settle,volume,oi,imp_vol,settle,volume,oi,imp_vol,settle,volume,oi,imp_vol,settle,volume,oi,imp_vol,settle,volume,oi,imp_vol,settle,volume,oi,imp_vol,settle,volume,oi,imp_vol,settle,volume,oi,imp_vol,settle,volume,oi,imp_vol,settle,volume,oi,imp_vol,settle,volume,oi,imp_vol,settle,volume,oi,imp_vol,settle,volume,oi,imp_vol,settle,volume,oi,imp_vol,settle,volume,oi,imp_vol,settle,volume,oi,imp_vol,settle,volume,oi,imp_vol,settle,volume,oi,imp_vol,settle,volume,oi,imp_vol,settle,volume,oi,imp_vol,settle,volume,oi,imp_vol,settle,volume,oi,imp_vol,settle,volume,oi,imp_vol,settle,volume,oi,imp_vol,settle,volume,oi,imp_vol,settle,volume,oi,imp_vol,settle,volume,oi,imp_vol,settle,volume,oi,imp_vol,settle,volume,oi,imp_vol,settle,volume,oi,imp_vol,settle,volume,oi,imp_vol,settle,volume,oi,imp_vol,settle,volume,oi,imp_vol,settle,volume,oi,imp_vol,settle,volume,oi,imp_vol,settle,volume,oi,imp_vol
2023-08-31 16:00:00,22.85,6.62,0,0,0.28,6.19,0,0,0.28,5.77,0,0,0.28,5.37,0,0,0.28,4.98,0,0,0.28,4.66,0,0,0.29,4.29,0,0,0.29,3.6,0,0,0.28,3.02,0,0,0.28,2.54,0,0,0.29,2.06,0,0,0.28,1.69,0,0,0.28,1.38,0,0,0.28,1.12,0,0,0.28,0.9,0,0,0.28,0.73,0,0,0.28,0.59,0,0,0.28,0.46,0,0,0.28,0.38,35,35,0.28,0.66,3,3,0.28,0.79,0,0,0.28,0.94,0,0,0.28,1.11,0,0,0.28,1.29,0,0,0.28,1.49,0,0,0.28,1.71,0,0,0.28,2.19,0,0,0.28,2.73,0,0,0.28,3.32,0,0,0.28,3.99,0,0,0.28,4.69,0,0,0.28,5.43,0,0,0.28,6.21,0,0,0.28,7.02,0,0,0.28,7.86,0,0,0.28,8.72,0,0,0.28,9.6,0,0,0.28,10.5,0,0,0.28,,,,,,,,,,,,,,,,,,,,,,,,,,,,,,,,,,,,,,,,
2023-09-04 16:00:00,23.65,7.35,0,0,0.28,6.91,0,0,0.28,6.47,0,0,0.28,6.05,0,0,0.28,5.64,0,0,0.28,5.25,0,0,0.28,4.9,0,0,0.29,4.16,0,0,0.28,3.52,0,0,0.28,2.95,0,0,0.28,2.47,0,0,0.28,2.04,0,0,0.28,1.68,0,0,0.28,1.37,0,0,0.28,1.11,0,0,0.28,0.91,0,0,0.28,0.73,0,0,0.28,0.59,0,0,0.28,0.47,0,35,0.28,0.54,0,3,0.28,0.64,0,0,0.28,0.76,0,0,0.28,0.91,0,0,0.28,1.06,0,0,0.28,1.24,0,0,0.28,1.43,0,0,0.28,1.86,0,0,0.28,2.36,0,0,0.28,2.91,0,0,0.28,3.51,0,0,0.28,4.18,0,0,0.28,4.89,0,0,0.28,5.63,0,0,0.28,6.42,0,0,0.28,7.24,0,0,0.28,8.08,0,0,0.28,8.94,0,0,0.28,9.82,0,0,0.28,,,,,,,,,,,,,,,,,,,,,,,,,,,,,,,,,,,,,,,,
2023-09-05 16:00:00,23.5,7.19,0,0,0.27,6.75,0,0,0.27,6.31,0,0,0.27,5.89,0,0,0.27,5.48,0,0,0.27,5.08,0,0,0.27,4.78,0,0,0.29,4.03,0,0,0.28,3.36,0,0,0.27,2.8,0,0,0.27,2.32,0,0,0.27,1.9,0,0,0.27,1.55,0,0,0.27,1.25,0,0,0.27,1.01,0,0,0.27,0.81,0,0,0.27,0.65,0,0,0.27,0.52,0,0,0.27,0.41,0,35,0.27,0.52,5,8,0.28,0.62,0,0,0.27,0.75,0,0,0.27,0.89,0,0,0.27,1.05,0,0,0.27,1.23,0,0,0.27,1.41,31,31,0.27,1.87,100,100,0.27,2.36,1,1,0.27,2.92,1,1,0.27,3.53,0,0,0.27,4.21,0,0,0.27,4.94,0,0,0.27,5.69,0,0,0.27,6.49,0,0,0.27,7.32,0,0,0.27,8.16,0,0,0.27,9.04,0,0,0.27,9.93,0,0,0.27,0.34,0.0,0.0,0.28,10.83,0.0,0.0,0.27,,,,,,,,,,,,,,,,,,,,,,,,,,,,,,,,
2023-09-11 16:00:00,23.75,7.42,0,0,0.27,6.97,0,0,0.27,6.53,0,0,0.27,6.1,0,0,0.27,5.68,0,0,0.27,5.28,0,0,0.27,4.93,0,0,0.28,4.16,0,0,0.27,3.5,0,0,0.27,2.93,0,0,0.27,2.47,0,0,0.28,1.99,0,0,0.27,1.62,0,0,0.27,1.31,0,0,0.27,1.06,0,0,0.27,0.85,0,0,0.27,0.68,0,0,0.27,0.54,0,0,0.27,0.43,0,35,0.27,0.47,0,8,0.27,0.56,0,0,0.27,0.68,0,0,0.27,0.82,0,0,0.27,0.96,0,0,0.27,1.14,0,0,0.27,1.32,0,31,0.27,1.74,0,110,0.27,2.23,0,1,0.27,2.77,0,1,0.27,3.3,10,10,0.26,4.04,0,0,0.27,4.75,0,0,0.27,5.49,0,0,0.27,6.29,0,0,0.27,7.11,0,0,0.27,7.95,0,0,0.27,8.82,0,0,0.27,9.7,0,0,0.27,0.35,0.0,0.0,0.27,10.61,0.0,0.0,0.27,,,,,,,,,,,,,,,,,,,,,,,,,,,,,,,,
2023-09-13 16:00:00,23.75,7.41,0,0,0.27,6.96,0,0,0.27,6.52,0,0,0.27,6.09,0,0,0.27,5.67,0,0,0.27,5.27,0,0,0.27,4.94,0,0,0.28,4.16,0,0,0.27,3.49,0,0,0.27,2.91,0,0,0.27,2.4,0,0,0.27,1.97,0,0,0.27,1.6,0,0,0.27,1.29,0,0,0.27,1.04,0,0,0.27,0.83,0,0,0.27,0.66,0,0,0.27,0.52,0,0,0.27,0.41,0,35,0.27,0.46,0,8,0.27,0.55,0,0,0.27,0.66,0,0,0.27,0.8,0,0,0.27,0.95,0,0,0.27,1.12,0,0,0.27,1.3,0,31,0.27,1.72,0,110,0.27,2.21,0,1,0.27,2.75,0,1,0.27,3.35,0,10,0.27,4.02,0,0,0.27,4.73,0,0,0.27,5.48,0,0,0.27,6.27,0,0,0.27,7.1,0,0,0.27,7.94,0,0,0.27,8.81,0,0,0.27,9.7,0,0,0.27,0.34,0.0,10.0,0.27,10.61,0.0,0.0,0.27,,,,,,,,,,,,,,,,,,,,,,,,,,,,,,,,
2023-09-14 16:00:00,24.65,8.29,0,0,0.28,7.83,0,0,0.27,7.38,0,0,0.28,6.94,0,0,0.28,6.5,0,0,0.27,6.08,0,0,0.27,5.67,0,0,0.27,4.9,0,0,0.27,4.19,0,0,0.27,3.55,0,0,0.27,2.98,0,0,0.27,2.5,0,0,0.27,2.07,0,0,0.27,1.7,0,0,0.27,1.38,0,0,0.27,1.13,0,0,0.27,0.92,0,0,0.27,0.74,0,0,0.27,0.6,0,35,0.27,0.36,33,41,0.27,0.44,0,0,0.27,0.54,0,0,0.27,0.65,0,0,0.27,0.78,0,0,0.27,0.93,0,0,0.27,1.08,0,31,0.27,1.48,0,110,0.28,1.88,0,1,0.27,2.37,0,1,0.27,2.92,0,10,0.27,3.51,0,0,0.27,4.19,0,0,0.27,4.9,0,0,0.27,5.64,0,0,0.27,6.43,0,0,0.27,7.24,0,0,0.27,8.08,0,0,0.27,8.94,0,0,0.27,0.48,2.0,12.0,0.27,9.82,0.0,0.0,0.27,,,,,,,,,,,,,,,,,,,,,,,,,,,,,,,,
2023-09-15 16:00:00,24.7,8.32,0,0,0.26,7.85,0,0,0.25,7.39,0,0,0.25,6.94,0,0,0.26,6.5,0,0,0.26,6.07,0,0,0.26,5.65,0,0,0.26,4.96,0,0,0.28,4.2,0,0,0.27,3.51,0,0,0.26,2.89,0,0,0.26,2.36,0,0,0.25,1.93,0,0,0.25,1.56,0,0,0.25,1.25,0,0,0.25,0.99,1,1,0.25,0.79,0,0,0.25,0.63,0,0,0.26,0.49,0,35,0.25,0.28,0,41,0.26,0.35,0,0,0.25,0.44,0,0,0.26,0.54,0,0,0.25,0.65,0,0,0.25,0.79,0,0,0.25,0.94,0,31,0.26,1.32,181,291,0.26,1.7,0,1,0.25,2.19,0,1,0.26,2.73,0,10,0.25,3.33,0,0,0.25,4.0,0,0,0.26,4.71,0,0,0.25,5.46,0,0,0.25,6.25,0,0,0.25,7.08,0,0,0.25,7.93,0,0,0.25,8.81,0,0,0.26,0.39,0.0,12.0,0.26,9.7,0.0,0.0,0.25,0.31,0.0,0.0,0.26,10.61,0.0,0.0,0.26,,,,,,,,,,,,,,,,,,,,,,,,
2023-09-18 16:00:00,24.65,8.27,0,0,0.27,7.81,0,0,0.27,7.36,0,0,0.27,6.91,0,0,0.27,6.48,0,0,0.27,6.05,0,0,0.27,5.64,0,0,0.27,4.92,0,0,0.28,4.16,0,0,0.27,3.51,0,0,0.27,2.95,0,0,0.27,2.46,0,0,0.27,2.02,0,0,0.27,1.65,0,0,0.27,1.34,0,0,0.27,1.1,0,1,0.27,0.88,0,0,0.27,0.71,0,0,0.27,0.57,0,35,0.27,0.35,0,41,0.27,0.43,0,0,0.27,0.52,0,0,0.27,0.64,0,0,0.27,0.76,0,0,0.27,0.91,0,0,0.27,1.06,0,31,0.27,1.42,0,291,0.27,1.86,0,1,0.27,2.35,0,1,0.27,2.9,0,10,0.27,3.46,0,0,0.27,4.17,0,0,0.27,4.88,0,0,0.27,5.63,0,0,0.27,6.42,0,0,0.27,7.24,0,0,0.27,8.08,0,0,0.27,8.95,0,0,0.27,0.45,0.0,12.0,0.27,9.83,0.0,0.0,0.27,0.38,4.0,4.0,0.27,10.73,0.0,0.0,0.27,,,,,,,,,,,,,,,,,,,,,,,,
2023-09-19 16:00:00,25.3,8.91,0,0,0.28,8.44,0,0,0.27,7.98,0,0,0.27,7.53,0,0,0.27,7.08,0,0,0.27,6.65,0,0,0.27,6.23,0,0,0.27,5.42,0,0,0.27,4.72,0,0,0.28,3.99,0,0,0.27,3.37,0,0,0.27,2.88,0,0,0.28,2.37,0,0,0.27,1.96,0,0,0.27,1.62,0,0,0.27,1.32,2,3,0.27,1.08,1,1,0.27,0.88,0,0,0.27,0.7,0,35,0.27,0.29,0,41,0.27,0.35,0,0,0.27,0.44,0,0,0.27,0.53,0,0,0.27,0.65,0,0,0.27,0.77,0,0,0.27,0.91,0,31,0.27,1.24,0,291,0.27,1.63,0,1,0.27,2.08,0,1,0.27,2.6,0,10,0.27,3.12,0,0,0.27,3.79,0,0,0.27,4.46,0,0,0.27,5.19,0,0,0.27,5.94,0,0,0.27,6.73,0,0,0.27,7.56,0,0,0.27,8.4,0,0,0.27,0.57,0.0,12.0,0.27,9.27,0.0,0.0,0.27,0.47,0.0,4.0,0.27,10.15,0.0,0.0,0.27,,,,,,,,,,,,,,,,,,,,,,,,
2023-09-20 16:00:00,25.15,8.76,0,0,0.28,8.29,0,0,0.27,7.83,0,0,0.27,7.38,0,0,0.27,6.94,0,0,0.27,6.51,0,0,0.27,6.09,0,0,0.27,5.29,0,0,0.27,4.59,0,0,0.28,3.88,0,0,0.27,3.28,0,0,0.27,2.81,0,0,0.28,2.29,0,0,0.27,1.89,0,0,0.27,1.56,0,0,0.27,1.27,0,3,0.27,1.03,0,1,0.27,0.84,0,0,0.27,0.67,0,35,0.27,0.31,0,41,0.28,0.37,0,0,0.27,0.46,0,0,0.27,0.56,0,0,0.27,0.68,0,0,0.27,0.81,0,0,0.27,0.95,0,31,0.27,1.29,0,291,0.27,1.69,0,1,0.27,2.15,0,1,0.27,2.67,4,6,0.27,3.19,0,0,0.27,3.89,0,0,0.27,4.56,0,0,0.27,5.3,0,0,0.27,6.06,0,0,0.27,6.85,0,0,0.27,7.68,0,0,0.27,8.53,0,0,0.27,0.55,0.0,12.0,0.27,9.41,0.0,0.0,0.27,0.45,0.0,4.0,0.28,10.29,0.0,0.0,0.27,,,,,,,,,,,,,,,,,,,,,,,,
2023-09-25 16:00:00,25.0,8.6,0,0,0.27,8.14,0,0,0.27,7.68,0,0,0.27,7.23,0,0,0.27,6.79,0,0,0.27,6.36,0,0,0.27,5.94,0,0,0.27,5.2,0,0,0.28,4.42,0,0,0.27,3.75,0,0,0.27,3.15,0,0,0.27,2.65,0,0,0.27,2.18,0,0,0.27,1.79,0,0,0.27,1.47,0,0,0.27,1.19,0,3,0.27,0.96,0,1,0.27,0.78,0,0,0.27,0.63,0,35,0.27,0.31,0,41,0.27,0.38,0,0,0.27,0.47,0,0,0.27,0.58,0,0,0.27,0.69,0,0,0.27,0.83,0,0,0.27,0.97,0,31,0.27,1.32,0,291,0.27,1.73,0,1,0.27,2.2,0,1,0.27,2.72,0,6,0.27,3.29,0,0,0.27,3.96,0,0,0.27,4.65,0,0,0.27,5.39,0,0,0.27,6.16,0,0,0.27,6.96,0,0,0.27,7.8,0,0,0.27,8.66,0,0,0.27,0.5,0.0,12.0,0.27,9.54,0.0,0.0,0.27,0.42,0.0,4.0,0.28,10.43,0.0,0.0,0.27,,,,,,,,,,,,,,,,,,,,,,,,
2023-09-26 16:00:00,24.75,8.35,0,0,0.27,7.89,0,0,0.27,7.44,0,0,0.27,6.99,0,0,0.27,6.55,0,0,0.27,6.13,0,0,0.27,5.71,0,0,0.27,4.99,0,0,0.29,4.22,0,0,0.27,3.57,0,0,0.27,2.99,0,0,0.27,2.54,0,0,0.28,2.05,0,0,0.27,1.68,0,0,0.27,1.37,0,0,0.27,1.11,0,3,0.27,0.89,0,1,0.27,0.72,0,0,0.27,0.58,0,35,0.27,0.34,0,41,0.28,0.41,0,0,0.27,0.5,0,0,0.27,0.62,0,0,0.27,0.74,0,0,0.27,0.88,0,0,0.27,1.03,0,31,0.27,1.39,0,291,0.27,1.82,0,1,0.27,2.31,0,1,0.27,2.85,0,6,0.27,3.39,0,0,0.27,4.12,0,0,0.27,4.82,0,0,0.27,5.56,0,0,0.27,6.35,0,0,0.27,7.17,0,0,0.27,8.01,0,0,0.27,8.88,0,0,0.27,0.46,0.0,12.0,0.27,9.76,0.0,0.0,0.27,0.38,0.0,4.0,0.28,10.66,0.0,0.0,0.27,,,,,,,,,,,,,,,,,,,,,,,,
2023-09-27 16:00:00,24.9,8.5,0,0,0.27,8.03,0,0,0.27,7.58,0,0,0.27,7.13,0,0,0.27,6.69,0,0,0.27,6.26,0,0,0.27,5.84,0,0,0.27,5.11,0,0,0.28,4.33,0,0,0.27,3.66,0,0,0.27,3.07,0,0,0.27,2.57,0,0,0.27,2.11,0,0,0.27,1.73,0,0,0.27,1.41,0,0,0.27,1.15,0,3,0.27,0.92,0,1,0.27,0.75,0,0,0.27,0.6,0,35,0.27,0.32,0,41,0.28,0.39,0,0,0.27,0.48,0,0,0.27,0.58,0,0,0.27,0.7,0,0,0.27,0.84,0,0,0.27,0.99,0,31,0.27,1.34,0,291,0.27,1.75,0,1,0.27,2.23,0,1,0.27,2.85,0,6,0.28,3.34,0,0,0.27,4.02,0,0,0.27,4.71,0,0,0.27,5.45,0,0,0.27,6.23,0,0,0.27,7.04,0,0,0.27,7.88,0,0,0.27,8.74,0,0,0.27,0.47,0.0,12.0,0.27,9.62,0.0,0.0,0.27,0.39,0.0,4.0,0.27,10.52,0.0,0.0,0.27,,,,,,,,,,,,,,,,,,,,,,,,
2023-09-28 16:00:00,25.05,8.64,0,0,0.27,8.18,0,0,0.27,7.72,0,0,0.27,7.27,0,0,0.27,6.82,0,0,0.27,6.39,0,0,0.27,5.97,0,0,0.27,5.17,0,0,0.27,4.46,0,0,0.28,3.77,0,0,0.27,3.16,0,0,0.27,2.67,0,0,0.28,2.19,0,0,0.27,1.8,0,0,0.27,1.47,0,0,0.27,1.19,0,3,0.27,0.96,0,1,0.27,0.78,0,0,0.27,0.62,0,35,0.27,0.3,0,41,0.27,0.37,0,0,0.27,0.46,0,0,0.27,0.56,0,0,0.27,0.67,0,0,0.27,0.8,0,0,0.27,0.95,0,31,0.27,1.29,0,291,0.27,1.7,0,1,0.27,2.16,0,1,0.27,2.69,4,2,0.27,3.24,0,0,0.27,3.92,0,0,0.27,4.61,0,0,0.27,5.35,0,0,0.27,6.12,0,0,0.27,6.92,0,0,0.27,7.76,0,0,0.27,8.62,0,0,0.27,0.5,0.0,12.0,0.27,9.49,0.0,0.0,0.27,0.41,0.0,4.0,0.27,10.39,0.0,0.0,0.27,,,,,,,,,,,,,,,,,,,,,,,,
2023-09-29 16:00:00,25.4,8.99,0,0,0.28,8.52,0,0,0.27,8.05,0,0,0.27,7.6,0,0,0.27,7.15,0,0,0.27,6.71,0,0,0.27,6.28,0,0,0.27,5.46,0,0,0.27,4.76,0,0,0.28,4.03,0,0,0.27,3.39,0,0,0.27,2.84,0,0,0.27,2.43,0,0,0.28,1.95,0,0,0.27,1.6,0,0,0.27,1.3,0,3,0.27,1.06,0,1,0.27,0.86,0,0,0.27,0.68,0,35,0.27,0.27,0,41,0.27,0.32,0,0,0.27,0.41,0,0,0.27,0.49,0,0,0.27,0.6,0,0,0.27,0.72,0,0,0.27,0.86,0,31,0.27,1.18,0,291,0.27,1.56,0,1,0.27,2.0,0,1,0.27,2.51,0,2,0.27,3.08,0,0,0.27,3.62,0,0,0.26,4.37,0,0,0.27,5.1,0,0,0.27,5.85,0,0,0.27,6.64,0,0,0.27,7.47,0,0,0.27,8.31,0,0,0.27,0.55,0.0,12.0,0.27,9.19,0.0,0.0,0.27,0.45,0.0,4.0,0.27,10.07,0.0,0.0,0.27,,,,,,,,,,,,,,,,,,,,,,,,
2023-10-03 16:00:00,24.4,8.0,0,0,0.28,7.54,0,0,0.28,7.09,0,0,0.28,6.64,0,0,0.28,6.21,0,0,0.28,5.79,0,0,0.28,5.39,0,0,0.28,4.71,0,0,0.29,3.98,0,0,0.29,3.32,0,0,0.28,2.76,0,0,0.28,2.35,0,0,0.29,1.87,0,0,0.28,1.53,0,0,0.28,1.24,0,0,0.28,1.0,0,3,0.28,0.8,0,1,0.28,0.64,0,0,0.28,0.52,0,35,0.28,0.39,0,41,0.28,0.47,0,0,0.28,0.58,0,0,0.28,0.69,0,0,0.28,0.83,0,0,0.28,0.98,0,0,0.28,1.15,0,31,0.28,1.53,0,291,0.28,1.97,0,1,0.28,2.49,0,1,0.28,3.07,5,7,0.28,3.58,0,0,0.26,4.37,0,0,0.28,5.1,0,0,0.28,5.86,0,0,0.28,6.66,0,0,0.28,7.49,0,0,0.28,8.34,0,0,0.28,9.22,0,0,0.28,0.41,0.0,12.0,0.28,10.11,0.0,0.0,0.28,0.34,0.0,4.0,0.28,11.02,0.0,0.0,0.28,,,,,,,,,,,,,,,,,,,,,,,,
2023-10-04 16:00:00,24.3,7.89,0,0,0.28,7.43,0,0,0.28,6.98,0,0,0.28,6.54,0,0,0.28,6.11,0,0,0.28,5.69,0,0,0.28,5.3,0,0,0.28,4.6,0,0,0.29,3.88,0,0,0.28,3.26,0,0,0.28,2.78,0,0,0.29,2.22,0,0,0.28,1.81,0,0,0.28,1.49,0,0,0.28,1.21,0,0,0.28,0.97,0,3,0.28,0.78,0,1,0.28,0.62,0,0,0.28,0.5,0,35,0.28,0.41,0,41,0.28,0.49,0,0,0.28,0.6,0,0,0.28,0.72,0,0,0.28,0.86,0,0,0.28,1.01,0,0,0.28,1.19,0,31,0.28,1.58,0,291,0.28,2.03,0,1,0.28,2.55,0,1,0.28,3.04,0,7,0.27,3.77,0,0,0.28,4.45,0,0,0.28,5.19,0,0,0.28,5.96,0,0,0.28,6.76,0,0,0.28,7.59,0,0,0.28,8.45,0,0,0.28,9.33,0,0,0.28,0.4,0.0,12.0,0.28,10.23,0.0,0.0,0.28,0.33,0.0,4.0,0.28,11.14,0.0,0.0,0.28,,,,,,,,,,,,,,,,,,,,,,,,
2023-10-05 16:00:00,24.3,7.88,0,0,0.27,7.42,0,0,0.27,6.97,0,0,0.27,6.52,0,0,0.27,6.09,0,0,0.27,5.67,0,0,0.27,5.27,0,0,0.27,4.56,0,0,0.28,3.82,0,0,0.28,3.19,0,0,0.27,2.7,0,0,0.28,2.17,0,0,0.27,1.76,0,0,0.27,1.43,0,0,0.27,1.16,0,0,0.27,0.92,0,3,0.27,0.74,0,1,0.27,0.59,0,0,0.27,0.46,0,35,0.27,0.38,0,41,0.28,0.46,0,0,0.27,0.57,0,0,0.27,0.68,0,0,0.27,0.82,0,0,0.27,0.97,0,0,0.27,1.14,0,31,0.27,1.53,0,291,0.27,1.97,0,1,0.27,2.5,0,1,0.27,3.01,0,7,0.26,3.72,0,0,0.27,4.4,0,0,0.27,5.14,0,0,0.27,5.91,0,0,0.27,6.72,0,0,0.27,7.56,0,0,0.27,8.42,0,0,0.27,9.3,0,0,0.27,0.37,0.0,12.0,0.27,10.2,0.0,0.0,0.27,0.3,0.0,4.0,0.28,11.12,0.0,0.0,0.27,,,,,,,,,,,,,,,,,,,,,,,,
2023-10-09 16:00:00,25.0,8.56,0,0,0.27,8.09,0,0,0.27,7.64,0,0,0.28,7.18,0,0,0.27,6.74,0,0,0.28,6.31,0,0,0.28,5.89,0,0,0.28,5.14,0,0,0.29,4.35,0,0,0.28,3.69,0,0,0.28,3.09,0,0,0.28,2.59,0,0,0.28,2.13,0,0,0.28,1.74,0,0,0.28,1.42,0,0,0.28,1.16,0,3,0.28,0.93,0,1,0.28,0.75,0,0,0.28,0.6,0,35,0.28,0.31,0,41,0.28,0.38,0,0,0.28,0.48,1,1,0.28,0.57,0,0,0.27,0.69,0,0,0.28,0.83,0,0,0.28,0.97,0,31,0.27,1.32,0,291,0.28,1.73,0,1,0.28,2.21,0,1,0.28,2.74,0,7,0.28,3.32,0,0,0.27,3.99,0,0,0.28,4.68,0,0,0.28,5.42,0,0,0.28,6.21,0,0,0.28,7.01,0,0,0.28,7.86,0,0,0.28,8.72,0,0,0.28,0.48,0.0,12.0,0.28,9.6,0.0,0.0,0.28,0.39,0.0,4.0,0.28,10.5,0.0,0.0,0.28,,,,,,,,,,,,,,,,,,,,,,,,
2023-10-10 16:00:00,24.8,8.36,0,0,0.27,7.9,0,0,0.28,7.44,0,0,0.28,6.99,0,0,0.27,6.54,0,0,0.27,6.12,0,0,0.27,5.69,0,0,0.27,4.97,0,0,0.29,4.2,0,0,0.28,3.52,0,0,0.27,2.94,0,0,0.27,2.51,0,0,0.28,2.01,0,0,0.27,1.64,0,0,0.27,1.32,0,0,0.27,1.07,0,3,0.27,0.86,0,1,0.27,0.68,0,0,0.27,0.54,0,35,0.27,0.32,0,41,0.28,0.39,0,0,0.27,0.48,0,1,0.27,0.59,0,0,0.27,0.71,0,0,0.27,0.85,0,0,0.27,1.0,10,41,0.27,1.36,0,291,0.27,1.79,0,1,0.27,2.27,0,1,0.27,2.82,0,7,0.27,3.35,0,0,0.27,4.09,0,0,0.27,4.8,0,0,0.27,5.55,0,0,0.27,6.34,0,0,0.27,7.16,0,0,0.27,8.01,0,0,0.27,8.88,0,0,0.27,0.43,0.0,12.0,0.27,9.77,0.0,0.0,0.27,0.35,0.0,4.0,0.27,10.67,0.0,0.0,0.27,,,,,,,,,,,,,,,,,,,,,,,,
2023-10-11 16:00:00,24.7,8.26,0,0,0.27,7.79,0,0,0.27,7.33,0,0,0.27,6.88,0,0,0.27,6.44,0,0,0.27,6.01,0,0,0.27,5.59,0,0,0.27,4.84,0,0,0.28,4.07,0,0,0.27,3.42,0,0,0.27,2.84,0,0,0.27,2.38,0,0,0.27,1.92,0,0,0.27,1.56,0,0,0.27,1.25,0,0,0.27,1.0,0,3,0.27,0.8,0,1,0.27,0.63,0,0,0.27,0.5,0,35,0.27,0.31,0,41,0.27,0.39,0,0,0.27,0.48,0,1,0.27,0.59,0,0,0.27,0.7,0,0,0.27,0.85,0,0,0.27,1.0,0,41,0.27,1.36,0,291,0.27,1.79,0,1,0.27,2.28,0,1,0.27,2.84,0,7,0.27,3.4,0,0,0.26,4.12,0,0,0.27,4.84,0,0,0.27,5.59,0,0,0.27,6.39,0,0,0.27,7.22,0,0,0.27,8.07,0,0,0.27,8.95,0,0,0.27,0.39,0.0,12.0,0.27,9.84,0.0,0.0,0.27,0.32,0.0,4.0,0.27,10.75,0.0,0.0,0.27,,,,,,,,,,,,,,,,,,,,,,,,
2023-10-12 16:00:00,24.75,8.3,0,0,0.26,7.83,0,0,0.26,7.37,0,0,0.26,6.91,0,0,0.26,6.47,0,0,0.26,6.03,0,0,0.26,5.61,0,0,0.26,4.95,0,0,0.29,4.19,0,0,0.28,3.5,0,0,0.28,2.88,0,0,0.27,2.37,0,0,0.27,1.87,0,0,0.26,1.51,0,0,0.26,1.2,0,0,0.26,0.95,0,3,0.26,0.76,0,1,0.26,0.59,0,0,0.26,0.46,0,35,0.26,0.28,0,41,0.26,0.35,0,0,0.26,0.43,0,1,0.26,0.54,0,0,0.26,0.65,0,0,0.26,0.79,0,0,0.26,0.96,100,141,0.27,1.28,0,291,0.26,1.7,0,1,0.26,2.19,0,1,0.26,2.74,0,7,0.26,3.28,0,0,0.25,4.02,0,0,0.26,4.74,0,0,0.26,5.5,0,0,0.26,6.3,0,0,0.26,7.13,0,0,0.26,7.99,0,0,0.26,8.87,0,0,0.26,0.36,0.0,12.0,0.26,9.77,0.0,0.0,0.26,0.29,0.0,4.0,0.26,10.68,0.0,0.0,0.26,,,,,,,,,,,,,,,,,,,,,,,,
2023-10-16 16:00:00,24.95,8.48,0,0,0.26,8.01,0,0,0.26,7.55,0,0,0.27,7.09,0,0,0.26,6.64,0,0,0.26,6.2,0,0,0.26,5.78,0,0,0.27,5.03,0,0,0.28,4.23,0,0,0.27,3.54,0,0,0.26,2.94,0,0,0.26,2.42,0,0,0.27,1.97,0,0,0.27,1.59,0,0,0.26,1.28,0,0,0.27,1.02,0,3,0.26,0.81,0,1,0.27,0.64,0,0,0.27,0.51,0,35,0.27,0.27,0,41,0.27,0.33,0,0,0.26,0.42,0,1,0.27,0.51,0,0,0.26,0.63,0,0,0.27,0.76,0,0,0.27,0.9,0,141,0.26,1.24,0,291,0.26,1.65,0,1,0.27,2.12,0,1,0.26,2.66,0,7,0.27,3.25,0,0,0.26,3.92,0,0,0.26,4.63,0,0,0.26,5.38,0,0,0.27,6.17,0,0,0.26,7.0,0,0,0.27,7.85,0,0,0.27,8.72,0,0,0.26,0.39,0.0,12.0,0.26,9.62,0.0,0.0,0.27,0.32,0.0,4.0,0.27,10.53,0.0,0.0,0.27,,,,,,,,,,,,,,,,,,,,,,,,
2023-10-17 16:00:00,24.75,8.28,0,0,0.26,7.81,0,0,0.26,7.35,0,0,0.26,6.89,0,0,0.26,6.44,0,0,0.26,6.0,0,0,0.26,5.58,0,0,0.26,4.82,0,0,0.27,4.03,0,0,0.26,3.36,0,0,0.26,2.77,0,0,0.26,2.33,0,0,0.27,1.83,0,0,0.26,1.46,0,0,0.26,1.16,0,0,0.26,0.92,0,3,0.26,0.73,0,1,0.26,0.56,0,0,0.26,0.44,0,35,0.26,0.27,0,41,0.26,0.33,0,0,0.26,0.42,0,1,0.26,0.52,0,0,0.26,0.64,0,0,0.26,0.77,0,0,0.26,0.92,0,141,0.26,1.26,0,291,0.26,1.68,0,1,0.26,2.17,0,1,0.26,2.72,0,7,0.26,3.28,0,0,0.25,4.0,0,0,0.26,4.73,0,0,0.26,5.49,0,0,0.26,6.29,0,0,0.26,7.13,0,0,0.26,7.99,0,0,0.26,8.88,0,0,0.26,0.34,0.0,12.0,0.26,9.78,0.0,0.0,0.26,0.27,0.0,4.0,0.26,10.7,0.0,0.0,0.26,,,,,,,,,,,,,,,,,,,,,,,,
2023-10-18 16:00:00,24.75,8.28,0,0,0.26,7.81,0,0,0.26,7.34,0,0,0.26,6.89,0,0,0.26,6.44,0,0,0.26,6.0,0,0,0.26,5.58,0,0,0.26,4.82,0,0,0.27,4.03,0,0,0.26,3.36,0,0,0.26,2.77,0,0,0.26,2.33,0,0,0.27,1.83,0,0,0.26,1.46,0,0,0.26,1.16,0,0,0.26,0.92,0,3,0.26,0.72,0,1,0.26,0.56,0,0,0.26,0.44,0,35,0.26,0.27,0,41,0.26,0.33,0,0,0.26,0.42,0,1,0.26,0.52,0,0,0.26,0.64,0,0,0.26,0.77,0,0,0.26,0.92,0,141,0.26,1.26,0,291,0.26,1.68,0,1,0.26,2.17,0,1,0.26,2.72,0,7,0.26,3.25,0,0,0.25,4.01,0,0,0.26,4.73,0,0,0.26,5.5,0,0,0.26,6.3,0,0,0.26,7.14,0,0,0.26,8.0,0,0,0.26,8.88,0,0,0.26,0.34,0.0,12.0,0.26,9.78,0.0,0.0,0.26,0.27,0.0,4.0,0.26,10.7,0.0,0.0,0.26,,,,,,,,,,,,,,,,,,,,,,,,
2023-10-19 16:00:00,24.2,7.74,0,0,0.26,7.28,0,0,0.27,6.82,0,0,0.27,6.37,0,0,0.27,5.94,0,0,0.27,5.51,0,0,0.27,5.1,0,0,0.27,4.33,0,0,0.27,3.62,0,0,0.27,3.0,0,0,0.27,2.51,0,0,0.27,2.0,0,0,0.27,1.61,0,0,0.27,1.28,0,0,0.27,1.02,0,0,0.27,0.8,0,3,0.27,0.62,0,1,0.27,0.49,0,0,0.27,0.38,10,45,0.27,0.35,0,41,0.27,0.42,0,0,0.27,0.53,0,1,0.27,0.64,0,0,0.27,0.78,0,0,0.27,0.93,0,0,0.27,1.1,0,141,0.27,1.48,0,291,0.27,1.94,0,1,0.27,2.46,0,1,0.27,2.99,0,7,0.26,3.71,0,0,0.27,4.41,0,0,0.27,5.15,0,0,0.27,5.95,0,0,0.27,6.77,0,0,0.27,7.62,0,0,0.27,8.5,0,0,0.27,9.39,0,0,0.27,0.29,10.0,22.0,0.27,10.31,0.0,0.0,0.27,0.24,0.0,4.0,0.27,11.23,0.0,0.0,0.27,,,,,,,,,,,,,,,,,,,,,,,,
2023-10-20 16:00:00,24.15,7.69,0,0,0.26,7.23,0,0,0.27,6.77,0,0,0.27,6.32,0,0,0.27,5.89,0,0,0.27,5.46,0,0,0.27,5.05,0,0,0.27,4.31,0,0,0.27,3.58,0,0,0.27,2.96,0,0,0.27,2.47,0,0,0.27,1.96,0,0,0.27,1.57,0,0,0.27,1.25,0,0,0.27,0.99,0,0,0.27,0.78,0,3,0.27,0.6,0,1,0.27,0.48,0,0,0.27,0.37,0,45,0.27,0.35,0,41,0.27,0.43,0,0,0.27,0.53,0,1,0.27,0.65,0,0,0.27,0.79,0,0,0.27,0.93,0,0,0.27,1.11,0,141,0.27,1.5,0,291,0.27,1.95,0,1,0.27,2.48,0,1,0.27,3.02,0,7,0.26,3.73,0,0,0.27,4.44,0,0,0.27,5.19,0,0,0.27,5.98,0,0,0.27,6.81,0,0,0.27,7.66,0,0,0.27,8.54,0,0,0.27,9.44,0,0,0.27,0.28,0.0,22.0,0.27,10.35,0.0,0.0,0.27,0.23,0.0,4.0,0.27,11.28,0.0,0.0,0.27,,,,,,,,,,,,,,,,,,,,,,,,
2023-10-24 16:00:00,24.15,7.68,0,0,0.26,7.22,0,0,0.27,6.76,0,0,0.26,6.3,0,0,0.26,5.87,0,0,0.26,5.44,0,0,0.26,5.03,0,0,0.26,4.29,0,0,0.27,3.54,0,0,0.26,2.92,0,0,0.26,2.44,0,0,0.27,1.92,0,0,0.26,1.53,0,0,0.26,1.21,0,0,0.26,0.95,0,0,0.26,0.74,0,3,0.26,0.57,0,1,0.26,0.45,0,0,0.26,0.34,0,45,0.26,0.33,0,41,0.27,0.41,0,0,0.26,0.51,0,1,0.26,0.62,0,0,0.26,0.76,0,0,0.26,0.9,0,0,0.26,1.07,0,141,0.26,1.46,0,291,0.26,1.92,0,1,0.26,2.44,0,1,0.26,2.97,0,7,0.25,3.7,0,0,0.26,4.41,0,0,0.26,5.16,0,0,0.26,5.96,0,0,0.26,6.79,0,0,0.26,7.65,0,0,0.26,8.53,0,0,0.26,9.43,0,0,0.26,0.26,0.0,22.0,0.26,10.35,0.0,0.0,0.26,0.21,0.0,4.0,0.27,11.28,0.0,0.0,0.26,,,,,,,,,,,,,,,,,,,,,,,,
2023-10-25 16:00:00,24.1,7.63,0,0,0.26,7.17,0,0,0.27,6.71,0,0,0.26,6.26,0,0,0.27,5.82,0,0,0.26,5.39,0,0,0.26,4.98,0,0,0.26,4.24,0,0,0.27,3.5,0,0,0.26,2.88,0,0,0.26,2.42,0,0,0.27,1.89,0,0,0.26,1.51,0,0,0.26,1.19,0,0,0.26,0.94,0,0,0.26,0.73,1,4,0.26,0.56,0,1,0.26,0.44,0,0,0.26,0.34,0,45,0.26,0.34,3,44,0.27,0.42,0,0,0.26,0.52,0,1,0.26,0.63,0,0,0.26,0.77,0,0,0.26,0.92,0,0,0.26,1.09,0,141,0.26,1.48,0,291,0.26,1.94,0,1,0.26,2.47,0,1,0.26,3.0,0,7,0.25,3.74,0,0,0.26,4.45,0,0,0.26,5.2,0,0,0.26,6.0,0,0,0.26,6.84,0,0,0.26,7.69,0,0,0.26,8.58,0,0,0.26,9.48,0,0,0.26,0.25,0.0,22.0,0.26,10.4,0.0,0.0,0.27,0.2,0.0,4.0,0.26,11.33,0.0,0.0,0.26,,,,,,,,,,,,,,,,,,,,,,,,
2023-10-26 16:00:00,24.15,7.67,0,0,0.26,7.2,0,0,0.26,6.74,0,0,0.26,6.29,0,0,0.26,5.85,0,0,0.26,5.43,0,0,0.26,5.01,0,0,0.26,4.27,0,0,0.27,3.53,0,0,0.26,2.9,0,0,0.26,2.44,0,0,0.27,1.9,0,0,0.26,1.52,0,0,0.26,1.19,0,0,0.26,0.94,0,0,0.26,0.73,0,4,0.26,0.57,0,1,0.26,0.44,0,0,0.26,0.34,0,45,0.26,0.33,0,44,0.27,0.41,0,0,0.26,0.51,0,1,0.26,0.62,0,0,0.26,0.76,0,0,0.26,0.9,0,0,0.26,1.07,0,141,0.26,1.46,0,291,0.26,1.92,0,1,0.26,2.45,0,1,0.26,2.95,0,7,0.25,3.7,0,0,0.26,4.41,0,0,0.26,5.17,0,0,0.26,5.97,0,0,0.26,6.8,0,0,0.26,7.66,0,0,0.26,8.54,0,0,0.26,9.45,0,0,0.26,0.26,0.0,22.0,0.26,10.36,0.0,0.0,0.26,0.2,0.0,4.0,0.26,11.29,0.0,0.0,0.26,,,,,,,,,,,,,,,,,,,,,,,,
2023-10-27 16:00:00,24.4,7.91,0,0,0.26,7.44,0,0,0.26,6.98,0,0,0.26,6.53,0,0,0.26,6.08,0,0,0.26,5.65,0,0,0.26,5.22,0,0,0.26,4.49,0,0,0.27,3.72,0,0,0.26,3.07,0,0,0.26,2.57,0,0,0.27,2.02,0,0,0.26,1.61,0,0,0.26,1.28,0,0,0.26,1.01,0,0,0.26,0.79,0,4,0.26,0.61,0,1,0.26,0.47,0,0,0.26,0.36,0,45,0.26,0.3,0,44,0.27,0.37,0,0,0.26,0.46,0,1,0.26,0.57,0,0,0.26,0.69,0,0,0.26,0.84,0,0,0.26,0.99,0,141,0.26,1.36,0,291,0.26,1.8,0,1,0.26,2.32,0,1,0.26,2.83,0,7,0.25,3.54,0,0,0.26,4.24,0,0,0.26,4.98,0,0,0.26,5.77,0,0,0.26,6.59,0,0,0.26,7.44,0,0,0.26,8.32,0,0,0.26,9.22,0,0,0.26,0.28,0.0,22.0,0.26,10.13,0.0,0.0,0.26,0.22,0.0,4.0,0.26,11.06,0.0,0.0,0.26,,,,,,,,,,,,,,,,,,,,,,,,
2023-10-30 16:00:00,24.05,7.56,0,0,0.26,7.1,0,0,0.26,6.64,0,0,0.26,6.19,0,0,0.26,5.74,0,0,0.26,5.32,0,0,0.26,4.9,0,0,0.26,4.17,0,0,0.27,3.43,0,0,0.26,2.81,0,0,0.26,2.34,0,0,0.27,1.82,0,0,0.26,1.44,0,0,0.26,1.13,0,0,0.26,0.87,0,0,0.26,0.68,0,4,0.26,0.52,0,1,0.26,0.4,0,0,0.26,0.3,0,45,0.26,0.33,10,44,0.26,0.4,0,0,0.26,0.5,0,1,0.26,0.62,0,0,0.26,0.76,0,0,0.26,0.9,0,0,0.26,1.08,0,141,0.26,1.47,0,291,0.26,1.94,0,1,0.26,2.47,0,1,0.26,2.99,0,7,0.25,3.74,0,0,0.26,4.46,0,0,0.26,5.23,0,0,0.26,6.03,0,0,0.26,6.87,0,0,0.26,7.74,0,0,0.26,8.62,0,0,0.26,9.53,0,0,0.26,0.23,0.0,22.0,0.26,10.46,0.0,0.0,0.26,0.18,0.0,4.0,0.26,11.39,0.0,0.0,0.26,,,,,,,,,,,,,,,,,,,,,,,,
2023-10-31 16:00:00,24.0,7.51,0,0,0.26,7.05,0,0,0.26,6.59,0,0,0.26,6.14,0,0,0.26,5.7,0,0,0.26,5.27,0,0,0.26,4.93,0,0,0.28,4.1,0,0,0.26,3.39,0,0,0.26,2.77,0,0,0.26,2.31,0,0,0.27,1.79,0,0,0.26,1.42,0,0,0.26,1.14,0,0,0.27,0.86,0,0,0.26,0.67,0,4,0.26,0.51,0,1,0.26,0.39,0,0,0.26,0.3,0,45,0.26,0.33,0,44,0.26,0.41,10,10,0.26,0.52,0,1,0.26,0.63,0,0,0.26,0.77,0,0,0.26,0.92,0,0,0.26,1.1,0,141,0.26,1.49,0,291,0.26,1.96,0,1,0.26,2.5,0,1,0.26,3.01,0,7,0.25,3.78,0,0,0.26,4.5,0,0,0.26,5.27,0,0,0.26,6.07,0,0,0.26,6.92,0,0,0.26,7.78,0,0,0.26,8.67,0,0,0.26,9.58,0,0,0.26,0.23,0.0,22.0,0.26,10.51,0.0,0.0,0.26,0.18,0.0,4.0,0.26,11.44,0.0,0.0,0.26,,,,,,,,,,,,,,,,,,,,,,,,
2023-11-01 16:00:00,24.05,7.56,0,0,0.26,7.09,0,0,0.26,6.63,0,0,0.26,6.18,0,0,0.26,5.73,0,0,0.26,5.31,0,0,0.26,4.89,0,0,0.26,4.15,0,0,0.27,3.41,0,0,0.26,2.79,0,0,0.26,2.32,0,0,0.27,1.8,0,0,0.26,1.42,0,0,0.26,1.11,0,0,0.26,0.85,0,0,0.26,0.66,0,4,0.26,0.51,0,1,0.26,0.38,0,0,0.26,0.29,0,45,0.26,0.32,0,44,0.26,0.39,0,10,0.26,0.49,0,1,0.26,0.61,0,0,0.26,0.74,0,0,0.26,0.89,0,0,0.26,1.06,0,141,0.26,1.45,0,291,0.26,1.92,0,1,0.26,2.45,0,1,0.26,2.98,0,7,0.25,3.73,0,0,0.26,4.45,0,0,0.26,5.21,0,0,0.26,6.02,0,0,0.26,6.86,0,0,0.26,7.73,0,0,0.26,8.62,0,0,0.26,9.53,0,0,0.26,0.22,0.0,22.0,0.26,10.46,0.0,0.0,0.26,0.17,0.0,4.0,0.26,11.39,0.0,0.0,0.26,,,,,,,,,,,,,,,,,,,,,,,,
2023-11-02 16:00:00,24.2,7.73,0,0,0.26,7.26,0,0,0.26,6.8,0,0,0.26,6.35,0,0,0.26,5.9,0,0,0.26,5.47,0,0,0.26,5.05,0,0,0.26,4.31,0,0,0.27,3.54,0,0,0.26,2.91,0,0,0.26,2.37,0,0,0.26,1.89,6,6,0.26,1.49,0,0,0.26,1.17,0,0,0.26,0.91,0,0,0.26,0.71,0,4,0.26,0.54,0,1,0.26,0.41,0,0,0.26,0.31,0,45,0.26,0.29,20,64,0.26,0.36,0,10,0.26,0.46,0,1,0.26,0.57,0,0,0.26,0.69,0,0,0.26,0.84,0,0,0.26,1.0,0,141,0.26,1.37,0,291,0.26,1.82,0,1,0.26,2.34,0,1,0.26,2.92,0,7,0.26,3.59,0,0,0.26,4.3,0,0,0.26,5.05,0,0,0.26,5.85,0,0,0.26,6.69,0,0,0.26,7.55,0,0,0.26,8.43,0,0,0.26,9.34,0,0,0.26,0.24,0.0,22.0,0.26,10.26,0.0,0.0,0.26,0.19,0.0,4.0,0.26,11.19,0.0,0.0,0.26,,,,,,,,,,,,,,,,,,,,,,,,
2023-11-03 16:00:00,24.55,8.07,0,0,0.25,7.6,0,0,0.25,7.14,0,0,0.26,6.68,0,0,0.26,6.23,0,0,0.26,5.79,0,0,0.26,5.36,0,0,0.26,4.62,0,0,0.27,3.83,0,0,0.26,3.14,0,0,0.26,2.56,0,0,0.26,2.08,0,6,0.26,1.64,0,0,0.26,1.3,0,0,0.26,1.02,0,0,0.26,0.79,0,4,0.26,0.6,0,1,0.26,0.47,0,0,0.26,0.36,0,45,0.26,0.25,0,64,0.26,0.32,0,10,0.26,0.4,0,1,0.26,0.5,0,0,0.26,0.61,0,0,0.26,0.75,0,0,0.26,0.9,0,141,0.26,1.25,0,291,0.26,1.68,0,1,0.26,2.17,0,1,0.26,2.74,2,7,0.26,3.35,0,0,0.26,4.05,0,0,0.26,4.79,0,0,0.26,5.58,0,0,0.26,6.4,0,0,0.26,7.24,0,0,0.26,8.12,0,0,0.26,9.02,0,0,0.26,0.27,0.0,22.0,0.26,9.93,0.0,0.0,0.26,0.21,0.0,4.0,0.26,10.86,0.0,0.0,0.26,,,,,,,,,,,,,,,,,,,,,,,,
2023-11-06 16:00:00,23.8,7.32,0,0,0.25,6.86,0,0,0.26,6.4,0,0,0.26,5.95,0,0,0.26,5.51,0,0,0.26,5.08,0,0,0.26,4.75,0,0,0.28,3.93,0,0,0.26,3.21,0,0,0.26,2.61,0,0,0.26,2.14,0,0,0.27,1.64,0,6,0.26,1.29,0,0,0.26,1.0,0,0,0.26,0.77,0,0,0.26,0.58,0,4,0.26,0.45,0,1,0.26,0.34,0,0,0.26,0.25,0,45,0.26,0.33,22,81,0.26,0.41,0,10,0.26,0.51,0,1,0.26,0.63,0,0,0.26,0.77,0,0,0.26,0.92,0,0,0.26,1.1,0,141,0.26,1.51,0,291,0.26,1.99,0,1,0.26,2.54,0,1,0.26,3.1,0,7,0.25,3.84,0,0,0.26,4.57,0,0,0.26,5.36,0,0,0.26,6.18,0,0,0.26,7.02,0,0,0.26,7.9,0,0,0.26,8.8,0,0,0.26,9.72,0,0,0.26,0.19,0.0,22.0,0.26,10.65,0.0,0.0,0.26,0.15,0.0,4.0,0.26,11.59,0.0,0.0,0.26,,,,,,,,,,,,,,,,,,,,,,,,
2023-11-07 16:00:00,23.95,7.47,0,0,0.26,7.0,0,0,0.26,6.54,0,0,0.26,6.08,0,0,0.26,5.64,0,0,0.26,5.21,0,0,0.26,4.89,0,0,0.28,4.06,0,0,0.27,3.31,0,0,0.26,2.69,0,0,0.26,2.22,0,0,0.27,1.71,0,6,0.26,1.34,0,0,0.26,1.04,0,0,0.26,0.8,0,0,0.26,0.62,1,5,0.26,0.47,0,1,0.26,0.35,0,0,0.26,0.27,0,45,0.26,0.31,0,81,0.26,0.39,0,10,0.26,0.48,0,1,0.26,0.6,0,0,0.26,0.73,0,0,0.26,0.88,0,0,0.26,1.05,0,141,0.26,1.45,0,291,0.26,1.92,0,1,0.26,2.41,0,1,0.25,2.99,0,7,0.25,3.74,0,0,0.26,4.47,0,0,0.26,5.24,0,0,0.26,6.05,0,0,0.26,6.9,0,0,0.26,7.77,0,0,0.26,8.67,0,0,0.26,9.58,0,0,0.26,0.2,0.0,22.0,0.26,10.51,0.0,0.0,0.26,0.15,0.0,4.0,0.26,11.45,0.0,0.0,0.26,,,,,,,,,,,,,,,,,,,,,,,,
2023-11-08 16:00:00,23.95,7.47,0,0,0.26,7.0,0,0,0.26,6.54,0,0,0.26,6.08,0,0,0.26,5.64,0,0,0.26,5.21,0,0,0.26,4.88,0,0,0.28,4.05,0,0,0.27,3.31,0,0,0.26,2.69,0,0,0.26,2.2,0,0,0.26,1.71,0,6,0.26,1.34,0,0,0.26,1.04,0,0,0.26,0.8,0,0,0.26,0.61,2,7,0.26,0.47,0,1,0.26,0.35,0,0,0.26,0.27,0,45,0.26,0.31,0,81,0.26,0.38,0,10,0.26,0.48,0,1,0.26,0.6,0,0,0.26,0.73,0,0,0.26,0.88,2,2,0.26,1.05,0,141,0.26,1.45,0,291,0.26,1.92,0,1,0.26,2.46,0,1,0.26,3.02,0,7,0.25,3.74,0,0,0.26,4.47,0,0,0.26,5.24,0,0,0.26,6.05,0,0,0.26,6.9,0,0,0.26,7.78,0,0,0.26,8.67,0,0,0.26,9.58,0,0,0.26,0.2,0.0,22.0,0.26,10.51,0.0,0.0,0.26,0.15,0.0,4.0,0.26,11.45,0.0,0.0,0.26,,,,,,,,,,,,,,,,,,,,,,,,
2023-11-10 16:00:00,24.4,7.92,0,0,0.28,7.45,0,0,0.27,6.98,0,0,0.27,6.53,0,0,0.27,6.08,0,0,0.27,5.65,0,0,0.27,5.23,0,0,0.27,4.4,0,0,0.26,3.69,0,0,0.27,3.02,0,0,0.26,2.46,0,0,0.26,1.97,0,6,0.26,1.56,0,0,0.26,1.23,0,0,0.26,0.96,0,0,0.26,0.74,0,7,0.26,0.57,0,1,0.26,0.44,0,0,0.26,0.34,0,45,0.26,0.27,0,81,0.26,0.34,0,10,0.26,0.43,0,1,0.26,0.54,0,0,0.26,0.65,0,0,0.26,0.8,0,2,0.26,0.94,0,141,0.26,1.31,0,291,0.26,1.75,0,1,0.26,2.26,0,1,0.26,2.85,0,7,0.26,3.49,0,0,0.26,4.18,0,0,0.26,4.93,0,0,0.26,5.72,0,0,0.26,6.55,0,0,0.26,7.4,0,0,0.26,8.29,0,0,0.26,9.19,0,0,0.26,0.25,0.0,22.0,0.26,10.1,0.0,0.0,0.26,0.2,0.0,4.0,0.26,11.04,0.0,0.0,0.26,,,,,,,,,,,,,,,,,,,,,,,,
2023-11-13 16:00:00,24.4,7.9,0,0,0.25,7.43,0,0,0.26,6.97,0,0,0.27,6.51,0,0,0.26,6.06,0,0,0.26,5.62,0,0,0.26,5.2,0,0,0.26,4.39,0,0,0.26,3.66,0,0,0.26,3.01,0,0,0.26,2.51,0,0,0.27,1.96,0,6,0.26,1.55,0,0,0.26,1.22,0,0,0.26,0.95,0,0,0.26,0.73,0,7,0.26,0.56,0,1,0.26,0.43,0,0,0.26,0.33,0,45,0.26,0.27,0,81,0.26,0.34,0,10,0.26,0.42,0,1,0.26,0.53,0,0,0.26,0.65,0,0,0.26,0.79,0,2,0.26,0.94,0,141,0.26,1.3,0,291,0.26,1.74,0,1,0.26,2.26,0,1,0.26,2.77,0,7,0.25,3.48,0,0,0.26,4.18,0,0,0.26,4.92,0,0,0.26,5.72,0,0,0.26,6.55,0,0,0.26,7.41,0,0,0.26,8.29,0,0,0.26,9.19,0,0,0.26,0.25,0.0,22.0,0.26,10.11,0.0,0.0,0.26,0.19,0.0,4.0,0.26,11.04,0.0,0.0,0.26,,,,,,,,,,,,,,,,,,,,,,,,
2023-11-15 16:00:00,24.85,8.34,0,0,0.25,7.87,0,0,0.26,7.4,0,0,0.26,6.93,0,0,0.26,6.48,0,0,0.26,6.03,0,0,0.26,5.59,0,0,0.26,4.82,0,0,0.27,4.03,0,0,0.26,3.32,0,0,0.26,2.72,0,0,0.26,2.19,0,6,0.26,1.75,0,0,0.26,1.38,0,0,0.26,1.08,0,0,0.26,0.84,0,7,0.26,0.65,0,1,0.26,0.5,0,0,0.26,0.38,0,45,0.26,0.22,0,81,0.26,0.28,0,10,0.26,0.36,0,1,0.26,0.45,0,0,0.26,0.56,0,0,0.26,0.68,0,2,0.26,0.82,0,141,0.26,1.16,0,291,0.26,1.56,0,1,0.26,2.04,0,1,0.26,2.59,0,7,0.26,3.2,0,0,0.26,3.87,0,0,0.26,4.6,0,0,0.26,5.37,0,0,0.26,6.18,0,0,0.26,7.02,0,0,0.26,7.9,0,0,0.26,8.79,0,0,0.26,0.29,0.0,22.0,0.26,9.7,0.0,0.0,0.26,0.23,0.0,4.0,0.26,10.62,0.0,0.0,0.26,,,,,,,,,,,,,,,,,,,,,,,,
2023-11-16 16:00:00,25.2,8.68,0,0,0.25,8.21,0,0,0.27,7.73,0,0,0.26,7.27,0,0,0.27,6.8,0,0,0.26,6.35,0,0,0.26,5.91,0,0,0.26,5.07,0,0,0.26,4.3,0,0,0.26,3.57,0,0,0.26,2.94,0,0,0.26,2.43,0,6,0.27,1.93,0,0,0.26,1.54,0,0,0.26,1.21,0,0,0.26,0.95,0,7,0.26,0.74,0,1,0.26,0.57,0,0,0.26,0.44,0,45,0.26,0.2,0,81,0.26,0.25,0,10,0.26,0.32,0,1,0.26,0.41,0,0,0.26,0.51,0,0,0.26,0.62,0,2,0.26,0.75,0,141,0.26,1.07,0,291,0.26,1.45,0,1,0.26,1.9,0,1,0.26,2.42,0,7,0.26,2.98,0,0,0.26,3.67,0,0,0.26,4.38,0,0,0.26,5.12,0,0,0.26,5.92,0,0,0.26,6.75,0,0,0.26,7.61,0,0,0.26,8.49,0,0,0.26,0.34,0.0,22.0,0.26,9.4,0.0,0.0,0.26,0.27,0.0,4.0,0.26,10.31,0.0,0.0,0.26,,,,,,,,,,,,,,,,,,,,,,,,
2023-11-20 16:00:00,25.35,8.83,0,0,0.27,8.35,0,0,0.27,7.87,0,0,0.26,7.4,0,0,0.26,6.94,0,0,0.26,6.48,0,0,0.26,6.04,0,0,0.26,5.18,0,0,0.26,4.39,0,0,0.26,3.67,0,0,0.26,3.02,0,0,0.26,2.45,0,6,0.26,1.98,0,0,0.26,1.58,0,0,0.26,1.24,0,0,0.26,0.98,0,7,0.26,0.76,0,1,0.26,0.59,0,0,0.26,0.45,0,45,0.26,0.18,0,81,0.26,0.23,0,10,0.26,0.3,0,1,0.26,0.38,0,0,0.26,0.47,0,0,0.26,0.58,0,2,0.26,0.71,0,141,0.26,1.01,0,291,0.26,1.38,0,1,0.26,1.82,0,1,0.26,2.34,0,7,0.26,2.92,0,0,0.26,3.57,0,0,0.26,4.26,0,0,0.26,5.0,0,0,0.26,5.8,0,0,0.26,6.63,0,0,0.26,7.48,0,0,0.26,8.36,0,0,0.26,0.35,0.0,22.0,0.26,9.26,0.0,0.0,0.26,0.27,0.0,4.0,0.26,10.18,0.0,0.0,0.26,,,,,,,,,,,,,,,,,,,,,,,,
2023-11-21 16:00:00,25.1,8.57,0,0,0.24,8.1,0,0,0.26,7.62,0,0,0.26,7.15,0,0,0.26,6.69,0,0,0.26,6.24,0,0,0.26,5.8,0,0,0.26,4.95,0,0,0.26,4.21,0,0,0.27,3.46,0,0,0.26,2.84,0,0,0.26,2.31,0,6,0.26,1.83,0,0,0.26,1.45,0,0,0.26,1.13,0,0,0.26,0.88,0,7,0.26,0.68,0,1,0.26,0.52,0,0,0.26,0.4,0,45,0.26,0.19,0,81,0.26,0.25,0,10,0.26,0.32,0,1,0.26,0.4,0,0,0.26,0.5,0,0,0.26,0.62,0,2,0.26,0.75,0,141,0.26,1.06,0,291,0.26,1.45,0,1,0.26,1.91,0,1,0.26,2.44,0,7,0.26,3.01,0,0,0.26,3.7,0,0,0.26,4.42,0,0,0.26,5.18,0,0,0.26,5.98,0,0,0.26,6.82,0,0,0.26,7.69,0,0,0.26,8.58,0,0,0.26,0.3,0.0,22.0,0.26,9.49,0.0,0.0,0.26,0.24,0.0,4.0,0.26,10.41,0.0,0.0,0.26,,,,,,,,,,,,,,,,,,,,,,,,
2023-11-22 16:00:00,25.2,8.67,0,0,0.25,8.19,0,0,0.25,7.72,0,0,0.26,7.25,0,0,0.26,6.79,0,0,0.26,6.33,0,0,0.26,5.89,0,0,0.26,5.04,0,0,0.26,4.28,0,0,0.27,3.54,0,0,0.26,2.9,0,0,0.26,2.37,0,6,0.26,1.89,0,0,0.26,1.49,0,0,0.26,1.17,0,0,0.26,0.91,0,7,0.26,0.71,0,1,0.26,0.54,0,0,0.26,0.41,0,45,0.26,0.19,0,81,0.26,0.24,0,10,0.26,0.31,0,1,0.26,0.39,0,0,0.26,0.49,0,0,0.26,0.6,0,2,0.26,0.73,0,141,0.26,1.04,0,291,0.26,1.42,0,1,0.26,1.87,0,1,0.26,2.39,0,7,0.26,2.96,0,0,0.26,3.64,0,0,0.26,4.35,0,0,0.26,5.11,0,0,0.26,5.91,0,0,0.26,6.74,0,0,0.26,7.6,0,0,0.26,8.49,0,0,0.26,0.32,0.0,22.0,0.26,9.4,0.0,0.0,0.26,0.25,0.0,4.0,0.26,10.32,0.0,0.0,0.26,,,,,,,,,,,,,,,,,,,,,,,,
2023-11-24 16:00:00,25.25,8.72,0,0,0.26,8.24,0,0,0.26,7.77,0,0,0.27,7.3,0,0,0.26,6.83,0,0,0.26,6.38,0,0,0.26,5.93,0,0,0.26,5.08,0,0,0.26,4.32,0,0,0.27,3.57,0,0,0.26,2.93,0,0,0.26,2.4,0,6,0.26,1.91,0,0,0.26,1.51,0,0,0.26,1.18,0,0,0.26,0.92,0,7,0.26,0.72,0,1,0.26,0.55,0,0,0.26,0.42,0,45,0.26,0.18,0,81,0.26,0.23,0,10,0.26,0.3,0,1,0.26,0.38,0,0,0.26,0.48,0,0,0.26,0.59,0,2,0.26,0.72,0,141,0.26,1.02,0,291,0.26,1.4,0,1,0.26,1.85,0,1,0.26,2.37,0,7,0.26,2.92,0,0,0.25,3.61,0,0,0.26,4.32,0,0,0.26,5.07,0,0,0.26,5.87,0,0,0.26,6.7,0,0,0.26,7.57,0,0,0.26,8.45,0,0,0.26,0.32,0.0,22.0,0.26,9.36,0.0,0.0,0.26,0.24,0.0,4.0,0.26,10.28,0.0,0.0,0.26,0.19,0.0,0.0,0.26,11.21,0.0,0.0,0.26,,,,,,,,,,,,,,,,
2023-11-27 16:00:00,25.35,8.81,0,0,0.27,8.33,0,0,0.27,7.85,0,0,0.26,7.38,0,0,0.26,6.91,0,0,0.26,6.45,0,0,0.26,6.01,0,0,0.26,5.15,0,0,0.26,4.39,0,0,0.27,3.62,0,0,0.26,2.97,0,0,0.26,2.44,0,6,0.26,1.93,0,0,0.26,1.53,0,0,0.26,1.2,0,0,0.26,0.93,0,7,0.26,0.72,0,1,0.26,0.55,0,0,0.26,0.42,0,45,0.26,0.17,0,81,0.26,0.22,0,10,0.26,0.28,0,1,0.26,0.36,0,0,0.26,0.45,0,0,0.26,0.56,0,2,0.26,0.68,0,141,0.26,0.98,0,291,0.26,1.35,0,1,0.26,1.79,0,1,0.26,2.31,0,7,0.26,2.85,0,0,0.25,3.55,0,0,0.26,4.25,0,0,0.26,5.0,0,0,0.26,5.79,0,0,0.26,6.63,0,0,0.26,7.49,0,0,0.26,8.37,0,0,0.26,0.32,0.0,22.0,0.26,9.28,0.0,0.0,0.26,0.24,0.0,4.0,0.26,10.2,0.0,0.0,0.26,0.19,0.0,0.0,0.26,11.14,0.0,0.0,0.26,,,,,,,,,,,,,,,,
2023-11-28 16:00:00,25.05,8.51,0,0,0.27,8.03,0,0,0.26,7.55,0,0,0.26,7.08,0,0,0.26,6.62,0,0,0.26,6.16,0,0,0.26,5.72,0,0,0.26,4.87,0,0,0.26,4.11,0,0,0.26,3.37,0,0,0.26,2.74,0,0,0.26,2.26,0,6,0.27,1.74,0,0,0.26,1.37,0,0,0.26,1.06,0,0,0.26,0.82,0,7,0.26,0.63,0,1,0.26,0.48,0,0,0.26,0.36,0,45,0.26,0.18,0,81,0.26,0.24,0,10,0.26,0.3,0,1,0.26,0.39,0,0,0.26,0.49,0,0,0.26,0.6,0,2,0.26,0.73,0,141,0.26,1.05,0,291,0.26,1.44,0,1,0.26,1.9,0,1,0.26,2.44,0,7,0.26,2.99,0,0,0.25,3.71,0,0,0.26,4.43,0,0,0.26,5.2,0,0,0.26,6.01,0,0,0.26,6.86,0,0,0.26,7.74,0,0,0.26,8.63,0,0,0.26,0.27,0.0,22.0,0.26,9.55,0.0,0.0,0.26,0.2,0.0,4.0,0.26,10.48,0.0,0.0,0.26,0.15,0.0,0.0,0.26,11.42,0.0,0.0,0.26,,,,,,,,,,,,,,,,
2023-11-29 16:00:00,25.3,8.75,0,0,0.25,8.27,0,0,0.25,7.8,0,0,0.26,7.33,0,0,0.26,6.86,0,0,0.26,6.4,0,0,0.26,5.96,0,0,0.26,5.1,0,0,0.26,4.3,0,0,0.26,3.57,0,0,0.26,2.93,0,0,0.26,2.35,0,6,0.26,1.9,0,0,0.26,1.5,0,0,0.26,1.17,0,0,0.26,0.91,0,7,0.26,0.71,0,1,0.26,0.54,0,0,0.26,0.41,0,45,0.26,0.17,0,81,0.26,0.22,0,10,0.26,0.29,0,1,0.26,0.37,0,0,0.26,0.46,0,0,0.26,0.57,0,2,0.26,0.7,0,141,0.26,1.0,0,291,0.26,1.37,0,1,0.26,1.82,0,1,0.26,2.34,0,7,0.26,2.94,0,0,0.26,3.58,0,0,0.26,4.29,0,0,0.26,5.04,0,0,0.26,5.84,0,0,0.26,6.67,0,0,0.26,7.53,0,0,0.26,8.42,0,0,0.26,0.31,0.0,22.0,0.26,9.33,0.0,0.0,0.26,0.24,0.0,4.0,0.26,10.25,0.0,0.0,0.26,0.18,0.0,0.0,0.26,11.19,0.0,0.0,0.26,,,,,,,,,,,,,,,,
2023-11-30 16:00:00,25.55,9.0,0,0,0.26,8.52,0,0,0.26,8.04,0,0,0.26,7.56,0,0,0.25,7.09,0,0,0.25,6.63,0,0,0.25,6.18,0,0,0.26,5.31,0,0,0.26,4.54,0,0,0.27,3.78,0,0,0.26,3.12,0,0,0.26,2.49,0,6,0.25,1.99,0,0,0.25,1.56,0,0,0.25,1.25,0,0,0.26,0.98,0,7,0.26,0.76,60,61,0.26,0.56,0,0,0.26,0.44,90,105,0.26,0.15,0,81,0.26,0.19,0,10,0.26,0.25,0,1,0.26,0.32,0,0,0.26,0.41,0,0,0.26,0.51,0,2,0.26,0.62,0,141,0.26,0.93,130,321,0.26,1.29,0,1,0.26,1.71,1,2,0.26,2.18,0,7,0.25,2.76,0,0,0.26,3.4,0,0,0.26,4.1,0,0,0.26,4.86,0,0,0.26,5.66,0,0,0.26,6.44,0,0,0.25,7.3,0,0,0.26,8.19,0,0,0.26,0.33,0.0,22.0,0.26,9.09,0.0,0.0,0.26,0.24,0.0,4.0,0.25,10.01,0.0,0.0,0.26,0.19,0.0,0.0,0.26,10.94,0.0,0.0,0.25,,,,,,,,,,,,,,,,
2023-12-01 16:00:00,25.1,8.55,0,0,0.25,8.07,0,0,0.25,7.59,0,0,0.25,7.12,0,0,0.25,6.66,0,0,0.26,6.2,0,0,0.26,5.76,0,0,0.26,4.9,0,0,0.26,4.23,0,0,0.28,3.49,0,0,0.27,2.84,0,0,0.27,2.28,0,6,0.27,1.8,0,0,0.26,1.38,0,0,0.26,1.08,0,0,0.26,0.84,0,7,0.26,0.65,0,61,0.26,0.48,0,0,0.26,0.36,0,105,0.26,0.18,0,81,0.26,0.23,0,10,0.26,0.29,0,1,0.26,0.38,0,0,0.26,0.47,0,0,0.26,0.59,0,2,0.26,0.71,0,141,0.26,1.06,0,321,0.26,1.42,0,1,0.26,1.85,0,2,0.25,2.33,0,7,0.25,2.96,60,60,0.25,3.56,0,0,0.24,4.34,120,90,0.25,5.01,0,0,0.23,5.8,0,0,0.22,6.66,36,36,0.22,7.69,0,0,0.26,8.54,0,0,0.24,0.27,0.0,22.0,0.26,9.51,0.0,0.0,0.26,0.2,0.0,4.0,0.26,10.44,0.0,0.0,0.26,0.15,0.0,0.0,0.26,11.37,0.0,0.0,0.25,,,,,,,,,,,,,,,,
2023-12-04 16:00:00,25.6,9.06,0,0,0.26,8.58,0,0,0.26,8.1,0,0,0.26,7.62,0,0,0.25,7.15,0,0,0.25,6.69,0,0,0.26,6.23,0,0,0.25,5.36,0,0,0.26,4.61,0,0,0.27,3.84,0,0,0.27,3.15,0,0,0.26,2.53,0,6,0.26,2.02,0,0,0.26,1.59,0,0,0.25,1.27,56,56,0.26,0.99,0,7,0.26,0.76,0,61,0.26,0.56,0,0,0.25,0.44,0,105,0.26,0.14,0,81,0.26,0.18,0,10,0.26,0.24,0,1,0.26,0.3,0,0,0.25,0.39,0,0,0.26,0.5,0,2,0.26,0.61,0,141,0.26,0.9,0,321,0.26,1.23,0,1,0.26,1.63,0,2,0.25,2.12,0,7,0.25,2.68,0,60,0.25,3.31,0,0,0.25,4.01,0,90,0.25,4.77,0,0,0.26,5.56,0,0,0.26,6.38,0,36,0.26,7.23,0,0,0.26,8.11,0,0,0.25,0.33,0.0,22.0,0.26,9.02,0.0,0.0,0.26,0.24,0.0,4.0,0.25,9.94,0.0,0.0,0.26,0.19,0.0,0.0,0.26,10.87,0.0,0.0,0.25,,,,,,,,,,,,,,,,
2023-12-05 16:00:00,25.1,8.56,0,0,0.26,8.08,0,0,0.26,7.6,0,0,0.25,7.13,0,0,0.25,6.66,0,0,0.25,6.2,0,0,0.25,5.75,0,0,0.25,4.89,0,0,0.25,4.21,0,0,0.28,3.46,0,0,0.27,2.79,0,0,0.26,2.22,0,6,0.26,1.71,0,0,0.25,1.36,0,0,0.26,1.04,21,56,0.25,0.79,0,7,0.25,0.6,0,61,0.25,0.44,0,0,0.25,0.32,0,105,0.25,0.16,0,81,0.25,0.2,0,10,0.25,0.26,0,1,0.25,0.34,0,0,0.25,0.43,0,0,0.25,0.54,0,2,0.25,0.68,0,141,0.25,0.99,0,321,0.25,1.38,0,1,0.25,1.83,0,2,0.25,2.33,0,7,0.25,2.91,90,90,0.25,3.58,120,90,0.25,4.4,150,210,0.26,5.06,90,60,0.24,5.98,0,0,0.26,6.76,0,36,0.25,7.64,0,0,0.25,8.54,0,0,0.25,0.24,0.0,22.0,0.25,9.46,0.0,0.0,0.25,0.18,0.0,4.0,0.25,10.4,0.0,0.0,0.25,0.14,0.0,0.0,0.25,11.34,0.0,0.0,0.25,,,,,,,,,,,,,,,,
2023-12-06 16:00:00,24.9,8.35,0,0,0.25,7.87,0,0,0.25,7.39,0,0,0.25,6.92,0,0,0.25,6.46,0,0,0.26,6.0,0,0,0.25,5.55,0,0,0.25,4.79,0,0,0.28,4.0,0,0,0.27,3.27,0,0,0.26,2.63,0,0,0.26,2.07,0,6,0.26,1.63,0,0,0.26,1.26,0,0,0.26,0.97,15,41,0.26,0.74,0,7,0.26,0.54,0,61,0.25,0.4,0,0,0.25,0.3,0,105,0.25,0.17,0,81,0.25,0.22,0,10,0.25,0.29,0,1,0.25,0.37,0,0,0.25,0.47,0,0,0.25,0.6,0,2,0.26,0.74,0,141,0.26,1.06,0,321,0.26,1.42,0,1,0.25,1.87,0,2,0.25,2.43,0,7,0.25,3.03,9,90,0.25,3.71,30,80,0.25,4.47,45,185,0.25,5.26,0,60,0.25,6.09,0,0,0.25,6.95,0,36,0.25,7.83,0,0,0.25,8.74,0,0,0.25,0.22,0.0,22.0,0.25,9.67,0.0,0.0,0.25,0.16,0.0,4.0,0.25,10.6,0.0,0.0,0.25,0.13,0.0,0.0,0.26,11.55,0.0,0.0,0.25,,,,,,,,,,,,,,,,
2023-12-07 16:00:00,24.75,8.2,0,0,0.25,7.72,0,0,0.25,7.25,0,0,0.26,6.77,0,0,0.25,6.31,0,0,0.25,5.86,0,0,0.26,5.41,0,0,0.25,4.56,0,0,0.25,3.8,0,0,0.26,3.16,0,0,0.27,2.46,0,0,0.25,1.93,0,6,0.25,1.5,0,0,0.25,1.18,0,0,0.25,0.9,0,41,0.25,0.69,0,7,0.25,0.51,0,61,0.25,0.38,0,0,0.25,0.28,0,105,0.25,0.18,0,81,0.25,0.24,0,10,0.25,0.31,0,1,0.25,0.4,0,0,0.25,0.5,0,0,0.25,0.61,0,2,0.25,0.78,0,141,0.26,1.09,0,321,0.25,1.46,0,1,0.25,1.93,0,2,0.25,2.56,0,7,0.26,3.16,3,90,0.25,3.87,0,80,0.26,4.63,0,185,0.26,5.44,0,60,0.26,6.22,0,0,0.25,7.09,0,36,0.25,7.97,0,0,0.25,8.89,0,0,0.25,0.21,0.0,22.0,0.25,9.81,0.0,0.0,0.25,0.15,0.0,4.0,0.25,10.75,0.0,0.0,0.25,0.12,0.0,0.0,0.26,11.7,0.0,0.0,0.25,,,,,,,,,,,,,,,,
2023-12-08 16:00:00,24.65,8.1,0,0,0.25,7.62,0,0,0.25,7.14,0,0,0.25,6.67,0,0,0.25,6.2,0,0,0.24,5.75,0,0,0.25,5.31,0,0,0.25,4.52,0,0,0.27,3.74,0,0,0.26,3.02,0,0,0.25,2.38,0,0,0.25,1.86,0,6,0.25,1.45,0,0,0.25,1.13,0,0,0.25,0.85,0,41,0.25,0.64,0,7,0.25,0.46,0,61,0.25,0.34,0,0,0.25,0.25,0,105,0.25,0.18,0,81,0.25,0.23,0,10,0.25,0.3,0,1,0.25,0.38,0,0,0.25,0.49,0,0,0.25,0.6,0,2,0.25,0.77,0,141,0.25,1.11,0,321,0.25,1.49,0,1,0.25,1.96,0,2,0.25,2.54,0,7,0.25,3.19,30,98,0.25,3.86,0,80,0.25,4.64,6,185,0.25,5.45,0,60,0.25,6.28,0,0,0.25,7.15,0,36,0.25,8.05,0,0,0.25,8.96,0,0,0.25,0.18,0.0,22.0,0.25,9.9,0.0,0.0,0.25,0.13,0.0,4.0,0.25,10.84,0.0,0.0,0.25,0.1,0.0,0.0,0.25,11.79,0.0,0.0,0.25,,,,,,,,,,,,,,,,
2023-12-11 16:00:00,24.85,8.29,0,0,0.24,7.81,0,0,0.25,7.34,0,0,0.26,6.87,0,0,0.26,6.4,0,0,0.25,5.94,0,0,0.25,5.5,0,0,0.26,4.57,0,0,0.23,3.79,0,0,0.24,3.22,0,0,0.27,2.54,0,0,0.25,2.01,0,6,0.25,1.52,0,0,0.25,1.22,0,0,0.26,0.94,0,41,0.26,0.73,0,7,0.26,0.53,0,61,0.26,0.39,0,0,0.25,0.3,15,110,0.26,0.18,0,81,0.26,0.23,0,10,0.25,0.3,0,1,0.26,0.38,0,0,0.25,0.48,0,0,0.25,0.6,0,2,0.26,0.76,0,141,0.26,1.04,0,321,0.25,1.42,0,1,0.25,1.88,0,2,0.25,2.53,0,7,0.26,3.16,0,98,0.26,3.85,0,80,0.26,4.61,0,185,0.27,5.42,0,60,0.27,6.15,0,0,0.26,7.01,0,36,0.26,7.89,0,0,0.25,8.81,0,0,0.26,0.22,0.0,22.0,0.26,9.73,0.0,0.0,0.25,0.16,0.0,4.0,0.25,10.67,0.0,0.0,0.26,0.12,0.0,0.0,0.26,11.62,0.0,0.0,0.26,,,,,,,,,,,,,,,,
2023-12-12 16:00:00,24.65,8.09,0,0,0.24,7.61,0,0,0.25,7.14,0,0,0.26,6.67,0,0,0.26,6.2,0,0,0.25,5.75,0,0,0.25,5.3,0,0,0.25,4.58,0,0,0.28,3.79,0,0,0.27,3.08,0,0,0.27,2.45,0,0,0.26,1.93,0,6,0.26,1.49,0,0,0.26,1.14,0,0,0.26,0.86,0,41,0.26,0.65,0,7,0.25,0.47,0,61,0.25,0.34,0,0,0.25,0.25,0,110,0.25,0.18,0,81,0.25,0.24,0,10,0.25,0.31,0,1,0.25,0.39,0,0,0.25,0.5,0,0,0.25,0.62,0,2,0.25,0.78,0,141,0.26,1.1,0,321,0.25,1.48,0,1,0.25,1.94,0,2,0.24,2.49,0,7,0.24,3.14,0,98,0.24,3.84,0,80,0.24,4.6,0,185,0.24,5.4,0,60,0.24,6.3,0,0,0.25,7.17,0,36,0.25,8.06,0,0,0.25,8.98,0,0,0.25,0.19,0.0,22.0,0.25,9.91,0.0,0.0,0.25,0.13,0.0,4.0,0.25,10.85,0.0,0.0,0.25,0.1,0.0,0.0,0.25,11.81,0.0,0.0,0.25,,,,,,,,,,,,,,,,
2023-12-13 16:00:00,24.55,7.99,0,0,0.25,7.51,0,0,0.25,7.03,0,0,0.24,6.56,0,0,0.25,6.09,0,0,0.24,5.64,0,0,0.25,5.19,0,0,0.24,4.48,0,0,0.28,3.68,0,0,0.27,2.96,0,0,0.26,2.34,0,0,0.26,1.82,0,6,0.25,1.39,0,0,0.25,1.05,0,0,0.25,0.79,0,41,0.25,0.58,2,5,0.25,0.42,0,61,0.25,0.3,0,0,0.25,0.22,0,110,0.25,0.17,0,81,0.25,0.23,0,10,0.25,0.3,0,1,0.25,0.38,0,0,0.25,0.49,0,0,0.25,0.6,0,2,0.25,0.77,0,141,0.25,1.11,0,321,0.25,1.52,0,1,0.25,2.03,0,2,0.25,2.54,0,7,0.24,3.18,0,98,0.24,3.91,0,80,0.24,4.65,0,185,0.24,5.47,0,60,0.24,6.35,0,0,0.25,7.23,0,36,0.25,8.14,0,0,0.25,9.06,0,0,0.25,0.16,0.0,22.0,0.25,10.0,0.0,0.0,0.25,0.11,0.0,4.0,0.24,10.94,0.0,0.0,0.24,0.09,0.0,0.0,0.25,11.9,0.0,0.0,0.25,,,,,,,,,,,,,,,,
2023-12-14 16:00:00,24.45,7.88,0,0,0.24,7.4,0,0,0.24,6.92,0,0,0.24,6.45,0,0,0.24,5.99,0,0,0.25,5.53,0,0,0.25,5.17,0,0,0.28,4.33,0,0,0.27,3.55,0,0,0.26,2.85,0,0,0.26,2.24,0,0,0.25,1.74,0,6,0.25,1.32,0,0,0.25,0.99,0,0,0.25,0.73,0,41,0.25,0.54,0,5,0.25,0.39,0,61,0.25,0.28,0,0,0.24,0.2,0,110,0.24,0.17,0,81,0.24,0.23,0,10,0.24,0.3,0,1,0.24,0.39,0,0,0.25,0.51,0,0,0.25,0.63,0,2,0.25,0.77,0,141,0.25,1.12,0,321,0.25,1.51,0,1,0.24,2.0,0,2,0.24,2.56,20,27,0.24,3.21,0,98,0.24,3.93,0,80,0.24,4.7,0,185,0.23,5.52,0,60,0.23,6.43,0,0,0.24,7.32,0,36,0.24,8.23,0,0,0.24,9.16,0,0,0.24,0.14,0.0,22.0,0.24,10.1,0.0,0.0,0.24,0.1,0.0,4.0,0.24,11.05,0.0,0.0,0.24,0.08,0.0,0.0,0.25,12.01,0.0,0.0,0.24,,,,,,,,,,,,,,,,
2023-12-15 16:00:00,24.9,8.33,0,0,0.25,7.85,0,0,0.26,7.37,0,0,0.25,6.89,0,0,0.25,6.42,0,0,0.25,5.96,0,0,0.25,5.58,0,0,0.28,4.73,0,0,0.27,3.93,0,0,0.27,3.2,0,0,0.26,2.52,0,0,0.25,2.0,0,6,0.25,1.54,0,0,0.25,1.17,0,0,0.25,0.88,0,41,0.25,0.65,0,5,0.25,0.48,0,61,0.25,0.35,0,0,0.25,0.25,0,110,0.25,0.15,0,81,0.25,0.19,0,10,0.24,0.25,0,1,0.24,0.34,0,0,0.25,0.43,0,0,0.25,0.54,0,2,0.25,0.67,0,141,0.25,0.99,0,321,0.25,1.36,0,1,0.25,1.81,0,2,0.24,2.36,0,27,0.24,2.95,0,98,0.24,3.64,0,80,0.24,4.42,0,185,0.24,5.18,0,60,0.24,6.06,0,0,0.24,6.93,0,36,0.24,7.83,0,0,0.25,8.74,0,0,0.24,0.18,0.0,22.0,0.24,9.68,0.0,0.0,0.25,0.13,0.0,4.0,0.25,10.62,0.0,0.0,0.24,0.1,0.0,0.0,0.25,11.57,0.0,0.0,0.24,,,,,,,,,,,,,,,,
2023-12-18 16:00:00,25.25,8.67,0,0,0.22,8.19,0,0,0.25,7.71,0,0,0.25,7.23,0,0,0.25,6.75,0,0,0.24,6.29,0,0,0.25,5.83,0,0,0.25,5.05,0,0,0.28,4.23,0,0,0.27,3.46,0,0,0.26,2.78,0,0,0.26,2.19,0,6,0.25,1.7,0,0,0.25,1.3,0,0,0.25,0.98,0,41,0.25,0.73,0,5,0.25,0.54,0,61,0.25,0.4,0,0,0.25,0.29,5,115,0.25,0.12,0,81,0.25,0.16,0,10,0.24,0.21,0,1,0.24,0.28,0,0,0.24,0.37,0,0,0.25,0.47,0,2,0.25,0.59,0,141,0.25,0.88,0,321,0.25,1.22,0,1,0.24,1.64,0,2,0.24,2.14,0,27,0.24,2.72,0,98,0.24,3.38,0,80,0.24,4.11,24,200,0.24,4.88,0,60,0.23,5.71,0,0,0.23,6.63,0,36,0.24,7.52,0,0,0.24,8.43,0,0,0.24,0.2,0.0,22.0,0.24,9.35,0.0,0.0,0.24,0.15,0.0,4.0,0.25,10.29,0.0,0.0,0.24,0.11,0.0,0.0,0.25,11.24,0.0,0.0,0.24,,,,,,,,,,,,,,,,
2023-12-20 16:00:00,25.3,8.72,0,0,0.25,8.23,0,0,0.22,7.75,0,0,0.24,7.27,0,0,0.24,6.8,0,0,0.24,6.32,0,0,0.24,5.86,0,0,0.24,5.02,0,0,0.26,4.19,0,0,0.25,3.43,0,0,0.25,2.74,0,0,0.25,2.16,0,6,0.24,1.66,0,0,0.24,1.28,0,0,0.24,0.97,0,41,0.24,0.72,0,5,0.24,0.53,0,61,0.24,0.38,0,0,0.24,0.28,0,115,0.24,0.11,0,81,0.24,0.14,0,10,0.24,0.2,0,1,0.24,0.26,0,1,0.24,0.35,0,0,0.24,0.44,0,2,0.24,0.56,0,141,0.24,0.84,0,321,0.24,1.2,0,1,0.24,1.62,0,2,0.24,2.14,0,27,0.24,2.7,0,98,0.24,3.36,0,80,0.24,4.09,36,229,0.24,4.87,0,60,0.24,5.69,0,0,0.24,6.57,0,36,0.24,7.46,0,0,0.24,8.37,0,0,0.24,0.19,0.0,22.0,0.24,9.3,0.0,0.0,0.24,0.14,0.0,4.0,0.24,10.24,0.0,0.0,0.24,0.1,0.0,0.0,0.24,11.19,0.0,0.0,0.24,,,,,,,,,,,,,,,,
2023-12-21 16:00:00,25.35,8.77,0,0,0.26,8.28,0,0,0.23,7.8,0,0,0.24,7.32,0,0,0.24,6.84,0,0,0.24,6.37,0,0,0.24,5.91,0,0,0.24,5.12,0,0,0.28,4.27,0,0,0.26,3.51,0,0,0.26,2.82,0,0,0.25,2.21,0,6,0.25,1.71,0,0,0.25,1.3,0,0,0.24,0.98,0,41,0.24,0.73,0,5,0.24,0.53,0,61,0.24,0.39,0,0,0.24,0.28,0,115,0.24,0.1,0,81,0.24,0.14,0,10,0.24,0.19,0,1,0.24,0.25,0,1,0.24,0.34,0,0,0.24,0.43,0,2,0.24,0.54,0,141,0.24,0.81,0,321,0.24,1.15,0,1,0.24,1.56,0,2,0.24,2.05,0,27,0.23,2.62,0,98,0.23,3.28,0,80,0.23,4.01,30,237,0.23,4.78,0,60,0.23,5.61,0,0,0.23,6.53,0,36,0.24,7.41,0,0,0.24,8.33,0,0,0.24,0.19,10.0,12.0,0.24,9.26,0.0,0.0,0.24,0.14,0.0,4.0,0.24,10.2,0.0,0.0,0.24,0.1,0.0,0.0,0.24,11.15,0.0,0.0,0.24,,,,,,,,,,,,,,,,
2023-12-22 16:00:00,25.95,9.36,0,0,,8.88,0,0,0.25,8.39,0,0,0.22,7.91,0,0,0.24,7.43,0,0,0.24,6.96,0,0,0.24,6.49,0,0,0.24,5.58,0,0,0.24,4.81,0,0,0.27,4.0,0,0,0.26,3.27,0,0,0.26,2.61,0,6,0.25,2.06,0,0,0.25,1.61,0,0,0.25,1.24,0,41,0.25,0.94,18,23,0.25,0.71,14,61,0.25,0.53,0,0,0.25,0.39,0,115,0.25,0.09,0,81,0.25,0.12,0,10,0.25,0.16,0,1,0.24,0.21,0,1,0.24,0.27,0,0,0.24,0.37,0,2,0.25,0.46,0,141,0.25,0.7,0,321,0.25,0.99,1,1,0.24,1.35,1,2,0.24,1.82,0,27,0.24,2.33,0,98,0.24,2.95,0,80,0.24,3.64,36,255,0.24,4.36,0,60,0.23,5.16,0,0,0.23,5.99,0,36,0.23,6.91,0,0,0.24,7.8,0,0,0.24,0.29,0.0,12.0,0.25,8.71,0.0,0.0,0.24,0.2,0.0,4.0,0.24,9.64,0.0,0.0,0.24,0.15,0.0,0.0,0.25,10.58,0.0,0.0,0.24,,,,,,,,,,,,,,,,
2023-12-27 16:00:00,26.3,9.7,0,0,0.23,9.21,0,0,,8.73,0,0,0.25,8.24,0,0,0.23,7.76,0,0,0.24,7.28,0,0,0.24,6.81,0,0,0.24,5.89,0,0,0.25,5.12,0,0,0.28,4.29,0,0,0.27,3.52,0,0,0.26,2.85,0,6,0.26,2.26,0,0,0.25,1.77,0,0,0.25,1.36,2,42,0.25,1.04,0,23,0.25,0.78,0,61,0.25,0.58,0,0,0.25,0.43,0,115,0.25,0.07,0,81,0.25,0.09,0,10,0.24,0.13,0,1,0.24,0.17,0,1,0.24,0.23,0,0,0.24,0.31,0,2,0.24,0.4,0,141,0.25,0.62,0,321,0.25,0.9,0,1,0.25,1.23,0,2,0.24,1.66,0,27,0.24,2.15,0,98,0.24,2.74,0,80,0.24,3.39,0,255,0.23,4.12,0,60,0.24,4.89,0,0,0.23,5.71,0,36,0.23,6.62,0,0,0.24,7.5,0,0,0.24,0.32,0.0,12.0,0.25,8.41,0.0,0.0,0.24,0.22,0.0,4.0,0.24,9.33,0.0,0.0,0.24,0.17,0.0,0.0,0.25,10.27,0.0,0.0,0.24,,,,,,,,,,,,,,,,
2023-12-28 16:00:00,26.35,9.75,0,0,0.26,9.26,0,0,0.21,8.78,0,0,0.26,8.29,0,0,0.24,7.81,0,0,0.24,7.33,0,0,0.24,6.86,0,0,0.25,5.93,0,0,0.24,5.14,0,0,0.27,4.31,0,0,0.26,3.55,0,0,0.26,2.86,0,6,0.25,2.26,0,0,0.25,1.8,0,0,0.25,1.39,0,42,0.25,1.05,0,23,0.25,0.79,0,61,0.25,0.59,0,0,0.25,0.44,0,115,0.25,0.07,0,81,0.25,0.09,0,10,0.24,0.13,0,1,0.24,0.17,0,1,0.24,0.23,0,0,0.24,0.31,0,2,0.25,0.39,0,141,0.25,0.61,0,321,0.25,0.89,0,1,0.25,1.23,0,2,0.24,1.64,0,27,0.24,2.16,0,98,0.24,2.71,0,80,0.24,3.37,0,255,0.24,4.08,0,60,0.23,4.87,0,0,0.24,5.68,0,36,0.23,6.58,0,0,0.24,7.46,0,0,0.24,0.32,0.0,12.0,0.25,8.37,0.0,0.0,0.24,0.23,0.0,4.0,0.24,9.29,0.0,0.0,0.24,0.17,0.0,0.0,0.24,10.23,0.0,0.0,0.25,,,,,,,,,,,,,,,,
2023-12-29 16:00:00,26.75,10.15,0,0,0.28,9.66,0,0,0.24,9.17,0,0,0.19,8.69,0,0,0.25,8.2,0,0,0.23,7.72,0,0,0.24,7.24,0,0,0.23,6.3,0,0,0.24,5.46,0,0,0.26,4.63,0,0,0.26,3.83,0,0,0.25,3.12,0,6,0.25,2.49,0,0,0.25,1.96,0,0,0.24,1.51,592,634,0.24,1.16,199,222,0.24,0.88,0,61,0.24,0.66,0,0,0.24,0.49,0,115,0.24,0.05,0,81,0.24,0.07,0,10,0.24,0.1,0,1,0.24,0.14,0,1,0.24,0.18,0,0,0.24,0.25,0,2,0.24,0.32,0,141,0.24,0.51,0,321,0.24,0.77,0,1,0.24,1.11,0,2,0.24,1.49,0,27,0.24,1.95,0,98,0.24,2.5,90,90,0.24,3.11,0,255,0.23,3.82,0,60,0.24,4.57,0,0,0.24,5.36,0,36,0.24,6.22,0,0,0.24,7.09,0,0,0.24,0.36,0.0,12.0,0.24,7.99,0.0,0.0,0.24,0.25,0.0,4.0,0.24,8.91,0.0,0.0,0.24,0.19,0.0,0.0,0.24,9.84,0.0,0.0,0.24,,,,,,,,,,,,,,,,
2024-01-02 16:00:00,27.5,10.89,0,0,0.31,10.4,0,0,0.28,9.91,0,0,0.25,9.42,0,0,0.22,8.94,0,0,0.26,8.45,0,0,0.24,7.97,0,0,0.24,7.02,0,0,0.25,6.1,0,0,0.25,5.28,0,0,0.27,4.45,0,0,0.26,3.7,0,6,0.26,3.01,0,0,0.25,2.41,0,0,0.25,1.92,0,634,0.25,1.53,20,242,0.25,1.19,22,83,0.25,0.91,0,0,0.25,0.7,0,115,0.25,0.04,0,81,0.25,0.06,0,10,0.25,0.08,0,1,0.25,0.11,0,1,0.25,0.15,0,0,0.25,0.2,0,2,0.25,0.27,0,141,0.25,0.43,0,321,0.25,0.65,0,1,0.25,0.92,0,2,0.25,1.25,0,27,0.25,1.66,0,98,0.24,2.14,0,90,0.24,2.71,0,255,0.24,3.36,0,60,0.24,4.07,0,0,0.24,4.82,0,36,0.24,5.63,0,0,0.24,6.51,0,0,0.25,0.52,0.0,12.0,0.25,7.37,0.0,0.0,0.25,0.39,0.0,4.0,0.25,8.27,0.0,0.0,0.25,0.29,0.0,0.0,0.25,9.18,0.0,0.0,0.25,0.22,0.0,0.0,0.25,10.11,0.0,0.0,0.25,,,,,,,,
2024-01-03 16:00:00,27.65,11.03,0,0,0.29,10.54,0,0,0.26,10.05,0,0,0.23,9.56,0,0,,9.08,0,0,0.26,8.59,0,0,0.24,8.11,0,0,0.24,7.15,0,0,0.24,6.22,0,0,0.24,5.44,0,0,0.28,4.61,0,0,0.27,3.84,0,6,0.26,3.13,0,0,0.26,2.51,0,0,0.25,1.99,0,634,0.25,1.55,0,242,0.25,1.19,0,83,0.25,0.91,0,0,0.24,0.69,0,115,0.24,0.04,0,81,0.25,0.05,0,10,0.24,0.07,0,1,0.24,0.09,0,1,0.24,0.13,0,0,0.24,0.17,0,2,0.24,0.23,0,141,0.24,0.38,0,321,0.24,0.59,0,1,0.24,0.86,0,2,0.24,1.21,0,27,0.25,1.62,0,98,0.24,2.11,0,90,0.24,2.64,0,255,0.24,3.26,0,60,0.24,3.95,0,0,0.24,4.71,0,36,0.24,5.49,0,0,0.24,6.36,0,0,0.24,0.51,0.0,12.0,0.24,7.23,0.0,0.0,0.24,0.38,0.0,4.0,0.24,8.12,0.0,0.0,0.24,0.28,0.0,0.0,0.24,9.04,0.0,0.0,0.24,0.21,0.0,0.0,0.24,9.97,0.0,0.0,0.24,,,,,,,,
2024-01-04 16:00:00,28.2,11.58,0,0,0.31,11.09,0,0,0.29,10.60,0,0,0.26,10.11,0,0,0.23,9.63,0,0,0.27,9.14,0,0,0.25,8.66,0,0,0.26,7.70,0,0,0.25,6.77,0,0,0.25,5.87,0,0,0.25,5.13,0,0,0.28,4.32,0,6,0.27,3.60,12,12,0.27,2.94,10,10,0.26,2.36,0,634,0.26,1.89,0,242,0.26,1.49,10,93,0.26,1.16,0,0,0.25,0.90,0,115,0.25,0.03,0,81,0.25,0.04,0,10,0.25,0.06,0,1,0.25,0.09,0,1,0.25,0.12,0,0,0.25,0.16,0,2,0.25,0.21,0,141,0.25,0.35,0,321,0.25,0.54,0,1,0.25,0.79,0,2,0.25,1.08,0,27,0.25,1.45,0,98,0.25,1.88,0,90,0.25,2.42,0,255,0.25,2.96,0,60,0.24,3.63,0,0,0.24,4.34,0,36,0.24,5.12,0,0,0.24,5.89,0,0,0.24,0.70,0,12,0.25,6.81,0,0,0.25,0.53,0,4,0.25,7.68,0,0,0.25,0.40,0,0,0.25,8.57,0,0,0.25,0.30,0,0,0.25,9.49,0,0,0.25,0.23,0,0,0.25,10.42,0,0,0.25
