time,close,C,C,C,C,C,C,C,C,C,C,C,C,C,C,C,C,C,C,C,C,C,C,C,C,C,C,C,C,C,C,C,C,C,C,C,C,C,C,C,C,C,C,C,C,C,C,C,C,C,C,C,C,C,C,C,C,C,C,C,C,C,C,C,C,C,C,C,C,C,C,C,C,C,C,C,C,P,P,P,P,P,P,P,P,P,P,P,P,P,P,P,P,P,P,P,P,P,P,P,P,P,P,P,P,P,P,P,P,P,P,P,P,P,P,P,P,P,P,P,P,P,P,P,P,P,P,P,P,P,P,P,P,P,P,P,P,P,P,P,P,P,P,P,P,P,P,P,P,P,P,P,P,C,C,C,C,P,P,P,P,C,C,C,C,P,P,P,P,C,C,C,C,P,P,P,P,C,C,C,C,P,P,P,P,C,C,C,C,P,P,P,P,C,C,C,C,P,P,P,P,C,C,C,C,P,P,P,P,C,C,C,C,P,P,P,P
time,close,4.80,4.80,4.80,4.80,4.90,4.90,4.90,4.90,5.00,5.00,5.00,5.00,5.25,5.25,5.25,5.25,5.50,5.50,5.50,5.50,5.75,5.75,5.75,5.75,6.00,6.00,6.00,6.00,6.25,6.25,6.25,6.25,6.50,6.50,6.50,6.50,6.75,6.75,6.75,6.75,7.00,7.00,7.00,7.00,7.25,7.25,7.25,7.25,7.50,7.50,7.50,7.50,7.75,7.75,7.75,7.75,8.00,8.00,8.00,8.00,8.25,8.25,8.25,8.25,8.50,8.50,8.50,8.50,8.75,8.75,8.75,8.75,9.00,9.00,9.00,9.00,4.80,4.80,4.80,4.80,4.90,4.90,4.90,4.90,5.00,5.00,5.00,5.00,5.25,5.25,5.25,5.25,5.50,5.50,5.50,5.50,5.75,5.75,5.75,5.75,6.00,6.00,6.00,6.00,6.25,6.25,6.25,6.25,6.50,6.50,6.50,6.50,6.75,6.75,6.75,6.75,7.00,7.00,7.00,7.00,7.25,7.25,7.25,7.25,7.50,7.50,7.50,7.50,7.75,7.75,7.75,7.75,8.00,8.00,8.00,8.00,8.25,8.25,8.25,8.25,8.50,8.50,8.50,8.50,8.75,8.75,8.75,8.75,9.00,9.00,9.00,9.00,4.70,4.70,4.70,4.70,4.70,4.70,4.70,4.70,9.25,9.25,9.25,9.25,9.25,9.25,9.25,9.25,4.60,4.60,4.60,4.60,4.60,4.60,4.60,4.60,4.50,4.50,4.50,4.50,4.50,4.50,4.50,4.50,4.40,4.40,4.40,4.40,4.40,4.40,4.40,4.40,4.30,4.30,4.30,4.30,4.30,4.30,4.30,4.30,4.20,4.20,4.20,4.20,4.20,4.20,4.20,4.20,9.50,9.50,9.50,9.50,9.50,9.50,9.50,9.50
time,close,settle,volume,oi,imp_vol,settle,volume,oi,imp_vol,settle,volume,oi,imp_vol,settle,volume,oi,imp_vol,settle,volume,oi,imp_vol,settle,volume,oi,imp_vol,settle,volume,oi,imp_vol,settle,volume,oi,imp_vol,settle,volume,oi,imp_vol,settle,volume,oi,imp_vol,settle,volume,oi,imp_vol,settle,volume,oi,imp_vol,settle,volume,oi,imp_vol,settle,volume,oi,imp_vol,settle,volume,oi,imp_vol,settle,volume,oi,imp_vol,settle,volume,oi,imp_vol,settle,volume,oi,imp_vol,settle,volume,oi,imp_vol,settle,volume,oi,imp_vol,settle,volume,oi,imp_vol,settle,volume,oi,imp_vol,settle,volume,oi,imp_vol,settle,volume,oi,imp_vol,settle,volume,oi,imp_vol,settle,volume,oi,imp_vol,settle,volume,oi,imp_vol,settle,volume,oi,imp_vol,settle,volume,oi,imp_vol,settle,volume,oi,imp_vol,settle,volume,oi,imp_vol,settle,volume,oi,imp_vol,settle,volume,oi,imp_vol,settle,volume,oi,imp_vol,settle,volume,oi,imp_vol,settle,volume,oi,imp_vol,settle,volume,oi,imp_vol,settle,volume,oi,imp_vol,settle,volume,oi,imp_vol,settle,volume,oi,imp_vol,settle,volume,oi,imp_vol,settle,volume,oi,imp_vol,settle,volume,oi,imp_vol,settle,volume,oi,imp_vol,settle,volume,oi,imp_vol,settle,volume,oi,imp_vol,settle,volume,oi,imp_vol,settle,volume,oi,imp_vol,settle,volume,oi,imp_vol,settle,volume,oi,imp_vol,settle,volume,oi,imp_vol,settle,volume,oi,imp_vol,settle,volume,oi,imp_vol,settle,volume,oi,imp_vol
2023-05-31 16:00:00,6.82,2.3,0,0,0.39,2.23,0,0,0.39,2.16,0,0,0.39,1.99,0,0,0.39,1.83,0,0,0.39,1.68,0,0,0.39,1.54,0,0,0.39,1.41,0,0,0.39,1.29,0,0,0.39,1.14,0,0,0.38,1.08,0,0,0.39,0.98,0,0,0.39,0.89,0,0,0.39,0.81,0,0,0.39,0.74,0,0,0.39,0.67,0,0,0.39,0.61,0,0,0.39,0.55,0,0,0.39,0.5,0,0,0.39,0.23,0,0,0.39,0.26,0,0,0.39,0.29,0,0,0.39,0.36,0,0,0.39,0.44,2,2,0.39,0.54,0,0,0.39,0.64,0,0,0.39,0.76,0,0,0.39,0.88,0,0,0.39,1.04,0,0,0.4,1.16,0,0,0.39,1.31,0,0,0.39,1.47,0,0,0.39,1.64,0,0,0.39,1.81,0,0,0.39,1.99,0,0,0.39,2.18,0,0,0.39,2.37,0,0,0.39,2.57,0,0,0.39,,,,,,,,,,,,,,,,,,,,,,,,,,,,,,,,,,,,,,,,,,,,,,,,,,,,,,,,,,,,,,,,
2023-06-01 16:00:00,6.69,2.19,0,0,0.39,2.12,0,0,0.39,2.05,0,0,0.39,1.89,0,0,0.4,1.73,0,0,0.39,1.59,0,0,0.4,1.45,0,0,0.39,1.33,0,0,0.4,1.21,0,0,0.39,1.11,0,0,0.4,1.0,0,0,0.39,0.91,0,0,0.39,0.83,0,0,0.39,0.75,0,0,0.39,0.68,0,0,0.39,0.62,0,0,0.39,0.56,0,0,0.39,0.51,0,0,0.39,0.46,0,0,0.39,0.25,0,0,0.39,0.28,0,0,0.39,0.31,0,0,0.39,0.39,0,0,0.39,0.47,0,2,0.39,0.58,0,0,0.4,0.68,0,0,0.39,0.8,0,0,0.39,0.93,0,0,0.39,1.06,0,0,0.39,1.22,0,0,0.39,1.37,0,0,0.39,1.54,0,0,0.39,1.71,0,0,0.39,1.89,0,0,0.39,2.08,0,0,0.4,2.27,0,0,0.4,2.47,0,0,0.39,2.67,0,0,0.39,,,,,,,,,,,,,,,,,,,,,,,,,,,,,,,,,,,,,,,,,,,,,,,,,,,,,,,,,,,,,,,,
2023-06-06 16:00:00,6.71,2.25,0,0,0.39,2.18,0,0,0.39,2.11,0,0,0.39,1.94,0,0,0.39,1.78,0,0,0.39,1.64,0,0,0.39,1.5,0,0,0.39,1.37,0,0,0.39,1.25,0,0,0.39,1.15,0,0,0.39,1.04,0,0,0.39,0.94,0,0,0.39,0.86,0,0,0.39,0.78,0,0,0.39,0.71,0,0,0.39,0.64,0,0,0.39,0.58,0,0,0.39,0.53,0,0,0.39,0.47,0,1,0.39,0.23,0,1,0.39,0.25,0,0,0.39,0.28,0,0,0.39,0.35,0,0,0.39,0.44,0,2,0.39,0.53,0,0,0.39,0.63,0,0,0.39,0.75,0,0,0.39,0.87,0,0,0.39,1.0,0,0,0.39,1.15,0,0,0.39,1.3,0,0,0.39,1.47,0,0,0.39,1.63,0,0,0.39,1.81,0,0,0.39,2.0,0,0,0.39,2.18,0,0,0.39,2.38,0,0,0.39,2.58,0,0,0.39,,,,,,,,,,,,,,,,,,,,,,,,,,,,,,,,,,,,,,,,,,,,,,,,,,,,,,,,,,,,,,,,
2023-06-07 16:00:00,6.65,2.19,0,0,0.38,2.12,0,0,0.38,2.05,0,0,0.38,1.88,0,0,0.38,1.73,0,0,0.39,1.58,0,0,0.38,1.44,0,0,0.38,1.31,0,0,0.38,1.19,0,0,0.38,1.08,0,0,0.38,0.99,0,0,0.39,0.89,0,0,0.38,0.81,0,0,0.38,0.73,0,0,0.38,0.67,0,0,0.39,0.6,0,0,0.38,0.54,0,0,0.38,0.49,0,0,0.38,0.44,0,1,0.38,0.23,0,1,0.39,0.25,0,0,0.38,0.28,0,0,0.38,0.35,0,0,0.38,0.44,0,2,0.39,0.53,0,0,0.38,0.64,0,0,0.38,0.76,0,0,0.39,0.88,0,0,0.38,1.03,0,0,0.39,1.17,0,0,0.39,1.32,0,0,0.38,1.48,0,0,0.38,1.65,0,0,0.38,1.84,0,0,0.39,2.02,0,0,0.38,2.21,0,0,0.38,2.41,0,0,0.38,2.61,0,0,0.38,,,,,,,,,,,,,,,,,,,,,,,,,,,,,,,,,,,,,,,,,,,,,,,,,,,,,,,,,,,,,,,,
2023-06-08 16:00:00,6.72,2.25,0,0,0.38,2.18,0,0,0.38,2.11,0,0,0.38,1.93,0,0,0.38,1.78,0,0,0.38,1.62,0,0,0.38,1.48,0,0,0.38,1.35,0,0,0.38,1.23,0,0,0.38,1.11,0,0,0.38,1.02,0,0,0.38,0.92,0,0,0.38,0.84,0,0,0.38,0.76,0,0,0.38,0.69,0,0,0.38,0.62,0,0,0.38,0.56,0,0,0.38,0.51,0,0,0.38,0.46,0,1,0.38,0.21,0,1,0.38,0.24,0,0,0.38,0.26,0,0,0.38,0.33,0,0,0.38,0.42,0,2,0.38,0.51,0,0,0.38,0.61,0,0,0.38,0.73,0,0,0.38,0.85,0,0,0.38,0.99,0,0,0.38,1.13,0,0,0.38,1.28,0,0,0.38,1.44,0,0,0.38,1.61,0,0,0.38,1.79,0,0,0.38,1.97,0,0,0.38,2.16,0,0,0.38,2.36,0,0,0.38,2.56,0,0,0.38,,,,,,,,,,,,,,,,,,,,,,,,,,,,,,,,,,,,,,,,,,,,,,,,,,,,,,,,,,,,,,,,
2023-06-09 16:00:00,6.74,2.26,0,0,0.38,2.19,0,0,0.38,2.12,0,0,0.38,1.95,0,0,0.38,1.79,0,0,0.38,1.63,0,0,0.38,1.5,0,0,0.38,1.36,0,0,0.38,1.24,0,0,0.38,1.12,0,0,0.38,1.03,0,0,0.38,0.93,0,0,0.38,0.85,0,0,0.38,0.76,0,0,0.38,0.69,0,0,0.38,0.63,0,0,0.38,0.56,0,0,0.38,0.51,0,0,0.38,0.46,0,1,0.38,0.21,0,1,0.38,0.23,0,0,0.38,0.26,1,1,0.38,0.33,0,0,0.38,0.41,0,2,0.38,0.5,0,0,0.38,0.6,0,0,0.38,0.72,0,0,0.38,0.84,10,10,0.38,0.98,0,0,0.38,1.11,0,0,0.38,1.26,0,0,0.38,1.43,0,0,0.38,1.59,0,0,0.38,1.77,0,0,0.38,1.95,0,0,0.38,2.14,0,0,0.38,2.34,0,0,0.38,2.54,0,0,0.38,,,,,,,,,,,,,,,,,,,,,,,,,,,,,,,,,,,,,,,,,,,,,,,,,,,,,,,,,,,,,,,,
2023-06-12 16:00:00,6.68,2.2,0,0,0.38,2.13,0,0,0.38,2.06,0,0,0.38,1.89,0,0,0.38,1.73,0,0,0.38,1.58,0,0,0.38,1.44,0,0,0.38,1.31,0,0,0.38,1.19,0,0,0.38,1.08,0,0,0.38,0.98,0,0,0.38,0.89,0,0,0.38,0.8,0,0,0.38,0.72,0,0,0.38,0.66,0,0,0.38,0.59,0,0,0.38,0.53,0,0,0.38,0.48,0,0,0.38,0.43,0,1,0.38,0.21,0,1,0.38,0.24,0,0,0.38,0.26,0,1,0.38,0.33,0,0,0.38,0.42,0,2,0.38,0.51,0,0,0.38,0.61,0,0,0.38,0.73,0,0,0.38,0.85,0,10,0.38,0.99,0,0,0.38,1.13,0,0,0.38,1.29,0,0,0.38,1.45,0,0,0.38,1.62,0,0,0.38,1.8,0,0,0.38,1.98,0,0,0.38,2.18,0,0,0.38,2.37,0,0,0.38,2.58,0,0,0.38,,,,,,,,,,,,,,,,,,,,,,,,,,,,,,,,,,,,,,,,,,,,,,,,,,,,,,,,,,,,,,,,
2023-06-13 16:00:00,6.7,2.21,0,0,0.37,2.14,0,0,0.37,2.07,0,0,0.37,1.89,0,0,0.37,1.74,0,0,0.38,1.58,0,0,0.37,1.44,0,0,0.37,1.31,0,0,0.37,1.19,0,0,0.37,1.08,0,0,0.37,0.98,0,0,0.37,0.88,0,0,0.37,0.8,0,0,0.37,0.72,0,0,0.38,0.65,0,0,0.37,0.58,0,0,0.37,0.52,0,0,0.37,0.47,0,0,0.37,0.42,0,1,0.37,0.2,2,3,0.37,0.22,0,0,0.37,0.25,0,1,0.37,0.32,0,0,0.37,0.4,0,2,0.37,0.49,0,0,0.37,0.59,0,0,0.37,0.71,0,0,0.37,0.83,0,10,0.37,0.96,0,0,0.37,1.11,0,0,0.37,1.26,0,0,0.37,1.42,0,0,0.37,1.59,0,0,0.37,1.77,0,0,0.37,1.96,0,0,0.38,2.15,0,0,0.37,2.35,0,0,0.37,2.55,0,0,0.37,,,,,,,,,,,,,,,,,,,,,,,,,,,,,,,,,,,,,,,,,,,,,,,,,,,,,,,,,,,,,,,,
2023-06-14 16:00:00,6.6,2.12,0,0,0.37,2.05,0,0,0.37,1.98,0,0,0.37,1.81,0,0,0.37,1.65,0,0,0.37,1.5,0,0,0.37,1.36,0,0,0.37,1.23,0,0,0.37,1.12,0,0,0.37,1.01,0,0,0.37,0.91,0,0,0.37,0.82,0,0,0.37,0.73,0,0,0.37,0.66,0,0,0.37,0.59,0,0,0.37,0.53,0,0,0.37,0.48,0,0,0.37,0.43,0,0,0.37,0.38,0,1,0.37,0.21,0,3,0.37,0.23,0,0,0.37,0.26,0,1,0.37,0.33,10,10,0.37,0.41,0,2,0.37,0.51,0,0,0.37,0.61,0,0,0.37,0.73,0,0,0.37,0.85,0,10,0.37,1.0,0,0,0.37,1.14,0,0,0.37,1.3,0,0,0.37,1.46,0,0,0.37,1.64,0,0,0.37,1.82,0,0,0.37,2.01,0,0,0.37,2.21,0,0,0.37,2.41,0,0,0.37,2.62,0,0,0.37,,,,,,,,,,,,,,,,,,,,,,,,,,,,,,,,,,,,,,,,,,,,,,,,,,,,,,,,,,,,,,,,
2023-06-15 16:00:00,6.75,2.24,0,0,0.36,2.16,0,0,0.36,2.09,0,0,0.36,1.91,0,0,0.36,1.75,0,0,0.36,1.59,0,0,0.36,1.44,0,0,0.36,1.31,0,0,0.36,1.19,0,0,0.36,1.06,0,0,0.36,0.97,0,0,0.36,0.87,0,0,0.36,0.78,0,0,0.36,0.7,0,0,0.36,0.63,0,0,0.36,0.56,0,0,0.36,0.5,0,0,0.36,0.45,0,0,0.36,0.4,0,1,0.36,0.18,0,3,0.36,0.2,0,0,0.36,0.22,0,1,0.36,0.28,0,10,0.36,0.36,0,2,0.36,0.44,0,0,0.36,0.55,0,0,0.36,0.65,0,0,0.36,0.78,0,10,0.36,0.91,0,0,0.36,1.05,0,0,0.36,1.2,0,0,0.36,1.36,0,0,0.36,1.52,0,0,0.36,1.71,0,0,0.36,1.89,0,0,0.36,2.08,0,0,0.36,2.28,0,0,0.36,2.48,0,0,0.36,2.31,0.0,0.0,0.36,0.16,0.0,0.0,0.36,,,,,,,,,,,,,,,,,,,,,,,,,,,,,,,,,,,,,,,,,,,,,,,,,,,,,,,,
2023-06-16 16:00:00,6.98,2.44,0,0,0.36,2.36,0,0,0.36,2.29,0,0,0.36,2.1,0,0,0.36,1.93,0,0,0.36,1.77,0,0,0.36,1.61,0,0,0.36,1.47,0,0,0.36,1.33,0,0,0.36,1.21,0,0,0.36,1.11,0,0,0.36,0.99,0,0,0.36,0.9,0,0,0.36,0.81,0,0,0.36,0.73,0,0,0.36,0.66,0,0,0.36,0.59,0,0,0.36,0.53,0,0,0.36,0.48,0,1,0.36,0.15,0,3,0.36,0.17,0,0,0.36,0.19,0,1,0.36,0.25,0,10,0.36,0.31,0,2,0.36,0.39,0,0,0.36,0.48,0,0,0.36,0.58,0,0,0.36,0.69,0,10,0.36,0.81,0,0,0.36,0.93,0,0,0.35,1.09,0,0,0.36,1.24,0,0,0.36,1.4,0,0,0.36,1.56,0,0,0.36,1.74,0,0,0.36,1.93,0,0,0.36,2.12,0,0,0.36,2.32,0,0,0.36,2.52,0.0,0.0,0.36,0.13,0.0,0.0,0.36,,,,,,,,,,,,,,,,,,,,,,,,,,,,,,,,,,,,,,,,,,,,,,,,,,,,,,,,
2023-06-19 16:00:00,7.04,2.49,0,0,0.36,2.42,0,0,0.37,2.34,0,0,0.36,2.16,0,0,0.37,1.98,0,0,0.36,1.82,0,0,0.37,1.66,0,0,0.36,1.52,0,0,0.37,1.38,0,0,0.36,1.26,0,0,0.37,1.17,0,0,0.38,1.03,0,0,0.36,0.93,0,0,0.36,0.85,0,0,0.37,0.76,0,0,0.36,0.69,0,0,0.36,0.62,0,0,0.36,0.56,0,0,0.37,0.5,0,1,0.36,0.14,0,3,0.36,0.16,0,0,0.36,0.18,0,1,0.36,0.24,0,10,0.36,0.31,0,2,0.37,0.39,0,0,0.37,0.47,0,0,0.36,0.57,0,0,0.36,0.68,0,10,0.36,0.8,0,0,0.36,0.9,0,0,0.35,1.07,0,0,0.36,1.21,0,0,0.36,1.38,0,0,0.37,1.54,0,0,0.36,1.72,0,0,0.37,1.9,0,0,0.36,2.08,0,0,0.36,2.28,0,0,0.36,2.57,0.0,0.0,0.36,0.13,0.0,0.0,0.37,0.45,0.0,0.0,0.36,2.48,0.0,0.0,0.36,,,,,,,,,,,,,,,,,,,,,,,,,,,,,,,,,,,,,,,,,,,,,,,,
2023-06-20 16:00:00,7.08,2.53,0,0,0.36,2.45,0,0,0.36,2.38,0,0,0.37,2.19,0,0,0.36,2.01,0,0,0.36,1.85,0,0,0.37,1.69,0,0,0.37,1.55,0,0,0.37,1.4,0,0,0.36,1.28,0,0,0.36,1.19,0,0,0.38,1.06,0,0,0.37,0.95,0,0,0.36,0.87,0,0,0.37,0.78,0,0,0.36,0.7,0,0,0.36,0.64,0,0,0.37,0.57,0,0,0.36,0.52,0,1,0.37,0.14,0,3,0.36,0.16,0,0,0.36,0.18,0,1,0.36,0.23,0,10,0.36,0.3,0,2,0.36,0.38,0,0,0.37,0.46,0,0,0.36,0.56,0,0,0.36,0.66,0,10,0.36,0.78,0,0,0.36,0.89,0,0,0.36,1.05,0,0,0.36,1.2,0,0,0.37,1.35,0,0,0.36,1.52,0,0,0.36,1.69,0,0,0.36,1.87,0,0,0.36,2.06,0,0,0.37,2.25,0,0,0.36,2.61,0.0,0.0,0.36,0.12,0.0,0.0,0.36,0.46,0.0,0.0,0.36,2.45,0.0,0.0,0.36,,,,,,,,,,,,,,,,,,,,,,,,,,,,,,,,,,,,,,,,,,,,,,,,
2023-06-21 16:00:00,6.87,2.34,0,0,0.36,2.27,0,0,0.37,2.19,0,0,0.36,2.01,0,0,0.36,1.84,0,0,0.36,1.68,0,0,0.36,1.54,0,0,0.37,1.39,0,0,0.36,1.27,0,0,0.37,1.15,0,0,0.37,1.06,0,0,0.37,0.94,0,0,0.37,0.85,0,0,0.37,0.76,0,0,0.36,0.69,0,0,0.37,0.62,0,0,0.37,0.55,0,0,0.37,0.5,0,0,0.37,0.45,0,1,0.37,0.17,0,3,0.37,0.19,0,0,0.37,0.21,0,1,0.37,0.27,0,10,0.37,0.35,0,2,0.37,0.42,0,0,0.36,0.52,0,0,0.37,0.62,0,0,0.36,0.74,0,10,0.37,0.86,0,0,0.36,0.99,0,0,0.36,1.15,0,0,0.37,1.31,0,0,0.37,1.47,0,0,0.37,1.64,0,0,0.37,1.82,0,0,0.36,2.01,0,0,0.37,2.21,0,0,0.37,2.41,0,0,0.37,2.42,0.0,0.0,0.37,0.15,0.0,0.0,0.37,0.4,0.0,0.0,0.37,2.61,0.0,0.0,0.36,,,,,,,,,,,,,,,,,,,,,,,,,,,,,,,,,,,,,,,,,,,,,,,,
2023-06-23 16:00:00,6.65,2.15,0,0,0.37,2.08,0,0,0.37,2.01,0,0,0.37,1.84,0,0,0.37,1.68,0,0,0.37,1.53,0,0,0.37,1.39,0,0,0.37,1.26,0,0,0.37,1.14,0,0,0.37,1.04,0,0,0.38,0.92,0,0,0.37,0.83,0,0,0.37,0.75,0,0,0.37,0.67,0,0,0.37,0.61,0,0,0.37,0.54,0,0,0.37,0.49,0,0,0.37,0.43,0,0,0.37,0.4,0,1,0.38,0.2,0,3,0.37,0.22,0,0,0.37,0.25,0,1,0.37,0.32,0,10,0.37,0.4,0,2,0.37,0.49,0,0,0.37,0.59,0,0,0.37,0.71,0,0,0.37,0.83,0,10,0.37,0.96,0,0,0.37,1.11,0,0,0.37,1.27,0,0,0.37,1.43,0,0,0.37,1.61,0,0,0.37,1.79,0,0,0.37,1.97,0,0,0.37,2.17,0,0,0.37,2.37,0,0,0.37,2.58,0,0,0.37,2.23,0.0,0.0,0.37,0.18,0.0,0.0,0.37,0.36,0.0,0.0,0.38,2.79,0.0,0.0,0.37,,,,,,,,,,,,,,,,,,,,,,,,,,,,,,,,,,,,,,,,,,,,,,,,
2023-06-28 16:00:00,6.81,2.29,0,0,0.37,2.22,0,0,0.38,2.14,0,0,0.37,1.97,0,0,0.37,1.8,0,0,0.37,1.64,0,0,0.37,1.5,0,0,0.37,1.36,0,0,0.37,1.24,0,0,0.37,1.14,0,0,0.38,1.02,0,0,0.38,0.91,0,0,0.37,0.83,0,0,0.37,0.74,0,0,0.37,0.67,0,0,0.37,0.6,0,0,0.37,0.54,0,0,0.37,0.49,0,0,0.37,0.43,0,1,0.37,0.18,0,3,0.37,0.2,0,0,0.37,0.22,0,1,0.37,0.3,0,10,0.38,0.38,0,2,0.38,0.45,0,0,0.37,0.55,0,0,0.37,0.65,0,0,0.37,0.78,0,10,0.38,0.89,0,0,0.37,1.05,0,0,0.38,1.19,0,0,0.37,1.35,0,0,0.37,1.52,0,0,0.38,1.69,0,0,0.37,1.88,0,0,0.38,2.06,0,0,0.37,2.26,0,0,0.37,2.46,0,0,0.37,2.37,0.0,0.0,0.37,0.16,0.0,0.0,0.37,0.39,0.0,0.0,0.37,2.67,0.0,0.0,0.37,,,,,,,,,,,,,,,,,,,,,,,,,,,,,,,,,,,,,,,,,,,,,,,,
2023-06-29 16:00:00,6.76,2.25,0,0,0.37,2.17,0,0,0.37,2.1,0,0,0.37,1.92,0,0,0.37,1.76,0,0,0.37,1.6,0,0,0.37,1.46,0,0,0.37,1.32,0,0,0.37,1.2,0,0,0.37,1.08,0,0,0.37,0.98,0,0,0.37,0.88,0,0,0.37,0.8,0,0,0.37,0.71,0,0,0.37,0.64,0,0,0.37,0.58,0,0,0.37,0.52,0,0,0.37,0.47,0,0,0.37,0.41,0,1,0.37,0.18,0,3,0.37,0.21,0,0,0.38,0.23,0,1,0.37,0.3,0,10,0.38,0.37,0,2,0.37,0.46,0,0,0.37,0.56,0,0,0.37,0.67,0,0,0.37,0.79,0,10,0.37,0.92,0,0,0.37,1.06,0,0,0.37,1.21,0,0,0.37,1.37,0,0,0.37,1.54,0,0,0.37,1.72,0,0,0.37,1.9,0,0,0.37,2.09,0,0,0.37,2.29,0,0,0.37,2.49,0,0,0.37,2.32,0.0,0.0,0.37,0.16,0.0,0.0,0.37,0.36,0.0,0.0,0.37,2.71,0.0,0.0,0.37,,,,,,,,,,,,,,,,,,,,,,,,,,,,,,,,,,,,,,,,,,,,,,,,
2023-06-30 16:00:00,6.81,2.29,0,0,0.37,2.21,0,0,0.37,2.14,0,0,0.37,1.96,0,0,0.37,1.8,0,0,0.37,1.64,0,0,0.37,1.49,0,0,0.37,1.35,0,0,0.37,1.23,0,0,0.37,1.11,0,0,0.37,1.01,0,0,0.37,0.91,0,0,0.37,0.82,0,0,0.37,0.74,0,0,0.37,0.67,0,0,0.37,0.6,0,0,0.37,0.53,0,0,0.37,0.48,0,0,0.37,0.43,0,1,0.37,0.18,0,3,0.38,0.2,0,0,0.37,0.22,0,1,0.37,0.28,0,10,0.37,0.36,0,2,0.37,0.44,0,0,0.37,0.54,0,0,0.37,0.65,0,0,0.37,0.77,0,10,0.37,0.9,0,0,0.37,1.04,0,0,0.37,1.18,0,0,0.37,1.35,0,0,0.37,1.51,0,0,0.37,1.69,0,0,0.37,1.87,0,0,0.37,2.06,0,0,0.37,2.26,0,0,0.37,2.46,0,0,0.37,2.37,0.0,0.0,0.38,0.16,0.0,0.0,0.38,0.37,0.0,0.0,0.37,2.67,0.0,0.0,0.37,,,,,,,,,,,,,,,,,,,,,,,,,,,,,,,,,,,,,,,,,,,,,,,,
2023-07-04 16:00:00,6.96,2.43,0,0,0.37,2.35,0,0,0.37,2.27,0,0,0.36,2.09,0,0,0.37,1.91,0,0,0.36,1.75,0,0,0.37,1.6,0,0,0.37,1.45,0,0,0.36,1.32,0,0,0.37,1.2,0,0,0.37,1.07,0,0,0.36,0.98,0,0,0.37,0.88,0,0,0.36,0.8,0,0,0.37,0.71,0,0,0.36,0.65,0,0,0.37,0.58,0,0,0.37,0.52,0,0,0.37,0.47,0,1,0.37,0.14,0,3,0.36,0.16,0,0,0.36,0.18,0,1,0.36,0.24,0,10,0.36,0.31,0,2,0.37,0.39,0,0,0.37,0.48,0,0,0.37,0.58,0,0,0.37,0.69,0,10,0.37,0.81,0,0,0.37,0.96,0,0,0.37,1.08,0,0,0.37,1.23,0,0,0.36,1.4,0,0,0.37,1.56,0,0,0.36,1.74,0,0,0.36,1.93,0,0,0.37,2.12,0,0,0.37,2.32,0,0,0.37,2.5,0.0,0.0,0.36,0.13,0.0,0.0,0.37,0.41,0.0,0.0,0.36,2.52,0.0,0.0,0.36,,,,,,,,,,,,,,,,,,,,,,,,,,,,,,,,,,,,,,,,,,,,,,,,
2023-07-05 16:00:00,6.84,2.32,0,0,0.37,2.24,0,0,0.37,2.16,0,0,0.36,1.99,0,0,0.37,1.81,0,0,0.36,1.65,0,0,0.36,1.51,0,0,0.37,1.36,0,0,0.36,1.24,0,0,0.37,1.12,0,0,0.37,1.03,0,0,0.37,0.91,0,0,0.37,0.82,0,0,0.37,0.73,0,0,0.36,0.66,0,0,0.37,0.59,0,0,0.36,0.53,0,0,0.37,0.47,0,0,0.36,0.42,0,1,0.36,0.16,0,3,0.37,0.18,0,0,0.37,0.2,0,1,0.37,0.26,0,10,0.37,0.33,0,2,0.37,0.41,0,0,0.36,0.51,0,0,0.37,0.61,0,0,0.37,0.73,0,10,0.37,0.85,0,0,0.37,0.98,0,0,0.36,1.13,0,0,0.36,1.29,0,0,0.36,1.46,0,0,0.37,1.63,0,0,0.36,1.82,0,0,0.37,2.0,0,0,0.36,2.2,0,0,0.36,2.4,0,0,0.36,2.39,0.0,0.0,0.36,0.14,0.0,0.0,0.37,0.39,0.0,0.0,0.37,2.61,0.0,0.0,0.36,,,,,,,,,,,,,,,,,,,,,,,,,,,,,,,,,,,,,,,,,,,,,,,,
2023-07-06 16:00:00,6.66,2.16,0,0,0.37,2.09,0,0,0.37,2.02,0,0,0.37,1.84,0,0,0.37,1.68,0,0,0.37,1.53,0,0,0.37,1.39,0,0,0.37,1.26,0,0,0.37,1.13,0,0,0.37,1.03,0,0,0.37,0.92,0,0,0.37,0.83,0,0,0.37,0.74,0,0,0.37,0.67,0,0,0.37,0.6,0,0,0.37,0.53,0,0,0.37,0.48,0,0,0.37,0.43,0,0,0.37,0.37,0,1,0.37,0.19,5,8,0.37,0.21,0,0,0.37,0.23,0,1,0.37,0.3,0,10,0.37,0.38,0,2,0.37,0.47,0,0,0.37,0.57,0,0,0.37,0.68,0,0,0.37,0.81,0,10,0.37,0.94,0,0,0.37,1.09,0,0,0.37,1.24,0,0,0.37,1.4,0,0,0.37,1.58,0,0,0.37,1.76,0,0,0.37,1.94,0,0,0.37,2.14,0,0,0.37,2.34,0,0,0.37,2.55,0,0,0.37,2.24,0.0,0.0,0.37,0.17,0.0,0.0,0.37,0.33,0.0,0.0,0.37,2.77,0.0,0.0,0.37,,,,,,,,,,,,,,,,,,,,,,,,,,,,,,,,,,,,,,,,,,,,,,,,
2023-07-07 16:00:00,6.5,2.03,0,0,0.38,1.96,0,0,0.38,1.89,0,0,0.38,1.72,0,0,0.37,1.56,0,0,0.37,1.42,0,0,0.38,1.28,0,0,0.37,1.16,0,0,0.38,1.04,0,0,0.37,0.94,0,0,0.38,0.84,0,0,0.37,0.76,0,0,0.38,0.67,0,0,0.37,0.61,0,0,0.38,0.54,0,0,0.38,0.48,0,0,0.37,0.42,0,0,0.37,0.38,0,0,0.37,0.34,0,1,0.37,0.21,0,8,0.37,0.24,0,0,0.38,0.26,0,1,0.37,0.34,0,10,0.38,0.42,0,2,0.37,0.52,0,0,0.37,0.63,0,0,0.38,0.75,0,0,0.38,0.88,0,10,0.38,1.02,0,0,0.37,1.17,0,0,0.37,1.33,0,0,0.37,1.5,0,0,0.37,1.68,0,0,0.37,1.87,0,0,0.38,2.06,0,0,0.37,2.26,0,0,0.37,2.47,0,0,0.38,2.68,0,0,0.37,2.1,0.0,0.0,0.37,0.19,0.0,0.0,0.38,0.3,0.0,0.0,0.37,2.9,0.0,0.0,0.37,,,,,,,,,,,,,,,,,,,,,,,,,,,,,,,,,,,,,,,,,,,,,,,,
2023-07-11 16:00:00,6.42,1.95,0,0,0.37,1.88,0,0,0.37,1.81,0,0,0.37,1.64,0,0,0.37,1.49,0,0,0.37,1.34,0,0,0.37,1.21,0,0,0.37,1.09,0,0,0.37,0.98,0,0,0.37,0.87,0,0,0.37,0.78,0,0,0.37,0.7,0,0,0.37,0.62,0,0,0.37,0.56,0,0,0.37,0.49,0,0,0.37,0.44,0,0,0.37,0.39,0,0,0.37,0.35,0,1,0.37,0.31,0,1,0.37,0.22,0,8,0.37,0.24,0,1,0.37,0.27,0,1,0.37,0.34,1,11,0.37,0.43,0,2,0.37,0.53,0,4,0.37,0.64,0,0,0.37,0.76,0,0,0.37,0.9,0,10,0.37,1.04,0,0,0.37,1.2,0,0,0.37,1.36,0,0,0.37,1.54,0,0,0.37,1.72,0,0,0.37,1.91,0,0,0.37,2.11,0,0,0.37,2.31,0,0,0.37,2.52,0,0,0.37,2.74,0,0,0.37,2.02,0.0,0.0,0.37,0.19,0.0,0.0,0.37,0.27,0.0,0.0,0.37,2.96,0.0,0.0,0.37,,,,,,,,,,,,,,,,,,,,,,,,,,,,,,,,,,,,,,,,,,,,,,,,
2023-07-12 16:00:00,6.35,1.89,0,0,0.37,1.82,0,0,0.37,1.75,0,0,0.37,1.59,0,0,0.37,1.44,0,0,0.37,1.3,0,0,0.37,1.17,0,0,0.37,1.02,0,0,0.36,0.94,0,0,0.37,0.84,0,0,0.37,0.75,0,0,0.37,0.67,0,0,0.37,0.6,0,0,0.37,0.53,0,0,0.37,0.47,0,0,0.37,0.41,0,0,0.37,0.36,0,0,0.37,0.33,0,1,0.37,0.29,0,1,0.37,0.23,0,8,0.37,0.26,0,1,0.38,0.29,0,1,0.38,0.36,0,11,0.37,0.45,0,2,0.37,0.56,0,4,0.38,0.67,0,0,0.37,0.81,0,0,0.38,0.93,0,10,0.37,1.08,0,0,0.37,1.24,0,0,0.37,1.41,0,0,0.38,1.58,0,0,0.37,1.77,0,0,0.37,1.96,0,0,0.37,2.16,0,0,0.37,2.37,0,0,0.37,2.58,0,0,0.37,2.8,0,0,0.37,1.96,0.0,0.0,0.37,0.2,0.0,0.0,0.37,0.26,0.0,0.0,0.37,3.02,0.0,0.0,0.37,,,,,,,,,,,,,,,,,,,,,,,,,,,,,,,,,,,,,,,,,,,,,,,,
2023-07-13 16:00:00,6.47,1.99,0,0,0.37,1.92,0,0,0.37,1.85,0,0,0.37,1.68,0,0,0.37,1.52,0,0,0.37,1.38,0,0,0.37,1.24,0,0,0.37,1.12,0,0,0.37,1.0,0,0,0.37,0.9,0,0,0.37,0.8,0,0,0.37,0.72,0,0,0.37,0.64,0,0,0.37,0.57,0,0,0.37,0.51,0,0,0.37,0.45,0,0,0.37,0.39,0,0,0.37,0.36,0,1,0.37,0.32,0,1,0.37,0.21,0,8,0.37,0.23,0,1,0.37,0.26,0,1,0.37,0.33,2,13,0.37,0.41,0,2,0.37,0.51,0,4,0.37,0.62,0,0,0.37,0.74,0,0,0.37,0.88,0,10,0.37,1.02,0,0,0.37,1.17,0,0,0.37,1.33,0,0,0.37,1.5,0,0,0.37,1.69,0,0,0.37,1.87,0,0,0.37,2.07,0,0,0.37,2.27,0,0,0.37,2.48,0,0,0.37,2.7,0,0,0.37,2.06,0.0,0.0,0.37,0.18,0.0,0.0,0.37,0.28,0.0,0.0,0.37,2.92,0.0,0.0,0.37,2.14,0.0,0.0,0.37,0.16,0.0,0.0,0.37,,,,,,,,,,,,,,,,,,,,,,,,,,,,,,,,,,,,,,,,
2023-07-14 16:00:00,6.4,1.93,0,0,0.37,1.86,0,0,0.37,1.79,0,0,0.37,1.62,0,0,0.37,1.46,0,0,0.37,1.32,0,0,0.37,1.19,0,0,0.37,1.07,0,0,0.37,0.95,0,0,0.37,0.85,0,0,0.37,0.77,0,0,0.37,0.68,0,0,0.37,0.61,0,0,0.37,0.54,0,0,0.37,0.48,0,0,0.37,0.42,0,0,0.37,0.37,0,0,0.37,0.33,0,1,0.37,0.29,0,1,0.37,0.21,0,8,0.37,0.24,0,1,0.37,0.27,0,1,0.37,0.34,0,13,0.37,0.43,0,2,0.37,0.53,0,4,0.37,0.64,0,0,0.37,0.77,0,0,0.37,0.91,0,10,0.37,1.04,0,0,0.37,1.2,0,0,0.37,1.37,0,0,0.37,1.54,0,0,0.37,1.73,0,0,0.37,1.92,0,0,0.37,2.12,0,0,0.37,2.32,0,0,0.37,2.53,0,0,0.37,2.75,0,0,0.37,2.0,0.0,0.0,0.37,0.19,0.0,0.0,0.37,0.26,1.0,1.0,0.37,2.97,0.0,0.0,0.37,2.08,0.0,0.0,0.37,0.17,0.0,0.0,0.37,,,,,,,,,,,,,,,,,,,,,,,,,,,,,,,,,,,,,,,,
2023-07-18 16:00:00,6.32,1.86,0,0,0.37,1.79,0,0,0.37,1.72,0,0,0.37,1.56,0,0,0.37,1.4,0,0,0.37,1.26,0,0,0.37,1.14,0,0,0.37,1.01,0,0,0.37,0.91,0,0,0.37,0.81,0,0,0.37,0.72,0,0,0.37,0.64,0,0,0.37,0.57,0,0,0.37,0.5,0,0,0.37,0.45,0,0,0.37,0.38,0,0,0.36,0.34,0,0,0.37,0.31,0,1,0.37,0.27,0,1,0.37,0.23,0,8,0.37,0.25,0,1,0.37,0.28,0,1,0.37,0.36,0,13,0.37,0.45,0,2,0.37,0.55,0,4,0.37,0.67,0,0,0.37,0.8,0,0,0.37,0.94,0,10,0.37,1.08,0,0,0.37,1.25,0,0,0.37,1.41,0,0,0.37,1.59,0,0,0.37,1.78,0,0,0.37,1.97,0,0,0.37,2.18,0,0,0.37,2.38,0,0,0.37,2.6,0,0,0.37,2.82,0,0,0.37,1.93,0.0,0.0,0.37,0.2,0.0,0.0,0.37,0.24,0.0,1.0,0.37,3.04,0.0,0.0,0.37,2.0,0.0,0.0,0.37,0.18,0.0,0.0,0.37,,,,,,,,,,,,,,,,,,,,,,,,,,,,,,,,,,,,,,,,
2023-07-19 16:00:00,6.22,1.77,0,0,0.37,1.7,0,0,0.37,1.64,0,0,0.37,1.48,0,0,0.37,1.33,0,0,0.37,1.19,0,0,0.37,1.07,0,0,0.37,0.95,0,0,0.37,0.85,0,0,0.37,0.76,0,0,0.37,0.67,0,0,0.37,0.6,0,0,0.37,0.53,0,0,0.37,0.47,0,0,0.37,0.4,1,1,0.37,0.35,0,0,0.37,0.32,0,0,0.37,0.28,0,1,0.37,0.25,0,1,0.37,0.24,0,8,0.37,0.27,0,1,0.37,0.3,0,1,0.37,0.39,0,13,0.38,0.48,0,2,0.37,0.59,0,4,0.37,0.71,0,0,0.37,0.85,0,0,0.38,0.98,0,10,0.37,1.14,0,0,0.37,1.3,0,0,0.37,1.48,0,0,0.37,1.66,0,0,0.37,1.85,0,0,0.37,2.05,0,0,0.37,2.25,0,0,0.37,2.47,0,0,0.38,2.68,0,0,0.37,2.9,0,0,0.37,1.84,0.0,0.0,0.37,0.22,0.0,0.0,0.37,0.22,0.0,1.0,0.37,3.13,0.0,0.0,0.37,1.92,0.0,0.0,0.38,0.19,0.0,0.0,0.37,,,,,,,,,,,,,,,,,,,,,,,,,,,,,,,,,,,,,,,,
2023-07-20 16:00:00,6.29,1.82,0,0,0.36,1.75,0,0,0.36,1.68,0,0,0.37,1.51,0,0,0.36,1.36,0,0,0.36,1.22,0,0,0.36,1.09,0,0,0.36,0.97,0,0,0.36,0.87,0,0,0.36,0.77,0,0,0.36,0.68,0,0,0.36,0.6,0,0,0.36,0.53,0,0,0.36,0.47,0,0,0.36,0.4,0,1,0.36,0.35,0,0,0.36,0.32,0,0,0.36,0.28,0,1,0.36,0.25,0,1,0.36,0.22,5,8,0.36,0.24,0,1,0.36,0.27,0,1,0.36,0.35,0,13,0.36,0.44,0,2,0.36,0.54,0,4,0.36,0.66,0,0,0.36,0.79,0,0,0.36,0.93,0,10,0.36,1.08,0,0,0.36,1.24,0,0,0.36,1.41,0,0,0.36,1.59,0,0,0.36,1.78,0,0,0.36,1.98,0,0,0.36,2.18,0,0,0.36,2.39,0,0,0.36,2.61,0,0,0.36,2.83,0,0,0.36,1.89,0.0,0.0,0.36,0.19,0.0,0.0,0.36,0.22,0.0,1.0,0.36,3.06,0.0,0.0,0.36,1.96,0.0,0.0,0.36,0.17,0.0,0.0,0.36,,,,,,,,,,,,,,,,,,,,,,,,,,,,,,,,,,,,,,,,
2023-07-21 16:00:00,6.33,1.85,0,0,0.36,1.78,0,0,0.36,1.71,0,0,0.36,1.54,0,0,0.36,1.39,0,0,0.36,1.25,0,0,0.36,1.12,0,0,0.36,0.99,0,0,0.36,0.89,0,0,0.36,0.79,0,0,0.36,0.7,0,0,0.36,0.62,0,0,0.36,0.55,0,0,0.36,0.48,0,0,0.36,0.42,0,1,0.36,0.36,0,0,0.36,0.32,5,5,0.36,0.29,0,1,0.36,0.26,0,1,0.37,0.21,0,8,0.36,0.24,0,1,0.36,0.26,0,1,0.36,0.34,0,13,0.36,0.43,0,2,0.36,0.53,0,4,0.36,0.65,0,0,0.36,0.78,0,0,0.37,0.91,0,10,0.36,1.06,0,0,0.36,1.22,0,0,0.36,1.39,0,0,0.36,1.57,0,0,0.36,1.75,0,0,0.36,1.95,0,0,0.36,2.15,0,0,0.36,2.36,0,0,0.36,2.58,0,0,0.36,2.8,0,0,0.36,1.92,0.0,0.0,0.36,0.19,0.0,0.0,0.37,0.23,0.0,1.0,0.37,3.02,0.0,0.0,0.36,2.0,0.0,0.0,0.36,0.17,0.0,0.0,0.37,,,,,,,,,,,,,,,,,,,,,,,,,,,,,,,,,,,,,,,,
2023-07-24 16:00:00,6.27,1.8,0,0,0.37,1.73,0,0,0.37,1.66,0,0,0.37,1.5,0,0,0.37,1.35,0,0,0.37,1.21,0,0,0.37,1.08,0,0,0.37,0.94,0,0,0.36,0.86,0,0,0.37,0.76,0,0,0.37,0.68,0,0,0.37,0.6,0,0,0.37,0.53,0,0,0.37,0.47,0,0,0.37,0.4,0,1,0.36,0.35,0,0,0.36,0.32,0,5,0.37,0.28,0,1,0.37,0.25,0,1,0.37,0.23,0,8,0.37,0.25,0,1,0.37,0.28,2,3,0.37,0.36,0,13,0.37,0.45,0,2,0.37,0.56,0,4,0.37,0.68,0,0,0.37,0.83,0,0,0.38,0.94,0,10,0.37,1.1,0,0,0.37,1.26,0,0,0.37,1.43,0,0,0.37,1.61,0,0,0.37,1.8,0,0,0.37,2.0,0,0,0.37,2.2,0,0,0.37,2.41,0,0,0.36,2.63,0,0,0.37,2.85,0,0,0.36,1.87,0.0,0.0,0.36,0.2,0.0,0.0,0.37,0.22,0.0,1.0,0.37,3.08,0.0,0.0,0.37,1.95,0.0,0.0,0.37,0.18,0.0,0.0,0.37,,,,,,,,,,,,,,,,,,,,,,,,,,,,,,,,,,,,,,,,
2023-07-26 16:00:00,6.36,1.86,0,0,0.36,1.79,0,0,0.36,1.72,0,0,0.36,1.55,0,0,0.36,1.4,0,0,0.36,1.25,0,0,0.36,1.12,0,0,0.36,0.99,0,0,0.36,0.89,0,0,0.36,0.79,0,0,0.36,0.7,0,0,0.36,0.62,0,0,0.36,0.55,0,0,0.36,0.48,0,0,0.36,0.41,0,3,0.35,0.36,0,0,0.35,0.32,0,5,0.36,0.28,0,1,0.36,0.25,0,1,0.36,0.2,0,8,0.36,0.22,0,1,0.36,0.25,0,3,0.36,0.32,0,13,0.36,0.41,0,2,0.36,0.51,0,4,0.36,0.62,0,0,0.36,0.75,0,4,0.36,0.88,0,10,0.36,1.03,0,0,0.36,1.19,0,0,0.36,1.35,0,0,0.36,1.54,0,0,0.36,1.72,0,0,0.36,1.92,0,0,0.36,2.12,0,0,0.36,2.33,0,0,0.36,2.55,0,0,0.36,2.77,0,0,0.36,1.94,0.0,0.0,0.36,0.17,0.0,0.0,0.36,0.22,0.0,1.0,0.36,2.99,0.0,0.0,0.36,2.01,0.0,0.0,0.36,0.15,0.0,0.0,0.36,,,,,,,,,,,,,,,,,,,,,,,,,,,,,,,,,,,,,,,,
2023-07-28 16:00:00,6.55,2.01,0,0,0.35,1.93,0,0,0.34,1.85,0,0,0.34,1.67,0,0,0.34,1.51,0,0,0.34,1.35,0,0,0.34,1.21,0,0,0.34,1.08,0,0,0.34,0.97,0,0,0.35,0.85,0,0,0.34,0.75,0,0,0.34,0.66,0,0,0.34,0.58,0,0,0.34,0.51,0,0,0.34,0.45,0,3,0.34,0.39,0,0,0.34,0.34,0,5,0.34,0.31,4,5,0.35,0.27,0,1,0.35,0.15,0,8,0.34,0.17,0,1,0.34,0.19,0,3,0.34,0.25,0,13,0.34,0.34,0,2,0.35,0.42,0,4,0.34,0.52,0,0,0.34,0.63,0,16,0.34,0.75,0,10,0.34,0.9,0,0,0.34,1.05,0,0,0.34,1.21,0,0,0.34,1.38,0,0,0.34,1.56,0,0,0.34,1.75,0,0,0.34,1.95,0,0,0.34,2.15,0,0,0.34,2.37,0,0,0.34,2.58,0,0,0.34,2.08,0.0,0.0,0.34,0.13,0.0,0.0,0.34,0.23,0.0,1.0,0.34,2.81,0.0,0.0,0.34,2.16,0.0,0.0,0.34,0.11,0.0,0.0,0.34,,,,,,,,,,,,,,,,,,,,,,,,,,,,,,,,,,,,,,,,
2023-07-31 16:00:00,6.49,1.95,0,0,0.34,1.87,0,0,0.34,1.8,0,0,0.34,1.62,0,0,0.34,1.46,0,0,0.34,1.31,0,0,0.34,1.16,0,0,0.34,1.04,0,0,0.34,0.91,0,0,0.34,0.81,2,2,0.34,0.72,0,0,0.34,0.63,0,0,0.34,0.55,0,0,0.34,0.48,0,0,0.34,0.41,0,3,0.34,0.37,0,0,0.34,0.32,0,5,0.34,0.28,0,5,0.34,0.24,0,1,0.34,0.15,0,8,0.34,0.17,0,1,0.34,0.2,0,3,0.34,0.26,0,13,0.34,0.34,0,2,0.34,0.43,0,4,0.34,0.53,0,0,0.34,0.65,2,18,0.34,0.79,0,10,0.35,0.92,0,0,0.34,1.08,0,0,0.34,1.24,0,0,0.34,1.41,0,0,0.34,1.59,0,0,0.34,1.79,0,0,0.34,1.99,0,0,0.34,2.2,0,0,0.34,2.41,0,0,0.34,2.63,0,0,0.34,2.03,0.0,0.0,0.34,0.14,0.0,0.0,0.35,0.21,0.0,1.0,0.34,2.86,0.0,0.0,0.34,2.1,0.0,0.0,0.34,0.12,0.0,0.0,0.35,,,,,,,,,,,,,,,,,,,,,,,,,,,,,,,,,,,,,,,,
2023-08-01 16:00:00,6.5,1.96,0,0,0.34,1.88,0,0,0.34,1.81,0,0,0.34,1.63,0,0,0.34,1.47,0,0,0.34,1.32,0,0,0.35,1.17,0,0,0.34,1.05,0,0,0.35,0.92,0,0,0.34,0.82,0,2,0.34,0.73,0,0,0.35,0.64,0,0,0.35,0.56,0,0,0.34,0.49,0,0,0.34,0.42,0,3,0.34,0.37,0,0,0.34,0.32,0,5,0.34,0.29,0,5,0.35,0.25,0,1,0.35,0.16,0,8,0.35,0.18,0,1,0.35,0.2,0,3,0.34,0.26,0,13,0.34,0.34,0,2,0.34,0.44,0,4,0.35,0.54,0,0,0.35,0.66,0,18,0.35,0.79,0,10,0.35,0.92,0,0,0.34,1.08,0,0,0.35,1.24,0,0,0.35,1.41,0,0,0.34,1.59,0,0,0.34,1.79,0,0,0.35,1.99,0,0,0.35,2.19,0,0,0.34,2.41,0,0,0.35,2.63,0,0,0.35,2.04,0.0,0.0,0.35,0.14,0.0,0.0,0.35,0.22,0.0,1.0,0.35,2.86,0.0,0.0,0.35,2.11,0.0,0.0,0.34,0.12,0.0,0.0,0.35,,,,,,,,,,,,,,,,,,,,,,,,,,,,,,,,,,,,,,,,
2023-08-02 16:00:00,6.18,1.7,0,0,0.35,1.63,0,0,0.35,1.56,0,0,0.35,1.4,0,0,0.35,1.25,0,0,0.35,1.11,0,0,0.35,0.98,0,0,0.35,0.86,0,0,0.35,0.76,0,0,0.35,0.67,0,2,0.35,0.59,0,0,0.35,0.52,0,0,0.35,0.45,0,0,0.35,0.38,0,0,0.34,0.34,0,3,0.35,0.3,0,0,0.35,0.26,0,5,0.35,0.22,0,5,0.35,0.19,0,1,0.35,0.21,0,8,0.35,0.23,0,1,0.35,0.26,0,3,0.35,0.34,0,13,0.35,0.43,0,2,0.35,0.54,0,4,0.35,0.66,0,0,0.35,0.8,2,20,0.35,0.93,0,10,0.35,1.09,0,0,0.35,1.26,0,0,0.35,1.44,0,0,0.35,1.62,0,0,0.35,1.82,0,0,0.35,2.02,0,0,0.35,2.24,0,0,0.35,2.45,0,0,0.35,2.68,0,0,0.35,2.91,0,0,0.35,1.77,0.0,0.0,0.35,0.18,0.0,0.0,0.35,0.17,0.0,1.0,0.35,3.14,0.0,0.0,0.35,1.85,0.0,0.0,0.35,0.16,0.0,0.0,0.35,,,,,,,,,,,,,,,,,,,,,,,,,,,,,,,,,,,,,,,,
2023-08-03 16:00:00,6.2,1.72,0,0,0.35,1.65,0,0,0.35,1.58,0,0,0.35,1.41,0,0,0.35,1.26,0,0,0.35,1.12,0,0,0.35,1.0,0,0,0.35,0.88,0,0,0.35,0.78,0,0,0.35,0.69,0,2,0.35,0.6,0,0,0.35,0.53,0,0,0.35,0.46,0,0,0.35,0.4,0,0,0.35,0.35,0,3,0.35,0.3,0,0,0.35,0.26,0,5,0.35,0.23,0,5,0.35,0.2,0,1,0.35,0.21,0,8,0.35,0.23,0,1,0.35,0.26,0,3,0.35,0.34,0,13,0.35,0.43,0,2,0.35,0.53,0,4,0.35,0.65,0,0,0.35,0.79,0,20,0.35,0.93,0,10,0.35,1.08,0,0,0.35,1.25,0,0,0.35,1.43,0,0,0.35,1.61,0,0,0.35,1.81,0,0,0.35,2.01,0,0,0.35,2.22,0,0,0.35,2.44,0,0,0.35,2.66,0,0,0.35,2.89,0,0,0.35,1.79,0.0,0.0,0.35,0.18,0.0,0.0,0.35,0.17,0.0,1.0,0.35,3.13,0.0,0.0,0.36,1.86,0.0,0.0,0.35,0.16,0.0,0.0,0.35,,,,,,,,,,,,,,,,,,,,,,,,,,,,,,,,,,,,,,,,
2023-08-04 16:00:00,6.18,1.7,0,0,0.35,1.63,0,0,0.35,1.56,0,0,0.35,1.4,0,0,0.35,1.25,0,0,0.35,1.11,0,0,0.35,0.98,0,0,0.35,0.85,0,0,0.34,0.76,0,0,0.35,0.67,0,2,0.35,0.59,0,0,0.35,0.52,0,0,0.35,0.45,0,0,0.35,0.39,0,0,0.35,0.34,0,3,0.35,0.3,0,0,0.35,0.26,0,5,0.35,0.22,0,5,0.35,0.19,0,1,0.35,0.21,0,8,0.35,0.23,0,1,0.35,0.26,0,3,0.35,0.34,0,13,0.35,0.43,0,2,0.35,0.54,0,4,0.35,0.66,0,0,0.35,0.81,0,20,0.36,0.93,0,10,0.35,1.09,0,0,0.35,1.26,0,0,0.35,1.44,0,0,0.35,1.62,0,0,0.35,1.82,0,0,0.35,2.02,0,0,0.35,2.24,0,0,0.35,2.45,0,0,0.35,2.68,0,0,0.35,2.91,0,0,0.35,1.77,0.0,0.0,0.35,0.18,0.0,0.0,0.35,0.17,0.0,1.0,0.35,3.14,0.0,0.0,0.35,1.84,0.0,0.0,0.35,0.16,2.0,2.0,0.35,,,,,,,,,,,,,,,,,,,,,,,,,,,,,,,,,,,,,,,,
2023-08-07 16:00:00,5.92,1.48,0,0,0.35,1.42,0,0,0.36,1.36,0,0,0.36,1.2,0,0,0.35,1.06,0,0,0.35,0.94,0,0,0.36,0.81,0,0,0.35,0.72,0,0,0.35,0.63,0,0,0.35,0.55,2,2,0.35,0.48,0,0,0.35,0.42,0,0,0.36,0.35,0,0,0.35,0.31,0,0,0.35,0.27,0,3,0.35,0.23,0,0,0.35,0.2,0,5,0.35,0.17,0,5,0.35,0.15,0,1,0.36,0.26,5,13,0.36,0.29,0,1,0.36,0.32,0,3,0.35,0.41,0,13,0.35,0.52,0,2,0.36,0.64,0,4,0.36,0.79,0,0,0.36,0.91,0,20,0.35,1.07,0,10,0.35,1.24,0,0,0.35,1.42,0,0,0.35,1.61,0,0,0.35,1.81,0,0,0.35,2.02,0,0,0.36,2.23,0,0,0.35,2.45,0,0,0.35,2.68,0,0,0.35,2.91,0,0,0.35,3.15,0,0,0.35,1.55,0.0,0.0,0.35,0.23,0.0,0.0,0.36,0.13,0.0,1.0,0.36,3.39,0.0,0.0,0.35,1.62,0.0,0.0,0.35,0.2,0.0,2.0,0.35,,,,,,,,,,,,,,,,,,,,,,,,,,,,,,,,,,,,,,,,
2023-08-08 16:00:00,5.77,1.38,0,0,0.36,1.32,0,0,0.37,1.26,0,0,0.37,1.12,0,0,0.37,0.99,0,0,0.37,0.85,0,0,0.36,0.76,1,1,0.37,0.67,0,0,0.37,0.58,0,0,0.37,0.51,0,2,0.37,0.44,0,0,0.37,0.39,0,0,0.37,0.33,0,0,0.37,0.29,0,0,0.37,0.25,0,3,0.37,0.22,0,0,0.37,0.19,0,5,0.37,0.16,0,5,0.37,0.14,0,1,0.37,0.31,0,13,0.37,0.34,1,2,0.37,0.38,0,3,0.37,0.48,0,13,0.37,0.59,0,2,0.36,0.74,0,4,0.38,0.86,0,0,0.37,1.02,0,20,0.37,1.18,0,10,0.37,1.36,0,0,0.37,1.54,0,0,0.37,1.74,0,0,0.37,1.94,0,0,0.37,2.15,0,0,0.36,2.37,0,0,0.37,2.6,0,0,0.37,2.83,0,0,0.37,3.06,0,0,0.37,3.3,0,0,0.37,1.45,0.0,0.0,0.37,0.28,0.0,0.0,0.37,0.12,0.0,1.0,0.37,3.54,0.0,0.0,0.37,1.51,0.0,0.0,0.36,0.24,0.0,2.0,0.36,1.58,0.0,0.0,0.36,0.22,1.0,1.0,0.37,,,,,,,,,,,,,,,,,,,,,,,,,,,,,,,,
2023-08-09 16:00:00,5.88,1.47,0,0,0.37,1.41,0,0,0.37,1.34,0,0,0.37,1.2,0,0,0.37,1.06,0,0,0.37,0.91,0,0,0.35,0.83,0,1,0.37,0.73,0,0,0.37,0.64,0,0,0.37,0.56,0,2,0.37,0.49,0,0,0.37,0.43,0,0,0.37,0.37,0,0,0.37,0.32,0,0,0.37,0.28,0,3,0.37,0.24,0,0,0.37,0.21,0,5,0.37,0.18,0,5,0.37,0.16,0,1,0.37,0.29,0,13,0.37,0.32,0,2,0.37,0.35,0,3,0.37,0.45,0,13,0.37,0.56,0,2,0.37,0.7,0,4,0.38,0.82,0,0,0.37,0.96,0,20,0.37,1.12,0,10,0.37,1.29,0,0,0.37,1.47,0,0,0.37,1.66,0,0,0.37,1.86,0,0,0.37,2.07,0,0,0.37,2.28,0,0,0.37,2.5,0,0,0.37,2.73,0,0,0.37,2.96,0,0,0.37,3.2,0,0,0.37,1.54,0.0,0.0,0.37,0.25,0.0,0.0,0.37,0.14,0.0,1.0,0.37,3.43,0.0,0.0,0.36,1.61,0.0,0.0,0.37,0.23,0.0,2.0,0.37,1.68,0.0,0.0,0.37,0.2,0.0,1.0,0.37,1.75,0.0,0.0,0.37,0.18,3.0,3.0,0.37,,,,,,,,,,,,,,,,,,,,,,,,
2023-08-11 16:00:00,5.77,1.39,0,0,0.37,1.33,0,0,0.38,1.27,0,1,0.38,1.13,0,0,0.38,1.0,0,0,0.38,0.86,0,0,0.36,0.78,0,1,0.38,0.68,0,0,0.37,0.6,0,0,0.38,0.53,0,2,0.38,0.46,0,0,0.38,0.4,0,0,0.38,0.35,0,0,0.38,0.3,0,0,0.37,0.26,0,3,0.37,0.23,0,0,0.38,0.2,0,5,0.38,0.17,0,5,0.38,0.15,0,1,0.38,0.32,0,13,0.38,0.35,0,2,0.37,0.39,0,4,0.37,0.49,0,13,0.37,0.63,0,2,0.39,0.74,0,4,0.38,0.88,0,0,0.38,1.03,0,20,0.37,1.2,0,10,0.38,1.37,0,0,0.37,1.56,0,0,0.38,1.75,0,0,0.37,1.95,0,0,0.37,2.17,0,0,0.38,2.38,0,0,0.37,2.61,0,0,0.38,2.83,0,0,0.37,3.07,0,0,0.38,3.3,0,0,0.37,1.46,0.0,0.0,0.38,0.29,0.0,0.0,0.38,0.13,0.0,1.0,0.38,3.54,0.0,0.0,0.37,1.52,0.0,0.0,0.37,0.26,0.0,2.0,0.38,1.59,0.0,0.0,0.37,0.23,0.0,1.0,0.38,1.66,0.0,0.0,0.37,0.21,14.0,27.0,0.38,,,,,,,,,,,,,,,,,,,,,,,,
2023-08-17 16:00:00,5.8,1.41,0,0,0.38,1.35,0,0,0.38,1.28,0,1,0.37,1.14,0,0,0.38,1.01,0,0,0.37,0.87,0,0,0.37,0.79,0,1,0.38,0.69,0,0,0.38,0.6,0,0,0.37,0.53,0,2,0.38,0.46,0,0,0.38,0.4,0,0,0.37,0.35,0,0,0.38,0.3,0,0,0.37,0.26,0,4,0.37,0.23,0,0,0.38,0.2,0,5,0.38,0.17,0,5,0.38,0.15,0,1,0.38,0.31,0,13,0.38,0.34,0,2,0.37,0.38,0,4,0.38,0.48,0,13,0.38,0.59,0,2,0.37,0.74,0,4,0.39,0.86,0,0,0.38,1.01,0,20,0.37,1.17,0,10,0.37,1.35,0,0,0.38,1.53,0,0,0.37,1.73,0,0,0.38,1.93,0,0,0.38,2.14,0,0,0.38,2.35,0,0,0.37,2.58,0,0,0.38,2.81,0,0,0.38,3.04,0,0,0.38,3.28,0,0,0.38,1.47,0.0,0.0,0.37,0.28,0.0,0.0,0.38,0.13,0.0,1.0,0.38,3.52,0.0,0.0,0.38,1.54,0.0,0.0,0.38,0.25,0.0,2.0,0.38,1.61,0.0,0.0,0.38,0.22,0.0,1.0,0.38,1.68,0.0,0.0,0.37,0.19,10.0,39.0,0.37,,,,,,,,,,,,,,,,,,,,,,,,
2023-08-21 16:00:00,5.62,1.27,0,0,0.38,1.21,0,0,0.38,1.16,0,1,0.38,1.02,0,0,0.38,0.9,0,0,0.38,0.79,0,0,0.38,0.69,0,1,0.38,0.6,0,0,0.38,0.53,0,0,0.38,0.46,0,2,0.38,0.4,0,0,0.38,0.34,0,0,0.38,0.3,0,0,0.38,0.26,0,0,0.38,0.22,0,5,0.38,0.19,0,0,0.38,0.16,0,5,0.38,0.14,0,5,0.38,0.12,0,1,0.38,0.35,0,13,0.38,0.39,0,2,0.38,0.43,0,4,0.38,0.54,0,13,0.38,0.67,0,2,0.38,0.81,0,4,0.38,0.95,0,0,0.38,1.11,0,20,0.38,1.29,0,10,0.38,1.47,0,0,0.38,1.66,0,0,0.38,1.86,0,0,0.38,2.07,0,0,0.38,2.29,0,0,0.38,2.51,0,0,0.38,2.74,0,0,0.38,2.97,0,0,0.38,3.21,0,0,0.38,3.45,0,0,0.38,1.33,0.0,0.0,0.38,0.32,0.0,0.0,0.38,0.11,0.0,1.0,0.39,3.7,0.0,0.0,0.39,1.4,0.0,0.0,0.38,0.29,0.0,2.0,0.38,1.46,0.0,0.0,0.38,0.25,0.0,1.0,0.38,1.53,0.0,0.0,0.38,0.23,0.0,40.0,0.38,,,,,,,,,,,,,,,,,,,,,,,,
2023-08-22 16:00:00,5.65,1.28,0,0,0.37,1.22,0,0,0.37,1.16,0,1,0.37,1.03,0,0,0.38,0.9,0,0,0.37,0.79,0,0,0.37,0.69,0,1,0.37,0.6,0,0,0.37,0.52,0,0,0.37,0.45,0,2,0.37,0.39,0,0,0.37,0.34,0,0,0.37,0.29,0,0,0.37,0.25,0,0,0.37,0.22,0,5,0.38,0.19,0,0,0.38,0.16,0,5,0.37,0.14,0,5,0.37,0.12,0,1,0.38,0.33,0,13,0.37,0.37,0,2,0.37,0.41,0,4,0.37,0.52,0,13,0.37,0.64,0,2,0.37,0.78,0,4,0.38,0.92,0,0,0.37,1.08,0,20,0.37,1.25,0,10,0.37,1.43,0,0,0.37,1.63,0,0,0.38,1.83,0,0,0.38,2.04,0,0,0.38,2.25,0,0,0.37,2.48,0,0,0.38,2.7,0,0,0.37,2.94,0,0,0.37,3.18,0,0,0.38,3.42,0,0,0.37,1.35,0.0,0.0,0.38,0.3,0.0,0.0,0.37,0.1,0.0,1.0,0.37,3.66,0.0,0.0,0.35,1.41,0.0,0.0,0.37,0.27,0.0,2.0,0.37,1.48,0.0,0.0,0.38,0.24,0.0,1.0,0.38,1.55,0.0,0.0,0.38,0.21,0.0,40.0,0.37,1.62,0.0,0.0,0.38,0.19,0.0,0.0,0.38,,,,,,,,,,,,,,,,
2023-08-23 16:00:00,5.63,1.21,0,0,0.37,1.16,0,0,0.37,1.1,0,1,0.37,0.97,0,0,0.37,0.84,0,0,0.37,0.71,0,0,0.36,0.64,1,2,0.37,0.55,0,0,0.37,0.48,0,0,0.37,0.41,0,2,0.37,0.35,0,0,0.37,0.3,0,0,0.37,0.26,0,0,0.37,0.22,0,0,0.37,0.19,0,5,0.37,0.16,0,0,0.37,0.14,0,5,0.37,0.12,0,5,0.37,0.1,0,1,0.37,0.35,0,13,0.37,0.39,0,2,0.37,0.43,0,4,0.37,0.54,0,13,0.37,0.66,0,2,0.37,0.83,0,4,0.38,0.95,0,0,0.37,1.12,0,20,0.37,1.29,0,10,0.37,1.48,0,0,0.37,1.68,0,0,0.37,1.88,0,0,0.37,2.09,0,0,0.37,2.31,0,0,0.37,2.54,0,0,0.37,2.77,0,0,0.36,3.01,0,0,0.37,3.25,0,0,0.36,3.5,0,0,0.38,1.28,0.0,0.0,0.37,0.31,0.0,0.0,0.37,0.09,0.0,1.0,0.37,3.74,0.0,0.0,,1.34,0.0,0.0,0.37,0.28,0.0,2.0,0.37,1.41,0.0,0.0,0.37,0.25,0.0,1.0,0.37,1.47,0.0,0.0,0.37,0.22,0.0,40.0,0.37,1.55,0.0,0.0,0.37,0.19,0.0,0.0,0.37,,,,,,,,,,,,,,,,
2023-08-24 16:00:00,5.8,1.34,0,0,0.37,1.28,0,0,0.37,1.22,0,1,0.37,1.07,0,0,0.37,0.95,0,0,0.37,0.8,0,0,0.35,0.72,0,2,0.37,0.63,0,0,0.37,0.55,0,0,0.37,0.48,0,2,0.37,0.41,0,0,0.37,0.36,0,0,0.37,0.31,0,0,0.37,0.26,0,0,0.37,0.23,0,5,0.37,0.2,0,0,0.37,0.17,0,5,0.37,0.14,0,5,0.36,0.12,0,1,0.37,0.3,0,13,0.37,0.34,10,12,0.37,0.37,0,4,0.36,0.48,0,13,0.37,0.59,0,2,0.37,0.74,0,4,0.38,0.86,0,0,0.37,1.02,0,20,0.37,1.19,0,10,0.37,1.37,0,0,0.37,1.55,0,0,0.37,1.75,0,0,0.37,1.96,0,0,0.37,2.17,0,0,0.37,2.39,0,0,0.37,2.62,0,0,0.37,2.85,0,0,0.36,3.09,0,0,0.36,3.33,0,0,0.36,1.41,0.0,0.0,0.37,0.27,0.0,0.0,0.37,0.1,0.0,1.0,0.36,3.58,0.0,0.0,0.38,1.47,0.0,0.0,0.37,0.24,0.0,2.0,0.37,1.54,0.0,0.0,0.37,0.21,0.0,1.0,0.36,1.61,0.0,0.0,0.37,0.19,0.0,40.0,0.37,1.68,0.0,0.0,0.36,0.16,0.0,0.0,0.37,,,,,,,,,,,,,,,,
2023-08-25 16:00:00,5.8,1.34,0,0,0.37,1.27,0,0,0.36,1.21,0,1,0.36,1.07,0,0,0.37,0.94,0,0,0.37,0.8,0,0,0.35,0.72,0,2,0.37,0.63,0,0,0.37,0.54,0,0,0.37,0.47,0,2,0.37,0.41,0,0,0.37,0.34,0,0,0.36,0.3,0,0,0.37,0.26,0,0,0.37,0.22,0,5,0.36,0.19,0,0,0.36,0.16,0,5,0.36,0.14,0,5,0.37,0.12,0,1,0.37,0.3,0,13,0.37,0.33,0,12,0.36,0.37,0,4,0.37,0.47,0,13,0.37,0.59,0,2,0.37,0.74,0,4,0.38,0.86,0,0,0.37,1.02,0,20,0.37,1.18,0,10,0.37,1.36,0,0,0.37,1.55,0,0,0.37,1.75,0,0,0.37,1.95,0,0,0.36,2.17,0,0,0.37,2.39,0,0,0.37,2.62,0,0,0.37,2.85,0,0,0.36,3.09,0,0,0.36,3.33,0,0,0.36,1.4,0.0,0.0,0.36,0.27,0.0,0.0,0.37,0.1,0.0,1.0,0.36,3.58,0.0,0.0,0.38,1.47,0.0,0.0,0.37,0.24,0.0,2.0,0.37,1.54,0.0,0.0,0.37,0.21,0.0,1.0,0.37,1.61,0.0,0.0,0.37,0.18,0.0,40.0,0.36,1.68,0.0,0.0,0.36,0.16,0.0,0.0,0.37,,,,,,,,,,,,,,,,
2023-08-28 16:00:00,5.9,1.41,0,0,0.37,1.34,0,0,0.36,1.28,0,1,0.36,1.13,0,0,0.36,1.0,0,0,0.37,0.88,0,0,0.37,0.75,0,2,0.36,0.67,0,0,0.37,0.58,0,0,0.36,0.51,0,2,0.37,0.44,0,0,0.37,0.37,0,0,0.36,0.32,0,0,0.36,0.28,0,0,0.36,0.24,0,5,0.36,0.21,0,0,0.37,0.18,2,7,0.37,0.15,0,5,0.36,0.13,0,1,0.36,0.27,0,13,0.36,0.31,0,12,0.37,0.34,0,4,0.37,0.44,0,13,0.37,0.55,0,2,0.37,0.67,0,4,0.37,0.83,0,0,0.38,0.96,0,20,0.37,1.12,0,10,0.36,1.29,0,0,0.36,1.48,0,0,0.37,1.67,0,0,0.36,1.87,0,0,0.36,2.09,0,0,0.37,2.3,0,0,0.36,2.53,0,0,0.37,2.76,0,0,0.36,3.0,0,0,0.37,3.24,0,0,0.37,1.47,0.0,0.0,0.36,0.24,0.0,0.0,0.36,0.11,0.0,1.0,0.36,3.48,0.0,0.0,0.36,1.55,0.0,0.0,0.37,0.22,0.0,2.0,0.37,1.62,0.0,0.0,0.37,0.19,0.0,1.0,0.36,1.69,0.0,0.0,0.37,0.17,0.0,40.0,0.37,1.77,0.0,0.0,0.37,0.14,0.0,0.0,0.36,,,,,,,,,,,,,,,,
2023-08-30 16:00:00,5.94,1.43,0,0,0.36,1.37,0,0,0.36,1.3,0,1,0.36,1.15,0,0,0.36,1.01,0,0,0.36,0.89,0,0,0.36,0.76,0,2,0.35,0.68,0,0,0.36,0.59,0,0,0.36,0.51,0,2,0.36,0.44,0,0,0.36,0.37,0,0,0.35,0.32,0,0,0.36,0.27,0,0,0.35,0.24,0,5,0.36,0.21,0,0,0.36,0.18,0,7,0.36,0.15,0,5,0.36,0.13,0,1,0.36,0.26,0,13,0.36,0.29,0,12,0.36,0.32,0,4,0.36,0.42,0,13,0.36,0.52,0,2,0.36,0.64,0,4,0.36,0.8,0,0,0.37,0.93,0,20,0.36,1.09,0,10,0.36,1.26,0,0,0.36,1.44,0,0,0.36,1.63,0,0,0.36,1.83,0,0,0.36,2.05,0,0,0.36,2.26,5,5,0.36,2.49,0,0,0.36,2.72,0,0,0.36,2.96,0,0,0.37,3.2,0,0,0.36,1.5,0.0,0.0,0.36,0.23,3.0,3.0,0.36,0.11,0.0,1.0,0.36,3.44,0.0,0.0,0.33,1.57,0.0,0.0,0.36,0.2,0.0,2.0,0.36,1.64,0.0,0.0,0.36,0.18,0.0,1.0,0.36,1.72,0.0,0.0,0.36,0.15,0.0,40.0,0.36,1.79,0.0,0.0,0.36,0.13,0.0,0.0,0.36,,,,,,,,,,,,,,,,
2023-08-31 16:00:00,5.9,1.39,0,0,0.35,1.33,0,0,0.36,1.26,0,1,0.35,1.11,0,0,0.35,0.98,0,0,0.36,0.85,0,0,0.35,0.72,0,2,0.34,0.65,0,0,0.36,0.56,0,0,0.36,0.48,0,2,0.35,0.4,0,0,0.35,0.35,0,0,0.35,0.29,0,0,0.35,0.26,0,0,0.35,0.22,0,5,0.35,0.19,0,0,0.36,0.16,0,7,0.36,0.14,0,5,0.36,0.12,0,1,0.36,0.26,0,13,0.36,0.29,0,12,0.36,0.33,0,4,0.36,0.42,0,13,0.36,0.53,0,2,0.36,0.65,0,4,0.36,0.81,0,0,0.37,0.94,0,20,0.36,1.1,0,10,0.36,1.27,0,0,0.35,1.46,0,0,0.36,1.65,0,0,0.35,1.86,0,0,0.36,2.07,0,0,0.35,2.29,0,5,0.35,2.52,0,0,0.36,2.75,0,0,0.35,2.99,0,0,0.35,3.24,0,0,0.37,1.46,0.0,0.0,0.36,0.23,0.0,3.0,0.36,0.1,0.0,1.0,0.36,3.48,0.0,0.0,0.34,1.53,0.0,0.0,0.36,0.2,0.0,2.0,0.35,1.6,0.0,0.0,0.35,0.18,0.0,1.0,0.36,1.67,0.0,0.0,0.35,0.15,0.0,40.0,0.35,1.75,0.0,0.0,0.35,0.13,0.0,0.0,0.35,,,,,,,,,,,,,,,,
2023-09-04 16:00:00,5.98,1.45,0,0,0.36,1.38,0,0,0.35,1.32,0,1,0.36,1.16,0,0,0.35,1.02,0,0,0.36,0.89,0,0,0.35,0.76,0,2,0.34,0.68,0,0,0.36,0.59,0,0,0.36,0.51,0,2,0.36,0.44,0,0,0.36,0.37,0,0,0.35,0.31,0,0,0.35,0.27,0,0,0.35,0.24,0,5,0.36,0.2,0,0,0.35,0.17,0,7,0.35,0.15,0,5,0.36,0.12,0,1,0.35,0.24,0,13,0.36,0.27,0,12,0.36,0.31,0,4,0.36,0.39,0,13,0.35,0.49,0,2,0.35,0.61,0,4,0.35,0.77,0,0,0.37,0.89,0,20,0.35,1.05,0,10,0.35,1.22,0,0,0.35,1.4,0,0,0.35,1.6,0,0,0.36,1.8,0,0,0.36,2.01,0,0,0.36,2.22,0,5,0.35,2.45,0,0,0.36,2.68,0,0,0.35,2.92,0,0,0.36,3.16,0,0,0.36,1.52,0.0,0.0,0.36,0.21,0.0,3.0,0.35,0.11,0.0,1.0,0.36,3.41,0.0,0.0,0.37,1.59,0.0,0.0,0.36,0.19,0.0,2.0,0.36,1.66,0.0,0.0,0.35,0.16,0.0,1.0,0.35,1.74,0.0,0.0,0.36,0.14,3.0,40.0,0.35,1.82,0.0,0.0,0.36,0.13,0.0,0.0,0.36,,,,,,,,,,,,,,,,
2023-09-06 16:00:00,5.83,1.33,0,0,0.36,1.26,0,0,0.35,1.2,0,1,0.36,1.06,0,0,0.36,0.92,0,0,0.36,0.78,0,0,0.35,0.7,0,2,0.36,0.6,0,0,0.36,0.52,0,0,0.36,0.45,0,2,0.36,0.37,0,0,0.35,0.32,0,0,0.35,0.27,0,0,0.35,0.24,0,0,0.36,0.2,0,5,0.36,0.17,0,0,0.36,0.15,0,7,0.36,0.12,0,5,0.35,0.1,0,1,0.35,0.27,0,13,0.36,0.31,0,12,0.36,0.35,0,4,0.36,0.44,0,13,0.36,0.55,0,2,0.36,0.7,0,4,0.37,0.82,0,0,0.36,0.97,0,20,0.36,1.14,0,10,0.36,1.32,0,0,0.36,1.51,0,0,0.36,1.71,0,0,0.36,1.91,0,0,0.36,2.13,0,0,0.36,2.35,0,5,0.35,2.58,0,0,0.35,2.82,0,0,0.36,3.06,0,0,0.35,3.31,0,0,0.37,1.39,0.0,0.0,0.35,0.24,0.0,3.0,0.36,0.09,0.0,1.0,0.36,3.56,0.0,0.0,0.39,1.46,0.0,0.0,0.35,0.21,0.0,2.0,0.36,1.54,0.0,0.0,0.36,0.19,0.0,1.0,0.36,1.61,0.0,0.0,0.36,0.16,0.0,40.0,0.36,1.68,0.0,0.0,0.35,0.15,0.0,0.0,0.37,,,,,,,,,,,,,,,,
2023-09-07 16:00:00,5.67,1.3,0,0,0.36,1.23,0,0,0.36,1.17,0,1,0.36,1.02,0,0,0.36,0.89,0,0,0.36,0.77,0,0,0.36,0.67,0,2,0.36,0.58,0,0,0.36,0.5,0,0,0.36,0.43,0,2,0.36,0.35,0,0,0.35,0.3,0,0,0.35,0.26,0,0,0.35,0.22,0,0,0.36,0.19,0,5,0.36,0.16,0,0,0.36,0.14,0,7,0.36,0.12,0,5,0.36,0.1,0,1,0.36,0.28,0,13,0.36,0.32,0,12,0.36,0.36,8,12,0.36,0.45,0,13,0.36,0.56,0,2,0.36,0.7,0,4,0.36,0.83,0,0,0.36,0.99,0,20,0.36,1.16,0,10,0.36,1.33,0,0,0.36,1.52,0,0,0.36,1.72,0,0,0.36,1.93,0,0,0.36,2.15,0,0,0.36,2.37,0,5,0.36,2.6,0,0,0.36,2.84,0,0,0.36,3.08,0,0,,3.33,0,0,,1.36,0.0,0.0,0.36,0.25,0.0,3.0,0.36,0.09,0.0,1.0,0.37,3.58,0.0,0.0,,1.43,0.0,0.0,0.36,0.22,0.0,2.0,0.36,1.5,0.0,0.0,0.36,0.19,0.0,1.0,0.35,1.57,0.0,0.0,0.35,0.17,0.0,40.0,0.36,1.65,0.0,0.0,0.36,0.15,0.0,0.0,0.36,,,,,,,,,,,,,,,,
2023-09-12 16:00:00,5.75,1.35,0,0,0.36,1.28,0,0,0.35,1.21,0,1,0.35,1.07,0,0,0.36,0.93,0,0,0.35,0.79,0,0,0.35,0.7,0,2,0.35,0.6,0,0,0.35,0.51,0,0,0.35,0.44,0,2,0.35,0.37,0,0,0.35,0.31,0,0,0.35,0.27,0,0,0.35,0.22,0,0,0.35,0.2,0,5,0.36,0.17,0,0,0.36,0.14,0,7,0.35,0.12,0,5,0.36,0.1,0,1,0.36,0.25,0,13,0.35,0.29,0,12,0.36,0.33,5,17,0.36,0.41,0,13,0.35,0.52,0,2,0.35,0.66,0,4,0.36,0.78,0,0,0.35,0.93,0,20,0.35,1.09,0,10,0.35,1.27,0,0,0.35,1.46,0,0,0.35,1.65,0,0,0.35,1.86,0,0,0.35,2.07,0,0,0.35,2.3,0,5,0.36,2.52,0,0,0.35,2.76,0,0,0.35,3.0,0,0,,3.25,0,0,,1.41,0.0,0.0,0.35,0.22,0.0,3.0,0.35,0.09,0.0,1.0,0.36,3.5,0.0,0.0,,1.49,0.0,0.0,0.36,0.2,0.0,2.0,0.36,1.56,0.0,0.0,0.36,0.17,0.0,1.0,0.35,1.63,0.0,0.0,0.35,0.15,0.0,40.0,0.35,1.71,0.0,0.0,0.35,0.13,0.0,0.0,0.35,,,,,,,,,,,,,,,,
2023-09-13 16:00:00,5.73,1.32,0,0,0.35,1.25,0,0,0.35,1.19,0,1,0.35,1.04,0,0,0.35,0.9,0,0,0.35,0.76,0,0,0.34,0.67,0,2,0.35,0.58,0,0,0.35,0.49,0,0,0.35,0.41,0,2,0.34,0.35,0,0,0.34,0.29,0,0,0.34,0.25,0,0,0.34,0.21,0,0,0.34,0.18,0,5,0.35,0.15,0,0,0.35,0.13,0,7,0.35,0.11,0,5,0.35,0.09,0,1,0.35,0.25,0,13,0.35,0.29,0,12,0.35,0.32,0,17,0.35,0.41,0,13,0.35,0.52,0,2,0.35,0.66,0,4,0.36,0.78,0,0,0.35,0.93,0,20,0.35,1.1,0,10,0.35,1.27,0,0,0.35,1.46,0,0,0.35,1.66,0,0,0.35,1.87,0,0,0.35,2.08,0,0,0.35,2.31,0,5,0.35,2.54,0,0,0.35,2.78,0,0,0.35,3.02,0,0,,3.27,0,0,,1.39,0.0,0.0,0.35,0.22,0.0,3.0,0.35,0.08,0.0,1.0,0.35,3.52,0.0,0.0,,1.46,0.0,0.0,0.35,0.19,0.0,2.0,0.35,1.53,0.0,0.0,0.35,0.17,0.0,1.0,0.35,1.61,0.0,0.0,0.35,0.14,0.0,40.0,0.34,1.69,0.0,0.0,0.35,0.13,0.0,0.0,0.35,,,,,,,,,,,,,,,,
2023-09-15 16:00:00,5.89,1.44,0,0,0.34,1.37,0,0,0.34,1.3,0,1,0.34,1.14,0,0,0.34,1.0,0,0,0.34,0.87,0,0,0.34,0.74,0,2,0.34,0.65,0,0,0.35,0.56,0,0,0.35,0.48,0,2,0.35,0.39,0,0,0.34,0.34,0,0,0.34,0.28,0,0,0.34,0.24,0,0,0.34,0.2,0,5,0.34,0.18,0,0,0.35,0.15,0,7,0.35,0.12,0,5,0.34,0.1,0,1,0.34,0.21,0,13,0.34,0.24,0,12,0.35,0.28,0,17,0.35,0.36,5,18,0.35,0.45,0,2,0.34,0.57,0,4,0.34,0.71,0,0,0.35,0.84,0,18,0.34,1.0,0,10,0.35,1.16,0,0,0.34,1.34,0,0,0.34,1.54,0,0,0.35,1.73,0,0,0.34,1.95,0,0,0.35,2.16,0,5,0.34,2.39,0,0,0.34,2.62,0,0,0.34,2.86,0,0,,3.11,0,0,,1.51,0.0,0.0,0.34,0.18,0.0,3.0,0.34,0.09,0.0,1.0,0.35,3.36,0.0,0.0,,1.59,0.0,0.0,0.35,0.16,0.0,2.0,0.34,1.66,0.0,0.0,0.34,0.14,0.0,1.0,0.34,1.74,0.0,0.0,0.34,0.12,0.0,40.0,0.34,1.82,0.0,0.0,0.34,0.11,0.0,0.0,0.35,,,,,,,,,,,,,,,,
2023-09-18 16:00:00,5.92,1.47,0,0,0.35,1.4,0,0,0.35,1.33,0,1,0.35,1.17,0,0,0.35,1.02,0,0,0.35,0.89,0,0,0.35,0.76,0,2,0.34,0.66,0,0,0.34,0.57,0,0,0.35,0.49,0,2,0.35,0.41,0,0,0.34,0.35,0,0,0.34,0.29,0,0,0.34,0.25,0,0,0.34,0.21,0,5,0.34,0.18,0,0,0.34,0.15,0,7,0.34,0.13,0,5,0.35,0.11,0,1,0.35,0.21,0,13,0.35,0.24,0,12,0.35,0.27,0,17,0.35,0.36,0,18,0.35,0.45,0,2,0.35,0.56,0,4,0.35,0.7,0,0,0.35,0.83,0,18,0.35,0.98,0,10,0.35,1.15,0,0,0.35,1.33,0,0,0.35,1.52,0,0,0.35,1.72,0,0,0.35,1.93,0,0,0.35,2.14,0,5,0.35,2.37,0,0,0.35,2.6,0,0,0.35,2.84,0,0,0.35,3.08,0,0,,1.54,0.0,0.0,0.35,0.18,0.0,3.0,0.35,0.1,0.0,1.0,0.36,3.33,0.0,0.0,,1.61,0.0,0.0,0.34,0.16,0.0,2.0,0.35,1.69,0.0,0.0,0.35,0.14,0.0,1.0,0.35,1.77,0.0,0.0,0.35,0.12,0.0,40.0,0.35,1.85,0.0,0.0,0.35,0.1,0.0,0.0,0.35,,,,,,,,,,,,,,,,
2023-09-20 16:00:00,5.83,1.39,0,0,0.35,1.33,0,0,0.35,1.26,0,1,0.35,1.11,0,0,0.35,0.96,0,0,0.35,0.82,0,0,0.34,0.72,0,2,0.35,0.62,0,0,0.35,0.53,0,0,0.35,0.46,0,2,0.35,0.37,0,0,0.34,0.32,0,0,0.34,0.27,0,0,0.34,0.23,0,0,0.35,0.19,0,5,0.34,0.17,0,0,0.35,0.14,0,7,0.35,0.12,0,5,0.35,0.1,0,1,0.35,0.23,0,13,0.35,0.26,0,12,0.35,0.3,0,17,0.36,0.39,0,18,0.36,0.48,0,2,0.35,0.61,0,4,0.36,0.73,0,0,0.35,0.88,0,18,0.35,1.04,0,10,0.35,1.21,0,0,0.35,1.39,0,0,0.35,1.59,0,0,0.35,1.79,0,0,0.35,2.0,0,0,0.35,2.22,0,5,0.35,2.45,0,0,0.35,2.68,0,0,0.34,2.92,0,0,,3.17,0,0,,1.47,0.0,0.0,0.35,0.2,0.0,3.0,0.35,0.09,0.0,1.0,0.36,3.42,0.0,0.0,,1.54,0.0,0.0,0.35,0.17,0.0,2.0,0.35,1.61,0.0,0.0,0.35,0.15,0.0,1.0,0.35,1.69,0.0,0.0,0.35,0.13,0.0,40.0,0.35,1.77,0.0,0.0,0.35,0.12,0.0,0.0,0.36,,,,,,,,,,,,,,,,
2023-09-21 16:00:00,5.72,1.31,0,0,0.35,1.24,0,0,0.35,1.18,0,1,0.35,1.03,0,0,0.35,0.89,0,0,0.35,0.76,0,0,0.35,0.66,0,2,0.35,0.57,0,0,0.35,0.49,0,0,0.35,0.4,0,2,0.34,0.34,0,0,0.35,0.29,0,0,0.35,0.25,0,0,0.35,0.2,0,0,0.35,0.18,0,5,0.35,0.15,0,0,0.35,0.13,0,7,0.36,0.1,0,5,0.35,0.09,0,1,0.35,0.26,0,13,0.36,0.29,0,12,0.36,0.33,0,17,0.36,0.41,0,18,0.35,0.52,0,2,0.35,0.65,0,4,0.35,0.79,0,0,0.35,0.94,0,18,0.35,1.1,0,10,0.35,1.28,0,0,0.35,1.47,0,0,0.35,1.67,0,0,0.35,1.88,0,0,0.35,2.09,0,0,0.35,2.32,0,5,0.35,2.55,0,0,0.35,2.79,0,0,0.36,3.03,0,0,,3.28,0,0,,1.38,0.0,0.0,0.36,0.23,0.0,3.0,0.36,0.07,0.0,1.0,0.35,3.53,0.0,0.0,,1.45,0.0,0.0,0.35,0.2,0.0,2.0,0.36,1.52,0.0,0.0,0.35,0.17,0.0,1.0,0.35,1.6,0.0,0.0,0.36,0.15,0.0,40.0,0.36,1.67,0.0,0.0,0.35,0.13,0.0,0.0,0.36,,,,,,,,,,,,,,,,
2023-09-22 16:00:00,5.78,1.34,0,0,0.34,1.27,0,0,0.34,1.2,0,1,0.34,1.05,0,0,0.34,0.91,0,0,0.34,0.8,0,0,0.35,0.67,30,32,0.34,0.57,0,0,0.34,0.48,0,0,0.34,0.41,0,2,0.34,0.34,0,0,0.33,0.29,0,0,0.34,0.24,0,0,0.34,0.21,0,0,0.34,0.17,0,5,0.34,0.14,0,0,0.34,0.12,0,7,0.34,0.1,0,5,0.34,0.08,0,1,0.34,0.22,0,13,0.34,0.26,0,12,0.35,0.29,0,17,0.35,0.37,0,18,0.34,0.48,0,2,0.34,0.61,0,4,0.35,0.73,0,0,0.34,0.88,0,18,0.34,1.04,0,10,0.34,1.22,0,0,0.34,1.41,0,0,0.34,1.6,0,0,0.34,1.81,0,0,0.34,2.03,0,0,0.34,2.25,0,5,0.34,2.48,0,0,0.33,2.72,0,0,,2.97,0,0,,3.22,0,0,,1.41,0.0,0.0,0.34,0.2,0.0,3.0,0.35,0.07,0.0,1.0,0.34,3.47,0.0,0.0,,1.48,0.0,0.0,0.34,0.17,0.0,2.0,0.34,1.56,0.0,0.0,0.34,0.14,0.0,1.0,0.34,1.63,0.0,0.0,0.34,0.12,0.0,40.0,0.33,1.71,0.0,0.0,0.34,0.11,0.0,0.0,0.34,,,,,,,,,,,,,,,,
2023-09-26 16:00:00,5.59,1.2,0,0,0.35,1.13,0,0,0.35,1.07,0,1,0.35,0.93,0,0,0.35,0.8,0,0,0.35,0.69,0,0,0.35,0.59,0,32,0.35,0.5,0,0,0.35,0.41,0,0,0.34,0.35,0,2,0.35,0.29,0,0,0.35,0.25,0,0,0.35,0.21,0,0,0.35,0.17,0,0,0.35,0.15,0,5,0.35,0.12,0,0,0.35,0.1,0,7,0.35,0.08,0,5,0.35,0.07,0,1,0.35,0.28,0,13,0.35,0.32,0,12,0.36,0.36,0,17,0.36,0.45,0,18,0.35,0.57,0,2,0.35,0.7,0,4,0.35,0.85,0,0,0.35,1.0,0,18,0.35,1.18,0,10,0.35,1.36,0,0,0.35,1.56,0,0,0.35,1.76,0,0,0.35,1.98,0,0,0.35,2.2,0,0,0.35,2.43,0,5,0.35,2.67,0,0,0.36,2.91,0,0,,3.16,0,0,,3.41,0,0,,1.27,0.0,0.0,0.36,0.25,0.0,3.0,0.36,0.06,0.0,1.0,0.35,3.66,0.0,0.0,,1.33,0.0,0.0,0.35,0.22,0.0,2.0,0.36,1.41,0.0,0.0,0.36,0.19,0.0,1.0,0.35,1.48,0.0,0.0,0.35,0.16,0.0,40.0,0.35,1.55,0.0,0.0,0.35,0.15,0.0,0.0,0.36,,,,,,,,,,,,,,,,
2023-09-27 16:00:00,5.75,1.32,0,0,0.35,1.25,0,0,0.35,1.19,0,1,0.35,1.04,0,0,0.35,0.9,0,0,0.35,0.75,0,0,0.34,0.67,0,32,0.35,0.57,0,0,0.35,0.49,2,2,0.35,0.4,0,2,0.34,0.34,0,0,0.34,0.29,0,0,0.35,0.24,0,0,0.34,0.2,0,0,0.35,0.18,0,5,0.35,0.15,0,0,0.35,0.12,0,7,0.35,0.1,0,5,0.35,0.09,0,1,0.36,0.25,0,13,0.36,0.28,0,12,0.36,0.31,0,17,0.36,0.4,2,16,0.35,0.5,0,2,0.35,0.64,0,4,0.36,0.76,0,0,0.35,0.92,0,18,0.35,1.08,0,10,0.35,1.26,0,0,0.35,1.44,0,0,0.35,1.64,0,0,0.35,1.85,0,0,0.35,2.06,0,0,0.35,2.29,0,5,0.35,2.54,0,0,0.38,2.79,0,0,0.4,3.04,0,0,0.42,3.29,0,0,0.44,1.39,0.0,0.0,0.35,0.22,3.0,6.0,0.36,0.07,0.0,1.0,0.35,3.54,0.0,0.0,0.46,1.46,0.0,0.0,0.35,0.19,0.0,2.0,0.36,1.54,0.0,0.0,0.35,0.16,0.0,1.0,0.35,1.61,0.0,0.0,0.35,0.14,0.0,40.0,0.35,1.69,0.0,0.0,0.35,0.12,0.0,0.0,0.35,,,,,,,,,,,,,,,,
2023-09-28 16:00:00,5.69,1.27,0,0,0.35,1.21,0,0,0.35,1.14,0,1,0.35,0.99,0,0,0.35,0.86,0,0,0.35,0.73,0,0,0.35,0.63,0,32,0.35,0.54,0,0,0.35,0.46,0,2,0.35,0.38,0,2,0.35,0.32,0,0,0.35,0.27,0,0,0.35,0.23,0,0,0.35,0.19,0,0,0.35,0.16,0,5,0.35,0.13,0,0,0.35,0.11,0,7,0.35,0.09,0,5,0.35,0.08,0,1,0.35,0.26,0,13,0.36,0.29,0,12,0.36,0.32,0,17,0.35,0.41,0,16,0.35,0.52,0,2,0.35,0.66,0,4,0.36,0.79,0,0,0.35,0.95,0,18,0.35,1.11,0,10,0.35,1.29,0,0,0.35,1.48,0,0,0.35,1.68,0,0,0.35,1.89,0,0,0.35,2.11,0,0,0.35,2.34,0,5,0.35,2.57,0,0,0.34,2.81,0,0,,3.06,0,0,,3.31,0,0,,1.34,0.0,0.0,0.35,0.22,0.0,6.0,0.35,0.07,0.0,1.0,0.36,3.56,0.0,0.0,,1.41,0.0,0.0,0.35,0.2,0.0,2.0,0.36,1.48,0.0,0.0,0.35,0.17,0.0,1.0,0.35,1.56,0.0,0.0,0.35,0.14,0.0,40.0,0.35,1.64,0.0,0.0,0.35,0.13,0.0,0.0,0.36,,,,,,,,,,,,,,,,
2023-10-03 16:00:00,5.39,1.07,0,0,0.37,1.01,0,0,0.37,0.96,0,1,0.38,0.83,0,0,0.38,0.71,0,0,0.37,0.61,0,0,0.37,0.52,0,32,0.37,0.44,2,2,0.37,0.36,0,2,0.37,0.31,0,2,0.37,0.27,0,0,0.38,0.23,0,0,0.38,0.19,0,0,0.37,0.16,0,0,0.37,0.13,0,5,0.37,0.11,0,0,0.37,0.09,0,7,0.37,0.08,0,5,0.38,0.06,0,1,0.37,0.37,0,13,0.38,0.4,0,12,0.38,0.44,4,21,0.38,0.55,0,16,0.37,0.69,0,2,0.38,0.83,0,4,0.38,0.99,0,0,0.38,1.16,0,18,0.38,1.34,0,10,0.38,1.53,0,0,0.37,1.73,0,0,0.37,1.95,0,0,0.38,2.17,0,0,0.38,2.39,0,0,0.37,2.63,0,5,0.38,2.87,0,0,0.38,3.11,0,0,,3.36,0,0,,3.61,0,0,,1.13,0.0,0.0,0.37,0.33,0.0,6.0,0.38,0.05,0.0,1.0,0.37,3.86,0.0,0.0,,1.2,0.0,0.0,0.38,0.28,4.0,6.0,0.37,1.26,0.0,0.0,0.37,0.25,0.0,1.0,0.37,1.33,0.0,0.0,0.38,0.22,1.0,40.0,0.37,1.4,0.0,0.0,0.37,0.2,5.0,5.0,0.38,,,,,,,,,,,,,,,,
2023-10-04 16:00:00,5.29,1.0,0,0,0.38,0.94,0,0,0.38,0.89,0,1,0.38,0.75,0,0,0.37,0.66,0,0,0.38,0.56,0,0,0.38,0.48,30,62,0.38,0.41,0,2,0.38,0.33,0,2,0.37,0.28,0,2,0.37,0.24,0,0,0.37,0.2,0,0,0.38,0.17,0,0,0.38,0.14,0,0,0.38,0.12,0,5,0.38,0.1,0,0,0.38,0.08,0,7,0.37,0.07,0,5,0.38,0.06,0,1,0.38,0.39,0,13,0.38,0.43,0,12,0.38,0.48,0,21,0.38,0.61,0,16,0.39,0.73,0,2,0.37,0.89,0,4,0.38,1.05,0,0,0.38,1.23,0,18,0.38,1.41,0,10,0.38,1.61,0,0,0.38,1.82,0,0,0.38,2.03,0,0,0.38,2.26,0,0,0.38,2.48,0,0,0.37,2.72,0,5,0.37,2.96,0,0,,3.21,0,0,,3.46,0,0,,3.71,0,0,,1.06,0.0,0.0,0.38,0.36,0.0,6.0,0.38,0.05,0.0,1.0,0.38,3.96,0.0,0.0,,1.12,0.0,0.0,0.38,0.32,0.0,6.0,0.38,1.18,0.0,0.0,0.37,0.28,0.0,1.0,0.38,1.25,0.0,0.0,0.38,0.25,0.0,40.0,0.38,1.32,0.0,0.0,0.38,0.21,0.0,5.0,0.37,,,,,,,,,,,,,,,,
2023-10-05 16:00:00,5.3,1.0,0,0,0.37,0.95,0,0,0.38,0.89,0,1,0.37,0.75,0,0,0.37,0.66,0,0,0.38,0.56,0,0,0.37,0.47,0,62,0.37,0.4,8,10,0.37,0.33,0,2,0.37,0.28,0,2,0.37,0.24,6,6,0.37,0.2,0,0,0.37,0.17,0,0,0.38,0.14,0,0,0.38,0.12,1,6,0.38,0.1,0,0,0.38,0.08,0,7,0.37,0.07,0,5,0.38,0.06,0,1,0.38,0.38,0,13,0.37,0.42,0,12,0.37,0.47,0,21,0.38,0.6,0,16,0.38,0.72,0,2,0.37,0.88,0,4,0.38,1.04,0,0,0.38,1.21,0,18,0.37,1.4,0,10,0.37,1.6,0,0,0.38,1.81,0,0,0.38,2.02,0,0,0.38,2.24,0,0,0.37,2.47,0,0,0.37,2.71,0,5,0.37,2.95,0,0,,3.2,0,0,,3.45,0,0,,3.7,0,0,,1.06,0.0,0.0,0.37,0.35,0.0,6.0,0.38,0.05,0.0,1.0,0.38,3.95,0.0,0.0,,1.12,0.0,0.0,0.37,0.3,0.0,6.0,0.37,1.19,0.0,0.0,0.38,0.27,0.0,1.0,0.37,1.25,0.0,0.0,0.37,0.24,0.0,40.0,0.38,1.32,0.0,0.0,0.37,0.21,0.0,5.0,0.38,1.39,0.0,0.0,0.37,0.19,0.0,0.0,0.38,,,,,,,,
2023-10-11 16:00:00,5.72,1.29,0,0,0.36,1.22,0,0,0.36,1.16,0,1,0.36,1.01,0,0,0.36,0.87,0,0,0.36,0.73,0,0,0.35,0.64,0,62,0.36,0.55,0,10,0.36,0.47,0,2,0.36,0.38,0,2,0.35,0.32,0,6,0.35,0.27,0,0,0.35,0.24,0,0,0.36,0.2,0,0,0.36,0.17,0,6,0.36,0.14,0,0,0.36,0.12,0,7,0.36,0.09,0,5,0.35,0.08,0,1,0.36,0.25,0,13,0.36,0.28,0,12,0.36,0.32,0,21,0.37,0.41,0,16,0.36,0.52,0,2,0.36,0.66,0,4,0.37,0.78,0,0,0.36,0.93,0,18,0.36,1.1,0,10,0.36,1.28,0,0,0.36,1.47,0,0,0.36,1.67,0,0,0.36,1.88,0,0,0.36,2.09,0,0,0.36,2.32,0,5,0.36,2.55,0,0,0.36,2.79,0,0,0.36,3.03,0,0,,3.28,0,0,,1.36,0.0,0.0,0.36,0.22,0.0,6.0,0.36,0.07,0.0,1.0,0.36,3.53,0.0,0.0,,1.43,0.0,0.0,0.36,0.19,0.0,6.0,0.36,1.5,0.0,0.0,0.36,0.16,0.0,1.0,0.35,1.58,0.0,0.0,0.36,0.14,0.0,40.0,0.36,1.66,0.0,0.0,0.36,0.12,0.0,5.0,0.36,1.73,0.0,0.0,0.35,0.11,0.0,0.0,0.37,,,,,,,,
2023-10-12 16:00:00,5.88,1.41,0,0,0.35,1.33,0,0,0.35,1.27,0,1,0.35,1.11,0,0,0.35,0.96,0,0,0.35,0.83,0,0,0.35,0.71,0,62,0.35,0.61,0,10,0.35,0.52,0,2,0.35,0.44,0,2,0.35,0.36,0,6,0.34,0.31,0,0,0.35,0.26,2,2,0.35,0.22,0,0,0.35,0.19,0,6,0.35,0.16,0,0,0.35,0.13,0,7,0.35,0.11,0,5,0.35,0.09,0,1,0.35,0.2,0,13,0.35,0.23,0,12,0.35,0.27,0,21,0.36,0.36,0,16,0.36,0.44,0,2,0.35,0.56,0,4,0.35,0.7,0,0,0.35,0.83,0,18,0.35,0.99,0,10,0.35,1.16,0,0,0.35,1.34,0,0,0.35,1.54,0,0,0.35,1.74,0,0,0.35,1.95,0,0,0.35,2.17,0,5,0.35,2.4,0,0,0.35,2.63,0,0,0.34,2.87,0,0,,3.12,0,0,,1.48,0.0,0.0,0.35,0.18,15.0,21.0,0.35,0.08,0.0,1.0,0.36,3.37,0.0,0.0,,1.55,0.0,0.0,0.35,0.15,0.0,6.0,0.35,1.63,0.0,0.0,0.35,0.13,0.0,1.0,0.35,1.71,0.0,0.0,0.35,0.11,0.0,40.0,0.35,1.79,0.0,0.0,0.35,0.1,0.0,5.0,0.36,1.87,0.0,0.0,0.35,0.09,0.0,0.0,0.36,,,,,,,,
2023-10-16 16:00:00,5.68,1.24,0,0,0.35,1.18,0,0,0.36,1.11,0,1,0.35,0.96,0,0,0.35,0.83,0,0,0.35,0.71,0,0,0.35,0.6,0,62,0.35,0.51,0,10,0.35,0.43,0,2,0.35,0.35,0,2,0.35,0.3,0,6,0.35,0.25,0,0,0.35,0.21,0,2,0.35,0.18,0,0,0.36,0.15,0,6,0.36,0.12,0,0,0.35,0.1,0,7,0.35,0.08,0,5,0.35,0.07,0,1,0.36,0.24,0,13,0.35,0.28,0,12,0.36,0.32,0,21,0.36,0.4,0,16,0.35,0.52,0,2,0.35,0.65,0,4,0.36,0.78,0,5,0.35,0.94,0,18,0.35,1.11,0,10,0.35,1.29,0,0,0.35,1.48,0,0,0.35,1.69,0,0,0.36,1.9,0,0,0.35,2.12,0,0,0.35,2.35,0,5,0.36,2.58,0,0,0.35,2.82,0,0,,3.07,0,0,,3.32,0,0,,1.31,0.0,0.0,0.35,0.21,0.0,21.0,0.35,0.06,0.0,1.0,0.36,3.57,0.0,0.0,,1.38,0.0,0.0,0.35,0.19,0.0,6.0,0.36,1.46,0.0,0.0,0.36,0.16,0.0,1.0,0.35,1.53,0.0,0.0,0.35,0.14,0.0,40.0,0.35,1.61,0.0,0.0,0.35,0.12,0.0,5.0,0.35,1.69,0.0,0.0,0.35,0.11,0.0,0.0,0.36,,,,,,,,
2023-10-18 16:00:00,5.63,1.2,0,0,0.35,1.13,0,0,0.35,1.07,0,1,0.35,0.92,0,0,0.35,0.79,0,0,0.35,0.67,0,0,0.35,0.57,0,62,0.35,0.48,0,10,0.35,0.41,0,2,0.35,0.33,0,2,0.35,0.28,0,6,0.35,0.23,0,0,0.35,0.2,0,2,0.36,0.16,0,0,0.35,0.13,0,6,0.35,0.11,0,0,0.35,0.09,0,7,0.35,0.07,2,7,0.35,0.06,0,1,0.35,0.26,0,13,0.36,0.29,0,12,0.36,0.33,0,21,0.36,0.42,0,16,0.35,0.53,0,2,0.35,0.67,0,4,0.36,0.81,0,5,0.35,0.96,0,18,0.35,1.14,0,10,0.35,1.32,0,0,0.35,1.52,0,0,0.35,1.72,0,0,0.35,1.94,0,0,0.36,2.16,0,0,0.35,2.39,0,5,0.35,2.63,0,0,0.36,2.87,0,0,,3.12,0,0,,3.37,0,0,,1.27,0.0,0.0,0.36,0.22,0.0,21.0,0.35,0.05,0.0,1.0,0.35,3.62,0.0,0.0,,1.34,0.0,0.0,0.35,0.19,0.0,6.0,0.35,1.41,0.0,0.0,0.35,0.17,0.0,1.0,0.35,1.48,0.0,0.0,0.35,0.14,0.0,40.0,0.35,1.56,0.0,0.0,0.35,0.12,0.0,5.0,0.35,1.64,0.0,0.0,0.35,0.11,0.0,0.0,0.36,,,,,,,,
2023-10-20 16:00:00,5.58,1.16,0,0,0.35,1.1,0,0,0.36,1.04,0,1,0.36,0.89,0,0,0.36,0.76,0,0,0.35,0.65,0,0,0.36,0.55,0,62,0.35,0.46,0,10,0.35,0.38,0,2,0.35,0.32,0,2,0.35,0.26,0,6,0.35,0.22,0,0,0.35,0.19,0,2,0.36,0.16,0,0,0.36,0.13,0,6,0.36,0.11,0,0,0.36,0.09,0,7,0.36,0.07,0,7,0.35,0.06,0,1,0.36,0.27,0,13,0.36,0.31,0,12,0.36,0.35,0,21,0.36,0.44,0,16,0.36,0.57,0,3,0.36,0.69,0,4,0.36,0.84,0,5,0.36,1.0,0,18,0.36,1.18,0,10,0.36,1.36,0,0,0.36,1.56,0,0,0.36,1.77,0,0,0.36,1.98,0,0,0.36,2.21,0,0,0.36,2.44,0,5,0.36,2.68,0,0,0.36,2.92,0,0,,3.17,0,0,,3.42,0,0,,1.23,0.0,0.0,0.36,0.24,0.0,21.0,0.36,0.05,0.0,1.0,0.36,3.67,0.0,0.0,,1.3,0.0,0.0,0.36,0.21,0.0,6.0,0.36,1.37,0.0,0.0,0.36,0.18,0.0,1.0,0.36,1.44,0.0,0.0,0.35,0.15,0.0,40.0,0.35,1.52,0.0,0.0,0.36,0.13,0.0,5.0,0.35,1.6,0.0,0.0,0.36,0.12,0.0,0.0,0.36,,,,,,,,
2023-10-24 16:00:00,5.76,1.3,0,0,0.36,1.24,0,0,0.36,1.17,0,1,0.36,1.02,0,0,0.36,0.88,0,0,0.36,0.74,0,0,0.35,0.64,0,62,0.36,0.55,0,10,0.36,0.46,0,2,0.36,0.38,0,2,0.35,0.32,0,6,0.35,0.27,0,0,0.36,0.22,0,2,0.35,0.19,0,0,0.36,0.16,0,6,0.36,0.13,0,0,0.36,0.11,0,7,0.36,0.09,0,7,0.36,0.08,0,1,0.36,0.23,0,13,0.36,0.27,0,12,0.37,0.3,0,21,0.37,0.39,0,16,0.36,0.49,0,3,0.36,0.62,60,60,0.36,0.75,0,5,0.36,0.9,0,18,0.36,1.06,0,10,0.36,1.24,0,0,0.36,1.43,0,0,0.36,1.63,0,0,0.36,1.84,0,0,0.36,2.05,0,0,0.36,2.28,0,5,0.36,2.51,0,0,0.36,2.75,0,0,0.36,2.99,0,0,,3.24,0,0,,1.37,0.0,0.0,0.36,0.2,0.0,21.0,0.36,0.06,0.0,1.0,0.36,3.49,0.0,0.0,,1.45,0.0,0.0,0.36,0.17,0.0,6.0,0.36,1.52,0.0,0.0,0.36,0.15,0.0,1.0,0.36,1.6,0.0,0.0,0.36,0.13,0.0,40.0,0.36,1.68,0.0,0.0,0.36,0.11,0.0,5.0,0.36,1.76,0.0,0.0,0.36,0.1,0.0,0.0,0.37,,,,,,,,
2023-10-25 16:00:00,5.98,1.47,0,0,0.35,1.4,0,0,0.35,1.32,0,1,0.35,1.16,0,0,0.35,1.01,0,0,0.35,0.87,0,0,0.35,0.74,0,62,0.34,0.64,4,10,0.35,0.54,0,2,0.35,0.46,0,2,0.35,0.38,0,6,0.34,0.32,0,0,0.34,0.27,0,2,0.35,0.22,0,0,0.34,0.18,0,6,0.34,0.16,0,0,0.35,0.13,0,7,0.35,0.11,0,7,0.35,0.09,0,1,0.35,0.17,0,13,0.35,0.2,0,12,0.35,0.23,0,21,0.35,0.31,0,16,0.35,0.4,0,3,0.35,0.51,0,60,0.35,0.64,0,5,0.35,0.78,38,42,0.36,0.92,0,10,0.35,1.08,0,0,0.35,1.26,0,0,0.35,1.45,0,0,0.35,1.65,0,0,0.35,1.86,0,0,0.35,2.08,0,5,0.35,2.3,0,0,0.34,2.54,0,0,0.35,2.78,0,0,0.36,3.02,0,0,,1.54,4.0,4.0,0.34,0.15,0.0,21.0,0.35,0.08,0.0,1.0,0.36,3.27,0.0,0.0,,1.62,0.0,0.0,0.35,0.13,0.0,6.0,0.35,1.7,0.0,0.0,0.35,0.11,0.0,1.0,0.35,1.78,0.0,0.0,0.34,0.09,0.0,40.0,0.34,1.87,0.0,0.0,0.35,0.08,0.0,5.0,0.35,1.95,0.0,0.0,0.35,0.07,0.0,0.0,0.36,,,,,,,,
2023-10-26 16:00:00,6.01,1.49,0,0,0.34,1.42,0,0,0.35,1.35,0,1,0.35,1.18,0,0,0.35,1.03,0,0,0.35,0.89,0,0,0.35,0.78,0,62,0.36,0.65,2,10,0.35,0.56,0,2,0.35,0.47,0,2,0.35,0.39,0,6,0.34,0.33,0,0,0.35,0.28,0,2,0.35,0.24,0,0,0.35,0.2,0,6,0.35,0.17,0,0,0.35,0.13,0,7,0.34,0.11,0,7,0.35,0.09,0,1,0.35,0.17,0,13,0.35,0.2,0,12,0.36,0.22,0,21,0.35,0.3,0,16,0.35,0.4,0,3,0.36,0.49,0,60,0.35,0.61,0,5,0.35,0.75,2,42,0.35,0.9,0,10,0.35,1.07,0,0,0.35,1.24,0,0,0.35,1.43,0,0,0.35,1.63,0,0,0.35,1.84,0,0,0.35,2.05,0,5,0.35,2.28,0,0,0.35,2.51,0,0,0.35,2.75,0,0,0.35,2.99,0,0,,1.57,0.0,4.0,0.35,0.14,15.0,21.0,0.34,0.08,0.0,1.0,0.35,3.24,0.0,0.0,,1.65,0.0,0.0,0.35,0.12,0.0,6.0,0.34,1.73,0.0,0.0,0.35,0.11,0.0,1.0,0.35,1.81,0.0,0.0,0.35,0.09,0.0,40.0,0.35,1.89,0.0,0.0,0.34,0.08,0.0,5.0,0.35,1.98,0.0,0.0,0.35,0.07,0.0,0.0,0.36,,,,,,,,
2023-10-27 16:00:00,6.66,2.07,0,0,0.35,1.99,0,0,0.36,1.91,0,1,0.36,1.71,0,0,0.35,1.53,0,0,0.35,1.36,0,0,0.35,1.21,0,62,0.36,1.06,0,10,0.36,0.93,0,2,0.35,0.82,0,2,0.36,0.71,2,6,0.36,0.62,0,0,0.36,0.53,0,2,0.36,0.46,0,0,0.36,0.39,0,6,0.35,0.34,0,0,0.36,0.3,2,7,0.36,0.25,0,7,0.36,0.22,0,1,0.36,0.09,1,13,0.35,0.11,0,12,0.36,0.13,0,21,0.36,0.18,0,16,0.36,0.25,0,3,0.36,0.33,2,62,0.36,0.41,0,5,0.36,0.5,0,42,0.35,0.62,0,10,0.36,0.75,0,0,0.36,0.89,0,0,0.36,1.05,0,0,0.36,1.21,0,0,0.36,1.39,0,0,0.36,1.57,0,5,0.35,1.77,0,0,0.36,1.97,0,0,0.35,2.18,0,0,0.35,2.4,0,0,0.35,2.16,0.0,4.0,0.36,0.08,0.0,21.0,0.36,0.18,20.0,21.0,0.36,2.63,0.0,0.0,0.36,2.24,0.0,0.0,0.35,0.07,0.0,6.0,0.36,2.33,0.0,0.0,0.35,0.06,0.0,1.0,0.36,2.42,0.0,0.0,0.36,0.05,0.0,40.0,0.36,2.51,0.0,0.0,0.36,0.04,0.0,5.0,0.36,2.6,0.0,0.0,0.36,0.03,0.0,0.0,0.35,,,,,,,,
2023-10-30 16:00:00,6.7,2.11,0,0,0.36,2.03,0,0,0.36,1.94,0,1,0.35,1.75,0,0,0.36,1.56,0,0,0.36,1.39,0,0,0.36,1.23,0,62,0.36,1.09,2,10,0.36,0.96,0,2,0.36,0.83,0,2,0.36,0.73,0,6,0.36,0.63,0,0,0.36,0.55,0,2,0.36,0.47,0,0,0.36,0.4,1,6,0.36,0.35,0,0,0.36,0.3,0,7,0.36,0.25,0,7,0.35,0.21,0,1,0.35,0.1,0,13,0.37,0.11,0,12,0.36,0.13,0,21,0.37,0.18,0,16,0.37,0.24,0,3,0.36,0.32,0,62,0.37,0.39,0,5,0.36,0.49,2,42,0.36,0.61,0,10,0.36,0.74,0,0,0.36,0.87,0,0,0.36,1.03,0,0,0.36,1.19,0,0,0.36,1.36,0,0,0.36,1.55,0,5,0.36,1.74,0,0,0.36,1.94,0,0,0.36,2.15,0,0,0.36,2.37,0,0,0.36,2.19,0.0,4.0,0.35,0.08,0.0,21.0,0.36,0.19,0.0,21.0,0.36,2.6,0.0,0.0,0.36,2.28,0.0,0.0,0.36,0.07,0.0,6.0,0.37,2.37,0.0,0.0,0.36,0.06,0.0,1.0,0.37,2.46,0.0,0.0,0.37,0.05,0.0,40.0,0.37,2.55,0.0,0.0,0.37,0.04,0.0,5.0,0.36,2.64,0.0,0.0,0.37,0.03,0.0,0.0,0.36,,,,,,,,
2023-10-31 16:00:00,6.83,2.23,0,0,0.36,2.15,0,0,0.37,2.06,0,1,0.36,1.87,0,0,0.37,1.68,0,0,0.36,1.5,0,0,0.36,1.34,0,62,0.37,1.19,0,10,0.36,1.05,0,2,0.36,0.93,0,2,0.37,0.81,0,6,0.36,0.71,0,0,0.37,0.62,0,2,0.36,0.54,0,0,0.37,0.46,1,6,0.36,0.4,0,0,0.36,0.34,0,7,0.36,0.3,0,7,0.37,0.26,0,1,0.37,0.08,0,13,0.36,0.1,0,12,0.37,0.11,1,21,0.36,0.16,0,16,0.36,0.22,0,3,0.37,0.29,0,62,0.37,0.38,0,5,0.37,0.46,0,42,0.36,0.57,0,10,0.36,0.69,0,0,0.36,0.82,0,0,0.36,0.97,0,0,0.36,1.13,0,0,0.37,1.29,0,0,0.36,1.47,0,5,0.36,1.66,0,0,0.36,1.85,0,0,0.36,2.06,0,0,0.36,2.27,0,0,0.36,2.32,0.0,4.0,0.37,0.07,0.0,21.0,0.36,0.22,0.0,21.0,0.36,2.49,0.0,0.0,0.36,2.4,0.0,0.0,0.36,0.06,0.0,6.0,0.36,2.49,0.0,0.0,0.36,0.05,0.0,1.0,0.36,2.58,0.0,0.0,0.36,0.04,0.0,40.0,0.36,2.67,0.0,0.0,0.36,0.03,0.0,5.0,0.35,2.76,0.0,0.0,0.35,0.02,0.0,0.0,0.34,,,,,,,,
2023-11-01 16:00:00,6.82,2.23,0,0,0.37,2.15,0,0,0.38,2.07,0,1,0.38,1.87,0,0,0.38,1.69,0,0,0.38,1.51,0,0,0.37,1.35,0,62,0.38,1.2,0,10,0.37,1.07,0,2,0.38,0.93,0,2,0.37,0.83,0,6,0.38,0.73,0,0,0.38,0.64,0,2,0.38,0.56,0,0,0.38,0.49,0,6,0.38,0.41,0,0,0.37,0.36,0,7,0.37,0.31,0,7,0.37,0.27,1,1,0.37,0.1,0,13,0.38,0.11,0,12,0.38,0.13,0,21,0.38,0.18,0,16,0.38,0.24,0,3,0.38,0.32,0,62,0.38,0.39,0,5,0.38,0.49,0,42,0.38,0.6,0,10,0.38,0.73,0,0,0.38,0.86,0,0,0.38,1.0,0,0,0.38,1.16,0,0,0.38,1.33,0,0,0.38,1.5,0,5,0.38,1.69,0,0,0.38,1.89,0,0,0.38,2.09,0,0,0.38,2.3,0,0,0.38,2.32,0.0,4.0,0.38,0.08,0.0,21.0,0.38,0.23,1.0,21.0,0.37,2.51,0.0,0.0,0.37,2.4,0.0,0.0,0.37,0.07,0.0,6.0,0.38,2.49,0.0,0.0,0.38,0.06,0.0,1.0,0.38,2.58,0.0,0.0,0.38,0.05,0.0,40.0,0.38,2.67,0.0,0.0,0.38,0.04,0.0,5.0,0.37,2.76,0.0,0.0,0.38,0.03,0.0,0.0,0.37,,,,,,,,
2023-11-02 16:00:00,6.85,2.26,0,0,0.37,2.18,0,0,0.37,2.09,0,1,0.37,1.9,0,0,0.37,1.71,0,0,0.37,1.53,0,0,0.37,1.37,0,62,0.37,1.22,0,10,0.37,1.08,0,2,0.37,0.92,0,2,0.36,0.84,0,6,0.37,0.73,0,0,0.37,0.64,0,2,0.37,0.56,0,0,0.37,0.49,0,6,0.37,0.41,0,0,0.36,0.36,0,7,0.37,0.31,0,7,0.37,0.27,0,1,0.37,0.09,0,13,0.38,0.1,0,12,0.37,0.11,0,21,0.37,0.16,0,16,0.37,0.23,0,3,0.38,0.3,0,62,0.38,0.38,0,5,0.38,0.46,0,42,0.37,0.57,0,10,0.37,0.71,0,0,0.38,0.82,0,0,0.37,0.96,0,0,0.37,1.12,0,0,0.37,1.29,0,0,0.37,1.46,0,5,0.37,1.65,0,0,0.37,1.85,0,0,0.37,2.05,0,0,0.37,2.26,0,0,0.37,2.35,0.0,4.0,0.38,0.07,0.0,21.0,0.37,0.23,0.0,21.0,0.37,2.48,0.0,0.0,0.38,2.43,0.0,0.0,0.37,0.06,0.0,6.0,0.37,2.52,0.0,0.0,0.37,0.05,0.0,1.0,0.37,2.61,0.0,0.0,0.37,0.04,0.0,40.0,0.36,2.7,0.0,0.0,0.37,0.03,0.0,5.0,0.36,2.79,0.0,0.0,0.37,0.02,0.0,0.0,0.34,,,,,,,,
2023-11-03 16:00:00,6.93,2.33,0,0,0.37,2.25,0,0,0.37,2.16,0,1,0.36,1.96,0,0,0.37,1.77,0,0,0.37,1.59,0,0,0.37,1.42,0,62,0.37,1.27,0,10,0.37,1.12,0,2,0.37,0.99,0,2,0.37,0.86,4,6,0.36,0.77,0,0,0.37,0.67,0,2,0.37,0.58,0,0,0.37,0.51,1,6,0.37,0.44,0,0,0.37,0.37,0,7,0.36,0.33,0,7,0.37,0.28,0,1,0.36,0.08,0,13,0.37,0.09,0,12,0.37,0.11,0,21,0.37,0.15,0,16,0.37,0.21,0,3,0.37,0.27,0,62,0.37,0.35,0,5,0.37,0.43,0,42,0.37,0.53,0,10,0.37,0.65,0,0,0.37,0.79,0,0,0.37,0.92,0,0,0.37,1.07,0,0,0.37,1.23,0,0,0.37,1.4,0,5,0.36,1.58,0,0,0.36,1.78,0,0,0.37,1.98,0,0,0.37,2.19,0,0,0.37,2.42,0.0,4.0,0.37,0.06,0.0,21.0,0.36,0.25,0.0,21.0,0.37,2.4,0.0,0.0,0.36,2.51,0.0,0.0,0.37,0.05,0.0,6.0,0.36,2.59,0.0,0.0,0.36,0.04,0.0,1.0,0.36,2.68,0.0,0.0,0.36,0.03,0.0,40.0,0.35,2.77,0.0,0.0,0.35,0.02,0.0,5.0,0.34,2.87,0.0,0.0,0.38,0.01,0.0,0.0,0.31,,,,,,,,
2023-11-06 16:00:00,7.13,2.53,0,0,0.39,2.44,0,0,0.38,2.36,0,1,0.39,2.15,0,0,0.38,1.96,0,0,0.39,1.77,0,0,0.38,1.6,0,62,0.38,1.44,0,10,0.39,1.29,0,2,0.38,1.15,0,2,0.38,1.02,0,6,0.38,0.9,0,0,0.38,0.8,0,2,0.38,0.71,0,0,0.38,0.62,569,572,0.38,0.55,0,0,0.38,0.48,0,7,0.38,0.41,0,7,0.38,0.37,0,1,0.38,0.07,0,13,0.38,0.09,0,12,0.39,0.1,0,21,0.38,0.14,0,16,0.39,0.19,0,3,0.39,0.26,0,62,0.39,0.33,0,5,0.39,0.4,0,42,0.38,0.5,0,10,0.38,0.61,0,0,0.38,0.73,3,3,0.39,0.87,0,0,0.39,1.0,0,0,0.38,1.16,0,0,0.39,1.32,0,5,0.39,1.49,0,0,0.38,1.67,0,0,0.38,1.86,0,0,0.38,2.06,0,0,0.38,2.61,0.0,4.0,0.38,0.06,0.0,21.0,0.38,0.32,0.0,21.0,0.38,2.27,0.0,0.0,0.39,2.7,0.0,0.0,0.38,0.05,0.0,6.0,0.38,2.79,0.0,0.0,0.38,0.04,0.0,1.0,0.37,2.88,0.0,0.0,0.38,0.03,0.0,40.0,0.37,2.97,0.0,0.0,0.37,0.02,0.0,5.0,0.35,3.07,0.0,0.0,0.4,0.01,0.0,0.0,0.33,,,,,,,,
2023-11-07 16:00:00,6.94,2.35,0,0,0.39,2.26,0,0,0.38,2.18,0,1,0.38,1.98,0,0,0.38,1.79,0,0,0.38,1.61,0,0,0.38,1.44,0,62,0.38,1.29,0,10,0.38,1.15,0,2,0.38,1.02,0,2,0.38,0.88,0,6,0.37,0.79,0,0,0.38,0.7,0,2,0.38,0.61,0,0,0.38,0.54,0,572,0.38,0.46,0,0,0.38,0.4,0,7,0.38,0.35,0,7,0.38,0.3,0,1,0.38,0.08,0,13,0.38,0.1,0,12,0.38,0.11,0,21,0.38,0.16,0,16,0.38,0.22,0,3,0.39,0.29,0,62,0.39,0.37,0,5,0.39,0.45,0,42,0.38,0.55,0,10,0.38,0.67,0,0,0.38,0.81,0,3,0.39,0.94,0,0,0.38,1.09,0,0,0.38,1.25,0,0,0.38,1.42,0,5,0.38,1.6,0,0,0.38,1.79,0,0,0.38,1.99,0,0,0.38,2.2,0,0,0.38,2.43,0.0,4.0,0.38,0.07,0.0,21.0,0.38,0.27,0.0,21.0,0.38,2.41,0.0,0.0,0.38,2.52,0.0,0.0,0.38,0.06,0.0,6.0,0.38,2.61,0.0,0.0,0.39,0.05,0.0,1.0,0.38,2.7,0.0,0.0,0.39,0.04,0.0,40.0,0.37,2.79,0.0,0.0,0.39,0.03,0.0,5.0,0.37,2.88,0.0,0.0,0.39,0.02,0.0,0.0,0.35,0.23,0.0,0.0,0.38,2.63,0.0,0.0,0.38
2023-11-08 16:00:00,7.01,2.41,0,0,0.38,2.33,0,0,0.39,2.24,0,1,0.38,2.04,0,0,0.38,1.85,0,0,0.38,1.67,0,0,0.38,1.5,0,62,0.38,1.35,0,10,0.39,1.2,0,2,0.38,1.07,0,2,0.38,0.94,0,6,0.38,0.84,0,0,0.39,0.74,0,2,0.39,0.65,0,0,0.38,0.57,0,572,0.38,0.5,0,0,0.38,0.43,0,7,0.38,0.37,0,7,0.38,0.32,0,1,0.38,0.08,0,13,0.38,0.09,0,12,0.38,0.11,0,21,0.39,0.15,0,16,0.38,0.21,0,3,0.39,0.28,0,62,0.39,0.36,0,5,0.39,0.44,0,42,0.39,0.53,0,10,0.38,0.65,0,0,0.38,0.78,0,3,0.39,0.91,0,0,0.38,1.06,0,0,0.39,1.22,0,0,0.39,1.39,0,5,0.39,1.56,0,0,0.38,1.75,0,0,0.38,1.95,0,0,0.39,2.15,0,0,0.38,2.5,0.0,4.0,0.39,0.07,0.0,21.0,0.39,0.28,0.0,21.0,0.38,2.36,0.0,0.0,0.38,2.59,0.0,0.0,0.39,0.06,0.0,6.0,0.39,2.67,0.0,0.0,0.37,0.05,0.0,1.0,0.39,2.77,0.0,0.0,0.4,0.04,0.0,40.0,0.38,2.86,0.0,0.0,0.39,0.03,0.0,5.0,0.38,2.95,0.0,0.0,0.39,0.02,0.0,0.0,0.36,0.25,0.0,0.0,0.39,2.58,0.0,0.0,0.39
2023-11-09 16:00:00,6.85,2.26,0,0,0.38,2.18,0,0,0.38,2.1,0,1,0.39,1.9,0,0,0.38,1.72,0,0,0.39,1.54,0,0,0.38,1.38,0,62,0.39,1.23,0,10,0.38,1.09,0,2,0.38,0.96,0,2,0.38,0.85,0,6,0.38,0.75,0,0,0.39,0.66,0,2,0.39,0.57,0,0,0.38,0.5,0,572,0.38,0.44,0,0,0.39,0.37,0,7,0.38,0.33,0,7,0.39,0.29,0,1,0.39,0.09,0,13,0.38,0.11,0,12,0.39,0.12,0,21,0.38,0.17,0,16,0.38,0.24,0,3,0.39,0.31,0,62,0.39,0.4,0,5,0.39,0.48,0,42,0.38,0.59,0,10,0.39,0.72,0,0,0.39,0.84,0,3,0.38,0.98,0,0,0.38,1.14,0,0,0.38,1.31,0,0,0.39,1.48,0,5,0.38,1.67,0,0,0.39,1.86,0,0,0.38,2.06,0,0,0.38,2.27,0,0,0.38,2.35,0.0,4.0,0.39,0.08,0.0,21.0,0.39,0.25,0.0,21.0,0.39,2.49,0.0,0.0,0.39,2.44,0.0,0.0,0.39,0.07,0.0,6.0,0.39,2.52,0.0,0.0,0.38,0.06,0.0,1.0,0.39,2.61,0.0,0.0,0.38,0.05,0.0,40.0,0.39,2.7,0.0,0.0,0.38,0.04,0.0,5.0,0.38,2.79,0.0,0.0,0.38,0.03,0.0,0.0,0.38,0.22,0.0,0.0,0.39,2.71,0.0,0.0,0.38
2023-11-13 16:00:00,6.87,2.28,0,0,0.39,2.19,0,0,0.38,2.11,0,1,0.38,1.91,0,0,0.38,1.73,0,0,0.39,1.55,0,0,0.38,1.39,0,62,0.39,1.24,0,10,0.39,1.1,0,2,0.39,0.94,0,2,0.37,0.86,0,6,0.39,0.75,0,0,0.38,0.66,0,2,0.38,0.57,0,0,0.38,0.5,0,572,0.38,0.42,0,0,0.38,0.37,0,7,0.38,0.32,0,7,0.38,0.28,0,1,0.38,0.09,0,13,0.39,0.1,0,12,0.38,0.12,0,21,0.39,0.17,0,16,0.39,0.23,0,3,0.39,0.3,0,67,0.39,0.37,0,5,0.38,0.47,0,42,0.38,0.58,0,10,0.39,0.72,0,0,0.4,0.83,0,3,0.39,0.97,0,0,0.39,1.13,0,0,0.39,1.29,0,0,0.39,1.47,0,5,0.39,1.65,0,0,0.39,1.84,0,0,0.38,2.04,0,0,0.38,2.25,0,0,0.38,2.36,0.0,4.0,0.38,0.08,0.0,21.0,0.39,0.24,0.0,21.0,0.38,2.47,0.0,0.0,0.39,2.45,0.0,0.0,0.39,0.07,0.0,6.0,0.39,2.54,0.0,0.0,0.39,0.05,0.0,1.0,0.38,2.63,0.0,0.0,0.39,0.04,0.0,40.0,0.37,2.72,0.0,0.0,0.39,0.03,0.0,5.0,0.37,2.81,0.0,0.0,0.39,0.02,0.0,0.0,0.35,0.21,0.0,0.0,0.38,2.69,0.0,0.0,0.38
2023-11-14 16:00:00,6.83,2.24,0,0,0.38,2.16,0,0,0.39,2.07,0,1,0.38,1.88,0,0,0.39,1.69,0,0,0.38,1.52,0,0,0.39,1.35,0,62,0.38,1.21,0,10,0.39,1.07,0,2,0.39,0.94,0,2,0.38,0.83,0,6,0.38,0.73,0,0,0.39,0.64,0,2,0.39,0.56,0,0,0.39,0.49,0,572,0.39,0.42,0,0,0.38,0.37,0,7,0.39,0.31,0,7,0.38,0.28,0,1,0.39,0.09,0,13,0.38,0.11,0,12,0.39,0.12,0,21,0.38,0.18,0,16,0.39,0.24,0,3,0.39,0.31,0,67,0.39,0.39,0,5,0.39,0.48,0,42,0.38,0.59,0,10,0.38,0.72,0,0,0.39,0.85,0,3,0.39,0.99,0,0,0.39,1.15,0,0,0.39,1.31,0,0,0.38,1.49,0,5,0.38,1.68,0,0,0.39,1.87,0,0,0.38,2.07,0,0,0.38,2.29,0,0,0.39,2.32,0.0,4.0,0.38,0.08,0.0,21.0,0.39,0.24,0.0,21.0,0.39,2.5,0.0,0.0,0.38,2.41,0.0,0.0,0.38,0.07,0.0,6.0,0.39,2.5,0.0,0.0,0.39,0.06,0.0,1.0,0.39,2.59,0.0,0.0,0.39,0.05,0.0,40.0,0.39,2.68,0.0,0.0,0.39,0.04,0.0,5.0,0.39,2.77,0.0,0.0,0.39,0.03,0.0,0.0,0.38,0.21,0.0,0.0,0.39,2.73,0.0,0.0,0.39
2023-11-15 16:00:00,7.2,2.59,0,0,0.39,2.5,0,0,0.39,2.41,0,1,0.38,2.2,0,0,0.38,2.01,0,0,0.39,1.82,0,0,0.39,1.64,0,62,0.39,1.48,0,10,0.39,1.33,0,2,0.39,1.18,0,2,0.39,1.06,0,6,0.39,0.92,0,0,0.38,0.83,0,2,0.39,0.73,0,0,0.39,0.65,0,572,0.39,0.57,0,0,0.39,0.5,0,7,0.39,0.42,0,7,0.38,0.37,0,1,0.38,0.07,0,13,0.39,0.08,0,12,0.39,0.1,0,21,0.4,0.13,0,16,0.39,0.18,0,3,0.39,0.24,0,67,0.39,0.31,0,5,0.39,0.38,0,42,0.39,0.48,0,10,0.39,0.58,0,0,0.39,0.7,0,3,0.39,0.84,0,0,0.4,0.96,0,0,0.39,1.11,0,0,0.39,1.27,0,5,0.39,1.44,0,0,0.39,1.62,0,0,0.39,1.81,0,0,0.39,2.01,0,0,0.39,2.67,0.0,4.0,0.38,0.06,0.0,21.0,0.39,0.33,0.0,21.0,0.39,2.21,0.0,0.0,0.39,2.76,0.0,0.0,0.38,0.05,0.0,6.0,0.39,2.85,0.0,0.0,0.38,0.04,0.0,1.0,0.39,2.94,0.0,0.0,0.38,0.03,0.0,40.0,0.38,3.04,0.0,0.0,0.4,0.02,0.0,5.0,0.37,3.13,0.0,0.0,0.39,0.01,0.0,0.0,0.34,0.29,0.0,0.0,0.39,2.42,0.0,0.0,0.39
2023-11-16 16:00:00,6.77,2.19,0,0,0.39,2.11,0,0,0.4,2.03,0,1,0.4,1.83,0,0,0.39,1.65,0,0,0.39,1.48,0,0,0.39,1.32,0,62,0.39,1.18,0,10,0.4,1.04,0,2,0.39,0.91,0,2,0.39,0.81,0,6,0.39,0.71,0,0,0.39,0.62,0,2,0.39,0.55,0,0,0.4,0.48,0,572,0.4,0.4,0,0,0.39,0.35,0,7,0.39,0.3,0,7,0.39,0.27,0,1,0.39,0.1,0,13,0.39,0.12,0,12,0.4,0.14,1,22,0.4,0.19,0,16,0.4,0.26,0,3,0.4,0.34,0,67,0.4,0.41,0,5,0.39,0.51,0,42,0.39,0.63,0,10,0.4,0.76,0,0,0.4,0.89,5,8,0.39,1.04,0,0,0.4,1.19,0,0,0.39,1.36,0,0,0.39,1.54,0,5,0.39,1.73,0,0,0.39,1.93,0,0,0.39,2.13,0,0,0.39,2.34,0,0,0.39,2.27,0.0,4.0,0.39,0.09,0.0,21.0,0.39,0.23,0.0,21.0,0.39,2.56,0.0,0.0,0.39,2.36,0.0,0.0,0.4,0.08,0.0,6.0,0.4,2.45,0.0,0.0,0.4,0.06,0.0,1.0,0.39,2.53,0.0,0.0,0.39,0.05,0.0,40.0,0.39,2.62,0.0,0.0,0.39,0.04,0.0,5.0,0.38,2.71,0.0,0.0,0.39,0.03,0.0,0.0,0.38,0.21,0.0,0.0,0.4,2.79,0.0,0.0,0.4
2023-11-20 16:00:00,7.02,2.41,0,0,0.39,2.33,0,0,0.39,2.25,0,1,0.4,2.04,0,0,0.39,1.85,0,0,0.39,1.67,0,0,0.39,1.5,0,62,0.39,1.34,0,10,0.39,1.2,0,2,0.39,1.06,0,2,0.39,0.93,0,6,0.39,0.83,0,0,0.39,0.73,0,2,0.39,0.64,0,0,0.39,0.56,0,572,0.39,0.49,0,0,0.39,0.43,0,7,0.39,0.37,0,7,0.39,0.33,0,1,0.4,0.08,0,13,0.39,0.1,0,12,0.4,0.11,0,22,0.4,0.15,0,16,0.39,0.21,0,3,0.4,0.27,0,67,0.4,0.35,0,5,0.4,0.43,0,42,0.39,0.53,0,10,0.39,0.64,0,0,0.39,0.78,0,8,0.4,0.91,0,0,0.39,1.05,0,0,0.39,1.21,0,0,0.39,1.38,0,5,0.39,1.56,0,0,0.39,1.74,0,0,0.39,1.94,0,0,0.39,2.14,0,0,0.39,2.5,0.0,4.0,0.39,0.07,0.0,21.0,0.4,0.29,0.0,21.0,0.4,2.35,0.0,0.0,0.39,2.59,0.0,0.0,0.39,0.06,0.0,6.0,0.4,2.68,0.0,0.0,0.4,0.05,0.0,1.0,0.4,2.77,0.0,0.0,0.4,0.04,0.0,40.0,0.39,2.86,0.0,0.0,0.4,0.03,0.0,5.0,0.39,2.95,0.0,0.0,0.39,0.02,0.0,0.0,0.37,0.25,0.0,0.0,0.4,2.57,0.0,0.0,0.39
2023-11-21 16:00:00,6.89,2.29,0,0,0.39,2.21,0,0,0.39,2.12,0,1,0.39,1.93,0,0,0.4,1.74,0,0,0.39,1.56,0,0,0.39,1.4,0,62,0.39,1.25,0,10,0.39,1.11,0,2,0.39,0.98,0,2,0.39,0.86,0,6,0.39,0.76,0,0,0.39,0.67,0,2,0.39,0.58,0,0,0.39,0.51,0,572,0.39,0.44,0,0,0.39,0.39,0,7,0.39,0.33,0,7,0.39,0.29,0,1,0.39,0.09,0,13,0.39,0.11,0,12,0.4,0.12,0,22,0.39,0.17,0,16,0.4,0.23,0,3,0.4,0.3,0,67,0.4,0.38,0,5,0.4,0.47,0,42,0.39,0.57,0,10,0.39,0.69,0,0,0.39,0.83,0,8,0.4,0.96,0,0,0.39,1.12,0,0,0.39,1.28,0,0,0.39,1.46,0,5,0.39,1.64,0,0,0.39,1.84,0,0,0.39,2.03,0,0,0.39,2.24,0,0,0.39,2.38,0.0,4.0,0.4,0.08,0.0,21.0,0.4,0.26,0.0,21.0,0.4,2.46,0.0,0.0,0.39,2.46,0.0,0.0,0.39,0.06,0.0,6.0,0.39,2.55,0.0,0.0,0.39,0.05,0.0,1.0,0.39,2.64,0.0,0.0,0.39,0.04,0.0,40.0,0.38,2.73,0.0,0.0,0.39,0.03,0.0,5.0,0.37,2.82,0.0,0.0,0.39,0.02,0.0,0.0,0.36,0.22,0.0,0.0,0.4,2.68,0.0,0.0,0.39
2023-11-23 16:00:00,7.05,2.43,0,0,0.38,2.35,0,0,0.39,2.26,0,1,0.38,2.06,0,0,0.39,1.86,0,0,0.39,1.68,0,0,0.39,1.51,0,62,0.39,1.34,0,10,0.38,1.2,0,2,0.39,1.06,0,2,0.38,0.92,0,6,0.38,0.83,0,0,0.39,0.73,0,2,0.39,0.64,0,0,0.39,0.56,0,572,0.39,0.49,0,0,0.39,0.41,0,7,0.38,0.36,0,7,0.38,0.31,0,1,0.38,0.08,0,13,0.4,0.09,0,12,0.4,0.1,0,22,0.39,0.14,0,16,0.39,0.19,0,3,0.39,0.26,0,67,0.39,0.33,0,5,0.39,0.41,0,42,0.39,0.51,0,10,0.39,0.62,0,0,0.39,0.75,0,8,0.39,0.87,0,0,0.38,1.02,0,0,0.39,1.18,0,0,0.39,1.35,0,5,0.39,1.52,0,0,0.38,1.71,0,0,0.39,1.91,0,0,0.39,2.11,0,0,0.39,2.52,0.0,4.0,0.38,0.07,0.0,21.0,0.4,0.27,0.0,21.0,0.38,2.32,0.0,0.0,0.39,2.61,0.0,0.0,0.39,0.05,0.0,6.0,0.39,2.7,0.0,0.0,0.39,0.04,0.0,1.0,0.38,2.79,0.0,0.0,0.39,0.03,0.0,40.0,0.38,2.88,0.0,0.0,0.38,0.02,0.0,5.0,0.36,2.97,0.0,0.0,0.37,0.01,0.0,0.0,0.33,0.23,0.0,0.0,0.38,2.53,0.0,0.0,0.38
2023-11-28 16:00:00,7.11,2.49,0,0,0.39,2.4,0,0,0.39,2.31,0,1,0.38,2.11,0,0,0.39,1.91,0,0,0.39,1.73,0,0,0.39,1.55,0,62,0.39,1.39,0,10,0.39,1.24,0,2,0.39,1.1,0,2,0.39,0.97,0,6,0.39,0.86,0,0,0.39,0.75,0,2,0.39,0.66,0,0,0.39,0.58,0,572,0.39,0.51,0,0,0.39,0.44,0,7,0.39,0.39,0,7,0.39,0.34,0,1,0.4,0.07,0,13,0.39,0.08,0,12,0.39,0.1,0,22,0.4,0.13,0,16,0.39,0.18,0,3,0.39,0.25,0,67,0.4,0.32,0,5,0.4,0.39,0,42,0.39,0.49,0,10,0.39,0.6,0,0,0.39,0.72,0,8,0.39,0.85,0,0,0.39,0.99,0,0,0.39,1.15,0,0,0.39,1.31,0,5,0.39,1.49,0,0,0.39,1.67,0,0,0.39,1.86,0,0,0.39,2.06,0,0,0.39,2.57,0.0,4.0,0.38,0.06,0.0,21.0,0.4,0.3,0.0,21.0,0.4,2.27,0.0,0.0,0.39,2.66,0.0,0.0,0.38,0.05,0.0,6.0,0.4,2.75,0.0,0.0,0.38,0.04,0.0,1.0,0.39,2.85,0.0,0.0,0.4,0.03,0.0,40.0,0.38,2.94,0.0,0.0,0.4,0.02,0.0,5.0,0.37,3.03,0.0,0.0,0.39,0.01,0.0,0.0,0.34,0.25,0.0,0.0,0.39,2.49,0.0,0.0,0.39
2023-11-29 16:00:00,7.0,2.38,0,0,0.39,2.3,0,0,0.39,2.22,0,1,0.4,2.01,0,0,0.39,1.82,0,0,0.39,1.64,0,0,0.4,1.47,60,60,0.39,1.31,0,10,0.39,1.16,0,2,0.39,1.03,0,2,0.39,0.89,0,6,0.38,0.8,0,0,0.39,0.7,0,2,0.39,0.61,0,0,0.39,0.54,0,572,0.39,0.47,0,0,0.39,0.4,0,7,0.39,0.34,0,7,0.39,0.31,0,1,0.4,0.08,0,13,0.4,0.09,0,12,0.4,0.11,0,22,0.4,0.15,0,16,0.4,0.2,0,3,0.4,0.27,0,67,0.4,0.35,0,5,0.4,0.42,0,42,0.39,0.52,0,10,0.39,0.64,0,0,0.39,0.78,0,8,0.4,0.9,0,0,0.39,1.05,0,0,0.39,1.21,0,0,0.39,1.38,0,5,0.39,1.56,0,0,0.39,1.75,0,0,0.39,1.95,0,0,0.39,2.15,0,0,0.39,2.47,0.0,4.0,0.39,0.07,0.0,21.0,0.4,0.26,0.0,21.0,0.39,2.36,0.0,0.0,0.39,2.56,0.0,0.0,0.39,0.06,0.0,6.0,0.4,2.65,0.0,0.0,0.39,0.05,0.0,1.0,0.4,2.74,0.0,0.0,0.39,0.04,0.0,40.0,0.4,2.83,0.0,0.0,0.39,0.03,0.0,5.0,0.39,2.92,0.0,0.0,0.38,0.02,0.0,0.0,0.38,0.23,0.0,0.0,0.4,2.58,0.0,0.0,0.39
2023-11-30 16:00:00,7.05,2.42,0,0,0.38,2.34,0,0,0.39,2.25,0,1,0.38,2.04,0,0,0.38,1.85,0,0,0.39,1.66,0,0,0.38,1.49,0,60,0.39,1.32,0,10,0.38,1.18,0,2,0.39,1.04,0,2,0.38,0.91,0,6,0.38,0.81,0,0,0.39,0.7,0,2,0.38,0.62,0,0,0.39,0.53,0,572,0.38,0.46,0,0,0.38,0.39,0,7,0.38,0.34,0,7,0.38,0.3,0,1,0.38,0.07,0,13,0.39,0.08,0,12,0.39,0.1,12,22,0.39,0.13,0,16,0.38,0.18,0,3,0.39,0.25,0,67,0.39,0.32,0,5,0.39,0.4,0,42,0.39,0.49,0,10,0.38,0.61,0,0,0.39,0.73,0,8,0.39,0.86,0,0,0.38,1.01,0,0,0.38,1.17,0,0,0.39,1.34,0,5,0.39,1.51,0,0,0.38,1.7,0,0,0.38,1.9,0,0,0.39,2.1,0,0,0.38,2.51,0.0,4.0,0.38,0.06,0.0,21.0,0.39,0.26,0.0,21.0,0.39,2.31,0.0,0.0,0.38,2.6,0.0,0.0,0.38,0.05,0.0,6.0,0.39,2.69,0.0,0.0,0.38,0.04,0.0,1.0,0.39,2.78,0.0,0.0,0.38,0.03,0.0,40.0,0.38,2.88,0.0,0.0,0.4,0.02,0.0,5.0,0.37,2.97,0.0,0.0,0.39,0.01,0.0,0.0,0.34,0.23,0.0,0.0,0.39,2.53,0.0,0.0,0.38
2023-12-01 16:00:00,7.16,2.52,0,0,0.37,2.44,0,0,0.39,2.35,0,1,0.38,2.14,0,0,0.38,1.94,0,0,0.38,1.75,0,0,0.38,1.57,0,60,0.38,1.4,0,10,0.38,1.25,0,2,0.38,1.1,0,2,0.38,0.97,0,6,0.38,0.84,0,0,0.37,0.75,0,2,0.38,0.66,0,0,0.38,0.57,0,572,0.38,0.5,0,0,0.38,0.43,0,7,0.38,0.37,0,7,0.38,0.32,0,1,0.38,0.06,0,13,0.39,0.07,0,12,0.39,0.08,0,22,0.38,0.12,0,16,0.39,0.16,0,3,0.38,0.22,0,67,0.38,0.29,0,5,0.39,0.37,0,42,0.39,0.45,0,10,0.38,0.56,0,0,0.38,0.67,0,8,0.38,0.82,0,0,0.39,0.94,0,0,0.38,1.1,0,0,0.38,1.26,0,5,0.38,1.43,0,0,0.38,1.62,0,0,0.38,1.81,0,0,0.38,2.01,0,0,0.38,2.61,0.0,4.0,0.37,0.05,0.0,21.0,0.39,0.28,0.0,21.0,0.38,2.22,0.0,0.0,0.38,2.7,0.0,0.0,0.37,0.04,0.0,6.0,0.38,2.79,0.0,0.0,0.37,0.03,0.0,1.0,0.38,2.89,0.0,0.0,0.39,0.02,0.0,40.0,0.36,2.98,0.0,0.0,0.38,0.01,0.0,5.0,0.33,3.07,0.0,0.0,0.36,0.01,0.0,0.0,0.35,0.24,0.0,0.0,0.38,2.43,0.0,0.0,0.38
2023-12-04 16:00:00,6.87,2.26,0,0,0.39,2.17,0,0,0.39,2.09,0,1,0.39,1.89,0,0,0.39,1.7,0,0,0.39,1.52,0,0,0.39,1.35,0,60,0.39,1.2,0,10,0.39,1.06,0,2,0.39,0.93,0,2,0.39,0.81,0,6,0.39,0.71,0,0,0.39,0.62,0,2,0.39,0.53,0,0,0.39,0.46,0,572,0.39,0.39,0,0,0.38,0.33,0,7,0.38,0.29,0,7,0.38,0.26,0,1,0.39,0.08,0,13,0.39,0.1,0,12,0.4,0.11,0,22,0.39,0.16,0,16,0.4,0.21,1,2,0.39,0.28,0,67,0.39,0.36,0,5,0.39,0.45,0,42,0.39,0.55,0,10,0.39,0.67,0,0,0.39,0.81,0,8,0.39,0.94,0,0,0.39,1.1,0,0,0.39,1.27,0,0,0.39,1.44,0,5,0.39,1.63,0,0,0.39,1.83,0,0,0.39,2.03,0,0,0.39,2.24,0,0,0.39,2.34,0.0,4.0,0.38,0.07,0.0,21.0,0.39,0.21,0.0,21.0,0.38,2.46,0.0,0.0,0.39,2.43,0.0,0.0,0.39,0.06,0.0,6.0,0.39,2.52,0.0,0.0,0.39,0.05,0.0,1.0,0.39,2.61,0.0,0.0,0.39,0.04,0.0,40.0,0.39,2.7,0.0,0.0,0.38,0.03,0.0,5.0,0.38,2.79,0.0,0.0,0.37,0.02,0.0,0.0,0.37,0.19,0.0,0.0,0.39,2.68,0.0,0.0,0.39
2023-12-05 16:00:00,6.77,2.16,0,0,0.38,2.08,0,0,0.39,1.99,0,1,0.38,1.79,0,0,0.38,1.61,0,0,0.39,1.43,0,0,0.38,1.27,0,60,0.39,1.12,0,10,0.39,0.99,0,2,0.39,0.84,0,2,0.38,0.75,0,6,0.38,0.65,0,0,0.38,0.56,0,2,0.38,0.49,0,0,0.39,0.41,0,572,0.38,0.35,0,0,0.38,0.3,0,7,0.38,0.26,0,7,0.38,0.23,0,1,0.39,0.09,0,13,0.39,0.1,0,12,0.39,0.12,0,22,0.39,0.17,150,166,0.39,0.23,0,2,0.39,0.3,0,67,0.39,0.39,0,5,0.39,0.47,0,42,0.38,0.58,0,10,0.38,0.73,0,0,0.4,0.84,0,8,0.38,0.99,0,0,0.38,1.15,0,0,0.39,1.32,0,0,0.38,1.5,0,5,0.38,1.7,0,0,0.39,1.89,0,0,0.38,2.1,0,0,0.38,2.32,0,0,0.39,2.25,0.0,4.0,0.39,0.08,0.0,21.0,0.4,0.2,0.0,21.0,0.39,2.54,0.0,0.0,0.39,2.33,0.0,0.0,0.38,0.07,0.0,6.0,0.4,2.42,0.0,0.0,0.38,0.05,0.0,1.0,0.39,2.51,0.0,0.0,0.38,0.04,0.0,40.0,0.38,2.6,0.0,0.0,0.38,0.03,0.0,5.0,0.38,2.7,0.0,0.0,0.4,0.02,0.0,0.0,0.36,0.17,0.0,0.0,0.39,2.77,0.0,0.0,0.39
2023-12-06 16:00:00,6.85,2.23,0,0,0.38,2.15,0,0,0.39,2.06,0,1,0.38,1.86,0,0,0.38,1.67,0,0,0.38,1.49,0,0,0.38,1.33,0,60,0.39,1.17,0,10,0.38,1.03,0,2,0.38,0.89,0,2,0.38,0.79,0,6,0.38,0.69,0,0,0.39,0.6,0,2,0.39,0.52,0,0,0.39,0.44,0,572,0.38,0.37,0,0,0.38,0.32,0,7,0.38,0.28,0,7,0.38,0.24,0,1,0.39,0.08,0,13,0.39,0.09,0,12,0.38,0.11,0,22,0.39,0.15,60,131,0.39,0.21,60,32,0.39,0.28,0,67,0.39,0.36,0,5,0.39,0.45,0,42,0.39,0.55,0,10,0.38,0.68,0,0,0.39,0.8,0,8,0.38,0.95,0,0,0.39,1.1,0,0,0.38,1.27,0,0,0.38,1.45,0,5,0.39,1.64,0,0,0.39,1.83,0,0,0.38,2.04,0,0,0.39,2.25,0,0,0.39,2.32,0.0,4.0,0.38,0.07,0.0,21.0,0.39,0.21,0.0,21.0,0.39,2.47,0.0,0.0,0.39,2.41,0.0,0.0,0.39,0.06,0.0,6.0,0.39,2.5,0.0,0.0,0.39,0.05,0.0,1.0,0.39,2.59,0.0,0.0,0.39,0.04,0.0,40.0,0.39,2.68,0.0,0.0,0.39,0.03,0.0,5.0,0.38,2.77,0.0,0.0,0.38,0.02,0.0,0.0,0.37,0.18,0.0,0.0,0.39,2.69,0.0,0.0,0.38
2023-12-07 16:00:00,6.6,2.01,0,0,0.39,1.92,0,0,0.39,1.84,0,1,0.39,1.65,0,0,0.39,1.47,0,0,0.39,1.3,0,0,0.39,1.15,0,60,0.39,1.01,0,10,0.39,0.86,0,2,0.38,0.77,0,2,0.39,0.66,0,6,0.39,0.57,0,0,0.39,0.49,0,2,0.39,0.41,0,0,0.38,0.35,0,572,0.38,0.3,0,0,0.38,0.26,0,7,0.39,0.22,0,7,0.39,0.19,0,1,0.39,0.11,0,13,0.4,0.12,0,12,0.39,0.14,0,22,0.39,0.2,0,131,0.4,0.26,0,32,0.39,0.34,0,67,0.39,0.43,0,5,0.39,0.53,0,42,0.39,0.67,0,10,0.4,0.79,0,0,0.39,0.93,0,8,0.39,1.09,0,0,0.39,1.26,0,0,0.39,1.43,0,0,0.39,1.62,0,5,0.39,1.82,0,0,0.39,2.03,0,0,0.39,2.24,0,0,0.39,2.46,0,0,0.39,2.09,0.0,4.0,0.39,0.09,0.0,21.0,0.39,0.16,0.0,21.0,0.39,2.69,0.0,0.0,0.39,2.17,0.0,0.0,0.38,0.08,0.0,6.0,0.4,2.26,0.0,0.0,0.39,0.06,0.0,1.0,0.39,2.35,0.0,0.0,0.39,0.05,0.0,40.0,0.39,2.44,0.0,0.0,0.39,0.04,0.0,5.0,0.38,2.53,0.0,0.0,0.39,0.03,0.0,0.0,0.38,0.14,0.0,0.0,0.39,2.92,0.0,0.0,0.39
2023-12-11 16:00:00,6.59,1.99,0,0,0.39,1.91,0,0,0.39,1.83,0,1,0.39,1.63,0,0,0.39,1.45,0,0,0.39,1.28,0,0,0.39,1.13,0,60,0.39,0.99,0,10,0.39,0.85,0,2,0.38,0.75,0,2,0.39,0.65,0,6,0.39,0.56,0,0,0.39,0.48,0,2,0.39,0.4,30,30,0.38,0.34,60,572,0.38,0.3,0,0,0.39,0.26,0,7,0.39,0.22,0,7,0.39,0.19,0,1,0.39,0.1,0,13,0.39,0.12,0,12,0.39,0.14,0,22,0.4,0.19,60,131,0.39,0.26,0,32,0.4,0.34,0,67,0.39,0.42,0,5,0.39,0.53,0,42,0.39,0.66,0,10,0.39,0.78,0,0,0.39,0.93,0,8,0.39,1.08,0,0,0.39,1.25,0,0,0.39,1.43,0,0,0.39,1.62,0,5,0.39,1.82,0,0,0.39,2.03,0,0,0.39,2.24,0,0,0.38,2.47,0,0,0.39,2.07,0.0,4.0,0.38,0.09,0.0,21.0,0.4,0.16,0.0,21.0,0.4,2.69,0.0,0.0,0.38,2.16,0.0,0.0,0.39,0.07,0.0,6.0,0.39,2.25,0.0,0.0,0.39,0.06,0.0,1.0,0.39,2.33,0.0,0.0,0.38,0.05,0.0,40.0,0.39,2.42,0.0,0.0,0.38,0.04,0.0,5.0,0.39,2.52,0.0,0.0,0.4,0.03,0.0,0.0,0.38,0.13,0.0,0.0,0.39,2.93,0.0,0.0,0.39
2023-12-13 16:00:00,6.66,2.05,0,0,0.39,1.96,0,0,0.38,1.88,0,1,0.38,1.68,0,0,0.38,1.5,0,0,0.38,1.35,0,0,0.4,1.18,0,60,0.39,1.02,0,10,0.38,0.89,0,2,0.38,0.76,0,2,0.38,0.66,0,6,0.38,0.56,0,0,0.37,0.48,0,2,0.38,0.41,0,30,0.38,0.36,0,572,0.38,0.31,0,0,0.39,0.26,0,7,0.38,0.22,0,7,0.38,0.18,0,1,0.38,0.09,0,13,0.39,0.11,0,12,0.39,0.12,0,22,0.39,0.17,0,131,0.39,0.23,0,32,0.38,0.31,0,67,0.39,0.4,0,5,0.39,0.5,0,42,0.39,0.62,0,10,0.39,0.75,0,0,0.39,0.89,3,11,0.39,1.04,0,0,0.39,1.2,0,0,0.38,1.38,0,0,0.38,1.56,0,5,0.38,1.76,0,0,0.38,1.97,0,0,0.39,2.18,0,0,0.38,2.4,0,0,0.38,2.13,0.0,4.0,0.38,0.07,0.0,21.0,0.38,0.15,0.0,21.0,0.38,2.63,0.0,0.0,0.39,2.22,0.0,0.0,0.38,0.06,0.0,6.0,0.38,2.31,0.0,0.0,0.39,0.05,0.0,1.0,0.38,2.4,0.0,0.0,0.39,0.04,0.0,40.0,0.38,2.49,0.0,0.0,0.39,0.03,0.0,5.0,0.37,2.58,0.0,0.0,0.38,0.02,0.0,0.0,0.36,0.13,0.0,0.0,0.38,2.86,0.0,0.0,0.38
2023-12-14 16:00:00,6.9,2.27,0,0,0.38,2.18,0,0,0.38,2.09,0,1,0.37,1.89,0,0,0.38,1.69,0,0,0.38,1.51,0,0,0.38,1.33,0,60,0.37,1.16,0,10,0.37,1.01,0,2,0.37,0.88,0,2,0.37,0.76,0,6,0.36,0.66,0,0,0.37,0.57,0,2,0.37,0.49,0,30,0.37,0.42,60,572,0.37,0.36,0,0,0.37,0.31,0,7,0.38,0.27,0,7,0.38,0.23,0,1,0.38,0.06,0,13,0.37,0.07,0,12,0.37,0.09,0,22,0.38,0.13,0,131,0.38,0.18,0,32,0.38,0.25,0,67,0.38,0.33,0,5,0.39,0.42,0,42,0.38,0.52,0,10,0.38,0.64,0,0,0.38,0.78,3,11,0.39,0.92,0,0,0.39,1.08,0,0,0.39,1.22,0,0,0.38,1.39,0,5,0.38,1.58,0,0,0.38,1.78,0,0,0.38,1.98,0,0,0.38,2.19,0,0,0.38,2.35,0.0,4.0,0.37,0.05,0.0,21.0,0.37,0.19,0.0,21.0,0.38,2.41,0.0,0.0,0.37,2.44,0.0,0.0,0.37,0.04,0.0,6.0,0.37,2.53,0.0,0.0,0.37,0.03,0.0,1.0,0.36,2.63,0.0,0.0,0.39,0.02,0.0,40.0,0.35,2.72,0.0,0.0,0.38,0.01,0.0,5.0,0.32,2.81,0.0,0.0,0.37,0.01,0.0,0.0,0.34,0.17,0.0,0.0,0.38,2.64,0.0,0.0,0.38
2023-12-15 16:00:00,7.05,2.41,0,0,0.38,2.32,0,0,0.38,2.23,0,1,0.38,2.02,0,0,0.38,1.82,0,0,0.38,1.63,0,0,0.38,1.45,0,60,0.38,1.29,0,10,0.38,1.13,0,2,0.37,0.99,0,2,0.37,0.85,0,6,0.37,0.74,0,0,0.37,0.64,0,2,0.37,0.55,0,30,0.37,0.48,0,572,0.37,0.41,0,0,0.37,0.35,0,7,0.37,0.31,0,7,0.38,0.26,30,31,0.38,0.05,0,13,0.37,0.06,0,12,0.37,0.07,0,22,0.37,0.11,0,131,0.38,0.16,0,32,0.38,0.22,0,67,0.38,0.29,0,5,0.38,0.37,0,42,0.38,0.47,0,10,0.38,0.58,0,0,0.38,0.71,0,11,0.39,0.84,2,2,0.39,0.98,0,0,0.38,1.15,0,0,0.39,1.3,0,5,0.38,1.48,0,0,0.38,1.67,0,0,0.38,1.86,0,0,0.37,2.07,0,0,0.37,2.5,0.0,4.0,0.39,0.04,0.0,21.0,0.37,0.22,0.0,21.0,0.38,2.29,0.0,0.0,0.38,2.59,0.0,0.0,0.39,0.03,0.0,6.0,0.36,2.68,0.0,0.0,0.38,0.02,0.0,1.0,0.35,2.77,0.0,0.0,0.37,0.01,0.0,40.0,0.32,2.86,0.0,0.0,0.36,0.01,0.0,5.0,0.34,2.96,0.0,0.0,0.38,0.01,0.0,0.0,0.35,0.19,0.0,0.0,0.38,2.51,0.0,0.0,0.38
2023-12-18 16:00:00,6.99,2.35,0,0,0.38,2.26,0,0,0.38,2.17,0,1,0.38,1.96,0,0,0.38,1.76,0,0,0.38,1.57,0,0,0.37,1.42,0,60,0.39,1.23,0,10,0.38,1.08,0,2,0.37,0.94,0,2,0.37,0.81,2,6,0.37,0.7,0,0,0.37,0.6,4,6,0.37,0.52,0,30,0.37,0.44,0,572,0.37,0.38,0,0,0.37,0.33,0,7,0.37,0.29,0,7,0.38,0.24,0,31,0.38,0.05,0,13,0.37,0.07,0,12,0.38,0.08,0,22,0.38,0.12,0,131,0.38,0.16,0,32,0.38,0.23,0,67,0.38,0.3,0,5,0.38,0.38,0,42,0.38,0.49,0,10,0.39,0.6,0,0,0.38,0.72,0,11,0.38,0.86,0,2,0.38,1.01,0,0,0.38,1.18,0,0,0.39,1.33,0,5,0.38,1.51,0,0,0.38,1.71,0,0,0.38,1.91,0,0,0.38,2.12,0,0,0.38,2.43,0.0,4.0,0.37,0.04,0.0,21.0,0.37,0.2,0.0,21.0,0.38,2.33,0.0,0.0,0.37,2.53,0.0,0.0,0.39,0.03,0.0,6.0,0.36,2.62,0.0,0.0,0.38,0.02,0.0,1.0,0.35,2.71,0.0,0.0,0.38,0.01,0.0,40.0,0.32,2.8,0.0,0.0,0.36,0.01,0.0,5.0,0.34,2.9,0.0,0.0,0.39,0.01,0.0,0.0,0.35,0.18,0.0,0.0,0.38,2.56,0.0,0.0,0.38
2023-12-19 16:00:00,6.9,2.26,0,0,0.38,2.17,0,0,0.37,2.09,0,1,0.38,1.88,0,0,0.38,1.68,0,0,0.38,1.5,0,0,0.38,1.34,0,60,0.39,1.18,0,10,0.38,1.02,0,2,0.38,0.89,0,2,0.38,0.76,0,6,0.37,0.65,0,0,0.37,0.56,3,9,0.37,0.48,0,30,0.37,0.42,0,572,0.38,0.36,0,0,0.38,0.31,0,7,0.38,0.26,0,7,0.38,0.21,0,31,0.37,0.06,0,13,0.38,0.07,0,12,0.38,0.09,0,22,0.38,0.13,0,131,0.38,0.18,0,32,0.38,0.24,0,67,0.38,0.32,2,7,0.38,0.41,0,42,0.38,0.51,0,10,0.38,0.63,0,0,0.38,0.76,0,11,0.38,0.9,2,2,0.38,1.05,0,0,0.38,1.21,0,0,0.38,1.38,0,5,0.37,1.57,0,0,0.37,1.77,0,0,0.38,1.98,0,0,0.38,2.19,0,0,0.38,2.35,0.0,4.0,0.38,0.05,0.0,21.0,0.38,0.18,0.0,21.0,0.37,2.41,0.0,0.0,0.38,2.44,0.0,0.0,0.38,0.04,0.0,6.0,0.37,2.53,0.0,0.0,0.38,0.03,0.0,1.0,0.37,2.62,0.0,0.0,0.37,0.02,0.0,40.0,0.35,2.71,0.0,0.0,0.36,0.01,0.0,5.0,0.33,2.81,0.0,0.0,0.38,0.01,0.0,0.0,0.34,0.16,0.0,0.0,0.38,2.64,0.0,0.0,0.38
2023-12-20 16:00:00,6.86,2.22,0,0,0.37,2.13,0,0,0.37,2.05,0,1,0.38,1.84,0,0,0.38,1.64,0,0,0.37,1.46,0,0,0.38,1.3,0,60,0.38,1.14,0,10,0.38,0.98,0,2,0.37,0.84,0,2,0.36,0.73,10,16,0.37,0.62,0,0,0.36,0.54,0,9,0.37,0.46,0,30,0.37,0.4,0,572,0.38,0.33,0,0,0.37,0.29,0,7,0.38,0.24,0,7,0.37,0.2,0,31,0.37,0.06,0,13,0.37,0.07,0,12,0.37,0.09,0,22,0.38,0.13,0,131,0.38,0.18,0,32,0.38,0.24,0,67,0.38,0.32,0,7,0.38,0.42,0,42,0.38,0.52,0,10,0.38,0.64,0,0,0.38,0.77,0,11,0.38,0.92,0,2,0.38,1.08,0,0,0.39,1.23,0,0,0.38,1.4,0,5,0.37,1.6,0,0,0.38,1.79,0,0,0.37,2.0,0,0,0.37,2.22,0,0,0.38,2.31,0.0,4.0,0.38,0.05,0.0,21.0,0.37,0.17,0.0,21.0,0.37,2.44,0.0,0.0,0.37,2.4,0.0,0.0,0.38,0.04,0.0,6.0,0.37,2.49,0.0,0.0,0.38,0.03,0.0,1.0,0.36,2.58,0.0,0.0,0.37,0.02,0.0,40.0,0.35,2.67,0.0,0.0,0.36,0.01,0.0,5.0,0.33,2.77,0.0,0.0,0.38,0.01,0.0,0.0,0.34,0.15,0.0,0.0,0.38,2.67,0.0,0.0,0.38
2023-12-21 16:00:00,6.85,2.21,0,0,0.38,2.12,0,0,0.37,2.04,0,1,0.38,1.83,0,0,0.38,1.63,0,0,0.37,1.45,0,0,0.38,1.29,0,60,0.38,1.12,0,10,0.37,0.97,0,2,0.37,0.84,0,2,0.37,0.72,0,16,0.37,0.61,0,0,0.36,0.53,0,9,0.37,0.45,0,30,0.37,0.39,0,572,0.37,0.33,0,0,0.37,0.28,0,7,0.37,0.24,0,7,0.38,0.2,0,31,0.38,0.06,0,13,0.37,0.07,0,12,0.37,0.09,0,22,0.38,0.13,0,131,0.38,0.18,30,62,0.38,0.25,0,67,0.38,0.33,0,7,0.38,0.42,0,42,0.38,0.53,0,10,0.39,0.65,0,0,0.39,0.78,0,11,0.38,0.92,0,2,0.38,1.08,0,0,0.38,1.23,0,0,0.37,1.41,0,5,0.37,1.6,0,0,0.37,1.8,0,0,0.37,2.01,0,0,0.37,2.23,0,0,0.38,2.3,0.0,4.0,0.38,0.05,0.0,21.0,0.37,0.17,0.0,21.0,0.38,2.45,0.0,0.0,0.38,2.39,0.0,0.0,0.38,0.04,0.0,6.0,0.37,2.48,0.0,0.0,0.38,0.03,0.0,1.0,0.36,2.57,0.0,0.0,0.37,0.02,0.0,40.0,0.35,2.66,0.0,0.0,0.36,0.01,0.0,5.0,0.33,2.76,0.0,0.0,0.39,0.01,0.0,0.0,0.34,0.14,0.0,0.0,0.38,2.68,0.0,0.0,0.38
2023-12-22 16:00:00,6.87,2.23,0,0,0.38,2.14,0,0,0.38,2.06,0,1,0.38,1.85,0,0,0.38,1.65,0,0,0.38,1.47,0,0,0.38,1.3,0,60,0.38,1.14,0,10,0.38,0.98,0,2,0.37,0.85,0,2,0.37,0.73,0,16,0.37,0.63,0,0,0.37,0.54,0,9,0.37,0.47,0,30,0.37,0.4,0,572,0.38,0.34,0,0,0.38,0.29,0,7,0.38,0.25,0,7,0.38,0.21,0,31,0.38,0.06,0,13,0.38,0.07,0,12,0.38,0.09,0,22,0.38,0.13,0,131,0.38,0.18,0,62,0.38,0.25,0,67,0.39,0.33,1,8,0.39,0.42,0,42,0.39,0.53,0,10,0.39,0.65,0,0,0.39,0.79,0,11,0.39,0.93,0,2,0.39,1.09,0,0,0.39,1.23,0,0,0.38,1.41,0,5,0.38,1.6,0,0,0.38,1.79,0,0,0.38,2.0,0,0,0.38,2.21,0,0,0.38,2.32,0.0,4.0,0.38,0.05,0.0,21.0,0.38,0.18,0.0,21.0,0.38,2.44,0.0,0.0,0.38,2.41,0.0,0.0,0.38,0.04,0.0,6.0,0.37,2.5,0.0,0.0,0.38,0.03,0.0,1.0,0.37,2.59,0.0,0.0,0.38,0.02,0.0,40.0,0.35,2.68,0.0,0.0,0.37,0.01,0.0,5.0,0.33,2.78,0.0,0.0,0.39,0.01,0.0,0.0,0.34,0.15,0.0,0.0,0.38,2.66,0.0,0.0,0.38
2023-12-27 16:00:00,6.96,2.31,0,0,0.38,2.22,0,0,0.38,2.13,0,1,0.38,1.92,0,0,0.38,1.72,0,0,0.38,1.54,0,0,0.38,1.38,0,60,0.39,1.22,0,10,0.39,1.06,0,2,0.39,0.92,0,2,0.38,0.79,0,16,0.38,0.68,0,0,0.38,0.58,0,9,0.37,0.49,0,30,0.37,0.43,0,572,0.38,0.37,0,0,0.38,0.31,0,7,0.38,0.27,0,7,0.38,0.22,0,31,0.38,0.05,0,13,0.37,0.06,0,12,0.37,0.08,0,22,0.39,0.12,0,131,0.39,0.16,0,62,0.38,0.23,0,67,0.39,0.3,30,33,0.39,0.39,0,42,0.39,0.49,0,10,0.39,0.6,0,0,0.39,0.72,0,11,0.38,0.86,0,2,0.38,1.01,0,0,0.38,1.17,0,0,0.38,1.36,0,5,0.39,1.55,0,0,0.39,1.74,0,0,0.39,1.93,0,0,0.38,2.14,0,0,0.38,2.4,0.0,4.0,0.39,0.04,0.0,21.0,0.37,0.19,0.0,21.0,0.38,2.36,0.0,0.0,0.38,2.49,0.0,0.0,0.38,0.03,0.0,6.0,0.36,2.58,0.0,0.0,0.38,0.02,0.0,1.0,0.35,2.67,0.0,0.0,0.37,0.01,0.0,40.0,0.33,2.77,0.0,0.0,0.39,0.01,0.0,5.0,0.34,2.86,0.0,0.0,0.37,0.01,0.0,0.0,0.36,0.16,0.0,0.0,0.38,2.58,0.0,0.0,0.38
2023-12-28 16:00:00,7.22,2.55,0,0,0.37,2.46,0,0,0.37,2.37,0,1,0.37,2.16,0,0,0.38,1.95,0,0,0.38,1.75,0,0,0.38,1.56,0,60,0.38,1.39,0,10,0.38,1.23,0,2,0.38,1.07,0,2,0.37,0.94,2,16,0.38,0.8,0,0,0.37,0.7,0,9,0.37,0.61,1,31,0.37,0.53,0,572,0.38,0.46,0,0,0.38,0.39,0,7,0.38,0.34,0,7,0.38,0.29,0,31,0.38,0.04,0,13,0.38,0.05,0,12,0.38,0.06,0,22,0.38,0.09,0,131,0.38,0.13,0,62,0.39,0.17,0,67,0.38,0.24,0,33,0.38,0.31,0,42,0.38,0.4,0,10,0.38,0.5,0,0,0.38,0.61,46,57,0.38,0.74,2,4,0.38,0.88,0,0,0.39,1.03,0,0,0.38,1.2,0,5,0.39,1.35,0,0,0.38,1.53,0,0,0.37,1.73,0,0,0.38,1.93,0,0,0.38,2.65,0.0,4.0,0.39,0.03,0.0,21.0,0.37,0.24,0.0,21.0,0.38,2.14,0.0,0.0,0.38,2.74,0.0,0.0,0.38,0.02,0.0,6.0,0.36,2.83,0.0,0.0,0.37,0.01,0.0,1.0,0.33,2.93,0.0,0.0,0.39,0.01,0.0,40.0,0.35,3.02,0.0,0.0,0.37,0.01,0.0,5.0,0.36,3.12,0.0,0.0,0.4,0.01,0.0,0.0,0.38,0.2,0.0,0.0,0.38,2.36,0.0,0.0,0.38
2023-12-29 16:00:00,7.26,2.59,0,0,0.37,2.5,0,0,0.38,2.41,0,1,0.38,2.19,0,0,0.38,1.98,0,0,0.38,1.78,0,0,0.38,1.59,0,60,0.38,1.41,0,10,0.37,1.26,0,2,0.38,1.1,0,2,0.38,0.96,0,16,0.37,0.83,0,0,0.37,0.71,0,9,0.37,0.61,0,31,0.37,0.52,0,572,0.37,0.45,0,0,0.37,0.39,0,7,0.37,0.34,0,7,0.38,0.29,3,34,0.38,0.03,0,13,0.36,0.04,0,12,0.37,0.05,0,22,0.37,0.08,0,131,0.38,0.12,0,62,0.38,0.17,0,67,0.38,0.23,0,33,0.38,0.3,1,43,0.38,0.38,0,10,0.38,0.48,0,0,0.38,0.6,0,57,0.39,0.72,1,5,0.38,0.86,0,0,0.39,1.0,0,0,0.38,1.17,0,5,0.39,1.32,0,0,0.37,1.5,0,0,0.37,1.7,0,0,0.38,1.89,0,0,0.37,2.68,0.0,4.0,0.37,0.02,0.0,21.0,0.35,0.24,0.0,21.0,0.37,2.1,0.0,0.0,0.37,2.78,0.0,0.0,0.39,0.01,2.0,8.0,0.32,2.87,0.0,0.0,0.38,0.01,0.0,1.0,0.34,2.96,0.0,0.0,0.35,0.01,0.0,40.0,0.35,3.06,0.0,0.0,0.38,0.01,0.0,5.0,0.37,3.16,0.0,0.0,0.4,0.01,0.0,0.0,0.38,0.2,0.0,0.0,0.37,2.32,0.0,0.0,0.38
2024-01-02 16:00:00,7.16,2.49,0,0,0.37,2.4,0,0,0.38,2.31,0,1,0.37,2.09,0,0,0.37,1.88,0,0,0.37,1.68,0,0,0.37,1.5,0,60,0.38,1.34,0,10,0.38,1.18,0,2,0.38,1.02,0,2,0.38,0.88,0,16,0.37,0.76,0,0,0.37,0.65,0,9,0.37,0.56,0,31,0.37,0.48,0,572,0.37,0.41,0,0,0.37,0.35,0,7,0.37,0.3,0,7,0.38,0.25,0,34,0.37,0.03,0,13,0.36,0.04,0,12,0.36,0.05,0,22,0.37,0.09,0,131,0.38,0.13,0,62,0.38,0.17,0,67,0.38,0.24,0,33,0.38,0.32,0,43,0.38,0.41,0,10,0.38,0.51,0,0,0.38,0.63,0,57,0.38,0.75,3,2,0.38,0.9,0,0,0.39,1.06,0,0,0.39,1.2,0,5,0.37,1.38,0,0,0.38,1.57,0,0,0.38,1.76,0,0,0.37,1.97,0,0,0.38,2.58,0.0,4.0,0.37,0.02,0.0,21.0,0.34,0.21,0.0,21.0,0.38,2.18,0.0,0.0,0.38,2.67,0.0,0.0,0.36,0.01,0.0,8.0,0.32,2.77,0.0,0.0,0.38,0.01,0.0,1.0,0.33,2.86,0.0,0.0,0.36,0.01,0.0,40.0,0.35,2.96,0.0,0.0,0.39,0.01,0.0,5.0,0.36,3.05,0.0,0.0,0.34,0.01,0.0,0.0,0.38,0.18,0.0,0.0,0.38,2.4,0.0,0.0,0.37
2024-01-03 16:00:00,7.11,2.44,0,0,0.38,2.35,0,0,0.38,2.26,0,1,0.37,2.04,0,0,0.37,1.84,0,0,0.38,1.64,0,0,0.38,1.46,0,60,0.38,1.3,0,10,0.39,1.13,0,2,0.38,0.98,0,2,0.37,0.84,0,16,0.37,0.73,0,0,0.37,0.62,0,9,0.37,0.53,0,31,0.37,0.45,0,572,0.37,0.39,0,0,0.37,0.34,0,7,0.38,0.28,0,7,0.38,0.24,0,34,0.38,0.04,0,13,0.38,0.05,0,12,0.38,0.06,0,22,0.38,0.09,0,131,0.38,0.13,0,62,0.38,0.19,0,67,0.38,0.25,0,33,0.38,0.33,0,43,0.38,0.43,0,10,0.39,0.53,0,0,0.38,0.65,0,57,0.39,0.78,0,2,0.38,0.92,0,0,0.38,1.08,0,0,0.38,1.24,0,5,0.38,1.41,0,0,0.38,1.6,0,0,0.37,1.8,0,0,0.38,2.01,0,0,0.38,2.53,0.0,4.0,0.37,0.03,0.0,21.0,0.37,0.2,0.0,21.0,0.38,2.22,0.0,0.0,0.37,2.62,0.0,0.0,0.36,0.02,0.0,8.0,0.36,2.72,0.0,0.0,0.38,0.01,0.0,1.0,0.33,2.81,0.0,0.0,0.37,0.01,0.0,40.0,0.34,2.91,0.0,0.0,0.39,0.01,0.0,5.0,0.36,3.0,0.0,0.0,0.36,0.01,0.0,0.0,0.37,0.17,0.0,0.0,0.38,2.45,0.0,0.0,0.38
2024-01-04 16:00:00,7.33,2.65,0,0,0.37,2.56,0,0,0.38,2.47,0,1,0.38,2.25,0,0,0.38,2.03,0,0,0.37,1.83,0,0,0.38,1.63,0,60,0.37,1.45,0,10,0.37,1.31,0,2,0.39,1.13,0,2,0.37,0.99,0,16,0.37,0.85,0,0,0.37,0.73,0,9,0.37,0.63,0,31,0.37,0.54,0,572,0.37,0.46,0,0,0.37,0.40,0,7,0.37,0.35,0,7,0.38,0.30,0,34,0.38,0.02,0,13,0.35,0.03,0,12,0.36,0.04,0,22,0.37,0.07,0,131,0.38,0.11,0,62,0.38,0.15,0,67,0.38,0.21,0,33,0.38,0.27,0,43,0.38,0.36,0,10,0.38,0.45,0,0,0.38,0.56,0,57,0.38,0.68,0,2,0.38,0.82,0,0,0.39,0.97,0,0,0.39,1.13,0,5,0.39,1.27,0,0,0.37,1.45,2,2,0.38,1.64,0,0,0.38,1.84,0,0,0.38,2.74,0,4,0.36,0.01,0,21,0.32,0.25,0,21,0.38,2.04,0,0,0.37,2.84,0,0,0.38,0.01,0,8,0.34,2.93,0,0,0.36,0.01,0,1,0.35,3.03,0,0,0.39,0.01,0,40,0.36,3.12,0,0,0.35,0.01,0,5,0.38,3.22,0,0,0.38,0.01,0,0,0.39,0.21,0,0,0.38,2.26,0,0,0.38
