time,close,C,C,C,C,C,C,C,C,C,C,C,C,C,C,C,C,C,C,C,C,C,C,C,C,C,C,C,C,C,C,C,C,C,C,C,C,C,C,C,C,C,C,C,C,C,C,C,C,C,C,C,C,C,C,C,C,C,C,C,C,C,C,C,C,C,C,C,C,C,C,C,C,C,C,C,C,C,C,C,C,C,C,C,C,C,C,C,C,C,C,C,C,C,C,C,C,C,C,C,C,P,P,P,P,P,P,P,P,P,P,P,P,P,P,P,P,P,P,P,P,P,P,P,P,P,P,P,P,P,P,P,P,P,P,P,P,P,P,P,P,P,P,P,P,P,P,P,P,P,P,P,P,P,P,P,P,P,P,P,P,P,P,P,P,P,P,P,P,P,P,P,P,P,P,P,P,P,P,P,P,P,P,P,P,P,P,P,P,P,P,P,P,P,P,P,P,P,P,P,P,C,C,C,C,P,P,P,P,C,C,C,C,P,P,P,P,C,C,C,C,P,P,P,P,C,C,C,C,C,C,C,C,C,C,C,C,P,P,P,P,P,P,P,P,P,P,P,P,C,C,C,C,P,P,P,P,C,C,C,C,P,P,P,P,C,C,C,C,C,C,C,C,P,P,P,P,P,P,P,P,C,C,C,C,P,P,P,P
time,close,39.00,39.00,39.00,39.00,40.00,40.00,40.00,40.00,41.00,41.00,41.00,41.00,42.00,42.00,42.00,42.00,43.00,43.00,43.00,43.00,44.00,44.00,44.00,44.00,45.00,45.00,45.00,45.00,46.00,46.00,46.00,46.00,47.00,47.00,47.00,47.00,48.00,48.00,48.00,48.00,49.00,49.00,49.00,49.00,50.00,50.00,50.00,50.00,52.50,52.50,52.50,52.50,55.00,55.00,55.00,55.00,57.50,57.50,57.50,57.50,60.00,60.00,60.00,60.00,62.50,62.50,62.50,62.50,65.00,65.00,65.00,65.00,67.50,67.50,67.50,67.50,70.00,70.00,70.00,70.00,72.50,72.50,72.50,72.50,75.00,75.00,75.00,75.00,77.50,77.50,77.50,77.50,80.00,80.00,80.00,80.00,82.50,82.50,82.50,82.50,39.00,39.00,39.00,39.00,40.00,40.00,40.00,40.00,41.00,41.00,41.00,41.00,42.00,42.00,42.00,42.00,43.00,43.00,43.00,43.00,44.00,44.00,44.00,44.00,45.00,45.00,45.00,45.00,46.00,46.00,46.00,46.00,47.00,47.00,47.00,47.00,48.00,48.00,48.00,48.00,49.00,49.00,49.00,49.00,50.00,50.00,50.00,50.00,52.50,52.50,52.50,52.50,55.00,55.00,55.00,55.00,57.50,57.50,57.50,57.50,60.00,60.00,60.00,60.00,62.50,62.50,62.50,62.50,65.00,65.00,65.00,65.00,67.50,67.50,67.50,67.50,70.00,70.00,70.00,70.00,72.50,72.50,72.50,72.50,75.00,75.00,75.00,75.00,77.50,77.50,77.50,77.50,80.00,80.00,80.00,80.00,82.50,82.50,82.50,82.50,38.00,38.00,38.00,38.00,38.00,38.00,38.00,38.00,37.00,37.00,37.00,37.00,37.00,37.00,37.00,37.00,36.00,36.00,36.00,36.00,36.00,36.00,36.00,36.00,33.00,33.00,33.00,33.00,34.00,34.00,34.00,34.00,35.00,35.00,35.00,35.00,33.00,33.00,33.00,33.00,34.00,34.00,34.00,34.00,35.00,35.00,35.00,35.00,32.00,32.00,32.00,32.00,32.00,32.00,32.00,32.00,31.00,31.00,31.00,31.00,31.00,31.00,31.00,31.00,29.00,29.00,29.00,29.00,30.00,30.00,30.00,30.00,29.00,29.00,29.00,29.00,30.00,30.00,30.00,30.00,28.00,28.00,28.00,28.00,28.00,28.00,28.00,28.00
time,close,settle,volume,oi,imp_vol,settle,volume,oi,imp_vol,settle,volume,oi,imp_vol,settle,volume,oi,imp_vol,settle,volume,oi,imp_vol,settle,volume,oi,imp_vol,settle,volume,oi,imp_vol,settle,volume,oi,imp_vol,settle,volume,oi,imp_vol,settle,volume,oi,imp_vol,settle,volume,oi,imp_vol,settle,volume,oi,imp_vol,settle,volume,oi,imp_vol,settle,volume,oi,imp_vol,settle,volume,oi,imp_vol,settle,volume,oi,imp_vol,settle,volume,oi,imp_vol,settle,volume,oi,imp_vol,settle,volume,oi,imp_vol,settle,volume,oi,imp_vol,settle,volume,oi,imp_vol,settle,volume,oi,imp_vol,settle,volume,oi,imp_vol,settle,volume,oi,imp_vol,settle,volume,oi,imp_vol,settle,volume,oi,imp_vol,settle,volume,oi,imp_vol,settle,volume,oi,imp_vol,settle,volume,oi,imp_vol,settle,volume,oi,imp_vol,settle,volume,oi,imp_vol,settle,volume,oi,imp_vol,settle,volume,oi,imp_vol,settle,volume,oi,imp_vol,settle,volume,oi,imp_vol,settle,volume,oi,imp_vol,settle,volume,oi,imp_vol,settle,volume,oi,imp_vol,settle,volume,oi,imp_vol,settle,volume,oi,imp_vol,settle,volume,oi,imp_vol,settle,volume,oi,imp_vol,settle,volume,oi,imp_vol,settle,volume,oi,imp_vol,settle,volume,oi,imp_vol,settle,volume,oi,imp_vol,settle,volume,oi,imp_vol,settle,volume,oi,imp_vol,settle,volume,oi,imp_vol,settle,volume,oi,imp_vol,settle,volume,oi,imp_vol,settle,volume,oi,imp_vol,settle,volume,oi,imp_vol,settle,volume,oi,imp_vol,settle,volume,oi,imp_vol,settle,volume,oi,imp_vol,settle,volume,oi,imp_vol,settle,volume,oi,imp_vol,settle,volume,oi,imp_vol,settle,volume,oi,imp_vol,settle,volume,oi,imp_vol,settle,volume,oi,imp_vol,settle,volume,oi,imp_vol,settle,volume,oi,imp_vol,settle,volume,oi,imp_vol,settle,volume,oi,imp_vol,settle,volume,oi,imp_vol,settle,volume,oi,imp_vol,settle,volume,oi,imp_vol,settle,volume,oi,imp_vol,settle,volume,oi,imp_vol,settle,volume,oi,imp_vol
2023-09-04 16:00:00,51.65,15.93,0,0,0.35,15.17,0,0,0.35,14.43,0,0,0.34,13.72,0,0,0.34,13.02,0,0,0.34,12.34,0,0,0.33,11.69,0,0,0.33,11.06,0,0,0.33,10.45,0,0,0.33,9.84,0,0,0.33,9.28,0,0,0.32,8.74,0,0,0.32,7.5,0,0,0.32,6.42,0,0,0.32,5.47,0,0,0.32,4.66,0,0,0.32,3.95,0,0,0.32,3.34,0,0,0.31,2.83,0,0,0.32,2.39,0,0,0.32,2.01,0,0,0.32,1.71,0,0,0.32,1.46,0,0,0.32,1.23,0,0,0.32,1.02,0,0,0.32,1.32,0,13,0.32,1.55,0,0,0.32,1.8,0,0,0.32,2.05,0,0,0.32,2.37,0,0,0.32,2.69,0,0,0.32,3.02,0,0,0.32,3.41,0,0,0.32,3.8,0,0,0.32,4.19,0,0,0.32,4.6,0,0,0.32,5.05,0,0,0.32,6.26,0,0,0.31,7.65,0,0,0.31,9.18,0,0,0.31,10.88,0,0,0.31,12.71,0,0,0.31,14.67,0,0,0.31,16.74,0,0,0.31,18.91,0,0,0.31,21.18,0,0,0.31,23.52,0,0,0.31,25.97,0,0,0.32,28.4,0,0,0.32,30.85,0,0,,,,,,,,,,,,,,,,,,,,,,,,,,,,,,,,,,,,,,,,,,,,,,,,,,,,,,,,,,,,,,,,,,,,,,,,,,,,,,,,,,,,,,,,,
2023-09-05 16:00:00,50.7,15.01,0,0,0.34,14.27,0,0,0.34,13.55,0,0,0.34,12.85,0,0,0.33,12.17,0,0,0.33,11.52,0,0,0.33,10.88,0,0,0.33,10.28,0,0,0.33,9.69,0,0,0.33,9.15,0,0,0.32,8.61,0,0,0.32,8.09,0,0,0.32,6.92,0,0,0.32,5.91,0,0,0.32,5.01,0,0,0.32,4.24,0,0,0.32,3.58,0,0,0.32,3.03,0,0,0.32,2.55,0,0,0.32,2.16,0,0,0.32,1.83,0,0,0.32,1.55,0,0,0.32,1.31,0,0,0.32,1.08,0,0,0.32,0.91,0,0,0.32,1.46,0,13,0.32,1.71,0,0,0.32,1.97,0,0,0.32,2.27,0,0,0.32,2.59,0,0,0.32,2.92,0,0,0.32,3.3,0,0,0.32,3.7,0,0,0.32,4.11,0,0,0.32,4.55,0,0,0.32,4.98,0,0,0.32,5.41,0,0,0.32,6.71,2,2,0.32,8.18,0,0,0.32,9.81,0,0,0.32,11.58,0,0,0.32,13.48,0,0,0.32,15.5,0,0,0.32,17.63,0,0,0.32,19.86,0,0,0.32,22.17,0,0,0.32,24.54,0,0,0.33,26.88,0,0,0.32,29.32,0,0,0.32,31.8,0,0,,,,,,,,,,,,,,,,,,,,,,,,,,,,,,,,,,,,,,,,,,,,,,,,,,,,,,,,,,,,,,,,,,,,,,,,,,,,,,,,,,,,,,,,,
2023-09-06 16:00:00,50.45,14.66,0,0,0.33,13.92,0,0,0.33,13.21,0,0,0.33,12.51,0,0,0.32,11.84,0,0,0.32,11.31,0,0,0.33,10.67,0,0,0.33,10.05,0,0,0.32,9.48,0,0,0.32,8.87,0,0,0.32,8.33,0,0,0.32,7.83,0,0,0.32,6.66,0,0,0.31,5.65,0,0,0.31,4.78,0,0,0.31,4.04,0,0,0.31,3.4,0,0,0.31,2.86,0,0,0.31,2.41,0,0,0.31,2.03,0,0,0.31,1.72,0,0,0.32,1.44,0,0,0.32,1.21,0,0,0.32,0.99,0,0,0.32,0.84,0,0,0.32,1.45,0,13,0.32,1.7,0,0,0.32,1.95,0,0,0.32,2.26,0,0,0.32,2.58,0,0,0.32,2.91,0,0,0.32,3.3,1,1,0.32,3.7,0,0,0.32,4.11,0,0,0.32,4.54,0,0,0.32,4.98,0,0,0.32,5.46,1,1,0.32,6.76,0,2,0.31,8.24,0,0,0.31,9.87,0,0,0.31,11.6,0,0,0.31,13.51,0,0,0.31,15.67,0,0,0.32,17.83,0,0,0.32,20.08,0,0,0.32,22.42,0,0,0.33,24.7,0,0,0.31,27.12,0,0,0.31,29.58,0,0,0.31,32.06,0,0,0.31,15.42,0.0,0.0,0.33,1.23,0.0,0.0,0.32,,,,,,,,,,,,,,,,,,,,,,,,,,,,,,,,,,,,,,,,,,,,,,,,,,,,,,,,,,,,,,,,,,,,,,,,,,,,,,,,
2023-09-07 16:00:00,49.7,14.12,0,0,0.34,13.39,0,0,0.34,12.69,0,0,0.33,12.0,0,0,0.33,11.34,0,0,0.33,10.7,0,0,0.33,10.09,0,0,0.32,9.49,0,0,0.32,8.88,0,0,0.32,8.35,0,0,0.32,7.83,0,0,0.32,7.35,0,0,0.32,6.24,0,0,0.31,5.28,0,0,0.31,4.45,0,0,0.31,3.75,0,0,0.31,3.16,0,0,0.31,2.65,0,0,0.31,2.23,0,0,0.31,1.88,0,0,0.32,1.58,0,0,0.32,1.32,0,0,0.32,1.09,0,0,0.32,0.91,0,0,0.32,0.75,0,0,0.32,1.58,0,13,0.32,1.83,0,0,0.32,2.11,0,0,0.32,2.43,0,0,0.32,2.75,0,0,0.32,3.12,0,0,0.32,3.52,0,1,0.32,3.93,0,0,0.32,4.37,0,0,0.32,4.81,0,0,0.32,5.24,0,0,0.32,5.77,0,1,0.32,7.09,0,2,0.31,8.66,1,1,0.31,10.37,0,0,0.31,12.2,0,0,0.31,14.18,0,0,0.32,16.17,0,0,0.31,18.36,0,0,0.31,20.64,0,0,0.31,23.0,0,0,0.31,25.42,0,0,0.31,27.86,0,0,0.32,30.33,0,0,0.32,32.81,0,0,0.32,14.86,0.0,0.0,0.34,1.33,0.0,0.0,0.32,,,,,,,,,,,,,,,,,,,,,,,,,,,,,,,,,,,,,,,,,,,,,,,,,,,,,,,,,,,,,,,,,,,,,,,,,,,,,,,,
2023-09-11 16:00:00,49.4,13.77,0,0,0.33,13.05,0,0,0.33,12.36,0,0,0.33,11.56,0,0,0.32,10.92,0,0,0.32,10.29,0,0,0.32,9.69,0,0,0.32,9.11,0,0,0.32,8.65,0,0,0.32,8.12,0,0,0.32,7.61,0,0,0.32,7.13,0,0,0.32,6.04,0,0,0.32,5.1,0,0,0.31,4.24,0,0,0.31,3.56,0,0,0.31,2.99,0,0,0.31,2.51,0,0,0.31,2.1,0,0,0.31,1.77,0,0,0.31,1.49,0,0,0.32,1.26,0,0,0.32,1.05,0,0,0.32,0.88,0,0,0.32,0.72,0,0,0.32,1.64,0,13,0.32,1.9,0,0,0.32,2.19,0,0,0.32,2.51,0,0,0.32,2.84,0,0,0.32,3.23,0,0,0.32,3.63,0,1,0.32,4.04,0,0,0.32,4.47,0,0,0.32,4.91,0,0,0.32,5.35,0,0,0.32,5.9,0,1,0.32,7.29,0,2,0.32,8.86,0,1,0.32,10.59,0,0,0.32,12.45,0,0,0.32,14.44,0,0,0.32,16.57,0,0,0.32,18.83,0,0,0.33,20.97,0,0,0.32,23.35,0,0,0.32,25.73,0,0,0.32,28.18,0,0,0.32,30.66,0,0,0.32,33.16,0,0,0.34,14.51,0.0,0.0,0.34,1.39,13.0,13.0,0.32,,,,,,,,,,,,,,,,,,,,,,,,,,,,,,,,,,,,,,,,,,,,,,,,,,,,,,,,,,,,,,,,,,,,,,,,,,,,,,,,
2023-09-12 16:00:00,50.1,14.39,0,0,0.34,13.66,0,0,0.34,12.95,0,0,0.33,12.26,0,0,0.33,11.59,0,0,0.33,11.05,0,0,0.33,10.42,0,0,0.33,9.81,0,0,0.33,9.23,0,0,0.33,8.65,0,0,0.32,8.12,0,0,0.32,7.62,0,0,0.32,6.47,0,0,0.32,5.48,0,0,0.32,4.68,0,0,0.32,3.94,0,0,0.32,3.31,0,0,0.32,2.78,0,0,0.32,2.34,0,0,0.32,1.96,0,0,0.32,1.63,0,0,0.32,1.35,0,0,0.32,1.12,0,0,0.32,0.93,0,0,0.32,0.77,0,0,0.32,1.49,0,13,0.32,1.74,0,0,0.32,1.99,0,0,0.32,2.31,0,0,0.32,2.63,0,0,0.32,2.98,0,0,0.32,3.36,0,1,0.32,3.71,0,0,0.32,4.1,0,0,0.31,4.56,0,0,0.31,4.98,0,0,0.31,5.45,0,1,0.31,6.82,0,2,0.31,8.31,0,1,0.31,9.97,0,0,0.31,11.73,0,0,0.3,13.77,0,0,0.31,15.72,0,0,0.3,18.01,0,0,0.31,20.29,0,0,0.31,22.64,0,0,0.31,25.05,0,0,0.31,27.49,0,0,0.31,29.97,0,0,0.32,32.46,0,0,0.34,15.13,0.0,0.0,0.34,1.26,0.0,13.0,0.32,15.9,0.0,0.0,0.34,1.07,0.0,0.0,0.32,,,,,,,,,,,,,,,,,,,,,,,,,,,,,,,,,,,,,,,,,,,,,,,,,,,,,,,,,,,,,,,,,,,,,,,,
2023-09-13 16:00:00,50.2,14.17,0,0,0.31,13.66,0,0,0.33,12.92,0,0,0.33,12.24,0,0,0.32,11.57,0,0,0.32,10.92,0,0,0.32,10.29,0,0,0.32,9.68,0,0,0.32,9.1,0,0,0.32,8.6,0,0,0.32,8.07,0,0,0.32,7.57,0,0,0.32,6.43,0,0,0.31,5.44,0,0,0.31,4.58,0,0,0.31,3.84,0,0,0.31,3.23,0,0,0.31,2.71,0,0,0.31,2.28,2,2,0.31,1.89,0,0,0.31,1.61,0,0,0.31,1.35,0,0,0.32,1.12,0,0,0.32,0.92,0,0,0.32,0.76,0,0,0.31,1.45,0,13,0.32,1.7,13,13,0.32,1.96,0,0,0.32,2.27,0,0,0.32,2.59,0,0,0.32,2.92,0,0,0.32,3.32,0,1,0.32,3.72,0,0,0.32,4.13,0,0,0.32,4.57,0,0,0.32,5.02,3,3,0.32,5.5,0,1,0.32,6.81,0,2,0.31,8.3,0,1,0.31,9.96,0,0,0.31,11.82,0,0,0.31,13.76,0,0,0.31,15.82,0,0,0.31,17.96,0,0,0.31,20.21,0,0,0.31,22.55,0,0,0.31,24.95,0,0,0.31,27.39,0,0,0.31,29.88,0,0,0.33,32.37,0,0,0.34,14.92,0.0,0.0,0.31,1.23,0.0,13.0,0.32,15.7,0.0,0.0,0.31,1.04,0.0,0.0,0.32,,,,,,,,,,,,,,,,,,,,,,,,,,,,,,,,,,,,,,,,,,,,,,,,,,,,,,,,,,,,,,,,,,,,,,,,
2023-09-14 16:00:00,50.25,14.2,0,0,0.31,13.74,0,0,0.33,13.07,0,0,0.33,12.38,0,0,0.33,11.7,0,0,0.33,11.05,0,0,0.33,10.42,0,0,0.33,9.82,0,0,0.32,9.24,0,0,0.32,8.69,0,0,0.32,8.11,0,0,0.32,7.6,0,0,0.32,6.45,0,0,0.31,5.46,0,0,0.31,4.6,0,0,0.31,3.87,0,0,0.31,3.25,0,0,0.31,2.72,0,0,0.31,2.28,0,2,0.31,1.92,0,0,0.31,1.61,0,0,0.31,1.34,0,0,0.32,1.11,0,0,0.31,0.92,0,0,0.32,0.76,0,0,0.31,1.43,0,13,0.32,1.68,0,13,0.32,1.94,0,0,0.32,2.24,0,0,0.32,2.56,0,0,0.32,2.9,0,0,0.32,3.29,0,1,0.32,3.69,0,0,0.32,4.09,0,0,0.32,4.52,0,0,0.32,4.96,0,3,0.31,5.44,0,1,0.31,6.76,0,2,0.31,8.25,0,1,0.31,9.9,0,0,0.31,11.72,0,0,0.31,13.68,0,0,0.31,15.76,0,0,0.31,17.91,0,0,0.31,20.17,0,0,0.31,22.51,0,0,0.31,24.92,0,0,0.31,27.36,0,0,0.31,29.84,0,0,0.31,32.34,0,0,0.33,14.95,0.0,0.0,0.31,1.22,0.0,13.0,0.32,15.73,0.0,0.0,0.31,1.03,0.0,0.0,0.32,,,,,,,,,,,,,,,,,,,,,,,,,,,,,,,,,,,,,,,,,,,,,,,,,,,,,,,,,,,,,,,,,,,,,,,,
2023-09-15 16:00:00,50.5,14.4,0,0,0.31,13.68,0,0,0.31,13.36,0,0,0.34,12.65,0,0,0.34,11.98,0,0,0.34,11.31,0,0,0.33,10.69,0,0,0.33,10.09,0,0,0.33,9.49,0,0,0.33,8.95,0,0,0.33,8.43,0,0,0.33,7.77,0,0,0.32,6.76,0,0,0.32,5.64,0,0,0.32,4.85,0,0,0.32,4.03,0,0,0.31,3.42,1,1,0.32,2.87,0,0,0.32,2.39,0,2,0.32,2.0,0,0,0.32,1.67,0,0,0.32,1.38,0,0,0.32,1.15,0,0,0.32,0.92,0,0,0.31,0.79,0,0,0.32,1.35,0,13,0.31,1.64,0,13,0.32,1.89,0,0,0.32,2.18,0,0,0.32,2.5,0,0,0.32,2.83,0,0,0.32,3.2,0,1,0.32,3.56,0,0,0.32,3.95,0,0,0.32,4.36,0,0,0.31,4.81,0,3,0.31,5.19,0,1,0.31,6.47,0,2,0.3,8.02,0,1,0.31,9.71,0,0,0.31,11.38,0,0,0.3,13.29,0,0,0.3,15.33,0,0,0.3,17.49,0,0,0.29,19.94,0,0,0.31,22.27,0,0,0.31,24.67,0,0,0.31,27.12,0,0,0.31,29.6,0,0,0.32,32.1,0,0,0.34,15.17,0.0,0.0,0.31,1.15,0.0,13.0,0.31,15.94,0.0,0.0,0.31,0.99,0.0,0.0,0.32,,,,,,,,,,,,,,,,,,,,,,,,,,,,,,,,,,,,,,,,,,,,,,,,,,,,,,,,,,,,,,,,,,,,,,,,
2023-09-18 16:00:00,51.4,15.16,0,0,0.31,14.41,0,0,0.31,13.69,0,0,0.31,13.36,0,0,0.34,12.68,0,0,0.34,12.0,0,0,0.33,11.33,0,0,0.33,10.71,0,0,0.33,10.1,0,0,0.33,9.32,0,0,0.32,8.78,0,0,0.31,8.37,0,0,0.32,7.14,1,1,0.32,6.06,0,0,0.32,5.02,0,0,0.31,4.39,0,0,0.32,3.56,0,1,0.31,3.11,0,0,0.31,2.56,0,2,0.31,2.11,0,0,0.31,1.81,0,0,0.31,1.52,0,0,0.32,1.27,0,0,0.31,1.01,0,0,0.31,0.82,0,0,0.31,1.21,0,13,0.31,1.47,0,13,0.32,1.72,0,0,0.32,1.97,0,0,0.32,2.28,0,0,0.32,2.6,0,0,0.32,2.93,0,1,0.32,3.28,0,0,0.32,3.64,0,0,0.31,3.97,0,0,0.31,4.44,0,3,0.31,4.81,0,1,0.31,6.18,0,2,0.31,7.6,0,1,0.31,9.07,0,0,0.3,10.77,0,0,0.3,12.63,0,0,0.3,14.62,0,0,0.3,16.74,0,0,0.29,19.15,0,0,0.31,21.45,0,0,0.31,23.82,0,0,0.31,26.26,0,0,0.31,28.73,0,0,0.31,31.23,0,0,0.33,15.94,0.0,0.0,0.31,1.03,0.0,13.0,0.31,16.72,0.0,0.0,0.31,0.87,0.0,0.0,0.31,,,,,,,,,,,,,,,,,,,,,,,,,,,,,,,,,,,,,,,,,,,,,,,,,,,,,,,,,,,,,,,,,,,,,,,,
2023-09-19 16:00:00,51.3,15.04,0,0,0.31,14.28,0,0,0.31,13.56,0,0,0.31,13.1,0,0,0.33,12.4,0,0,0.32,11.72,0,0,0.32,11.07,0,0,0.32,10.44,0,0,0.32,9.83,0,0,0.32,9.2,0,0,0.31,8.74,0,0,0.32,8.21,0,0,0.32,6.99,0,1,0.31,5.93,0,0,0.31,4.92,0,0,0.31,4.18,0,0,0.31,3.48,0,1,0.31,2.97,0,0,0.31,2.48,0,2,0.31,2.1,0,0,0.31,1.77,0,0,0.31,1.45,0,0,0.31,1.21,0,0,0.31,0.96,0,0,0.31,0.83,0,0,0.31,1.19,0,13,0.31,1.44,0,13,0.31,1.69,0,0,0.31,1.95,0,0,0.31,2.25,0,0,0.31,2.57,0,0,0.31,2.9,0,1,0.31,3.3,0,0,0.31,3.66,0,0,0.31,4.05,0,0,0.31,4.47,0,3,0.31,4.96,0,1,0.31,6.14,0,2,0.31,7.6,0,1,0.31,9.19,0,0,0.31,10.95,0,0,0.31,12.84,0,0,0.31,14.85,0,0,0.31,16.99,0,0,0.31,19.21,0,0,0.31,21.52,0,0,0.31,23.9,0,0,0.31,26.35,0,0,0.31,28.84,0,0,0.32,31.34,0,0,0.34,15.81,0.0,0.0,0.31,1.01,0.0,13.0,0.31,16.6,0.0,0.0,0.31,0.86,0.0,0.0,0.31,,,,,,,,,,,,,,,,,,,,,,,,,,,,,,,,,,,,,,,,,,,,,,,,,,,,,,,,,,,,,,,,,,,,,,,,
2023-09-20 16:00:00,51.55,15.23,0,0,0.31,14.46,0,0,0.31,13.74,0,0,0.31,13.41,0,0,0.34,12.7,0,0,0.33,12.01,0,0,0.33,11.34,0,0,0.33,10.7,0,0,0.32,10.08,0,0,0.32,9.52,0,0,0.32,8.97,0,0,0.32,8.45,0,0,0.32,7.22,0,1,0.32,6.1,0,0,0.31,5.17,0,0,0.31,4.37,0,0,0.31,3.63,0,1,0.31,3.04,0,0,0.31,2.54,0,2,0.31,2.11,0,0,0.31,1.78,0,0,0.31,1.45,0,0,0.31,1.22,0,0,0.31,0.96,0,0,0.31,0.83,0,0,0.31,1.14,0,13,0.31,1.37,0,13,0.31,1.62,0,0,0.31,1.87,0,0,0.31,2.16,0,0,0.31,2.48,0,0,0.31,2.8,0,1,0.31,3.11,0,0,0.31,3.46,0,0,0.31,3.83,0,0,0.31,4.24,0,3,0.3,4.73,0,1,0.3,5.93,2,2,0.3,7.32,0,1,0.3,8.86,0,0,0.3,10.63,0,0,0.3,12.48,0,0,0.3,14.47,0,0,0.29,16.59,0,0,0.29,18.97,0,0,0.31,21.28,0,0,0.31,23.66,0,0,0.31,26.1,0,0,0.3,28.6,0,0,0.32,31.1,0,0,0.34,16.01,0.0,0.0,0.31,0.95,0.0,13.0,0.31,16.8,0.0,0.0,0.31,0.81,0.0,0.0,0.31,,,,,,,,,,,,,,,,,,,,,,,,,,,,,,,,,,,,,,,,,,,,,,,,,,,,,,,,,,,,,,,,,,,,,,,,
2023-09-21 16:00:00,51.05,14.82,0,0,0.31,14.07,0,0,0.31,13.55,0,0,0.33,12.84,0,0,0.32,12.14,0,0,0.32,11.47,0,0,0.32,10.82,0,0,0.32,10.2,0,0,0.32,9.6,0,0,0.32,9.03,0,0,0.31,8.54,0,0,0.32,8.02,1,1,0.32,6.81,1,1,0.31,5.66,0,0,0.31,4.81,0,0,0.31,4.08,0,0,0.31,3.4,0,1,0.31,2.88,0,0,0.31,2.36,0,2,0.31,2.02,0,0,0.31,1.66,0,0,0.31,1.39,0,0,0.31,1.18,0,0,0.31,0.94,0,0,0.31,0.8,0,0,0.31,1.23,0,13,0.31,1.5,0,13,0.31,1.75,0,0,0.31,2.01,0,0,0.32,2.32,0,0,0.32,2.64,0,0,0.32,2.99,0,1,0.32,3.39,0,0,0.32,3.76,0,0,0.32,4.18,0,0,0.32,4.62,0,3,0.31,5.07,0,1,0.31,6.32,0,2,0.31,7.73,0,1,0.31,9.38,0,0,0.31,11.15,0,0,0.31,13.05,0,0,0.31,15.09,0,0,0.31,17.22,0,0,0.31,19.43,0,0,0.31,21.76,0,0,0.31,24.15,0,0,0.31,26.61,0,0,0.32,29.11,0,0,0.33,31.61,0,0,0.35,15.59,0.0,0.0,0.31,1.05,0.0,13.0,0.31,16.37,0.0,0.0,0.31,0.89,0.0,0.0,0.31,,,,,,,,,,,,,,,,,,,,,,,,,,,,,,,,,,,,,,,,,,,,,,,,,,,,,,,,,,,,,,,,,,,,,,,,
2023-09-22 16:00:00,51.5,15.17,0,0,0.31,14.4,0,0,0.31,13.68,0,0,0.31,12.96,0,0,0.31,12.27,0,0,0.31,11.62,0,0,0.31,10.96,0,0,0.31,10.36,0,0,0.31,9.77,0,0,0.31,9.17,0,0,0.31,8.66,0,0,0.31,8.13,0,1,0.31,6.93,0,1,0.31,5.84,0,0,0.3,4.96,0,0,0.31,4.17,0,0,0.3,3.53,0,1,0.31,2.96,0,0,0.31,2.43,0,2,0.3,2.09,0,0,0.31,1.76,0,0,0.31,1.44,0,0,0.31,1.19,0,0,0.31,0.95,0,0,0.31,0.82,0,0,0.31,1.14,0,13,0.31,1.37,0,13,0.31,1.62,0,0,0.31,1.87,0,0,0.31,2.16,0,0,0.31,2.48,0,0,0.31,2.81,0,1,0.31,3.19,0,0,0.31,3.58,0,0,0.31,3.99,0,0,0.31,4.45,0,3,0.31,4.93,0,1,0.31,6.18,0,2,0.31,7.56,0,1,0.31,9.23,0,0,0.31,10.83,0,0,0.31,12.69,0,0,0.31,14.69,0,0,0.31,16.8,0,0,0.31,19.01,0,0,0.31,21.32,0,0,0.31,23.72,0,0,0.31,26.17,0,0,0.31,28.67,0,0,0.33,31.17,0,0,0.34,15.95,0.0,0.0,0.31,0.95,0.0,13.0,0.31,16.74,0.0,0.0,0.31,0.81,0.0,0.0,0.31,,,,,,,,,,,,,,,,,,,,,,,,,,,,,,,,,,,,,,,,,,,,,,,,,,,,,,,,,,,,,,,,,,,,,,,,
2023-09-25 16:00:00,48.55,13.02,0,0,0.35,12.31,0,0,0.35,11.64,0,0,0.34,10.96,0,0,0.34,10.34,0,0,0.34,9.74,0,0,0.34,9.14,0,0,0.34,8.61,0,0,0.33,8.08,0,0,0.33,7.56,0,0,0.33,7.1,0,0,0.33,6.66,1,1,0.33,5.6,0,1,0.33,4.69,1,1,0.33,3.91,0,0,0.32,3.25,0,0,0.32,2.7,0,1,0.32,2.24,0,0,0.32,1.86,0,2,0.32,1.54,0,0,0.32,1.29,0,0,0.32,1.03,0,0,0.32,0.85,0,0,0.32,0.7,0,0,0.32,0.59,0,0,0.32,1.78,0,13,0.32,2.06,0,13,0.32,2.38,0,0,0.32,2.71,0,0,0.33,3.04,0,0,0.32,3.39,0,0,0.32,3.77,0,1,0.32,4.16,0,0,0.32,4.6,0,0,0.31,5.05,0,0,0.31,5.54,0,3,0.31,6.06,0,1,0.31,7.49,0,2,0.31,9.04,0,1,0.3,10.84,0,0,0.31,12.74,0,0,0.3,14.79,0,0,0.31,16.95,0,0,0.31,19.29,0,0,0.32,21.59,0,0,0.32,23.99,0,0,0.32,26.49,0,0,0.34,28.99,0,0,0.36,31.49,0,0,0.38,33.99,0,0,0.4,13.36,0.0,0.0,0.32,1.53,0.0,13.0,0.32,14.09,0.0,0.0,0.32,1.28,1.0,1.0,0.32,,,,,,,,,,,,,,,,,,,,,,,,,,,,,,,,,,,,,,,,,,,,,,,,,,,,,,,,,,,,,,,,,,,,,,,,
2023-09-26 16:00:00,48.3,12.78,0,0,0.35,12.08,0,0,0.34,11.4,0,0,0.34,10.73,0,0,0.34,10.12,0,0,0.34,9.52,0,0,0.34,8.92,0,0,0.33,8.4,0,0,0.33,7.88,0,0,0.33,7.36,0,0,0.33,6.91,0,0,0.33,6.45,0,1,0.33,5.4,0,1,0.32,4.5,0,1,0.32,3.73,0,0,0.32,3.1,0,0,0.32,2.57,0,1,0.32,2.11,0,0,0.32,1.75,0,2,0.32,1.45,0,0,0.32,1.23,0,0,0.32,0.97,0,0,0.32,0.8,0,0,0.32,0.65,0,0,0.32,0.55,0,0,0.32,1.8,0,13,0.32,2.09,0,13,0.32,2.41,0,0,0.32,2.74,0,0,0.32,3.11,0,0,0.32,3.47,0,0,0.32,3.84,0,1,0.32,4.25,0,0,0.32,4.68,0,0,0.31,5.15,0,0,0.31,5.64,0,3,0.31,6.16,0,1,0.31,7.6,0,2,0.31,9.22,0,1,0.31,10.99,0,0,0.31,12.92,0,0,0.31,14.98,0,0,0.31,17.26,0,0,0.32,19.49,0,0,0.32,21.81,0,0,0.32,24.28,0,0,0.34,26.77,0,0,0.35,29.27,0,0,0.37,31.77,0,0,0.39,34.27,0,0,0.41,13.13,0.0,0.0,0.32,1.55,0.0,13.0,0.32,13.85,0.0,0.0,0.32,1.3,0.0,1.0,0.32,,,,,,,,,,,,,,,,,,,,,,,,,,,,,,,,,,,,,,,,,,,,,,,,,,,,,,,,,,,,,,,,,,,,,,,,
2023-09-27 16:00:00,48.0,12.45,0,0,0.34,11.75,0,0,0.34,11.08,0,0,0.34,10.41,0,0,0.33,9.81,0,0,0.33,9.2,0,0,0.33,8.62,0,0,0.33,8.1,0,0,0.33,7.57,0,0,0.33,7.08,0,0,0.32,6.61,1,1,0.32,6.15,0,1,0.32,5.13,0,1,0.32,4.26,0,1,0.32,3.53,0,0,0.32,2.91,2,2,0.31,2.4,0,1,0.31,1.98,0,0,0.31,1.64,0,2,0.31,1.35,0,0,0.32,1.11,1,1,0.32,0.87,0,0,0.31,0.72,0,0,0.31,0.58,0,0,0.31,0.49,0,0,0.32,1.79,0,13,0.32,2.08,0,13,0.32,2.4,61,61,0.32,2.74,0,0,0.32,3.11,0,0,0.32,3.47,0,0,0.32,3.86,0,1,0.31,4.27,0,0,0.31,4.71,0,0,0.31,5.18,10,10,0.31,5.68,0,3,0.31,6.22,10,11,0.31,7.68,0,2,0.3,9.35,0,1,0.3,11.1,0,0,0.3,13.04,0,0,0.3,15.13,0,0,0.3,17.45,0,0,0.31,19.71,0,0,0.31,22.06,0,0,0.31,24.5,0,0,,27.0,0,0,,29.5,0,0,,32.0,0,0,,34.5,0,0,,12.81,0.0,0.0,0.31,1.53,0.0,13.0,0.32,13.53,0.0,0.0,0.31,1.28,0.0,1.0,0.32,14.3,0.0,0.0,0.31,1.09,0.0,0.0,0.32,,,,,,,,,,,,,,,,,,,,,,,,,,,,,,,,,,,,,,,,,,,,,,,,,,,,,,,,,,,,,,,,
2023-09-28 16:00:00,45.25,10.31,0,0,0.34,9.69,0,0,0.34,9.09,0,0,0.34,8.49,0,0,0.34,7.96,0,0,0.34,7.44,0,0,0.34,6.93,0,0,0.33,6.48,0,0,0.33,6.03,0,0,0.33,5.6,0,0,0.33,5.19,0,1,0.33,4.82,0,1,0.33,3.96,1,1,0.32,3.27,1,0,0.33,2.69,0,0,0.32,2.2,0,2,0.32,1.81,0,1,0.33,1.48,0,0,0.32,1.19,0,2,0.32,1.0,0,0,0.33,0.81,0,1,0.33,0.65,0,0,0.32,0.52,0,0,0.32,0.42,0,0,0.32,0.35,0,0,0.33,2.51,16,29,0.33,2.88,8,21,0.33,3.23,0,61,0.33,3.6,0,0,0.32,4.01,0,0,0.32,4.44,0,0,0.32,4.91,0,1,0.32,5.4,0,0,0.31,5.93,0,0,0.31,6.49,0,10,0.31,7.07,0,3,0.31,7.68,11,22,0.31,9.32,0,2,0.31,11.11,0,1,0.3,13.09,0,0,0.3,15.2,0,0,0.3,17.63,0,0,0.32,19.92,0,0,0.32,22.29,0,0,0.32,24.75,0,0,,27.25,0,0,,29.75,0,0,,32.25,0,0,,34.75,0,0,,37.25,0,0,,10.99,0.0,0.0,0.35,2.18,0.0,13.0,0.33,11.66,0.0,0.0,0.35,1.86,0.0,1.0,0.33,12.39,0.0,0.0,0.36,1.6,0.0,0.0,0.33,,,,,,,,,,,,,,,,,,,,,,,,,,,,,,,,,,,,,,,,,,,,,,,,,,,,,,,,,,,,,,,,
2023-09-29 16:00:00,47.15,11.9,0,0,0.35,11.23,0,0,0.35,10.56,0,0,0.35,9.96,0,0,0.35,9.36,0,0,0.34,8.78,0,0,0.34,8.26,0,0,0.34,7.74,0,0,0.34,7.23,0,0,0.34,6.79,0,0,0.34,6.35,0,1,0.34,5.91,0,1,0.34,4.95,0,1,0.33,4.12,0,0,0.33,3.37,0,0,0.33,2.83,0,2,0.33,2.35,0,1,0.33,1.95,0,0,0.33,1.61,0,2,0.33,1.34,0,0,0.33,1.12,0,1,0.33,0.91,0,0,0.33,0.73,0,0,0.33,0.59,0,0,0.33,0.51,0,0,0.33,2.13,0,29,0.33,2.45,0,21,0.33,2.78,0,61,0.33,3.15,0,0,0.33,3.51,0,0,0.33,3.89,0,0,0.33,4.3,0,1,0.32,4.74,0,0,0.32,5.2,0,0,0.32,5.7,0,10,0.32,6.23,0,3,0.32,6.81,0,22,0.32,8.41,0,2,0.32,10.1,0,1,0.32,11.94,0,0,0.32,13.93,0,0,0.32,16.06,0,0,0.32,18.28,0,0,0.33,20.6,0,0,0.33,22.91,0,0,0.32,25.35,0,0,,27.85,0,0,,30.35,0,0,,32.85,0,0,,35.35,0,0,,12.6,0.0,0.0,0.36,1.83,0.0,13.0,0.33,13.33,0.0,0.0,0.36,1.57,0.0,1.0,0.33,14.07,0.0,0.0,0.36,1.28,0.0,0.0,0.33,16.48,0.0,0.0,0.38,15.66,0.0,0.0,0.38,14.86,0.0,0.0,0.37,0.76,0.0,0.0,0.33,0.9,0.0,0.0,0.33,1.08,0.0,0.0,0.33,,,,,,,,,,,,,,,,,,,,,,,,,,,,,,,,,,,,,,,,
2023-10-03 16:00:00,46.45,11.35,0,0,0.36,10.68,0,0,0.35,10.06,0,0,0.35,9.46,0,0,0.35,8.87,0,0,0.35,8.34,0,0,0.35,7.79,0,0,0.34,7.27,0,0,0.34,6.78,0,0,0.34,6.32,0,0,0.34,5.88,1,1,0.34,5.47,0,1,0.33,4.54,0,1,0.33,3.76,0,0,0.33,3.13,0,0,0.33,2.56,0,2,0.33,2.12,0,1,0.33,1.74,0,0,0.33,1.44,0,2,0.33,1.23,0,0,0.33,1.03,0,1,0.33,0.85,0,0,0.33,0.67,0,0,0.33,0.55,0,0,0.33,0.46,9,6,0.33,2.32,0,29,0.34,2.65,0,21,0.34,3.03,0,61,0.34,3.43,0,0,0.34,3.83,0,0,0.34,4.24,0,0,0.33,4.67,0,1,0.33,5.14,0,0,0.33,5.63,0,0,0.33,6.15,0,10,0.33,6.71,0,3,0.33,7.29,20,16,0.32,8.88,0,2,0.32,10.62,0,1,0.32,12.51,0,0,0.32,14.54,0,0,0.33,16.69,0,0,0.33,18.95,0,0,0.33,21.3,0,0,0.34,23.59,0,0,0.33,26.05,0,0,,28.55,0,0,,31.05,0,0,,33.55,0,0,,36.05,0,0,,12.02,0.0,0.0,0.36,2.0,0.0,13.0,0.34,12.74,0.0,0.0,0.36,1.72,0.0,1.0,0.33,13.48,0.0,0.0,0.37,1.47,0.0,0.0,0.33,15.82,0.0,0.0,0.38,15.03,0.0,0.0,0.38,14.23,0.0,0.0,0.37,0.84,0.0,0.0,0.33,1.03,0.0,0.0,0.33,1.19,0.0,0.0,0.33,,,,,,,,,,,,,,,,,,,,,,,,,,,,,,,,,,,,,,,,
2023-10-04 16:00:00,45.25,10.4,0,0,0.36,9.79,0,0,0.35,9.19,0,0,0.35,8.6,0,0,0.35,8.08,0,0,0.35,7.57,0,0,0.35,7.06,0,0,0.35,6.62,0,0,0.35,6.18,0,0,0.35,5.74,0,0,0.34,5.36,0,1,0.34,4.98,0,1,0.34,4.13,0,1,0.34,3.42,0,0,0.34,2.81,0,0,0.34,2.29,0,2,0.33,1.91,0,1,0.34,1.58,0,0,0.34,1.31,0,2,0.34,1.08,0,0,0.34,0.88,0,1,0.34,0.73,0,0,0.34,0.59,0,0,0.34,0.49,0,0,0.34,0.39,0,6,0.34,2.66,0,29,0.34,3.02,0,21,0.34,3.37,0,61,0.34,3.75,0,0,0.33,4.16,0,0,0.33,4.6,0,0,0.33,5.07,0,1,0.33,5.57,0,0,0.33,6.1,0,0,0.32,6.66,0,10,0.32,7.26,0,3,0.32,7.88,3,19,0.32,9.55,0,2,0.32,11.38,0,1,0.32,13.34,0,0,0.32,15.44,0,0,0.32,17.65,0,0,0.32,19.96,0,0,0.33,22.32,0,0,0.33,24.76,0,0,0.33,27.25,0,0,,29.75,0,0,,32.25,0,0,,34.75,0,0,,37.25,0,0,,11.07,0.0,0.0,0.36,2.33,0.0,13.0,0.34,11.74,0.0,0.0,0.36,2.0,0.0,1.0,0.34,12.45,0.0,0.0,0.37,1.72,2.0,2.0,0.34,14.73,0.0,0.0,0.38,13.94,0.0,0.0,0.37,13.19,0.0,0.0,0.37,1.02,0.0,0.0,0.34,1.22,0.0,0.0,0.34,1.46,0.0,0.0,0.34,,,,,,,,,,,,,,,,,,,,,,,,,,,,,,,,,,,,,,,,
2023-10-05 16:00:00,45.6,10.64,0,0,0.36,10.0,0,0,0.35,9.41,0,0,0.35,8.81,0,0,0.35,8.27,0,0,0.35,7.75,0,0,0.35,7.23,0,0,0.34,6.77,0,0,0.34,6.33,0,0,0.34,5.89,0,0,0.34,5.5,0,1,0.34,5.11,0,1,0.34,4.24,0,1,0.34,3.51,0,0,0.34,2.89,0,0,0.33,2.38,0,2,0.33,1.96,0,1,0.33,1.62,0,0,0.33,1.33,0,2,0.33,1.1,0,0,0.33,0.9,0,1,0.34,0.75,0,0,0.34,0.6,0,0,0.33,0.5,0,0,0.33,0.4,0,6,0.33,2.54,0,29,0.34,2.89,0,21,0.34,3.24,0,61,0.33,3.61,0,0,0.33,4.01,0,0,0.33,4.44,0,0,0.33,4.9,0,1,0.33,5.39,0,0,0.32,5.91,0,0,0.32,6.46,5,15,0.32,7.04,0,3,0.32,7.65,3,19,0.32,9.29,0,2,0.32,11.1,0,1,0.32,13.05,0,0,0.32,15.13,0,0,0.32,17.32,0,0,0.32,19.62,0,0,0.32,21.99,0,0,0.33,24.42,0,0,0.33,26.9,0,0,,29.4,0,0,,31.9,0,0,,34.4,0,0,,36.9,0,0,,11.31,0.0,0.0,0.36,2.21,0.0,13.0,0.34,11.98,0.0,0.0,0.36,1.89,0.0,1.0,0.34,12.72,0.0,0.0,0.37,1.62,0.0,2.0,0.34,15.02,0.0,0.0,0.38,14.23,0.0,0.0,0.38,13.46,0.0,0.0,0.37,0.95,0.0,0.0,0.34,1.15,0.0,0.0,0.34,1.37,0.0,0.0,0.34,,,,,,,,,,,,,,,,,,,,,,,,,,,,,,,,,,,,,,,,
2023-10-06 16:00:00,46.1,11.03,0,0,0.36,10.36,0,0,0.35,9.76,0,0,0.35,9.17,0,0,0.35,8.59,0,0,0.35,8.07,0,0,0.35,7.55,0,0,0.34,7.05,0,0,0.34,6.61,0,0,0.34,6.17,0,0,0.34,5.73,0,1,0.34,5.37,0,1,0.34,4.48,0,1,0.34,3.73,0,0,0.34,3.07,0,0,0.33,2.54,1,3,0.34,2.06,0,1,0.33,1.72,0,0,0.33,1.42,0,2,0.33,1.18,0,0,0.33,0.96,0,1,0.33,0.8,0,0,0.33,0.64,0,0,0.33,0.53,0,0,0.33,0.43,0,6,0.33,2.41,0,29,0.34,2.74,0,21,0.34,3.07,0,61,0.33,3.43,0,0,0.33,3.81,0,0,0.33,4.23,0,0,0.33,4.68,0,1,0.32,5.14,0,0,0.32,5.68,0,0,0.32,6.22,5,20,0.32,6.77,0,3,0.32,7.38,0,19,0.32,8.95,0,2,0.32,10.71,0,1,0.31,12.62,0,0,0.31,14.66,0,0,0.31,16.83,0,0,0.31,19.1,0,0,0.31,21.46,0,0,0.32,23.94,0,0,0.33,26.4,0,0,,28.9,0,0,,31.4,0,0,,33.9,0,0,,36.4,0,0,,11.7,0.0,0.0,0.36,2.09,0.0,13.0,0.34,12.4,0.0,0.0,0.36,1.79,0.0,1.0,0.34,13.14,0.0,0.0,0.37,1.53,0.0,2.0,0.34,15.47,0.0,0.0,0.38,14.67,0.0,0.0,0.38,13.88,0.0,0.0,0.37,0.88,0.0,0.0,0.33,1.08,0.0,0.0,0.34,1.28,0.0,0.0,0.34,,,,,,,,,,,,,,,,,,,,,,,,,,,,,,,,,,,,,,,,
2023-10-09 16:00:00,45.35,10.41,0,0,0.36,9.79,0,0,0.35,9.19,0,0,0.35,8.59,0,0,0.35,8.07,0,0,0.35,7.55,0,0,0.35,7.03,0,0,0.35,6.59,0,0,0.34,6.15,0,0,0.34,5.71,0,0,0.34,5.34,0,1,0.34,4.96,0,1,0.34,4.11,0,1,0.34,3.39,0,0,0.34,2.78,0,0,0.33,2.27,0,3,0.33,1.86,0,1,0.33,1.53,0,0,0.33,1.27,0,2,0.34,1.02,0,0,0.33,0.84,0,1,0.33,0.69,0,0,0.33,0.57,0,0,0.34,0.47,0,0,0.34,0.37,0,6,0.33,2.58,0,29,0.34,2.91,0,21,0.34,3.25,0,61,0.33,3.63,0,0,0.33,4.04,0,0,0.33,4.47,0,0,0.33,4.94,0,1,0.32,5.46,0,0,0.32,6.0,0,0,0.32,6.55,0,20,0.32,7.15,0,3,0.32,7.77,10,19,0.32,9.4,0,2,0.32,11.19,0,1,0.31,13.14,0,0,0.31,15.24,0,0,0.31,17.45,0,0,0.31,19.75,0,0,0.31,22.24,0,0,0.33,24.66,0,0,0.33,27.15,0,0,,29.65,0,0,,32.15,0,0,,34.65,0,0,,37.15,0,0,,11.08,0.0,0.0,0.36,2.25,0.0,13.0,0.34,11.75,0.0,0.0,0.36,1.93,0.0,1.0,0.34,12.48,0.0,0.0,0.37,1.66,0.0,2.0,0.34,14.77,0.0,0.0,0.38,13.98,0.0,0.0,0.37,13.21,0.0,0.0,0.37,0.97,0.0,0.0,0.34,1.17,0.0,0.0,0.34,1.4,0.0,0.0,0.34,,,,,,,,,,,,,,,,,,,,,,,,,,,,,,,,,,,,,,,,
2023-10-10 16:00:00,46.15,10.98,0,0,0.35,10.31,0,0,0.35,9.7,0,0,0.35,9.1,0,0,0.35,8.51,0,0,0.34,7.99,0,0,0.34,7.47,0,0,0.34,6.96,0,0,0.34,6.52,0,0,0.34,6.08,0,0,0.34,5.65,0,1,0.34,5.28,0,1,0.34,4.39,0,1,0.34,3.63,1,1,0.33,2.99,0,0,0.33,2.45,0,3,0.33,2.01,0,1,0.33,1.65,0,0,0.33,1.33,10,12,0.33,1.13,0,0,0.33,0.9,0,1,0.33,0.75,0,0,0.33,0.6,0,0,0.33,0.49,0,0,0.33,0.39,0,6,0.33,2.33,0,29,0.33,2.64,0,21,0.33,2.96,0,61,0.33,3.32,0,0,0.33,3.7,0,0,0.32,4.1,0,0,0.32,4.55,0,1,0.32,5.04,0,0,0.32,5.57,0,0,0.32,6.11,0,20,0.32,6.66,0,3,0.32,7.27,0,19,0.32,8.84,0,2,0.31,10.56,0,1,0.31,12.42,0,0,0.3,14.46,0,0,0.3,16.62,0,0,0.3,18.96,0,0,0.3,21.47,0,0,0.33,23.87,0,0,0.33,26.35,0,0,,28.85,0,0,,31.35,0,0,,33.85,0,0,,36.35,0,0,,11.65,0.0,0.0,0.35,2.0,0.0,13.0,0.33,12.37,0.0,0.0,0.36,1.72,0.0,1.0,0.33,13.1,0.0,0.0,0.36,1.46,0.0,2.0,0.33,15.45,0.0,0.0,0.38,14.65,0.0,0.0,0.38,13.86,0.0,0.0,0.37,0.83,0.0,0.0,0.33,1.02,0.0,0.0,0.33,1.22,0.0,0.0,0.33,,,,,,,,,,,,,,,,,,,,,,,,,,,,,,,,,,,,,,,,
2023-10-11 16:00:00,45.8,10.66,0,0,0.35,10.0,0,0,0.35,9.4,0,0,0.34,8.8,0,0,0.34,8.23,0,0,0.34,7.71,0,0,0.34,7.19,0,0,0.34,6.71,0,0,0.34,6.27,0,0,0.34,5.83,0,0,0.34,5.42,0,1,0.33,5.05,0,1,0.33,4.19,0,1,0.33,3.45,0,1,0.33,2.82,0,0,0.33,2.3,0,3,0.33,1.89,0,1,0.33,1.55,0,0,0.33,1.27,0,12,0.33,1.04,0,0,0.33,0.84,0,1,0.33,0.68,0,0,0.33,0.55,0,0,0.33,0.45,0,0,0.33,0.36,0,6,0.33,2.37,0,29,0.33,2.69,0,21,0.33,3.02,0,61,0.33,3.38,0,0,0.32,3.76,0,0,0.32,4.18,2,2,0.32,4.64,0,1,0.32,5.14,0,0,0.32,5.68,0,0,0.32,6.22,0,20,0.32,6.8,3,3,0.31,7.41,0,19,0.31,9.01,0,2,0.31,10.74,0,1,0.3,12.67,0,0,0.3,14.75,0,0,0.3,16.94,0,0,0.3,19.27,0,0,0.3,21.78,0,0,0.33,24.2,0,0,,26.7,0,0,,29.2,0,0,,31.7,0,0,,34.2,0,0,,36.7,0,0,,11.33,0.0,0.0,0.35,2.05,0.0,13.0,0.33,12.03,0.0,0.0,0.36,1.75,0.0,1.0,0.33,12.77,0.0,0.0,0.36,1.49,0.0,2.0,0.33,15.11,0.0,0.0,0.38,14.31,0.0,0.0,0.37,13.51,0.0,0.0,0.36,0.85,0.0,0.0,0.33,1.04,0.0,0.0,0.33,1.24,0.0,0.0,0.33,,,,,,,,,,,,,,,,,,,,,,,,,,,,,,,,,,,,,,,,
2023-10-12 16:00:00,46.25,10.98,0,0,0.35,10.31,0,0,0.35,9.68,0,0,0.34,9.08,0,0,0.34,8.48,0,0,0.34,7.96,0,0,0.34,7.43,0,0,0.34,6.92,0,0,0.33,6.47,0,0,0.33,6.02,0,0,0.33,5.59,0,1,0.33,5.16,0,1,0.33,4.26,0,1,0.33,3.49,0,1,0.32,2.88,0,0,0.32,2.35,0,3,0.32,1.92,0,1,0.32,1.57,0,0,0.32,1.29,0,12,0.32,1.07,0,0,0.33,0.86,0,1,0.33,0.71,0,0,0.33,0.55,0,0,0.32,0.46,0,0,0.32,0.37,0,6,0.33,2.23,0,29,0.33,2.55,0,21,0.33,2.93,0,61,0.33,3.28,0,0,0.33,3.67,0,0,0.33,4.07,0,2,0.32,4.51,0,1,0.32,4.97,0,0,0.32,5.46,0,0,0.32,5.99,0,20,0.31,6.57,0,3,0.31,7.16,0,19,0.31,8.76,0,2,0.31,10.52,0,1,0.31,12.44,0,0,0.31,14.5,0,0,0.31,16.65,0,0,0.31,18.94,0,0,0.31,21.32,0,0,0.32,23.76,0,0,0.32,26.25,0,0,,28.75,0,0,,31.25,0,0,,33.75,0,0,,36.25,0,0,,11.65,0.0,0.0,0.35,1.91,0.0,13.0,0.33,12.38,0.0,0.0,0.36,1.64,0.0,1.0,0.33,13.12,0.0,0.0,0.36,1.38,0.0,2.0,0.33,15.5,0.0,0.0,0.38,14.69,0.0,0.0,0.37,13.89,0.0,0.0,0.36,0.78,0.0,0.0,0.33,0.96,0.0,0.0,0.33,1.15,0.0,0.0,0.33,,,,,,,,,,,,,,,,,,,,,,,,,,,,,,,,,,,,,,,,
2023-10-13 16:00:00,45.15,10.12,0,0,0.35,9.5,0,0,0.35,8.9,0,0,0.34,8.3,0,0,0.34,7.78,0,0,0.34,7.26,0,0,0.34,6.75,0,0,0.34,6.3,0,0,0.34,5.84,0,0,0.33,5.44,0,0,0.34,5.05,0,1,0.33,4.67,0,1,0.33,3.86,0,1,0.33,3.16,0,1,0.33,2.58,0,0,0.33,2.11,0,3,0.33,1.72,0,1,0.33,1.4,0,0,0.33,1.15,0,12,0.33,0.93,0,0,0.33,0.76,0,1,0.33,0.6,0,0,0.33,0.49,0,0,0.33,0.39,0,0,0.33,0.32,0,6,0.33,2.52,0,29,0.33,2.89,0,21,0.33,3.26,0,61,0.33,3.64,0,0,0.33,4.05,0,0,0.33,4.51,0,2,0.32,4.97,0,1,0.32,5.48,0,0,0.32,6.0,0,0,0.32,6.59,0,20,0.32,7.21,0,3,0.32,7.84,0,19,0.32,9.53,0,2,0.32,11.37,0,1,0.32,13.36,0,0,0.32,15.44,0,0,0.32,17.68,0,0,0.32,20.02,0,0,0.33,22.4,0,0,0.33,24.85,0,0,,27.35,0,0,,29.85,0,0,,32.35,0,0,,34.85,0,0,,37.35,0,0,,10.79,0.0,0.0,0.35,2.19,1.0,14.0,0.33,11.47,0.0,0.0,0.35,1.87,0.0,1.0,0.33,12.2,0.0,0.0,0.36,1.6,0.0,2.0,0.33,14.5,0.0,0.0,0.38,13.71,0.0,0.0,0.37,12.93,0.0,0.0,0.36,0.93,0.0,0.0,0.33,1.12,0.0,0.0,0.33,1.34,0.0,0.0,0.33,,,,,,,,,,,,,,,,,,,,,,,,,,,,,,,,,,,,,,,,
2023-10-16 16:00:00,43.8,9.14,0,0,0.35,8.54,0,0,0.35,7.97,0,0,0.35,7.45,0,0,0.35,6.93,0,0,0.34,6.45,0,0,0.34,5.98,0,0,0.34,5.54,0,0,0.34,5.12,0,0,0.34,4.74,0,0,0.34,4.38,0,1,0.34,4.04,0,1,0.33,3.29,0,1,0.33,2.62,9,10,0.33,2.16,0,0,0.33,1.75,0,3,0.33,1.43,0,1,0.33,1.13,0,0,0.33,0.93,0,12,0.33,0.78,0,0,0.33,0.63,0,1,0.33,0.51,0,0,0.33,0.41,0,0,0.33,0.33,0,0,0.33,0.26,0,6,0.33,2.96,0,29,0.34,3.34,0,21,0.34,3.73,0,61,0.33,4.16,0,0,0.33,4.6,0,0,0.33,5.09,2,2,0.33,5.6,20,11,0.33,6.14,0,0,0.32,6.74,0,0,0.32,7.35,10,10,0.32,7.99,0,3,0.32,8.66,10,19,0.32,10.44,0,2,0.32,12.38,0,1,0.32,14.46,0,0,0.32,16.66,0,0,0.33,18.98,0,0,0.34,21.28,0,0,0.33,23.7,0,0,,26.2,0,0,,28.7,0,0,,31.2,0,0,,33.7,0,0,,36.2,0,0,,38.7,0,0,,9.75,6.0,6.0,0.35,2.56,6.0,20.0,0.34,10.42,0.0,0.0,0.36,2.23,0.0,1.0,0.34,11.09,0.0,0.0,0.36,1.9,14.0,16.0,0.34,13.3,0.0,0.0,0.37,12.54,0.0,0.0,0.37,11.8,0.0,0.0,0.36,1.13,0.0,0.0,0.34,1.36,0.0,0.0,0.34,1.62,11.0,11.0,0.34,,,,,,,,,,,,,,,,,,,,,,,,,,,,,,,,,,,,,,,,
2023-10-17 16:00:00,43.8,9.15,0,0,0.35,8.56,0,0,0.35,7.99,0,0,0.35,7.47,0,0,0.35,6.95,0,0,0.35,6.47,0,0,0.35,6.03,0,0,0.34,5.59,0,0,0.34,5.2,0,0,0.34,4.81,0,0,0.34,4.45,0,1,0.34,4.1,0,1,0.34,3.34,0,1,0.34,2.72,0,10,0.33,2.21,0,0,0.33,1.79,0,3,0.33,1.46,3,4,0.33,1.19,0,0,0.33,0.96,0,12,0.33,0.79,0,0,0.34,0.64,0,1,0.34,0.52,0,0,0.34,0.42,0,0,0.34,0.33,0,0,0.33,0.27,0,6,0.34,2.95,0,29,0.34,3.31,0,21,0.34,3.7,0,61,0.33,4.12,0,0,0.33,4.57,0,0,0.33,5.05,0,2,0.33,5.56,0,11,0.32,6.1,1,1,0.32,6.69,0,0,0.32,7.3,0,10,0.32,7.92,0,3,0.32,8.58,0,19,0.32,10.36,0,2,0.32,12.3,0,1,0.32,14.37,0,0,0.32,16.57,0,0,0.32,18.88,0,0,0.32,21.29,0,0,0.33,23.71,0,0,0.33,26.2,0,0,,28.7,0,0,,31.2,0,0,,33.7,0,0,,36.2,0,0,,38.7,0,0,,9.76,0.0,6.0,0.35,2.58,0.0,20.0,0.34,10.43,0.0,0.0,0.36,2.25,0.0,1.0,0.34,11.1,0.0,0.0,0.36,1.92,0.0,16.0,0.34,13.31,0.0,0.0,0.37,12.55,0.0,0.0,0.37,11.81,0.0,0.0,0.37,1.14,0.0,0.0,0.34,1.38,0.0,0.0,0.34,1.64,0.0,11.0,0.34,14.1,0.0,0.0,0.38,0.95,0.0,0.0,0.34,,,,,,,,,,,,,,,,,,,,,,,,,,,,,,,,
2023-10-18 16:00:00,43.5,8.95,0,0,0.35,8.35,0,0,0.35,7.8,0,0,0.35,7.28,0,0,0.35,6.77,0,0,0.35,6.31,0,0,0.35,5.87,0,0,0.35,5.43,0,0,0.34,5.06,0,0,0.34,4.7,0,0,0.34,4.34,0,1,0.34,4.02,0,1,0.34,3.28,0,1,0.34,2.68,0,10,0.34,2.19,0,0,0.34,1.79,0,3,0.34,1.46,0,4,0.34,1.18,0,0,0.34,0.96,0,12,0.34,0.77,0,0,0.34,0.62,0,1,0.34,0.5,0,0,0.34,0.4,0,0,0.34,0.32,0,0,0.34,0.26,90,96,0.34,3.0,0,29,0.34,3.37,0,21,0.33,3.76,0,61,0.33,4.19,0,0,0.33,4.65,0,0,0.33,5.17,0,2,0.33,5.71,0,11,0.32,6.26,9,10,0.32,6.86,0,0,0.32,7.48,0,10,0.32,8.1,0,3,0.32,8.77,0,19,0.32,10.51,0,2,0.31,12.48,0,1,0.31,14.57,0,0,0.31,16.74,0,0,0.31,19.08,0,0,0.31,21.58,0,0,0.34,24.0,0,0,,26.5,0,0,,29.0,0,0,,31.5,0,0,,34.0,0,0,,36.5,0,0,,39.0,0,0,,9.54,0.0,6.0,0.36,2.66,0.0,20.0,0.34,10.2,0.0,0.0,0.36,2.33,0.0,1.0,0.34,10.87,0.0,0.0,0.36,2.01,0.0,16.0,0.34,13.04,0.0,0.0,0.37,12.3,0.0,0.0,0.37,11.56,0.0,0.0,0.37,1.19,0.0,0.0,0.34,1.44,0.0,0.0,0.34,1.7,0.0,11.0,0.34,13.84,0.0,0.0,0.38,0.99,0.0,0.0,0.34,,,,,,,,,,,,,,,,,,,,,,,,,,,,,,,,
2023-10-19 16:00:00,43.3,8.82,0,0,0.36,8.23,0,0,0.35,7.7,0,0,0.35,7.18,0,0,0.35,6.66,0,0,0.35,6.22,0,0,0.35,5.78,0,0,0.35,5.33,0,0,0.35,4.94,0,0,0.34,4.57,0,0,0.34,4.23,0,1,0.34,3.9,0,1,0.34,3.19,0,1,0.34,2.6,0,10,0.34,2.12,0,0,0.34,1.73,0,3,0.34,1.41,0,4,0.34,1.16,0,0,0.34,0.94,0,12,0.34,0.76,1,1,0.34,0.61,0,1,0.34,0.5,0,0,0.34,0.4,0,0,0.34,0.32,0,0,0.34,0.26,0,96,0.34,3.13,0,29,0.34,3.5,0,21,0.34,3.91,0,61,0.34,4.35,0,0,0.33,4.81,0,0,0.33,5.31,0,2,0.33,5.85,0,11,0.33,6.41,0,10,0.33,7.0,0,0,0.32,7.63,0,10,0.32,8.27,0,3,0.32,8.96,0,19,0.32,10.77,0,2,0.32,12.74,0,1,0.32,14.84,0,0,0.32,17.06,0,0,0.33,19.38,0,0,0.33,21.77,0,0,0.34,24.2,0,0,,26.7,0,0,,29.2,0,0,,31.7,0,0,,34.2,0,0,,36.7,0,0,,39.2,0,0,,9.42,0.0,6.0,0.36,2.77,0.0,20.0,0.34,10.06,0.0,0.0,0.36,2.41,0.0,1.0,0.34,10.73,0.0,0.0,0.36,2.08,0.0,16.0,0.34,12.88,0.0,0.0,0.38,12.14,0.0,0.0,0.37,11.41,0.0,0.0,0.37,1.24,0.0,0.0,0.34,1.5,0.0,0.0,0.34,1.76,0.0,11.0,0.34,13.67,0.0,0.0,0.38,1.04,0.0,0.0,0.34,14.46,0.0,0.0,0.39,0.84,0.0,0.0,0.34,,,,,,,,,,,,,,,,,,,,,,,,
2023-10-20 16:00:00,43.7,9.12,0,0,0.36,8.53,0,0,0.36,7.97,0,0,0.35,7.45,0,0,0.35,6.93,0,0,0.35,6.46,1,1,0.35,6.03,0,0,0.35,5.59,0,0,0.35,5.2,0,0,0.35,4.82,0,0,0.35,4.45,0,1,0.34,4.11,1,2,0.34,3.36,0,1,0.34,2.74,0,10,0.34,2.23,0,0,0.34,1.82,0,3,0.34,1.48,0,4,0.34,1.21,0,0,0.34,0.98,0,12,0.34,0.81,0,1,0.34,0.66,0,1,0.34,0.53,0,0,0.34,0.43,0,0,0.34,0.34,0,0,0.34,0.28,0,96,0.34,3.03,0,29,0.34,3.39,0,21,0.34,3.79,0,61,0.34,4.21,0,0,0.33,4.67,0,0,0.33,5.15,0,2,0.33,5.67,0,11,0.33,6.21,10,5,0.33,6.8,0,0,0.33,7.42,0,10,0.32,8.04,0,3,0.32,8.7,0,19,0.32,10.45,0,2,0.32,12.38,0,1,0.32,14.45,0,0,0.32,16.66,0,0,0.32,19.0,0,0,0.33,21.41,0,0,0.34,23.82,0,0,0.34,26.3,0,0,,28.8,0,0,,31.3,0,0,,33.8,0,0,,36.3,0,0,,38.8,0,0,,9.72,0.0,6.0,0.36,2.66,0.0,20.0,0.34,10.38,0.0,0.0,0.36,2.32,0.0,1.0,0.34,11.05,0.0,0.0,0.37,1.99,0.0,16.0,0.34,13.24,0.0,0.0,0.38,12.49,0.0,0.0,0.37,11.75,0.0,0.0,0.37,1.19,0.0,0.0,0.34,1.44,0.0,0.0,0.34,1.7,0.0,11.0,0.34,14.03,0.0,0.0,0.39,0.99,0.0,0.0,0.34,14.83,0.0,0.0,0.39,0.8,0.0,0.0,0.34,,,,,,,,,,,,,,,,,,,,,,,,
2023-10-24 16:00:00,43.45,8.89,0,0,0.36,8.3,0,0,0.36,7.75,0,0,0.35,7.24,0,0,0.35,6.72,0,0,0.35,6.27,0,1,0.35,5.83,0,0,0.35,5.39,0,0,0.35,5.01,0,0,0.35,4.62,0,0,0.34,4.26,0,1,0.34,3.88,0,2,0.34,3.19,0,1,0.34,2.59,0,10,0.34,2.09,0,0,0.34,1.7,0,3,0.34,1.38,0,4,0.34,1.11,0,0,0.34,0.92,0,12,0.34,0.75,0,1,0.34,0.61,0,1,0.34,0.5,0,0,0.34,0.39,0,0,0.34,0.32,0,0,0.34,0.26,0,96,0.34,3.07,0,29,0.34,3.44,0,21,0.34,3.84,0,61,0.34,4.26,0,0,0.33,4.72,0,0,0.33,5.21,0,2,0.33,5.75,0,11,0.33,6.3,0,5,0.33,6.91,0,0,0.33,7.52,0,10,0.32,8.15,0,3,0.32,8.82,0,19,0.32,10.58,0,2,0.32,12.53,0,1,0.32,14.63,0,0,0.32,16.85,0,0,0.32,19.13,0,0,0.31,21.63,0,0,0.34,24.05,0,0,,26.55,0,0,,29.05,0,0,,31.55,0,0,,34.05,0,0,,36.55,0,0,,39.05,0,0,,9.49,0.0,6.0,0.36,2.71,0.0,20.0,0.34,10.14,0.0,0.0,0.36,2.36,0.0,1.0,0.34,10.81,0.0,0.0,0.36,2.03,0.0,16.0,0.34,12.98,0.0,0.0,0.38,12.24,0.0,0.0,0.37,11.5,0.0,0.0,0.37,1.21,0.0,0.0,0.34,1.46,0.0,0.0,0.34,1.72,0.0,11.0,0.34,13.78,0.0,0.0,0.39,1.01,0.0,0.0,0.34,14.57,0.0,0.0,0.39,0.81,0.0,0.0,0.34,,,,,,,,,,,,,,,,,,,,,,,,
2023-10-25 16:00:00,43.95,9.2,0,0,0.35,8.6,0,0,0.35,8.02,0,0,0.35,7.5,0,0,0.35,6.98,0,0,0.35,6.49,0,1,0.35,6.05,0,0,0.35,5.6,0,0,0.34,5.19,0,0,0.34,4.79,0,0,0.34,4.42,0,1,0.34,4.07,0,2,0.34,3.32,0,1,0.34,2.69,0,10,0.33,2.18,0,0,0.33,1.76,0,3,0.33,1.43,0,4,0.33,1.17,0,0,0.33,0.95,0,12,0.33,0.77,0,1,0.34,0.63,0,1,0.34,0.51,0,0,0.34,0.41,0,0,0.34,0.33,0,0,0.34,0.26,0,96,0.34,2.9,0,29,0.34,3.27,0,21,0.34,3.66,0,61,0.34,4.07,0,0,0.33,4.51,0,0,0.33,4.99,0,2,0.33,5.5,0,11,0.33,6.04,0,5,0.33,6.6,0,0,0.32,7.2,0,10,0.32,7.83,0,3,0.32,8.49,0,19,0.32,10.25,0,2,0.32,12.18,0,1,0.32,14.24,0,0,0.32,16.44,0,0,0.32,18.74,0,0,0.32,21.08,0,0,0.32,23.56,0,0,0.33,26.05,0,0,,28.55,0,0,,31.05,0,0,,33.55,0,0,,36.05,0,0,,38.55,0,0,,9.82,0.0,6.0,0.36,2.52,0.0,20.0,0.34,10.49,0.0,0.0,0.36,2.18,0.0,1.0,0.34,11.16,0.0,0.0,0.36,1.86,0.0,16.0,0.34,13.39,0.0,0.0,0.38,12.62,0.0,0.0,0.37,11.88,0.0,0.0,0.37,1.1,0.0,0.0,0.34,1.33,0.0,0.0,0.34,1.59,0.0,11.0,0.34,14.19,0.0,0.0,0.38,0.91,0.0,0.0,0.34,15.01,0.0,0.0,0.39,0.73,0.0,0.0,0.34,,,,,,,,,,,,,,,,,,,,,,,,
2023-10-26 16:00:00,44.1,9.3,0,0,0.35,8.7,0,0,0.35,8.11,0,0,0.35,7.59,0,0,0.35,7.07,0,0,0.35,6.57,0,1,0.35,6.13,0,0,0.35,5.69,0,0,0.34,5.27,0,0,0.34,4.87,0,0,0.34,4.5,0,1,0.34,4.15,0,2,0.34,3.38,0,1,0.34,2.75,0,10,0.33,2.22,0,0,0.33,1.8,0,3,0.33,1.46,0,4,0.33,1.19,0,0,0.34,0.97,0,12,0.33,0.79,0,1,0.34,0.64,0,1,0.34,0.52,0,0,0.34,0.41,0,0,0.34,0.33,0,0,0.34,0.27,0,96,0.34,2.85,0,29,0.34,3.2,0,21,0.34,3.58,0,61,0.34,3.99,0,0,0.33,4.44,0,0,0.33,4.91,0,2,0.33,5.41,0,11,0.33,5.94,0,5,0.32,6.51,0,0,0.32,7.12,0,10,0.32,7.73,0,3,0.32,8.38,0,19,0.32,10.12,0,2,0.32,12.04,5,6,0.31,14.09,0,0,0.31,16.27,0,0,0.32,18.57,0,0,0.32,21.01,0,0,0.33,23.42,0,0,0.34,25.9,0,0,,28.4,0,0,,30.9,0,0,,33.4,0,0,,35.9,0,0,,38.4,0,0,,9.93,0.0,6.0,0.36,2.47,0.0,20.0,0.34,10.6,0.0,0.0,0.36,2.14,0.0,1.0,0.34,11.27,0.0,0.0,0.36,1.82,0.0,16.0,0.34,13.52,0.0,0.0,0.38,12.74,0.0,0.0,0.37,12.0,0.0,0.0,0.37,1.08,0.0,0.0,0.34,1.3,0.0,0.0,0.34,1.55,0.0,11.0,0.34,14.32,0.0,0.0,0.39,0.88,0.0,0.0,0.34,15.14,0.0,0.0,0.39,0.72,0.0,0.0,0.34,,,,,,,,,,,,,,,,,,,,,,,,
2023-10-27 16:00:00,44.0,9.19,0,0,0.35,8.59,0,0,0.35,8.0,0,0,0.35,7.48,0,0,0.35,6.96,0,0,0.35,6.47,0,1,0.34,5.99,2,2,0.34,5.57,0,0,0.34,5.14,0,0,0.34,4.75,0,0,0.34,4.38,0,1,0.34,4.04,0,2,0.34,3.29,0,1,0.33,2.66,0,10,0.33,2.15,0,0,0.33,1.74,0,3,0.33,1.4,0,4,0.33,1.13,0,0,0.33,0.93,0,12,0.33,0.76,0,1,0.33,0.61,0,1,0.33,0.49,0,0,0.33,0.39,0,0,0.33,0.31,0,0,0.33,0.25,0,96,0.33,2.85,0,29,0.34,3.21,2,23,0.34,3.6,0,61,0.33,4.01,0,0,0.33,4.45,0,0,0.33,4.93,0,2,0.33,5.45,0,11,0.33,5.98,0,5,0.32,6.55,0,0,0.32,7.15,0,10,0.32,7.78,0,3,0.32,8.46,0,19,0.32,10.21,5,7,0.32,12.14,0,6,0.32,14.22,0,0,0.32,16.42,0,0,0.32,18.72,0,0,0.33,21.09,0,0,0.33,23.58,0,0,0.35,26.08,0,0,0.38,28.58,0,0,0.4,31.08,0,0,0.42,33.58,0,0,0.44,36.08,0,0,0.46,38.58,0,0,0.48,9.81,0.0,6.0,0.36,2.47,0.0,20.0,0.34,10.48,0.0,0.0,0.36,2.14,0.0,1.0,0.34,11.15,0.0,0.0,0.36,1.81,2.0,16.0,0.34,13.41,0.0,0.0,0.38,12.63,0.0,0.0,0.37,11.89,0.0,0.0,0.37,1.07,0.0,0.0,0.34,1.29,0.0,0.0,0.34,1.55,0.0,11.0,0.34,14.2,0.0,0.0,0.38,0.88,0.0,0.0,0.34,15.03,0.0,0.0,0.39,0.71,0.0,0.0,0.34,,,,,,,,,,,,,,,,,,,,,,,,
2023-10-30 16:00:00,44.3,9.34,0,0,0.35,8.74,0,0,0.35,8.14,0,0,0.35,7.6,0,0,0.34,7.06,0,0,0.34,6.55,0,1,0.34,6.06,0,2,0.34,5.63,0,0,0.34,5.18,0,0,0.34,4.79,0,0,0.33,4.42,0,1,0.33,4.06,0,2,0.33,3.31,0,1,0.33,2.67,0,10,0.33,2.16,0,0,0.33,1.74,0,3,0.33,1.41,0,4,0.33,1.14,0,0,0.33,0.92,0,12,0.33,0.75,0,1,0.33,0.61,0,1,0.33,0.49,0,0,0.33,0.39,0,0,0.33,0.31,0,0,0.33,0.24,0,96,0.33,2.7,0,29,0.34,3.1,0,23,0.34,3.47,0,61,0.33,3.87,0,0,0.33,4.31,0,0,0.33,4.78,20,12,0.33,5.28,0,11,0.32,5.81,1,6,0.32,6.37,0,0,0.32,6.97,0,10,0.32,7.59,0,3,0.32,8.24,0,19,0.32,10.0,0,7,0.32,11.92,0,6,0.32,13.74,0,0,0.3,16.0,0,0,0.3,18.49,0,0,0.33,20.8,0,0,0.33,23.21,0,0,0.33,25.7,0,0,,28.2,0,0,,30.7,0,0,,33.2,0,0,,35.7,0,0,,38.2,0,0,,9.99,0.0,6.0,0.35,2.34,0.0,20.0,0.33,10.66,0.0,0.0,0.36,2.02,0.0,1.0,0.33,11.35,0.0,0.0,0.36,1.71,0.0,16.0,0.33,13.63,0.0,0.0,0.38,12.83,0.0,0.0,0.37,12.09,0.0,0.0,0.36,1.0,0.0,0.0,0.33,1.2,0.0,0.0,0.33,1.45,0.0,11.0,0.33,14.43,0.0,0.0,0.38,0.81,0.0,0.0,0.33,15.27,0.0,0.0,0.39,0.65,0.0,0.0,0.33,,,,,,,,,,,,,,,,,,,,,,,,
2023-10-31 16:00:00,43.85,8.98,0,0,0.35,8.38,0,0,0.35,7.79,0,0,0.34,7.27,0,0,0.34,6.75,0,0,0.34,6.27,0,1,0.34,5.82,0,2,0.34,5.38,0,0,0.34,4.99,0,0,0.34,4.6,0,0,0.34,4.24,0,1,0.34,3.9,0,2,0.33,3.15,0,1,0.33,2.54,10,20,0.33,2.05,0,0,0.33,1.65,0,3,0.33,1.34,0,4,0.33,1.07,0,0,0.33,0.86,0,12,0.33,0.7,0,1,0.33,0.54,0,1,0.33,0.44,0,0,0.33,0.34,0,0,0.33,0.28,0,0,0.33,0.21,0,96,0.33,2.81,0,29,0.33,3.16,0,23,0.33,3.54,0,61,0.33,3.96,0,0,0.33,4.4,0,0,0.32,4.88,0,12,0.32,5.39,0,11,0.32,5.93,0,6,0.32,6.51,0,0,0.32,7.12,0,10,0.31,7.74,0,3,0.31,8.41,0,19,0.31,10.18,4,9,0.31,12.11,0,6,0.31,14.21,1,1,0.31,16.44,0,0,0.31,18.75,0,0,0.31,21.21,0,0,0.33,23.65,0,0,,26.15,0,0,,28.65,0,0,,31.15,0,0,,33.65,0,0,,36.15,0,0,,38.65,0,0,,9.6,0.0,6.0,0.35,2.43,0.0,20.0,0.33,10.27,0.0,0.0,0.35,2.1,0.0,1.0,0.33,10.95,0.0,0.0,0.36,1.78,0.0,16.0,0.33,13.2,0.0,0.0,0.37,12.42,0.0,0.0,0.36,11.68,0.0,0.0,0.36,1.04,0.0,0.0,0.33,1.26,0.0,0.0,0.33,1.51,0.0,11.0,0.33,14.0,0.0,0.0,0.38,0.85,0.0,0.0,0.33,14.83,0.0,0.0,0.39,0.68,0.0,0.0,0.33,,,,,,,,,,,,,,,,,,,,,,,,
2023-11-01 16:00:00,44.0,9.04,0,0,0.34,8.44,0,0,0.34,7.84,0,0,0.34,7.32,0,0,0.34,6.79,0,0,0.34,6.3,0,1,0.34,5.85,0,2,0.34,5.41,0,0,0.34,5.0,0,0,0.33,4.64,0,0,0.33,4.27,0,1,0.33,3.93,0,2,0.33,3.17,1,2,0.33,2.56,0,20,0.33,2.06,0,0,0.33,1.66,0,3,0.33,1.34,0,4,0.33,1.08,0,0,0.33,0.85,0,12,0.33,0.69,0,1,0.33,0.53,0,1,0.33,0.43,0,0,0.33,0.34,0,0,0.33,0.27,0,0,0.33,0.21,0,96,0.33,2.71,0,29,0.33,3.05,0,23,0.33,3.42,0,61,0.33,3.83,0,0,0.32,4.25,0,0,0.32,4.74,0,12,0.32,5.26,0,11,0.32,5.81,0,6,0.32,6.39,0,0,0.31,7.0,0,10,0.31,7.62,0,3,0.31,8.27,0,19,0.31,10.0,0,9,0.3,11.9,0,6,0.3,13.99,0,1,0.3,16.2,0,0,0.3,18.55,0,0,0.3,21.06,0,0,0.33,23.5,0,0,,26.0,0,0,,28.5,0,0,,31.0,0,0,,33.5,0,0,,36.0,0,0,,38.5,0,0,,9.68,0.0,6.0,0.35,2.35,0.0,20.0,0.33,10.35,0.0,0.0,0.35,2.03,0.0,1.0,0.33,11.03,0.0,0.0,0.35,1.71,0.0,16.0,0.33,13.31,0.0,0.0,0.37,12.51,0.0,0.0,0.36,11.77,0.0,0.0,0.36,0.99,0.0,0.0,0.33,1.2,0.0,0.0,0.33,1.45,0.0,11.0,0.33,14.11,0.0,0.0,0.38,0.8,0.0,0.0,0.33,14.95,0.0,0.0,0.39,0.65,0.0,0.0,0.33,,,,,,,,,,,,,,,,,,,,,,,,
2023-11-02 16:00:00,43.6,8.77,0,0,0.34,8.17,0,0,0.34,7.59,0,0,0.34,7.07,0,0,0.34,6.54,0,0,0.34,6.05,0,1,0.33,5.58,0,2,0.33,5.14,0,0,0.33,4.72,0,0,0.33,4.35,0,0,0.33,3.99,0,1,0.33,3.66,0,2,0.32,2.95,0,2,0.32,2.38,0,20,0.32,1.91,0,0,0.32,1.54,0,3,0.32,1.24,0,4,0.33,1.0,0,0,0.33,0.79,0,12,0.33,0.63,0,1,0.33,0.5,0,1,0.33,0.39,0,0,0.33,0.31,0,0,0.33,0.24,0,0,0.33,0.19,0,96,0.33,2.78,0,29,0.33,3.17,0,23,0.33,3.56,0,61,0.33,3.98,0,0,0.32,4.43,0,0,0.32,4.91,0,12,0.32,5.43,20,21,0.32,5.98,0,6,0.32,6.55,0,0,0.31,7.15,0,10,0.31,7.79,0,3,0.31,8.47,0,19,0.31,10.28,0,9,0.31,12.25,0,6,0.31,14.36,0,1,0.31,16.62,0,0,0.31,18.97,0,0,0.32,21.42,0,0,0.33,23.9,0,0,,26.4,0,0,,28.9,0,0,,31.4,0,0,,33.9,0,0,,36.4,0,0,,38.9,0,0,,9.38,0.0,6.0,0.35,2.39,0.0,20.0,0.33,10.06,0.0,0.0,0.35,2.06,0.0,1.0,0.33,10.74,0.0,0.0,0.35,1.74,5.0,21.0,0.33,12.99,0.0,0.0,0.37,12.21,0.0,0.0,0.36,11.47,0.0,0.0,0.36,1.01,0.0,0.0,0.33,1.23,0.0,0.0,0.33,1.48,0.0,11.0,0.33,13.79,0.0,0.0,0.37,0.82,0.0,0.0,0.33,14.62,0.0,0.0,0.38,0.66,0.0,0.0,0.33,,,,,,,,,,,,,,,,,,,,,,,,
2023-11-03 16:00:00,44.8,9.61,0,0,0.34,8.98,0,0,0.34,8.38,0,0,0.34,7.79,0,0,0.33,7.26,0,0,0.33,6.69,0,1,0.33,6.21,0,2,0.33,5.72,0,0,0.32,5.28,0,0,0.32,4.85,0,0,0.32,4.45,0,1,0.32,4.12,0,2,0.32,3.34,0,2,0.32,2.7,0,20,0.32,2.16,0,0,0.32,1.75,0,3,0.32,1.41,0,4,0.32,1.14,0,0,0.32,0.9,0,12,0.32,0.73,1,1,0.32,0.57,0,1,0.32,0.46,0,0,0.32,0.35,0,0,0.32,0.28,0,0,0.32,0.22,0,96,0.32,2.37,0,29,0.32,2.75,0,23,0.33,3.13,0,61,0.32,3.52,0,0,0.32,3.96,0,0,0.32,4.38,0,12,0.32,4.88,0,21,0.32,5.39,0,6,0.32,5.93,0,0,0.31,6.49,0,10,0.31,7.1,0,3,0.31,7.74,0,19,0.31,9.47,0,9,0.31,11.36,0,6,0.31,13.4,0,1,0.31,15.64,0,0,0.32,17.87,0,0,0.31,20.25,0,0,0.32,22.7,0,0,,25.2,0,0,,27.7,0,0,,30.2,0,0,,32.7,0,0,,35.2,0,0,,37.7,0,0,,10.29,0.0,6.0,0.34,2.05,0.0,20.0,0.32,10.96,0.0,0.0,0.35,1.73,0.0,1.0,0.32,11.7,0.0,0.0,0.35,1.47,0.0,21.0,0.32,14.03,0.0,0.0,0.37,13.23,0.0,0.0,0.36,12.45,0.0,0.0,0.36,0.82,0.0,0.0,0.32,1.01,0.0,0.0,0.32,1.22,0.0,11.0,0.32,14.87,0.0,0.0,0.38,0.66,0.0,0.0,0.32,15.72,0.0,0.0,0.39,0.52,0.0,0.0,0.32,,,,,,,,,,,,,,,,,,,,,,,,
2023-11-06 16:00:00,46.0,10.55,0,0,0.34,9.87,0,0,0.34,9.24,0,0,0.34,8.64,0,0,0.34,8.04,0,0,0.33,7.47,0,1,0.33,6.93,0,2,0.33,6.43,0,0,0.33,5.95,0,0,0.32,5.51,0,0,0.32,5.09,0,1,0.32,4.7,0,2,0.32,3.83,1,3,0.32,3.12,0,20,0.32,2.53,0,0,0.32,2.05,0,3,0.32,1.67,0,4,0.32,1.36,0,0,0.32,1.09,0,12,0.32,0.86,0,1,0.32,0.69,0,1,0.32,0.54,0,0,0.32,0.44,0,0,0.32,0.34,0,0,0.32,0.27,0,96,0.32,2.08,0,29,0.32,2.4,2,23,0.32,2.77,0,61,0.32,3.15,0,0,0.32,3.54,0,0,0.32,3.95,0,12,0.32,4.4,0,21,0.32,4.87,0,6,0.32,5.37,0,0,0.31,5.92,0,10,0.31,6.5,0,3,0.31,7.07,0,19,0.31,8.71,0,9,0.31,10.52,0,6,0.31,12.48,0,1,0.31,14.59,0,0,0.31,16.86,0,0,0.32,19.15,0,0,0.32,21.53,0,0,0.32,24.0,0,0,,26.5,0,0,,29.0,0,0,,31.5,0,0,,34.0,0,0,,36.5,0,0,,11.23,0.0,6.0,0.35,1.76,0.0,20.0,0.32,11.97,0.0,0.0,0.35,1.5,0.0,1.0,0.32,12.34,0.0,0.0,0.32,1.25,0.0,21.0,0.32,14.69,0.0,0.0,0.32,13.89,0.0,0.0,0.32,13.11,0.0,0.0,0.32,0.69,0.0,0.0,0.32,0.85,0.0,0.0,0.32,1.04,0.0,11.0,0.32,15.52,0.0,0.0,0.32,0.55,0.0,0.0,0.32,16.37,0.0,0.0,0.32,0.43,0.0,0.0,0.32,,,,,,,,,,,,,,,,,,,,,,,,
2023-11-07 16:00:00,44.95,9.7,0,0,0.34,9.06,0,0,0.34,8.46,0,0,0.34,7.86,0,0,0.34,7.33,0,0,0.33,6.73,0,1,0.33,6.23,26,28,0.33,5.75,0,0,0.32,5.31,0,0,0.32,4.89,0,0,0.32,4.54,0,1,0.32,4.15,0,2,0.32,3.36,0,3,0.32,2.72,2,22,0.32,2.2,0,0,0.32,1.77,0,3,0.32,1.43,0,4,0.32,1.15,0,0,0.32,0.92,0,12,0.32,0.73,0,1,0.32,0.57,0,1,0.32,0.46,0,0,0.32,0.35,0,0,0.32,0.28,0,0,0.32,0.22,0,96,0.32,2.33,0,29,0.33,2.69,0,23,0.33,3.09,0,61,0.33,3.48,3,3,0.33,3.9,0,0,0.32,4.33,0,12,0.32,4.83,20,11,0.32,5.34,0,6,0.32,5.88,0,0,0.32,6.43,0,10,0.31,7.04,0,3,0.31,7.67,0,19,0.31,9.42,0,9,0.31,11.26,0,6,0.31,13.34,0,1,0.31,15.42,0,0,0.31,17.78,0,0,0.32,20.11,0,0,0.32,22.55,0,0,,25.05,0,0,,27.55,0,0,,30.05,0,0,,32.55,0,0,,35.05,0,0,,37.55,0,0,,10.38,0.0,6.0,0.34,2.0,1.0,21.0,0.32,11.06,0.0,0.0,0.35,1.69,0.0,1.0,0.32,11.81,0.0,0.0,0.35,1.43,0.0,21.0,0.32,13.74,0.0,0.0,0.32,12.96,0.0,0.0,0.32,12.18,0.0,0.0,0.32,0.79,0.0,0.0,0.32,0.98,0.0,0.0,0.32,1.18,0.0,11.0,0.32,14.55,0.0,0.0,0.32,0.64,0.0,0.0,0.32,15.38,0.0,0.0,0.32,0.5,0.0,0.0,0.32,,,,,,,,,,,,,,,,,,,,,,,,
2023-11-08 16:00:00,44.85,9.59,0,0,0.34,8.96,0,0,0.34,8.35,0,0,0.34,7.76,0,0,0.33,7.2,0,0,0.33,6.64,0,1,0.33,6.14,0,28,0.33,5.67,0,0,0.32,5.24,0,0,0.32,4.82,0,0,0.32,4.44,0,1,0.32,4.08,0,2,0.32,3.3,0,3,0.32,2.66,0,22,0.32,2.17,0,0,0.32,1.73,0,3,0.32,1.4,0,4,0.32,1.1,0,0,0.32,0.88,0,12,0.32,0.7,0,1,0.32,0.54,0,1,0.32,0.44,0,0,0.32,0.34,0,0,0.32,0.27,0,0,0.32,0.21,0,96,0.32,2.32,0,29,0.32,2.69,0,23,0.32,3.07,0,61,0.32,3.46,0,3,0.32,3.88,0,0,0.32,4.33,0,12,0.32,4.8,0,11,0.32,5.32,0,6,0.31,5.87,0,0,0.31,6.41,0,10,0.31,7.0,0,3,0.31,7.67,0,19,0.31,9.36,1,10,0.3,11.27,0,6,0.31,13.31,0,1,0.3,15.6,0,0,0.32,17.85,0,0,0.32,20.2,0,0,0.32,22.65,0,0,,25.15,0,0,,27.65,0,0,,30.15,0,0,,32.65,0,0,,35.15,0,0,,37.65,0,0,,10.27,0.0,6.0,0.34,2.0,0.0,21.0,0.32,10.95,0.0,0.0,0.35,1.69,0.0,1.0,0.32,11.35,0.0,0.0,0.32,1.43,0.0,21.0,0.32,13.63,0.0,0.0,0.32,12.85,0.0,0.0,0.32,12.08,0.0,0.0,0.32,0.79,0.0,0.0,0.32,0.98,0.0,0.0,0.32,1.18,0.0,11.0,0.32,14.44,0.0,0.0,0.32,0.64,0.0,0.0,0.32,15.27,0.0,0.0,0.32,0.5,15.0,15.0,0.32,,,,,,,,,,,,,,,,,,,,,,,,
2023-11-09 16:00:00,44.1,8.96,0,0,0.34,8.35,0,0,0.33,7.75,0,0,0.33,7.2,0,0,0.33,6.67,0,0,0.33,6.15,0,1,0.33,5.7,0,28,0.33,5.24,0,0,0.32,4.82,0,0,0.32,4.48,0,0,0.32,4.04,0,1,0.32,3.78,1,1,0.32,2.99,0,3,0.32,2.4,0,22,0.32,1.93,0,0,0.32,1.54,0,3,0.32,1.21,0,4,0.32,0.97,0,0,0.32,0.75,0,12,0.32,0.59,0,1,0.32,0.46,0,1,0.32,0.36,0,0,0.32,0.28,0,0,0.32,0.21,0,0,0.32,0.17,0,96,0.32,2.48,0,29,0.32,2.87,0,23,0.32,3.23,0,61,0.32,3.64,0,3,0.32,4.07,0,0,0.31,4.55,0,12,0.31,5.05,0,11,0.31,5.56,0,6,0.31,6.13,0,0,0.31,6.7,0,10,0.3,7.32,0,3,0.3,7.98,0,19,0.3,9.71,0,10,0.29,11.69,0,6,0.3,13.78,0,1,0.29,16.21,0,0,0.32,18.51,0,0,0.32,20.91,0,0,0.32,23.4,0,0,,25.9,0,0,,28.4,0,0,,30.9,0,0,,33.4,0,0,,35.9,0,0,,38.4,0,0,,9.62,0.0,6.0,0.34,2.14,0.0,21.0,0.32,10.3,0.0,0.0,0.34,1.82,0.0,1.0,0.32,11.01,0.0,0.0,0.35,1.53,0.0,21.0,0.32,12.94,0.0,0.0,0.32,12.16,0.0,0.0,0.32,11.41,0.0,0.0,0.32,0.86,0.0,0.0,0.32,1.05,0.0,0.0,0.32,1.28,0.0,11.0,0.32,13.73,0.0,0.0,0.32,0.68,0.0,0.0,0.32,14.56,0.0,0.0,0.32,0.54,0.0,15.0,0.32,,,,,,,,,,,,,,,,,,,,,,,,
2023-11-10 16:00:00,41.25,7.08,0,0,0.35,6.56,0,0,0.34,6.04,0,0,0.34,5.58,3,3,0.34,5.13,0,0,0.34,4.71,0,1,0.34,4.32,0,28,0.34,4.0,0,0,0.34,3.66,0,0,0.34,3.32,1,1,0.33,3.04,0,1,0.33,2.76,1,2,0.33,2.2,0,3,0.33,1.74,0,22,0.33,1.4,0,0,0.33,1.11,0,3,0.33,0.88,30,31,0.33,0.69,89,89,0.33,0.53,134,146,0.33,0.42,75,76,0.33,0.32,0,1,0.33,0.26,0,0,0.33,0.2,0,0,0.33,0.16,0,0,0.33,0.12,0,96,0.33,3.5,0,29,0.33,3.93,0,23,0.33,4.4,0,61,0.33,4.88,2,5,0.32,5.41,0,0,0.32,5.99,0,12,0.32,6.57,0,11,0.32,7.2,0,6,0.32,7.86,0,0,0.32,8.56,0,10,0.32,9.28,0,3,0.32,10.02,0,19,0.31,12.01,0,10,0.31,14.14,0,6,0.31,16.53,0,1,0.33,18.84,0,0,0.33,21.25,0,0,,23.75,0,0,,26.25,0,0,,28.75,0,0,,31.25,0,0,,33.75,0,0,,36.25,0,0,,38.75,0,0,,41.25,0,0,,7.64,0.0,6.0,0.35,3.1,1.0,22.0,0.34,8.24,0.0,0.0,0.35,2.73,0.0,1.0,0.34,8.84,0.0,0.0,0.35,2.33,0.0,21.0,0.34,10.92,0.0,0.0,0.36,10.19,0.0,0.0,0.36,9.52,0.0,0.0,0.36,1.41,1.0,1.0,0.34,1.68,0.0,0.0,0.34,2.0,0.0,11.0,0.34,11.32,0.0,0.0,0.33,1.16,0.0,0.0,0.34,12.09,0.0,0.0,0.33,0.95,0.0,15.0,0.34,,,,,,,,,,,,,,,,,,,,,,,,
2023-11-13 16:00:00,41.35,7.03,0,0,0.34,6.55,0,0,0.34,5.97,0,0,0.34,5.48,0,3,0.33,5.04,0,0,0.33,4.71,0,1,0.34,4.33,0,28,0.34,3.96,0,0,0.33,3.53,0,0,0.33,3.23,0,1,0.33,2.94,0,1,0.33,2.67,2,4,0.33,2.13,0,3,0.33,1.69,0,22,0.33,1.34,0,0,0.33,1.07,0,3,0.33,0.85,0,31,0.33,0.67,0,89,0.33,0.51,0,146,0.33,0.4,0,76,0.33,0.31,0,1,0.33,0.24,0,0,0.33,0.19,0,0,0.33,0.15,0,0,0.33,0.11,0,96,0.33,3.45,0,29,0.33,3.88,0,23,0.33,4.34,0,61,0.33,4.84,0,5,0.33,5.37,0,0,0.32,5.91,0,12,0.32,6.51,0,11,0.32,7.14,0,6,0.32,7.81,0,0,0.32,8.53,0,10,0.32,9.25,0,3,0.32,10.0,0,19,0.32,12.0,0,10,0.32,14.15,0,6,0.32,16.37,0,1,0.32,18.75,0,0,0.33,21.15,0,0,,23.65,0,0,,26.15,0,0,,28.65,0,0,,31.15,0,0,,33.65,0,0,,36.15,0,0,,38.65,0,0,,41.15,0,0,,7.64,0.0,6.0,0.35,3.04,0.0,22.0,0.33,8.24,0.0,0.0,0.35,2.64,0.0,1.0,0.33,8.86,0.0,0.0,0.35,2.25,7.0,16.0,0.33,10.95,0.0,0.0,0.36,10.21,0.0,0.0,0.36,9.53,0.0,0.0,0.35,1.35,0.0,1.0,0.33,1.61,0.0,0.0,0.33,1.93,0.0,11.0,0.33,11.69,0.0,0.0,0.36,1.1,0.0,0.0,0.33,12.49,0.0,0.0,0.37,0.9,0.0,15.0,0.33,14.14,0.0,0.0,0.39,13.29,0.0,0.0,0.38,0.56,0.0,0.0,0.33,0.71,0.0,0.0,0.33,,,,,,,,
2023-11-14 16:00:00,41.55,7.18,0,0,0.34,6.65,0,0,0.34,6.13,0,0,0.34,5.65,0,3,0.34,5.18,0,0,0.33,4.75,0,1,0.33,4.34,0,28,0.33,3.97,0,0,0.33,3.63,0,0,0.33,3.32,0,1,0.33,3.02,0,1,0.33,2.83,0,4,0.33,2.25,0,3,0.33,1.74,0,22,0.33,1.38,10,10,0.33,1.09,0,3,0.33,0.86,0,31,0.33,0.67,0,89,0.33,0.52,0,146,0.33,0.41,0,76,0.33,0.31,1,1,0.33,0.24,0,0,0.33,0.19,0,0,0.33,0.15,0,0,0.33,0.11,0,96,0.33,3.3,0,29,0.33,3.74,0,23,0.33,4.19,0,61,0.32,4.68,0,5,0.32,5.2,0,0,0.32,5.75,0,12,0.32,6.32,0,11,0.31,6.93,0,6,0.31,7.58,0,0,0.31,8.26,0,10,0.31,8.96,0,3,0.31,9.76,0,19,0.31,11.58,0,10,0.29,13.68,0,6,0.29,16.23,0,1,0.33,18.54,0,0,0.33,20.95,0,0,,23.45,0,0,,25.95,0,0,,28.45,0,0,,30.95,0,0,,33.45,0,0,,35.95,0,0,,38.45,0,0,,40.95,0,0,,7.76,0.0,6.0,0.34,2.93,0.0,22.0,0.33,8.36,0.0,0.0,0.35,2.56,0.0,1.0,0.33,9.0,0.0,0.0,0.35,2.19,0.0,16.0,0.33,11.1,0.0,0.0,0.36,10.36,0.0,0.0,0.36,9.67,0.0,0.0,0.35,1.3,0.0,1.0,0.33,1.55,0.0,0.0,0.33,1.86,0.0,11.0,0.33,11.86,0.0,0.0,0.37,1.05,0.0,0.0,0.33,12.66,0.0,0.0,0.38,0.86,0.0,15.0,0.33,14.32,0.0,0.0,0.39,13.47,0.0,0.0,0.38,0.54,0.0,0.0,0.33,0.68,0.0,0.0,0.33,,,,,,,,
2023-11-15 16:00:00,43.2,8.31,0,0,0.34,7.71,0,0,0.34,7.15,0,0,0.34,6.6,0,3,0.33,6.09,0,0,0.33,5.67,0,1,0.33,5.13,0,28,0.33,4.73,0,0,0.33,4.34,0,0,0.32,3.96,0,1,0.32,3.64,0,1,0.32,3.33,0,4,0.32,2.66,0,3,0.32,2.14,0,22,0.32,1.71,0,10,0.32,1.39,0,3,0.33,1.09,0,31,0.33,0.86,0,89,0.33,0.68,0,146,0.33,0.52,0,76,0.33,0.42,0,1,0.33,0.32,0,0,0.33,0.25,0,0,0.32,0.19,0,0,0.32,0.15,0,96,0.32,2.82,0,29,0.33,3.22,0,23,0.33,3.65,0,61,0.33,4.08,0,5,0.33,4.54,0,0,0.32,5.04,1,13,0.32,5.59,0,11,0.32,6.16,0,6,0.32,6.73,0,0,0.32,7.37,0,10,0.32,8.05,0,3,0.32,8.74,0,19,0.32,10.61,0,10,0.32,12.63,0,6,0.32,14.8,0,1,0.32,17.08,0,0,0.33,19.35,0,0,0.32,21.8,0,0,,24.3,0,0,,26.8,0,0,,29.3,0,0,,31.8,0,0,,34.3,0,0,,36.8,0,0,,39.3,0,0,,8.94,0.0,6.0,0.34,2.42,0.0,22.0,0.33,9.61,0.0,0.0,0.35,2.09,0.0,1.0,0.33,10.29,0.0,0.0,0.35,1.77,0.0,16.0,0.33,12.52,0.0,0.0,0.36,11.75,0.0,0.0,0.36,11.01,0.0,0.0,0.36,1.01,0.0,1.0,0.33,1.23,0.0,0.0,0.33,1.49,0.0,11.0,0.33,13.33,0.0,0.0,0.37,0.82,0.0,0.0,0.33,14.15,0.0,0.0,0.38,0.65,0.0,15.0,0.33,15.81,0.0,0.0,0.39,14.98,0.0,0.0,0.39,0.4,0.0,0.0,0.33,0.51,0.0,0.0,0.33,,,,,,,,
2023-11-16 16:00:00,42.9,8.02,0,0,0.34,7.42,0,0,0.33,6.88,0,0,0.33,6.35,0,3,0.33,5.86,0,0,0.33,5.38,0,1,0.33,4.9,0,28,0.32,4.57,0,0,0.33,4.2,0,0,0.33,3.83,0,1,0.33,3.53,0,1,0.33,3.23,0,4,0.32,2.57,0,3,0.32,2.03,0,22,0.32,1.59,0,10,0.32,1.26,0,3,0.32,0.99,0,31,0.32,0.76,0,89,0.32,0.6,26,172,0.32,0.46,0,76,0.32,0.35,0,1,0.32,0.28,0,0,0.32,0.21,0,0,0.32,0.16,0,0,0.32,0.12,0,96,0.32,2.82,0,29,0.32,3.21,0,23,0.32,3.64,0,61,0.32,4.08,0,5,0.32,4.55,0,0,0.32,5.05,0,13,0.31,5.59,0,11,0.31,6.26,0,6,0.32,6.89,0,0,0.32,7.54,0,10,0.32,8.22,0,3,0.32,8.94,0,19,0.32,10.7,0,10,0.31,12.73,0,6,0.31,14.91,0,1,0.31,17.22,0,0,0.31,19.64,0,0,0.32,22.1,0,0,,24.6,0,0,,27.1,0,0,,29.6,0,0,,32.1,0,0,,34.6,0,0,,37.1,0,0,,39.6,0,0,,8.63,0.0,6.0,0.34,2.43,0.0,22.0,0.32,9.29,0.0,0.0,0.34,2.08,0.0,1.0,0.32,9.97,0.0,0.0,0.34,1.76,0.0,16.0,0.32,12.2,0.0,0.0,0.36,11.43,0.0,0.0,0.35,10.68,0.0,0.0,0.35,1.0,0.0,1.0,0.32,1.22,0.0,0.0,0.32,1.48,0.0,11.0,0.32,13.0,0.0,0.0,0.37,0.81,0.0,0.0,0.32,13.83,0.0,0.0,0.37,0.64,0.0,15.0,0.32,15.56,0.0,0.0,0.4,14.68,0.0,0.0,0.39,0.39,0.0,0.0,0.32,0.5,0.0,0.0,0.32,,,,,,,,
2023-11-17 16:00:00,43.1,8.25,0,0,0.34,7.65,0,0,0.34,7.1,0,0,0.34,6.58,0,3,0.34,6.07,0,0,0.34,5.6,0,1,0.33,5.16,0,28,0.33,4.72,0,0,0.33,4.33,0,0,0.33,3.97,0,1,0.33,3.63,0,1,0.33,3.32,0,4,0.33,2.63,10,13,0.32,2.1,0,22,0.32,1.67,0,10,0.32,1.35,0,3,0.33,1.07,0,31,0.33,0.83,0,89,0.33,0.66,0,172,0.33,0.51,0,76,0.33,0.41,0,1,0.33,0.31,0,0,0.33,0.24,0,0,0.33,0.19,0,0,0.33,0.15,0,96,0.33,2.73,0,29,0.32,3.09,0,23,0.32,3.5,0,61,0.32,3.96,0,5,0.32,4.47,0,0,0.32,4.97,0,13,0.31,5.54,0,11,0.32,6.09,0,6,0.31,6.7,0,0,0.31,7.32,0,10,0.31,7.98,0,3,0.31,8.67,0,19,0.31,10.47,0,10,0.3,12.49,0,6,0.3,14.65,0,1,0.3,16.96,0,0,0.3,19.47,0,0,0.32,21.9,0,0,,24.4,0,0,,26.9,0,0,,29.4,0,0,,31.9,0,0,,34.4,0,0,,36.9,0,0,,39.4,0,0,,8.85,0.0,6.0,0.34,2.43,0.0,22.0,0.33,9.52,0.0,0.0,0.35,2.11,0.0,1.0,0.33,10.19,0.0,0.0,0.35,1.79,0.0,16.0,0.33,12.42,0.0,0.0,0.37,11.65,0.0,0.0,0.36,10.91,0.0,0.0,0.36,1.02,0.0,1.0,0.33,1.25,0.0,0.0,0.33,1.5,0.0,11.0,0.33,13.23,0.0,0.0,0.37,0.83,0.0,0.0,0.33,14.05,0.0,0.0,0.38,0.66,0.0,15.0,0.33,15.78,0.0,0.0,0.41,14.9,0.0,0.0,0.39,0.4,0.0,0.0,0.33,0.52,0.0,0.0,0.33,,,,,,,,
2023-11-20 16:00:00,43.9,8.78,0,0,0.34,8.17,0,0,0.34,7.57,0,0,0.34,7.04,0,3,0.34,6.51,0,0,0.33,6.02,0,1,0.33,5.57,1,28,0.33,5.12,0,0,0.33,4.71,0,0,0.33,4.32,0,1,0.33,3.96,0,1,0.33,3.65,0,4,0.33,2.88,0,13,0.32,2.32,0,22,0.32,1.86,0,10,0.32,1.48,0,3,0.32,1.16,0,31,0.32,0.93,0,89,0.33,0.72,0,172,0.32,0.56,0,76,0.32,0.44,0,1,0.32,0.34,0,0,0.32,0.27,0,0,0.32,0.2,0,0,0.32,0.16,0,96,0.32,2.56,0,29,0.33,2.92,0,23,0.33,3.26,0,61,0.32,3.67,0,5,0.32,4.11,0,0,0.32,4.63,0,13,0.32,5.1,0,11,0.31,5.64,0,6,0.31,6.23,0,0,0.31,6.84,1,11,0.31,7.52,0,3,0.31,8.19,0,19,0.31,9.96,0,10,0.3,11.92,0,6,0.3,14.07,0,1,0.31,16.31,0,0,0.31,18.66,0,0,0.31,21.11,0,0,0.32,23.6,0,0,,26.1,0,0,,28.6,0,0,,31.1,0,0,,33.6,0,0,,36.1,0,0,,38.6,0,0,,9.43,0.0,6.0,0.35,2.2,0.0,22.0,0.33,10.1,0.0,0.0,0.35,1.88,0.0,1.0,0.33,10.8,0.0,0.0,0.35,1.58,0.0,16.0,0.33,13.11,0.0,0.0,0.37,12.3,0.0,0.0,0.36,11.55,0.0,0.0,0.36,0.89,0.0,1.0,0.32,1.09,0.0,0.0,0.33,1.33,0.0,11.0,0.33,13.92,0.0,0.0,0.37,0.71,0.0,0.0,0.33,14.77,0.0,0.0,0.39,0.57,0.0,15.0,0.32,16.52,0.0,0.0,0.41,15.63,0.0,0.0,0.4,0.34,0.0,0.0,0.32,0.44,0.0,0.0,0.32,,,,,,,,
2023-11-21 16:00:00,44.2,9.02,0,0,0.34,8.41,0,0,0.34,7.81,0,0,0.34,7.26,0,3,0.34,6.73,0,0,0.34,6.22,0,1,0.34,5.77,0,28,0.33,5.32,0,0,0.33,4.9,0,0,0.33,4.52,0,1,0.33,4.14,0,1,0.33,3.8,0,4,0.33,3.05,0,13,0.33,2.45,0,22,0.33,1.97,0,10,0.33,1.57,0,3,0.33,1.25,0,31,0.33,0.99,0,89,0.33,0.77,0,172,0.33,0.61,0,76,0.33,0.48,0,1,0.33,0.37,0,0,0.33,0.29,0,0,0.33,0.22,0,0,0.32,0.18,0,96,0.33,2.49,0,29,0.33,2.86,0,23,0.33,3.23,0,61,0.33,3.62,0,5,0.32,4.05,0,0,0.32,4.51,0,13,0.32,5.01,0,11,0.32,5.54,0,6,0.31,6.11,0,0,0.31,6.71,0,11,0.31,7.33,0,3,0.31,7.98,0,19,0.31,9.71,0,10,0.3,11.6,0,6,0.3,13.68,0,1,0.29,15.94,0,0,0.29,18.45,0,0,0.32,20.83,0,0,0.32,23.3,0,0,,25.8,0,0,,28.3,0,0,,30.8,0,0,,33.3,0,0,,35.8,0,0,,38.3,0,0,,9.68,0.0,6.0,0.35,2.15,0.0,22.0,0.33,10.36,0.0,0.0,0.35,1.83,0.0,1.0,0.33,11.07,0.0,0.0,0.35,1.54,0.0,16.0,0.33,13.39,0.0,0.0,0.37,12.59,0.0,0.0,0.36,11.82,0.0,0.0,0.36,0.87,0.0,1.0,0.33,1.06,0.0,0.0,0.33,1.29,0.0,11.0,0.33,14.21,0.0,0.0,0.38,0.69,0.0,0.0,0.33,15.06,0.0,0.0,0.39,0.55,0.0,15.0,0.33,16.82,0.0,0.0,0.42,15.93,0.0,0.0,0.4,0.33,0.0,0.0,0.33,0.43,0.0,0.0,0.33,,,,,,,,
2023-11-22 16:00:00,43.8,8.59,0,0,0.33,7.98,0,0,0.33,7.37,0,0,0.33,6.84,0,3,0.33,6.31,0,0,0.33,5.83,0,1,0.33,5.35,0,28,0.32,4.88,0,0,0.32,4.54,0,0,0.32,4.17,0,1,0.32,3.8,0,1,0.32,3.5,0,4,0.32,2.79,0,13,0.32,2.19,0,22,0.32,1.74,0,10,0.32,1.37,0,3,0.32,1.06,0,31,0.32,0.83,0,89,0.32,0.65,0,172,0.32,0.49,0,76,0.32,0.39,0,1,0.32,0.3,0,0,0.32,0.23,0,0,0.32,0.18,0,0,0.32,0.13,0,96,0.32,2.48,0,29,0.32,2.88,0,23,0.32,3.28,0,61,0.32,3.68,0,5,0.32,4.14,0,0,0.32,4.59,0,13,0.31,5.1,0,11,0.31,5.64,0,6,0.31,6.21,0,0,0.31,6.81,0,11,0.3,7.45,0,3,0.3,8.13,0,19,0.3,9.92,0,10,0.3,11.89,0,6,0.29,14.0,0,1,0.29,16.29,0,0,0.29,18.77,0,0,0.32,21.2,0,0,,23.7,0,0,,26.2,0,0,,28.7,0,0,,31.2,0,0,,33.7,0,0,,36.2,0,0,,38.7,0,0,,9.24,0.0,6.0,0.34,2.13,0.0,22.0,0.32,9.92,0.0,0.0,0.34,1.81,0.0,1.0,0.32,10.63,0.0,0.0,0.34,1.51,0.0,16.0,0.32,12.94,0.0,0.0,0.36,12.14,0.0,0.0,0.35,11.37,0.0,0.0,0.35,0.84,0.0,1.0,0.32,1.03,0.0,0.0,0.32,1.26,0.0,11.0,0.32,13.77,0.0,0.0,0.37,0.67,0.0,0.0,0.32,14.62,0.0,0.0,0.38,0.53,0.0,15.0,0.32,16.38,0.0,0.0,0.4,15.49,0.0,0.0,0.39,0.31,0.0,0.0,0.32,0.41,0.0,0.0,0.32,,,,,,,,
2023-11-23 16:00:00,43.75,8.57,0,0,0.34,7.96,0,0,0.33,7.36,0,0,0.33,6.6,0,3,0.31,6.08,0,0,0.31,5.78,0,1,0.33,5.33,0,28,0.32,4.88,0,0,0.32,4.45,0,0,0.32,4.07,0,1,0.32,3.73,0,1,0.32,3.43,0,4,0.32,2.7,0,13,0.32,2.16,0,22,0.32,1.71,0,10,0.32,1.37,0,3,0.32,1.07,0,31,0.32,0.84,0,89,0.32,0.65,0,172,0.32,0.5,0,76,0.32,0.39,0,1,0.32,0.3,0,0,0.32,0.23,0,0,0.32,0.18,2,2,0.32,0.14,0,96,0.32,2.52,0,29,0.32,2.92,0,23,0.32,3.3,0,61,0.32,3.67,0,5,0.32,4.14,0,0,0.32,4.62,0,13,0.31,5.13,0,11,0.31,5.69,0,6,0.31,6.3,0,0,0.31,6.92,0,11,0.31,7.57,0,3,0.31,8.25,0,19,0.31,10.07,0,10,0.31,12.07,0,6,0.31,14.2,0,1,0.31,16.47,0,0,0.31,18.85,0,0,0.32,21.25,0,0,,23.75,0,0,,26.25,0,0,,28.75,0,0,,31.25,0,0,,33.75,0,0,,36.25,0,0,,38.75,0,0,,9.22,0.0,6.0,0.34,2.16,0.0,22.0,0.32,9.9,0.0,0.0,0.34,1.84,0.0,1.0,0.32,10.6,0.0,0.0,0.35,1.54,0.0,16.0,0.32,12.91,0.0,0.0,0.36,12.1,0.0,0.0,0.35,11.34,0.0,0.0,0.35,0.86,0.0,1.0,0.32,1.05,0.0,0.0,0.32,1.29,2.0,13.0,0.32,13.73,0.0,0.0,0.37,0.68,0.0,0.0,0.32,14.57,0.0,0.0,0.38,0.54,0.0,15.0,0.32,16.26,0.0,0.0,0.39,15.42,0.0,0.0,0.39,0.32,0.0,0.0,0.32,0.42,0.0,0.0,0.32,,,,,,,,
2023-11-24 16:00:00,43.35,8.32,0,0,0.34,7.71,0,0,0.34,7.12,0,0,0.33,6.58,0,3,0.33,6.06,0,0,0.33,5.57,0,1,0.33,5.12,0,28,0.33,4.7,0,0,0.33,4.3,0,0,0.32,3.94,0,1,0.32,3.61,0,1,0.32,3.29,1,5,0.32,2.68,0,13,0.33,2.09,0,22,0.32,1.66,0,10,0.32,1.33,1,3,0.32,1.05,0,31,0.33,0.81,0,89,0.32,0.64,0,172,0.32,0.49,0,76,0.32,0.38,0,1,0.32,0.3,0,0,0.32,0.23,0,0,0.32,0.18,0,2,0.32,0.14,0,96,0.32,2.7,0,29,0.33,3.08,1,23,0.33,3.48,0,61,0.32,3.91,0,5,0.32,4.38,0,0,0.32,4.88,0,13,0.32,5.41,0,11,0.32,5.98,0,6,0.32,6.57,0,0,0.31,7.22,0,11,0.31,7.88,0,3,0.31,8.57,0,19,0.31,10.44,0,10,0.31,12.46,0,6,0.31,14.62,0,1,0.32,16.89,0,0,0.32,19.22,0,0,0.32,21.65,0,0,,24.15,0,0,,26.65,0,0,,29.15,0,0,,31.65,0,0,,34.15,0,0,,36.65,0,0,,39.15,0,0,,8.94,0.0,6.0,0.34,2.31,0.0,22.0,0.33,9.62,0.0,0.0,0.35,1.98,0.0,1.0,0.33,10.3,0.0,0.0,0.35,1.66,0.0,16.0,0.33,12.58,0.0,0.0,0.37,11.78,0.0,0.0,0.36,11.04,0.0,0.0,0.35,0.95,0.0,1.0,0.33,1.15,0.0,0.0,0.33,1.4,0.0,13.0,0.33,13.38,0.0,0.0,0.37,0.75,0.0,0.0,0.32,14.21,0.0,0.0,0.38,0.6,0.0,15.0,0.32,15.95,0.0,0.0,0.4,15.07,0.0,0.0,0.39,0.36,0.0,0.0,0.32,0.46,0.0,0.0,0.32,,,,,,,,
2023-11-27 16:00:00,43.0,8.06,0,0,0.34,7.46,0,0,0.34,6.92,0,0,0.34,6.39,0,3,0.34,5.89,0,0,0.34,5.42,0,1,0.33,4.98,0,28,0.33,4.56,0,0,0.33,4.17,0,0,0.33,3.81,0,1,0.33,3.49,0,1,0.33,3.18,1,6,0.33,2.53,0,13,0.32,2.02,0,22,0.33,1.6,0,10,0.33,1.27,1,2,0.33,0.99,0,31,0.33,0.76,0,89,0.33,0.6,0,172,0.33,0.46,0,76,0.33,0.36,0,1,0.33,0.28,0,0,0.33,0.21,0,0,0.33,0.17,0,2,0.33,0.12,0,96,0.32,2.78,0,29,0.33,3.15,0,23,0.33,3.56,0,61,0.32,4.0,0,5,0.32,4.47,0,0,0.32,4.98,0,13,0.32,5.52,0,11,0.32,6.1,0,6,0.31,6.69,0,0,0.31,7.33,0,11,0.31,8.0,0,3,0.31,8.71,0,19,0.31,10.59,0,10,0.31,12.63,0,6,0.31,14.81,0,1,0.31,17.13,0,0,0.31,19.55,0,0,0.32,22.01,0,0,0.33,24.51,0,0,0.36,27.01,0,0,0.38,29.51,0,0,0.41,32.01,0,0,0.43,34.51,0,0,0.45,37.01,0,0,0.47,39.51,0,0,0.49,8.67,0.0,6.0,0.34,2.41,0.0,22.0,0.33,9.33,0.0,0.0,0.35,2.07,0.0,1.0,0.33,10.01,0.0,0.0,0.35,1.75,0.0,16.0,0.33,12.25,0.0,0.0,0.37,11.47,0.0,0.0,0.36,10.73,0.0,0.0,0.36,0.99,0.0,1.0,0.33,1.22,0.0,0.0,0.33,1.47,0.0,13.0,0.33,13.05,0.0,0.0,0.37,0.8,0.0,0.0,0.33,13.88,0.0,0.0,0.38,0.64,0.0,15.0,0.33,15.62,0.0,0.0,0.41,14.74,0.0,0.0,0.39,0.38,0.0,0.0,0.33,0.5,0.0,0.0,0.33,,,,,,,,
2023-11-28 16:00:00,42.3,7.55,0,0,0.34,6.98,0,0,0.34,6.46,0,0,0.34,5.93,0,3,0.34,5.48,0,0,0.34,5.04,0,1,0.33,4.61,0,28,0.33,4.22,0,0,0.33,3.86,0,0,0.33,3.48,0,1,0.33,3.21,0,1,0.33,2.93,0,6,0.33,2.32,0,13,0.33,1.86,0,22,0.33,1.45,0,10,0.33,1.13,0,2,0.33,0.89,0,31,0.33,0.69,0,89,0.33,0.53,0,172,0.33,0.41,0,76,0.33,0.31,0,1,0.33,0.24,0,0,0.33,0.18,0,0,0.33,0.14,0,2,0.33,0.11,0,96,0.33,2.94,0,29,0.32,3.33,0,23,0.32,3.76,0,61,0.32,4.23,0,5,0.32,4.73,0,0,0.32,5.28,0,13,0.32,5.85,0,11,0.31,6.47,0,6,0.31,7.1,0,0,0.31,7.76,0,11,0.31,8.46,0,3,0.31,9.18,0,19,0.31,11.11,0,10,0.31,13.2,0,6,0.31,15.43,0,1,0.31,17.76,0,0,0.31,20.23,0,0,0.33,22.7,0,0,,25.2,0,0,,27.7,0,0,,30.2,0,0,,32.7,0,0,,35.2,0,0,,37.7,0,0,,40.2,0,0,,8.15,0.0,6.0,0.34,2.63,0.0,22.0,0.33,8.77,0.0,0.0,0.35,2.25,0.0,1.0,0.33,9.45,0.0,0.0,0.35,1.92,1.0,16.0,0.33,11.62,0.0,0.0,0.36,10.87,0.0,0.0,0.36,10.13,0.0,0.0,0.35,1.09,0.0,1.0,0.33,1.35,0.0,0.0,0.33,1.6,0.0,13.0,0.33,12.42,0.0,0.0,0.37,0.9,0.0,0.0,0.33,13.22,0.0,0.0,0.38,0.71,0.0,15.0,0.33,14.94,0.0,0.0,0.4,14.08,0.0,0.0,0.39,0.43,0.0,0.0,0.33,0.56,0.0,0.0,0.33,,,,,,,,
2023-11-29 16:00:00,40.25,6.27,0,0,0.35,5.75,0,0,0.35,5.29,0,0,0.34,4.84,0,3,0.34,4.42,0,0,0.34,4.03,0,1,0.34,3.67,1,28,0.34,3.34,0,0,0.34,3.04,0,0,0.34,2.76,0,1,0.34,2.5,0,1,0.33,2.26,0,6,0.33,1.78,0,13,0.33,1.39,0,22,0.33,1.1,0,10,0.34,0.87,0,2,0.34,0.68,3,34,0.34,0.52,0,89,0.34,0.41,0,172,0.34,0.31,0,76,0.34,0.24,0,1,0.34,0.18,0,0,0.34,0.14,0,0,0.34,0.11,0,2,0.34,0.08,0,96,0.34,3.79,0,29,0.33,4.25,0,23,0.33,4.75,0,61,0.33,5.28,1,6,0.33,5.85,0,0,0.33,6.49,0,13,0.33,7.13,0,11,0.33,7.8,0,6,0.32,8.5,0,0,0.32,9.23,0,11,0.32,9.99,0,3,0.32,10.74,0,19,0.32,12.8,0,10,0.32,15.07,0,6,0.33,17.4,0,1,0.33,19.79,0,0,0.34,22.25,0,0,,24.75,0,0,,27.25,0,0,,29.75,0,0,,32.25,0,0,,34.75,0,0,,37.25,0,0,,39.75,0,0,,42.25,0,0,,6.8,0.0,6.0,0.35,3.36,0.0,22.0,0.34,7.36,0.0,0.0,0.35,2.98,0.0,1.0,0.34,7.96,0.0,0.0,0.35,2.57,0.0,16.0,0.34,9.94,0.0,0.0,0.36,9.26,0.0,0.0,0.36,8.58,0.0,0.0,0.36,1.54,2.0,3.0,0.34,1.86,0.0,0.0,0.34,2.19,0.0,13.0,0.34,10.68,0.0,0.0,0.37,1.29,2.0,2.0,0.34,11.43,0.0,0.0,0.37,1.04,0.0,15.0,0.34,13.05,0.0,0.0,0.39,12.23,0.0,0.0,0.38,0.66,1.0,1.0,0.34,0.84,0.0,0.0,0.34,,,,,,,,
2023-11-30 16:00:00,40.4,6.23,0,0,0.34,5.71,0,0,0.34,5.23,0,0,0.34,4.77,0,3,0.33,4.35,0,0,0.33,3.96,1,1,0.33,3.61,0,28,0.33,3.28,0,0,0.33,2.97,0,0,0.33,2.69,0,1,0.33,2.47,0,1,0.33,2.22,0,6,0.33,1.74,0,13,0.33,1.37,0,22,0.33,1.07,0,10,0.33,0.83,0,2,0.33,0.64,0,34,0.33,0.47,0,89,0.33,0.36,1,173,0.33,0.28,0,76,0.33,0.22,0,1,0.33,0.16,0,0,0.33,0.12,0,0,0.33,0.1,0,2,0.33,0.07,0,96,0.33,3.66,0,29,0.33,4.12,0,23,0.33,4.61,0,61,0.32,5.14,0,6,0.32,5.71,0,0,0.32,6.44,0,13,0.33,7.08,0,11,0.33,7.77,0,6,0.33,8.48,0,0,0.33,9.2,0,11,0.33,9.97,0,3,0.33,10.75,0,19,0.33,12.8,10,10,0.33,14.96,5,6,0.33,17.21,0,1,0.32,19.62,0,0,0.33,22.1,0,0,,24.6,0,0,,27.1,0,0,,29.6,0,0,,32.1,0,0,,34.6,0,0,,37.1,0,0,,39.6,0,0,,42.1,0,0,,6.78,0.0,6.0,0.34,3.23,0.0,22.0,0.33,7.16,0.0,0.0,0.33,2.83,0.0,1.0,0.33,7.74,0.0,0.0,0.33,2.43,0.0,16.0,0.33,9.7,0.0,0.0,0.33,9.02,0.0,0.0,0.33,8.36,0.0,0.0,0.33,1.44,0.0,3.0,0.33,1.74,0.0,0.0,0.33,2.06,0.0,13.0,0.33,10.42,0.0,0.0,0.33,1.19,0.0,2.0,0.33,11.17,0.0,0.0,0.33,0.96,0.0,15.0,0.33,12.76,0.0,0.0,0.33,11.95,0.0,0.0,0.33,0.58,0.0,1.0,0.33,0.77,0.0,0.0,0.33,13.58,0.0,0.0,0.33,0.46,0.0,0.0,0.33
2023-12-01 16:00:00,40.9,6.56,0,0,0.34,6.04,0,0,0.34,5.54,0,0,0.34,5.06,0,3,0.33,4.62,0,0,0.33,4.22,0,1,0.33,3.84,0,28,0.33,3.5,0,0,0.33,3.25,0,0,0.33,2.91,0,1,0.33,2.63,0,1,0.33,2.39,0,6,0.33,1.89,9,22,0.33,1.48,0,22,0.33,1.15,0,10,0.33,0.89,0,2,0.33,0.68,0,34,0.33,0.52,0,89,0.33,0.4,0,173,0.33,0.3,0,76,0.33,0.23,0,1,0.33,0.18,0,0,0.33,0.14,0,0,0.33,0.1,0,2,0.33,0.08,0,96,0.33,3.37,0,29,0.32,3.82,0,23,0.32,4.29,0,61,0.32,4.87,0,6,0.32,5.42,0,0,0.32,6.0,0,13,0.32,6.63,0,11,0.32,7.26,0,6,0.31,7.97,0,0,0.31,8.69,0,11,0.31,9.44,0,3,0.31,10.21,0,19,0.31,12.25,0,10,0.31,14.44,0,6,0.32,16.75,0,1,0.32,19.14,0,0,0.33,21.6,0,0,,24.1,0,0,,26.6,0,0,,29.1,0,0,,31.6,0,0,,34.1,0,0,,36.6,0,0,,39.1,0,0,,41.6,0,0,,7.11,0.0,6.0,0.34,2.98,0.0,22.0,0.33,7.71,0.0,0.0,0.34,2.64,0.0,1.0,0.33,8.32,0.0,0.0,0.35,2.26,0.0,16.0,0.33,10.4,0.0,0.0,0.36,9.67,0.0,0.0,0.35,8.99,0.0,0.0,0.35,1.34,0.0,3.0,0.33,1.61,0.0,0.0,0.33,1.93,0.0,13.0,0.33,11.15,0.0,0.0,0.36,1.09,0.0,2.0,0.33,11.94,0.0,0.0,0.37,0.88,0.0,15.0,0.33,13.6,0.0,0.0,0.39,12.74,0.0,0.0,0.38,0.55,1.0,1.0,0.33,0.69,0.0,0.0,0.33,14.46,0.0,0.0,0.4,0.41,0.0,0.0,0.33
2023-12-04 16:00:00,40.75,6.43,0,0,0.34,5.9,0,0,0.34,5.4,0,0,0.33,4.94,0,3,0.33,4.51,0,0,0.33,4.11,0,1,0.33,3.74,0,28,0.33,3.4,0,0,0.33,3.09,0,0,0.33,2.81,0,1,0.33,2.55,0,1,0.33,2.31,4,6,0.33,1.82,0,22,0.33,1.43,0,22,0.33,1.12,0,10,0.33,0.88,0,2,0.33,0.68,0,34,0.33,0.52,0,89,0.33,0.4,0,173,0.33,0.3,0,76,0.33,0.23,0,1,0.33,0.17,0,0,0.33,0.13,0,0,0.33,0.1,0,2,0.33,0.08,0,96,0.33,3.51,0,29,0.33,3.97,0,23,0.33,4.46,0,61,0.33,4.98,0,6,0.33,5.55,0,0,0.33,6.11,0,13,0.32,6.74,0,11,0.32,7.39,0,6,0.32,8.08,0,0,0.32,8.8,0,11,0.32,9.55,0,3,0.32,10.33,9,24,0.32,12.37,0,10,0.32,14.56,0,6,0.32,16.9,0,1,0.33,19.28,0,0,0.33,21.75,0,0,,24.25,0,0,,26.75,0,0,,29.25,0,0,,31.75,0,0,,34.25,0,0,,36.75,0,0,,39.25,0,0,,41.75,0,0,,6.99,0.0,6.0,0.34,3.11,0.0,22.0,0.34,7.61,0.0,0.0,0.35,2.7,0.0,1.0,0.34,8.23,0.0,0.0,0.35,2.3,0.0,16.0,0.33,10.31,0.0,0.0,0.36,9.58,0.0,0.0,0.36,8.89,0.0,0.0,0.35,1.36,0.0,3.0,0.33,1.64,0.0,0.0,0.33,1.96,0.0,13.0,0.33,11.05,0.0,0.0,0.37,1.11,0.0,2.0,0.33,11.84,0.0,0.0,0.37,0.9,0.0,15.0,0.33,13.45,0.0,0.0,0.39,12.64,0.0,0.0,0.38,0.56,0.0,1.0,0.33,0.71,0.0,0.0,0.33,14.29,0.0,0.0,0.4,0.42,0.0,0.0,0.33
2023-12-05 16:00:00,41.3,6.78,0,0,0.34,6.24,0,0,0.34,5.73,0,0,0.34,5.25,0,3,0.33,4.8,0,0,0.33,4.4,0,1,0.33,4.01,0,28,0.33,3.66,0,0,0.33,3.34,0,0,0.33,3.03,0,1,0.33,2.77,0,1,0.33,2.51,0,6,0.33,1.95,0,22,0.33,1.57,0,22,0.33,1.25,0,10,0.33,0.97,0,2,0.33,0.73,0,34,0.33,0.57,0,89,0.33,0.44,0,173,0.33,0.33,0,76,0.33,0.26,0,1,0.33,0.19,0,0,0.33,0.15,0,0,0.33,0.11,0,2,0.33,0.09,0,96,0.33,3.34,0,29,0.33,3.77,0,23,0.33,4.24,0,61,0.33,4.75,0,6,0.33,5.29,0,0,0.33,5.87,0,13,0.33,6.55,0,11,0.33,7.19,0,6,0.33,7.88,0,0,0.33,8.59,0,11,0.33,9.31,0,3,0.33,10.08,0,24,0.33,12.07,0,10,0.33,14.18,0,6,0.33,16.52,0,1,0.34,18.76,0,0,0.33,21.2,0,0,,23.7,0,0,,26.2,0,0,,28.7,0,0,,31.2,0,0,,33.7,0,0,,36.2,0,0,,38.7,0,0,,41.2,0,0,,7.21,0.0,6.0,0.33,2.93,0.0,22.0,0.34,7.8,0.0,0.0,0.33,2.53,0.0,1.0,0.34,8.41,0.0,0.0,0.33,2.15,0.0,16.0,0.33,10.46,0.0,0.0,0.33,9.73,0.0,0.0,0.33,9.06,0.0,0.0,0.33,1.27,0.0,3.0,0.33,1.52,0.0,0.0,0.33,1.83,0.0,13.0,0.33,11.19,0.0,0.0,0.33,1.02,0.0,2.0,0.33,11.97,0.0,0.0,0.33,0.83,0.0,15.0,0.33,13.59,0.0,0.0,0.33,12.76,0.0,0.0,0.33,0.5,0.0,1.0,0.33,0.63,0.0,0.0,0.33,14.44,0.0,0.0,0.33,0.39,0.0,0.0,0.33
2023-12-06 16:00:00,41.0,6.64,0,0,0.34,6.1,0,0,0.34,5.59,0,0,0.34,5.14,0,3,0.34,4.69,0,0,0.34,4.27,0,1,0.33,3.89,0,28,0.33,3.52,0,0,0.33,3.22,0,0,0.33,2.9,0,1,0.33,2.68,0,1,0.33,2.42,0,6,0.33,1.91,0,22,0.33,1.48,0,22,0.33,1.18,0,10,0.33,0.92,0,2,0.33,0.7,0,34,0.33,0.54,0,89,0.33,0.42,0,173,0.33,0.31,0,76,0.33,0.24,0,1,0.33,0.18,0,0,0.33,0.14,0,0,0.33,0.11,0,2,0.33,0.08,0,96,0.33,3.44,0,29,0.33,3.88,0,23,0.33,4.35,0,61,0.33,4.84,0,6,0.33,5.37,0,0,0.32,5.98,0,13,0.32,6.55,0,11,0.32,7.2,0,6,0.32,7.87,0,0,0.32,8.59,0,11,0.32,9.33,0,3,0.31,10.07,0,24,0.31,12.1,0,10,0.31,14.27,0,6,0.31,16.57,0,1,0.31,19.04,0,0,0.33,21.5,0,0,,24.0,0,0,,26.5,0,0,,29.0,0,0,,31.5,0,0,,34.0,0,0,,36.5,0,0,,39.0,0,0,,41.5,0,0,,7.2,0.0,6.0,0.35,2.99,0.0,22.0,0.33,7.81,0.0,0.0,0.35,2.58,0.0,1.0,0.33,8.41,0.0,0.0,0.35,2.23,0.0,16.0,0.34,10.51,0.0,0.0,0.36,9.77,0.0,0.0,0.36,9.09,0.0,0.0,0.35,1.32,0.0,3.0,0.33,1.58,0.0,0.0,0.33,1.9,0.0,13.0,0.33,11.25,0.0,0.0,0.37,1.07,0.0,2.0,0.33,12.05,0.0,0.0,0.38,0.87,0.0,15.0,0.33,13.71,0.0,0.0,0.39,12.86,0.0,0.0,0.38,0.54,0.0,1.0,0.33,0.68,0.0,0.0,0.33,14.57,0.0,0.0,0.41,0.41,0.0,0.0,0.33
2023-12-07 16:00:00,41.05,6.55,0,0,0.34,5.98,0,0,0.33,5.49,0,0,0.33,5.06,0,3,0.33,4.6,0,0,0.33,4.16,0,1,0.33,3.83,0,28,0.33,3.44,0,0,0.32,3.15,0,0,0.32,2.85,0,1,0.32,2.62,0,1,0.33,2.34,0,6,0.32,1.85,0,22,0.33,1.46,0,22,0.33,1.13,0,10,0.33,0.87,0,2,0.33,0.67,0,34,0.33,0.5,0,89,0.33,0.39,0,173,0.33,0.29,0,76,0.33,0.22,0,1,0.33,0.17,0,0,0.33,0.13,0,0,0.33,0.1,0,2,0.33,0.07,0,96,0.33,3.39,0,29,0.33,3.8,0,23,0.33,4.31,0,61,0.33,4.82,0,6,0.33,5.33,0,0,0.32,5.95,0,13,0.32,6.58,0,11,0.32,7.21,0,6,0.32,7.89,0,0,0.32,8.61,0,11,0.32,9.35,0,3,0.32,10.12,0,24,0.32,12.15,0,10,0.32,14.33,0,6,0.32,16.62,0,1,0.33,18.98,0,0,0.32,21.45,0,0,,23.95,0,0,,26.45,0,0,,28.95,0,0,,31.45,0,0,,33.95,0,0,,36.45,0,0,,38.95,0,0,,41.45,0,0,,7.13,0.0,6.0,0.34,2.94,0.0,22.0,0.33,7.77,0.0,0.0,0.34,2.54,0.0,1.0,0.33,8.39,0.0,0.0,0.35,2.15,0.0,16.0,0.33,10.5,0.0,0.0,0.36,9.75,0.0,0.0,0.35,9.07,0.0,0.0,0.35,1.26,0.0,3.0,0.33,1.51,0.0,0.0,0.33,1.83,0.0,13.0,0.33,11.25,0.0,0.0,0.36,1.01,0.0,2.0,0.33,12.05,0.0,0.0,0.37,0.82,0.0,15.0,0.33,13.69,0.0,0.0,0.39,12.86,0.0,0.0,0.38,0.5,0.0,1.0,0.33,0.64,0.0,0.0,0.33,14.53,0.0,0.0,0.39,0.38,0.0,0.0,0.33
2023-12-08 16:00:00,41.9,7.11,0,0,0.34,6.56,0,0,0.33,6.02,0,0,0.33,5.52,0,3,0.33,5.07,0,0,0.33,4.63,0,1,0.33,4.23,0,28,0.33,3.86,0,0,0.33,3.52,0,0,0.33,3.21,0,1,0.33,2.91,0,1,0.32,2.65,0,6,0.33,2.06,1,22,0.32,1.65,0,22,0.33,1.31,0,10,0.33,1.02,0,2,0.33,0.78,0,34,0.33,0.61,0,89,0.33,0.46,0,173,0.33,0.36,0,76,0.33,0.27,0,1,0.33,0.2,0,0,0.33,0.16,0,0,0.33,0.12,0,2,0.33,0.09,0,96,0.33,3.1,0,29,0.33,3.51,4,27,0.33,3.96,4,65,0.33,4.44,0,6,0.33,4.96,0,0,0.32,5.52,0,13,0.32,6.18,0,11,0.33,6.8,0,6,0.33,7.45,0,0,0.33,8.13,0,11,0.32,8.85,0,3,0.32,9.59,0,24,0.32,11.56,0,10,0.33,13.68,0,6,0.33,15.93,0,1,0.33,18.29,0,0,0.35,20.6,0,0,,23.1,0,0,,25.6,0,0,,28.1,0,0,,30.6,0,0,,33.1,0,0,,35.6,0,0,,38.1,0,0,,40.6,0,0,,7.78,0.0,6.0,0.34,2.7,0.0,22.0,0.33,8.4,0.0,0.0,0.35,2.3,0.0,1.0,0.33,9.06,0.0,0.0,0.35,1.96,0.0,16.0,0.33,11.2,0.0,0.0,0.36,10.46,0.0,0.0,0.36,9.74,0.0,0.0,0.35,1.12,0.0,3.0,0.33,1.37,0.0,0.0,0.33,1.64,0.0,13.0,0.33,11.96,0.0,0.0,0.36,0.91,0.0,2.0,0.33,12.8,0.0,0.0,0.37,0.72,0.0,15.0,0.33,14.41,0.0,0.0,0.38,13.57,0.0,0.0,0.37,0.44,0.0,1.0,0.33,0.57,0.0,0.0,0.33,15.26,0.0,0.0,0.39,0.33,0.0,0.0,0.33
2023-12-11 16:00:00,41.15,6.69,0,0,0.34,6.24,0,0,0.35,5.63,0,0,0.34,5.15,0,3,0.34,4.83,0,0,0.34,4.28,0,1,0.33,3.87,0,28,0.33,3.5,0,0,0.33,3.2,0,0,0.33,2.91,0,1,0.33,2.63,0,1,0.33,2.41,0,6,0.33,1.89,0,22,0.33,1.48,0,22,0.33,1.16,0,10,0.33,0.93,0,2,0.34,0.73,0,34,0.34,0.57,0,89,0.34,0.44,0,173,0.34,0.33,0,76,0.34,0.26,0,1,0.34,0.19,0,0,0.34,0.15,0,0,0.34,0.11,0,2,0.34,0.09,0,96,0.34,3.29,0,29,0.33,3.72,0,27,0.33,4.2,10,65,0.33,4.73,0,6,0.32,5.27,0,0,0.32,5.86,0,13,0.32,6.47,0,11,0.32,7.1,0,6,0.32,7.78,0,0,0.32,8.47,0,11,0.32,9.19,0,3,0.31,9.96,0,24,0.31,11.99,0,10,0.31,14.19,0,6,0.32,16.5,0,1,0.32,18.92,0,0,0.34,21.35,0,0,,23.85,0,0,,26.35,0,0,,28.85,0,0,,31.35,0,0,,33.85,0,0,,36.35,0,0,,38.85,0,0,,41.35,0,0,,7.27,0.0,6.0,0.35,2.88,0.0,22.0,0.33,7.88,0.0,0.0,0.35,2.52,0.0,1.0,0.33,8.53,0.0,0.0,0.36,2.2,0.0,16.0,0.34,10.64,0.0,0.0,0.37,9.89,0.0,0.0,0.36,9.22,0.0,0.0,0.36,1.31,0.0,3.0,0.34,1.57,0.0,0.0,0.34,1.89,0.0,13.0,0.34,11.38,0.0,0.0,0.37,1.06,0.0,2.0,0.34,12.19,0.0,0.0,0.38,0.87,0.0,15.0,0.34,13.83,0.0,0.0,0.4,12.99,0.0,0.0,0.39,0.54,0.0,1.0,0.34,0.68,0.0,0.0,0.34,14.67,0.0,0.0,0.41,0.41,0.0,0.0,0.34
2023-12-12 16:00:00,41.15,6.63,0,0,0.34,6.09,0,0,0.34,5.57,0,0,0.34,5.1,0,3,0.33,4.65,0,0,0.33,4.26,0,1,0.33,3.88,0,28,0.33,3.55,1,1,0.33,3.25,0,0,0.33,2.95,0,1,0.33,2.64,0,1,0.33,2.4,0,6,0.33,1.88,0,22,0.33,1.46,0,22,0.33,1.13,0,10,0.33,0.87,0,2,0.33,0.66,0,34,0.33,0.5,0,89,0.33,0.38,0,173,0.33,0.29,0,76,0.33,0.22,0,1,0.33,0.17,0,0,0.33,0.12,0,0,0.33,0.1,0,2,0.33,0.07,0,96,0.33,3.26,0,29,0.33,3.72,0,27,0.33,4.14,0,65,0.32,4.65,0,6,0.32,5.21,0,0,0.32,5.79,0,13,0.32,6.41,0,11,0.32,7.05,0,6,0.31,7.71,0,0,0.31,8.43,0,11,0.31,9.18,0,3,0.31,9.93,0,24,0.31,11.96,0,10,0.31,14.16,0,6,0.31,16.46,0,1,0.31,18.89,0,0,0.33,21.35,0,0,,23.85,0,0,,26.35,0,0,,28.85,0,0,,31.35,0,0,,33.85,0,0,,36.35,0,0,,38.85,0,0,,41.35,0,0,,7.2,0.0,6.0,0.34,2.87,0.0,22.0,0.33,7.81,0.0,0.0,0.34,2.49,0.0,1.0,0.33,8.43,0.0,0.0,0.35,2.11,0.0,16.0,0.33,10.55,0.0,0.0,0.36,9.8,0.0,0.0,0.35,9.11,0.0,0.0,0.35,1.23,0.0,3.0,0.33,1.48,0.0,0.0,0.33,1.79,0.0,13.0,0.33,11.31,0.0,0.0,0.36,0.99,0.0,2.0,0.33,12.11,0.0,0.0,0.37,0.8,19.0,34.0,0.33,13.79,0.0,0.0,0.39,12.94,0.0,0.0,0.38,0.48,0.0,1.0,0.33,0.62,0.0,0.0,0.33,14.67,0.0,0.0,0.41,0.37,0.0,0.0,0.33
2023-12-13 16:00:00,41.2,6.58,0,0,0.33,5.97,0,0,0.33,5.43,0,0,0.32,4.98,0,3,0.32,4.55,0,0,0.32,4.1,0,1,0.32,3.74,0,28,0.32,3.42,0,1,0.32,3.07,0,0,0.32,2.79,0,1,0.32,2.52,0,1,0.32,2.26,0,6,0.32,1.79,0,22,0.32,1.42,0,22,0.33,1.1,0,10,0.33,0.85,0,2,0.33,0.64,0,34,0.33,0.48,0,89,0.32,0.37,0,173,0.33,0.28,0,76,0.33,0.21,0,1,0.33,0.16,0,0,0.33,0.12,0,0,0.33,0.09,0,2,0.33,0.07,0,96,0.33,3.27,0,29,0.33,3.68,0,27,0.33,4.16,0,65,0.32,4.65,0,6,0.32,5.21,0,0,0.32,5.8,0,13,0.32,6.41,0,11,0.32,7.06,0,6,0.32,7.75,0,0,0.32,8.47,0,11,0.32,9.21,0,3,0.32,9.99,0,24,0.32,12.01,0,10,0.32,14.22,0,6,0.33,16.53,0,1,0.33,18.83,0,0,0.32,21.3,0,0,,23.8,0,0,,26.3,0,0,,28.8,0,0,,31.3,0,0,,33.8,0,0,,36.3,0,0,,38.8,0,0,,41.3,0,0,,7.17,0.0,6.0,0.34,2.83,0.0,22.0,0.33,7.78,0.0,0.0,0.34,2.43,0.0,1.0,0.33,8.43,0.0,0.0,0.35,2.06,0.0,16.0,0.33,10.51,0.0,0.0,0.35,9.77,0.0,0.0,0.35,9.1,0.0,0.0,0.35,1.19,0.0,3.0,0.33,1.44,0.0,0.0,0.33,1.74,0.0,13.0,0.33,11.27,0.0,0.0,0.36,0.96,0.0,2.0,0.33,12.12,0.0,0.0,0.37,0.76,0.0,34.0,0.33,13.76,0.0,0.0,0.38,12.93,0.0,0.0,0.38,0.46,0.0,1.0,0.33,0.6,0.0,0.0,0.33,14.61,0.0,0.0,0.39,0.35,0.0,0.0,0.33
2023-12-14 16:00:00,41.55,6.68,0,0,0.33,6.12,0,0,0.32,5.59,0,0,0.32,5.12,0,3,0.32,4.62,0,0,0.32,4.23,0,1,0.32,3.84,0,28,0.32,3.49,1,2,0.32,3.16,1,1,0.32,2.85,1,1,0.31,2.59,0,1,0.32,2.34,0,6,0.32,1.83,1,21,0.32,1.43,0,22,0.32,1.1,0,10,0.32,0.84,0,2,0.32,0.64,0,34,0.32,0.47,0,89,0.32,0.36,0,173,0.32,0.27,0,76,0.32,0.2,0,1,0.32,0.15,0,0,0.32,0.11,0,0,0.32,0.09,0,2,0.32,0.06,0,96,0.32,3.06,0,29,0.32,3.52,0,27,0.32,3.98,0,65,0.32,4.48,0,6,0.32,5.0,0,0,0.32,5.57,0,13,0.32,6.17,0,11,0.32,6.8,0,6,0.31,7.47,0,0,0.31,8.17,0,11,0.31,8.91,0,3,0.31,9.67,0,24,0.31,11.7,0,10,0.31,13.87,0,6,0.32,16.16,0,1,0.32,18.48,0,0,0.32,20.95,0,0,,23.45,0,0,,25.95,0,0,,28.45,0,0,,30.95,0,0,,33.45,0,0,,35.95,0,0,,38.45,0,0,,40.95,0,0,,7.31,0.0,6.0,0.33,2.65,0.0,22.0,0.32,7.95,0.0,0.0,0.33,2.25,0.0,1.0,0.32,8.61,0.0,0.0,0.34,1.91,0.0,16.0,0.32,10.77,0.0,0.0,0.35,10.02,0.0,0.0,0.35,9.3,0.0,0.0,0.34,1.07,0.0,3.0,0.32,1.32,0.0,0.0,0.32,1.59,0.0,13.0,0.32,11.53,0.0,0.0,0.35,0.86,0.0,2.0,0.32,12.33,0.0,0.0,0.36,0.68,0.0,34.0,0.32,14.01,0.0,0.0,0.37,13.19,0.0,0.0,0.37,0.4,0.0,1.0,0.32,0.53,0.0,0.0,0.32,14.87,0.0,0.0,0.38,0.3,0.0,0.0,0.32
2023-12-15 16:00:00,42.5,7.34,0,0,0.33,6.77,0,0,0.33,6.37,0,0,0.33,5.82,0,3,0.33,5.33,0,0,0.33,4.87,0,1,0.33,4.44,0,28,0.33,4.02,0,2,0.32,3.69,0,1,0.32,3.39,0,1,0.33,3.11,0,1,0.33,2.73,0,6,0.32,2.18,0,21,0.32,1.71,0,22,0.32,1.3,0,10,0.32,1.02,0,2,0.32,0.78,0,34,0.32,0.6,0,89,0.32,0.45,53,226,0.32,0.34,0,76,0.32,0.26,0,1,0.32,0.19,0,0,0.32,0.15,0,0,0.32,0.11,0,2,0.32,0.09,0,96,0.32,2.76,0,29,0.32,3.14,4,31,0.32,3.57,0,65,0.32,4.0,0,6,0.32,4.52,0,0,0.32,5.05,0,13,0.31,5.58,0,11,0.31,6.17,0,6,0.31,6.86,0,0,0.31,7.53,0,11,0.31,8.23,0,3,0.31,8.96,0,24,0.31,10.9,0,10,0.31,13.01,0,6,0.31,15.25,0,1,0.31,17.59,0,0,0.32,20.01,0,0,0.32,22.5,0,0,,25.0,0,0,,27.5,0,0,,30.0,0,0,,32.5,0,0,,35.0,0,0,,37.5,0,0,,40.0,0,0,,8.1,0.0,6.0,0.34,2.4,0.0,22.0,0.33,8.75,0.0,0.0,0.34,2.04,0.0,1.0,0.33,9.43,0.0,0.0,0.35,1.72,0.0,16.0,0.32,11.66,0.0,0.0,0.36,10.89,0.0,0.0,0.35,10.14,0.0,0.0,0.35,0.96,0.0,3.0,0.32,1.18,0.0,0.0,0.32,1.43,0.0,13.0,0.32,12.47,0.0,0.0,0.37,0.77,0.0,2.0,0.32,13.3,0.0,0.0,0.38,0.6,0.0,34.0,0.32,14.99,0.0,0.0,0.39,14.11,0.0,0.0,0.38,0.36,0.0,1.0,0.32,0.46,0.0,0.0,0.32,15.48,0.0,0.0,0.32,0.26,0.0,0.0,0.32
2023-12-18 16:00:00,42.0,7.13,0,0,0.34,6.58,0,0,0.34,6.05,0,0,0.34,5.55,0,3,0.34,4.99,0,0,0.33,4.55,0,1,0.33,4.16,0,28,0.33,3.8,0,2,0.33,3.37,0,1,0.32,3.14,0,1,0.32,2.89,0,1,0.33,2.57,0,6,0.32,2.0,0,21,0.32,1.55,0,22,0.32,1.22,0,10,0.33,0.95,0,2,0.33,0.72,0,34,0.33,0.56,0,89,0.33,0.42,0,226,0.33,0.32,0,76,0.33,0.24,0,1,0.33,0.18,0,0,0.33,0.14,0,0,0.33,0.1,0,2,0.32,0.08,0,96,0.33,2.92,0,29,0.33,3.33,0,31,0.32,3.69,0,65,0.32,4.21,0,6,0.32,4.78,0,0,0.32,5.38,0,13,0.32,5.87,0,11,0.31,6.49,0,6,0.31,7.15,0,0,0.31,7.83,0,11,0.31,8.55,0,3,0.31,9.3,0,24,0.31,11.29,0,10,0.31,13.43,0,6,0.31,15.7,0,1,0.32,18.08,0,0,0.32,20.5,0,0,,23.0,0,0,,25.5,0,0,,28.0,0,0,,30.5,0,0,,33.0,0,0,,35.5,0,0,,38.0,0,0,,40.5,0,0,,7.75,0.0,6.0,0.34,2.54,0.0,22.0,0.33,8.36,0.0,0.0,0.35,2.19,0.0,1.0,0.33,9.04,0.0,0.0,0.35,1.87,0.0,16.0,0.33,11.22,0.0,0.0,0.36,10.47,0.0,0.0,0.36,9.72,0.0,0.0,0.35,1.04,0.0,3.0,0.33,1.29,0.0,0.0,0.33,1.55,0.0,13.0,0.33,12.02,0.0,0.0,0.37,0.85,0.0,2.0,0.33,12.83,0.0,0.0,0.38,0.66,0.0,34.0,0.33,14.54,0.0,0.0,0.4,13.69,0.0,0.0,0.39,0.4,0.0,1.0,0.33,0.52,0.0,0.0,0.33,15.4,0.0,0.0,0.41,0.3,0.0,0.0,0.33
2023-12-19 16:00:00,42.1,7.16,0,0,0.34,6.58,0,0,0.33,6.01,0,0,0.33,5.49,0,3,0.33,5.0,0,0,0.32,4.56,0,1,0.32,4.16,0,28,0.32,3.76,0,2,0.32,3.41,0,1,0.32,3.1,0,1,0.32,2.81,0,1,0.32,2.57,0,6,0.32,2.01,0,21,0.32,1.56,0,22,0.32,1.23,0,10,0.32,0.95,0,2,0.33,0.71,0,34,0.32,0.55,0,89,0.32,0.42,0,226,0.33,0.31,0,76,0.32,0.24,0,1,0.32,0.18,0,0,0.33,0.13,0,0,0.32,0.1,0,2,0.32,0.08,0,96,0.33,2.85,0,29,0.32,3.23,0,31,0.32,3.76,0,65,0.32,4.14,0,6,0.32,4.76,0,0,0.32,5.31,0,13,0.32,5.79,0,11,0.31,6.38,0,6,0.31,7.03,0,0,0.31,7.71,0,11,0.31,8.42,0,3,0.31,9.17,0,24,0.3,11.15,0,10,0.3,13.29,0,6,0.31,15.55,0,1,0.31,17.98,0,0,0.32,20.4,0,0,,22.9,0,0,,25.4,0,0,,27.9,0,0,,30.4,0,0,,32.9,0,0,,35.4,0,0,,37.9,0,0,,40.4,0,0,,7.79,0.0,6.0,0.34,2.47,0.0,22.0,0.32,8.41,0.0,0.0,0.34,2.12,0.0,1.0,0.33,9.09,0.0,0.0,0.35,1.82,0.0,16.0,0.33,11.28,0.0,0.0,0.36,10.53,0.0,0.0,0.36,9.78,0.0,0.0,0.35,1.01,0.0,3.0,0.33,1.25,0.0,0.0,0.33,1.5,0.0,13.0,0.33,12.09,0.0,0.0,0.37,0.82,0.0,2.0,0.33,12.91,0.0,0.0,0.38,0.64,0.0,34.0,0.33,14.64,0.0,0.0,0.4,13.76,0.0,0.0,0.39,0.38,0.0,1.0,0.32,0.5,0.0,0.0,0.33,15.08,0.0,0.0,0.32,0.28,0.0,0.0,0.32
2023-12-20 16:00:00,42.85,7.6,0,0,0.33,7.06,0,0,0.33,6.51,0,0,0.33,5.98,0,3,0.33,5.46,0,0,0.33,4.99,0,1,0.33,4.48,0,28,0.32,4.14,7,9,0.32,3.8,0,1,0.32,3.44,0,1,0.32,3.12,1,2,0.32,2.84,0,6,0.32,2.23,1,21,0.32,1.75,0,22,0.32,1.35,0,10,0.32,1.02,0,2,0.32,0.79,0,34,0.32,0.6,0,89,0.32,0.45,0,226,0.32,0.34,0,76,0.32,0.26,0,1,0.32,0.19,0,0,0.32,0.15,0,0,0.32,0.11,0,2,0.32,0.08,0,96,0.32,2.63,0,29,0.32,3.01,0,31,0.32,3.43,0,65,0.32,3.87,0,6,0.32,4.37,0,0,0.32,4.88,0,13,0.32,5.45,0,11,0.32,6.0,0,6,0.31,6.62,0,0,0.31,7.28,0,11,0.31,7.97,0,3,0.31,8.69,0,24,0.31,10.62,0,10,0.31,12.7,0,6,0.31,14.92,0,1,0.31,17.25,0,0,0.31,19.66,0,0,0.32,22.15,0,0,,24.65,0,0,,27.15,0,0,,29.65,0,0,,32.15,0,0,,34.65,0,0,,37.15,0,0,,39.65,0,0,,8.27,0.0,6.0,0.34,2.24,0.0,22.0,0.32,8.95,0.0,0.0,0.34,1.91,0.0,1.0,0.32,9.64,0.0,0.0,0.34,1.59,0.0,16.0,0.32,11.92,0.0,0.0,0.36,11.12,0.0,0.0,0.35,10.37,0.0,0.0,0.35,0.87,0.0,3.0,0.32,1.08,0.0,0.0,0.32,1.32,0.0,13.0,0.32,12.73,0.0,0.0,0.37,0.69,0.0,2.0,0.32,13.59,0.0,0.0,0.38,0.54,0.0,34.0,0.32,15.33,0.0,0.0,0.4,14.45,0.0,0.0,0.39,0.31,0.0,1.0,0.32,0.41,0.0,0.0,0.32,15.78,0.0,0.0,0.32,0.23,0.0,0.0,0.32
2023-12-21 16:00:00,42.5,7.4,0,0,0.34,6.81,0,0,0.33,6.25,0,0,0.33,5.61,0,3,0.32,5.2,0,0,0.32,4.75,0,1,0.32,4.37,0,28,0.33,3.95,52,61,0.32,3.59,0,1,0.32,3.29,0,1,0.32,2.98,0,2,0.32,2.67,0,6,0.32,2.09,0,21,0.32,1.64,0,22,0.32,1.3,0,10,0.33,0.99,0,2,0.32,0.76,0,34,0.32,0.58,0,89,0.32,0.44,0,226,0.32,0.33,0,76,0.32,0.25,0,1,0.32,0.18,0,0,0.32,0.14,0,0,0.32,0.11,0,2,0.33,0.08,0,96,0.32,2.77,0,29,0.33,3.18,0,31,0.33,3.61,0,65,0.32,4.06,0,6,0.32,4.57,0,0,0.32,5.1,0,13,0.32,5.66,0,11,0.32,6.26,0,6,0.32,6.9,0,0,0.32,7.57,0,11,0.31,8.28,0,3,0.31,9.01,0,24,0.31,10.97,0,10,0.32,13.08,0,6,0.32,15.33,0,1,0.32,17.66,0,0,0.33,20.01,0,0,0.32,22.5,0,0,,25.0,0,0,,27.5,0,0,,30.0,0,0,,32.5,0,0,,35.0,0,0,,37.5,0,0,,40.0,0,0,,8.02,0.0,6.0,0.34,2.38,0.0,22.0,0.33,8.68,0.0,0.0,0.34,2.02,0.0,1.0,0.33,9.36,0.0,0.0,0.34,1.7,0.0,16.0,0.33,11.59,0.0,0.0,0.36,10.81,0.0,0.0,0.35,10.08,0.0,0.0,0.35,0.94,0.0,3.0,0.32,1.16,1.0,1.0,0.32,1.41,1.0,14.0,0.33,12.37,0.0,0.0,0.36,0.75,0.0,2.0,0.32,13.19,0.0,0.0,0.37,0.59,0.0,34.0,0.32,14.87,0.0,0.0,0.38,14.02,0.0,0.0,0.38,0.35,0.0,1.0,0.32,0.45,0.0,0.0,0.32,15.74,0.0,0.0,0.39,0.25,0.0,0.0,0.32
2023-12-22 16:00:00,42.45,7.3,0,0,0.33,6.73,0,0,0.33,6.25,0,0,0.33,5.76,1,4,0.33,5.13,0,0,0.32,4.68,0,1,0.32,4.28,0,28,0.32,4.01,0,61,0.33,3.65,0,1,0.33,3.33,0,1,0.33,2.98,0,2,0.32,2.74,0,6,0.33,2.16,0,21,0.33,1.69,0,22,0.33,1.32,0,10,0.33,1.01,0,2,0.33,0.77,0,34,0.33,0.6,0,89,0.33,0.45,0,226,0.33,0.34,0,76,0.33,0.26,0,1,0.33,0.19,0,0,0.33,0.15,0,0,0.33,0.11,0,2,0.33,0.09,0,96,0.33,2.83,0,29,0.33,3.26,0,31,0.33,3.74,0,65,0.33,4.21,0,6,0.33,4.64,0,0,0.32,5.25,0,13,0.33,5.82,21,32,0.33,6.4,0,6,0.32,7.03,0,0,0.32,7.7,0,11,0.32,8.4,0,3,0.32,9.13,0,24,0.32,11.07,0,10,0.32,13.16,0,6,0.32,15.38,0,1,0.33,17.7,0,0,0.33,20.06,0,0,0.32,22.55,0,0,,25.05,0,0,,27.55,0,0,,30.05,0,0,,32.55,0,0,,35.05,0,0,,37.55,0,0,,40.05,0,0,,8.04,0.0,6.0,0.34,2.43,0.0,22.0,0.33,8.69,0.0,0.0,0.35,2.07,0.0,1.0,0.33,9.37,0.0,0.0,0.35,1.75,0.0,16.0,0.33,11.6,0.0,0.0,0.37,10.83,0.0,0.0,0.36,10.08,0.0,0.0,0.36,0.97,0.0,3.0,0.33,1.2,1.0,2.0,0.33,1.45,0.0,14.0,0.33,12.39,0.0,0.0,0.37,0.78,0.0,2.0,0.33,13.19,0.0,0.0,0.38,0.62,0.0,34.0,0.33,14.87,0.0,0.0,0.39,14.02,0.0,0.0,0.38,0.36,0.0,1.0,0.33,0.48,0.0,0.0,0.33,15.73,0.0,0.0,0.4,0.27,0.0,0.0,0.33
2023-12-27 16:00:00,42.3,7.29,0,0,0.34,6.57,0,0,0.33,6.18,0,0,0.34,5.65,0,4,0.34,5.1,0,0,0.33,4.66,0,1,0.33,4.24,0,28,0.33,3.83,0,61,0.32,3.48,0,1,0.33,3.17,0,1,0.32,2.88,0,2,0.32,2.61,0,6,0.33,2.06,0,21,0.33,1.6,0,22,0.33,1.26,0,10,0.33,0.96,0,2,0.33,0.73,0,34,0.33,0.56,0,89,0.33,0.42,0,226,0.33,0.32,0,76,0.33,0.24,0,1,0.33,0.18,0,0,0.33,0.14,0,0,0.33,0.1,0,2,0.33,0.08,0,96,0.33,2.84,0,29,0.33,3.24,0,31,0.33,3.68,0,65,0.33,4.15,3,6,0.33,4.66,0,0,0.32,5.2,2,13,0.32,5.88,0,32,0.33,6.47,0,6,0.33,7.13,0,0,0.33,7.66,0,11,0.31,8.37,0,3,0.31,9.1,0,24,0.31,11.06,0,10,0.31,13.18,0,6,0.31,15.42,0,1,0.31,17.76,0,0,0.31,20.21,0,0,0.33,22.7,0,0,,25.2,0,0,,27.7,0,0,,30.2,0,0,,32.7,0,0,,35.2,0,0,,37.7,0,0,,40.2,0,0,,7.89,0.0,6.0,0.34,2.46,0.0,22.0,0.33,8.53,0.0,0.0,0.35,2.09,0.0,1.0,0.33,9.21,0.0,0.0,0.35,1.77,1.0,16.0,0.33,11.43,0.0,0.0,0.37,10.66,0.0,0.0,0.36,9.91,0.0,0.0,0.36,0.98,0.0,3.0,0.33,1.21,0.0,2.0,0.33,1.47,0.0,14.0,0.33,12.23,0.0,0.0,0.37,0.79,0.0,2.0,0.33,13.06,0.0,0.0,0.38,0.62,0.0,34.0,0.33,14.79,0.0,0.0,0.41,13.92,0.0,0.0,0.39,0.37,0.0,1.0,0.33,0.48,0.0,0.0,0.33,15.67,0.0,0.0,0.42,0.27,0.0,0.0,0.33
2023-12-28 16:00:00,43.75,8.25,0,0,0.34,7.68,0,0,0.34,7.03,0,0,0.33,6.46,0,4,0.33,5.94,0,0,0.33,5.43,0,1,0.33,4.96,0,28,0.32,4.54,0,61,0.33,4.19,0,1,0.33,3.8,0,1,0.32,3.44,0,2,0.32,3.17,0,6,0.32,2.49,1,21,0.32,1.96,5,22,0.33,1.53,5,10,0.33,1.19,0,2,0.33,0.91,0,34,0.32,0.69,0,89,0.32,0.53,0,226,0.32,0.4,0,76,0.32,0.3,0,1,0.32,0.23,0,0,0.32,0.17,0,0,0.32,0.13,0,2,0.32,0.1,0,96,0.32,2.36,0,29,0.33,2.74,0,31,0.33,3.11,0,65,0.32,3.57,0,6,0.32,4.0,0,0,0.32,4.49,0,13,0.32,5.04,0,32,0.32,5.58,0,6,0.32,6.2,0,0,0.32,6.82,0,11,0.32,7.48,0,3,0.32,8.18,0,24,0.32,10.03,0,10,0.31,12.05,0,6,0.31,14.2,0,1,0.32,16.47,0,0,0.32,18.88,0,0,0.34,21.25,0,0,,23.75,0,0,,26.25,0,0,,28.75,0,0,,31.25,0,0,,33.75,0,0,,36.25,0,0,,38.75,0,0,,8.9,0.0,6.0,0.34,2.02,0.0,22.0,0.33,9.59,0.0,0.0,0.34,1.7,0.0,1.0,0.33,10.29,0.0,0.0,0.35,1.42,0.0,16.0,0.33,12.59,0.0,0.0,0.36,11.8,0.0,0.0,0.35,11.06,0.0,0.0,0.35,0.76,0.0,3.0,0.32,0.95,0.0,2.0,0.33,1.17,0.0,14.0,0.33,13.41,0.0,0.0,0.36,0.6,0.0,2.0,0.32,14.25,0.0,0.0,0.37,0.46,0.0,34.0,0.32,15.98,0.0,0.0,0.38,15.11,0.0,0.0,0.37,0.26,0.0,1.0,0.32,0.36,0.0,0.0,0.32,16.62,0.0,0.0,0.32,0.2,0.0,0.0,0.33
2023-12-29 16:00:00,43.75,8.23,0,0,0.34,7.39,0,0,0.32,6.81,0,0,0.32,6.44,0,4,0.33,5.74,0,0,0.32,5.26,0,1,0.32,4.96,0,28,0.33,4.53,0,61,0.33,4.13,0,1,0.32,3.76,0,1,0.32,3.43,0,2,0.32,3.11,0,6,0.32,2.46,0,21,0.32,1.92,5,27,0.32,1.5,0,10,0.32,1.16,0,2,0.32,0.9,0,34,0.32,0.68,0,89,0.32,0.51,0,226,0.32,0.39,0,76,0.32,0.29,0,1,0.32,0.22,0,0,0.32,0.17,0,0,0.32,0.13,0,2,0.32,0.1,0,96,0.33,2.34,0,29,0.33,2.7,0,31,0.32,3.09,0,65,0.32,3.51,0,6,0.32,3.97,0,0,0.32,4.45,0,13,0.32,4.98,0,32,0.32,5.55,0,6,0.32,6.13,0,0,0.31,6.75,0,11,0.31,7.41,0,3,0.31,8.11,0,24,0.31,9.97,0,10,0.31,12.01,0,6,0.31,14.18,0,1,0.31,16.45,0,0,0.32,18.81,0,0,0.32,21.25,0,0,,23.75,0,0,,26.25,0,0,,28.75,0,0,,31.25,0,0,,33.75,0,0,,36.25,0,0,,38.75,0,0,,8.89,0.0,6.0,0.34,2.0,0.0,22.0,0.33,9.57,0.0,0.0,0.34,1.68,0.0,1.0,0.33,10.29,0.0,0.0,0.35,1.4,0.0,16.0,0.32,12.6,0.0,0.0,0.36,11.8,0.0,0.0,0.35,11.02,0.0,0.0,0.35,0.75,0.0,3.0,0.32,0.94,0.0,2.0,0.32,1.15,0.0,14.0,0.32,13.42,0.0,0.0,0.36,0.59,0.0,2.0,0.32,14.26,0.0,0.0,0.37,0.45,0.0,34.0,0.32,16.0,0.0,0.0,0.39,15.12,0.0,0.0,0.38,0.26,0.0,1.0,0.32,0.35,0.0,0.0,0.32,16.61,0.0,0.0,0.32,0.19,0.0,0.0,0.32
2024-01-02 16:00:00,44.45,8.64,0,0,0.33,8.0,0,0,0.33,7.39,0,0,0.33,6.82,0,4,0.33,6.28,0,0,0.33,5.78,0,1,0.33,5.26,0,28,0.32,4.86,0,61,0.32,4.46,0,1,0.33,4.07,0,1,0.32,3.64,0,2,0.32,3.35,0,6,0.32,2.73,0,21,0.33,2.14,0,27,0.33,1.73,10,15,0.33,1.34,6,8,0.33,1.03,0,34,0.33,0.8,0,89,0.33,0.62,0,226,0.33,0.46,0,76,0.33,0.36,0,1,0.33,0.27,0,0,0.33,0.2,0,0,0.33,0.16,0,2,0.33,0.12,0,96,0.33,2.2,0,29,0.33,2.57,0,31,0.33,2.95,1,66,0.33,3.37,0,6,0.33,3.82,0,0,0.33,4.29,0,13,0.33,4.79,0,32,0.33,5.37,16,11,0.33,5.93,15,15,0.33,6.54,0,11,0.33,7.19,0,3,0.33,7.87,0,24,0.33,9.68,0,10,0.33,11.66,0,6,0.33,13.77,0,1,0.33,16.02,0,0,0.34,18.31,0,0,0.35,20.7,0,0,0.36,23.05,0,0,,25.55,0,0,,28.05,0,0,,30.55,0,0,,33.05,0,0,,35.55,0,0,,38.05,0,0,,9.31,0.0,6.0,0.33,1.88,0.0,22.0,0.33,10.0,0.0,0.0,0.34,1.57,0.0,1.0,0.33,10.71,0.0,0.0,0.33,1.31,0.0,16.0,0.33,13.05,0.0,0.0,0.34,12.27,0.0,0.0,0.34,11.46,0.0,0.0,0.34,0.69,0.0,3.0,0.33,0.88,0.0,2.0,0.33,1.07,0.0,14.0,0.33,13.87,0.0,0.0,0.34,0.55,0.0,2.0,0.33,14.72,0.0,0.0,0.35,0.42,0.0,34.0,0.33,16.38,0.0,0.0,0.33,15.58,0.0,0.0,0.35,0.24,0.0,1.0,0.33,0.32,0.0,0.0,0.33,17.28,0.0,0.0,0.33,0.17,0.0,0.0,0.33
2024-01-03 16:00:00,44.2,8.53,0,0,0.34,7.89,0,0,0.34,7.29,0,0,0.34,6.72,0,4,0.33,6.26,6,6,0.34,5.68,0,1,0.33,5.22,0,28,0.33,4.78,0,61,0.33,4.38,0,1,0.33,4.0,0,1,0.33,3.65,0,2,0.33,3.34,0,6,0.33,2.65,0,21,0.33,2.09,0,27,0.33,1.64,0,15,0.33,1.28,2,8,0.33,0.98,0,34,0.33,0.75,0,89,0.33,0.58,0,226,0.33,0.44,0,76,0.33,0.33,0,1,0.33,0.25,0,0,0.33,0.19,0,0,0.33,0.15,0,2,0.33,0.11,0,96,0.33,2.26,0,29,0.33,2.62,0,31,0.33,3.0,0,66,0.33,3.4,0,6,0.33,3.85,0,0,0.33,4.33,0,13,0.32,4.85,0,32,0.32,5.4,0,11,0.32,5.99,0,15,0.32,6.6,0,11,0.32,7.25,0,3,0.32,7.94,0,24,0.32,9.78,0,10,0.32,11.77,0,6,0.32,13.88,0,1,0.32,16.11,0,0,0.32,18.43,0,0,0.33,20.82,0,0,0.33,23.3,0,0,,25.8,0,0,,28.3,0,0,,30.8,0,0,,33.3,0,0,,35.8,0,0,,38.3,0,0,,9.19,0.0,6.0,0.34,1.93,0.0,22.0,0.33,9.89,0.0,0.0,0.35,1.61,0.0,1.0,0.33,10.61,0.0,0.0,0.35,1.35,0.0,16.0,0.33,12.99,0.0,0.0,0.37,12.18,0.0,0.0,0.36,11.37,0.0,0.0,0.35,0.71,0.0,3.0,0.33,0.91,0.0,2.0,0.33,1.1,0.0,14.0,0.33,13.81,0.0,0.0,0.37,0.57,0.0,2.0,0.33,14.65,0.0,0.0,0.38,0.44,0.0,34.0,0.33,16.12,0.0,0.0,0.33,15.5,0.0,0.0,0.38,0.25,0.0,1.0,0.33,0.34,0.0,0.0,0.33,17.02,0.0,0.0,0.33,0.18,0.0,0.0,0.33
2024-01-04 16:00:00,44.1,8.49,0,0,0.34,7.86,0,0,0.34,7.22,0,0,0.34,6.66,0,4,0.33,6.13,0,6,0.33,5.63,0,1,0.33,5.17,0,28,0.33,4.74,0,61,0.33,4.34,0,1,0.33,3.97,0,1,0.33,3.60,0,2,0.33,3.31,0,6,0.33,2.62,0,21,0.33,2.07,0,27,0.33,1.63,0,15,0.33,1.27,0,8,0.33,0.98,0,34,0.33,0.74,0,89,0.33,0.58,0,226,0.33,0.44,0,76,0.33,0.33,0,1,0.33,0.25,0,0,0.33,0.19,0,0,0.33,0.15,0,2,0.33,0.11,0,96,0.33,2.30,0,29,0.33,2.67,0,31,0.33,3.03,0,66,0.33,3.47,0,6,0.33,3.92,0,0,0.33,4.41,0,13,0.33,4.93,0,32,0.33,5.47,0,11,0.32,6.19,0,15,0.33,6.70,0,11,0.32,7.36,0,3,0.32,8.05,0,24,0.32,9.88,0,10,0.32,11.86,0,6,0.32,13.98,0,1,0.32,16.21,0,0,0.33,18.53,0,0,0.33,20.92,0,0,0.33,23.40,0,0,,25.90,0,0,,28.40,0,0,,30.90,0,0,,33.40,0,0,,35.90,0,0,,38.40,0,0,,9.15,0,6,0.35,1.97,0,22,0.33,9.84,0,0,0.35,1.65,0,1,0.33,10.56,0,0,0.35,1.39,0,16,0.33,12.90,0,0,0.37,12.09,0,0,0.36,11.32,0,0,0.36,0.74,0,3,0.33,0.93,0,2,0.33,1.13,0,14,0.33,13.72,0,0,0.37,0.59,0,2,0.33,14.56,0,0,0.38,0.45,0,34,0.33,16.02,0,0,0.33,15.42,0,0,0.38,0.26,0,1,0.33,0.35,0,0,0.33,16.92,0,0,0.33,0.19,0,0,0.33
