time,close,C,C,C,C,C,C,C,C,C,C,C,C,C,C,C,C,C,C,C,C,C,C,C,C,C,C,C,C,C,C,C,C,C,C,C,C,C,C,C,C,C,C,C,C,C,C,C,C,C,C,C,C,C,C,C,C,C,C,C,C,C,C,C,C,C,C,C,C,C,C,C,C,C,C,C,C,P,P,P,P,P,P,P,P,P,P,P,P,P,P,P,P,P,P,P,P,P,P,P,P,P,P,P,P,P,P,P,P,P,P,P,P,P,P,P,P,P,P,P,P,P,P,P,P,P,P,P,P,P,P,P,P,P,P,P,P,P,P,P,P,P,P,P,P,P,P,P,P,P,P,P,P,C,C,C,C,P,P,P,P,C,C,C,C,P,P,P,P,C,C,C,C,P,P,P,P,C,C,C,C,C,C,C,C,P,P,P,P,P,P,P,P,C,C,C,C,P,P,P,P,C,C,C,C,P,P,P,P,C,C,C,C,P,P,P,P,C,C,C,C,C,C,C,C,C,C,C,C,C,C,C,C,P,P,P,P,P,P,P,P,P,P,P,P,P,P,P,P,C,C,C,C,P,P,P,P
time,close,2.80,2.80,2.80,2.80,2.90,2.90,2.90,2.90,3.00,3.00,3.00,3.00,3.10,3.10,3.10,3.10,3.20,3.20,3.20,3.20,3.30,3.30,3.30,3.30,3.40,3.40,3.40,3.40,3.50,3.50,3.50,3.50,3.60,3.60,3.60,3.60,3.70,3.70,3.70,3.70,3.80,3.80,3.80,3.80,3.90,3.90,3.90,3.90,4.00,4.00,4.00,4.00,4.10,4.10,4.10,4.10,4.20,4.20,4.20,4.20,4.30,4.30,4.30,4.30,4.40,4.40,4.40,4.40,4.50,4.50,4.50,4.50,4.60,4.60,4.60,4.60,2.80,2.80,2.80,2.80,2.90,2.90,2.90,2.90,3.00,3.00,3.00,3.00,3.10,3.10,3.10,3.10,3.20,3.20,3.20,3.20,3.30,3.30,3.30,3.30,3.40,3.40,3.40,3.40,3.50,3.50,3.50,3.50,3.60,3.60,3.60,3.60,3.70,3.70,3.70,3.70,3.80,3.80,3.80,3.80,3.90,3.90,3.90,3.90,4.00,4.00,4.00,4.00,4.10,4.10,4.10,4.10,4.20,4.20,4.20,4.20,4.30,4.30,4.30,4.30,4.40,4.40,4.40,4.40,4.50,4.50,4.50,4.50,4.60,4.60,4.60,4.60,4.70,4.70,4.70,4.70,4.70,4.70,4.70,4.70,4.80,4.80,4.80,4.80,4.80,4.80,4.80,4.80,4.90,4.90,4.90,4.90,4.90,4.90,4.90,4.90,5.00,5.00,5.00,5.00,5.25,5.25,5.25,5.25,5.00,5.00,5.00,5.00,5.25,5.25,5.25,5.25,5.50,5.50,5.50,5.50,5.50,5.50,5.50,5.50,5.75,5.75,5.75,5.75,5.75,5.75,5.75,5.75,6.00,6.00,6.00,6.00,6.00,6.00,6.00,6.00,6.25,6.25,6.25,6.25,6.50,6.50,6.50,6.50,6.75,6.75,6.75,6.75,7.00,7.00,7.00,7.00,6.25,6.25,6.25,6.25,6.50,6.50,6.50,6.50,6.75,6.75,6.75,6.75,7.00,7.00,7.00,7.00,7.25,7.25,7.25,7.25,7.25,7.25,7.25,7.25
time,close,settle,volume,oi,imp_vol,settle,volume,oi,imp_vol,settle,volume,oi,imp_vol,settle,volume,oi,imp_vol,settle,volume,oi,imp_vol,settle,volume,oi,imp_vol,settle,volume,oi,imp_vol,settle,volume,oi,imp_vol,settle,volume,oi,imp_vol,settle,volume,oi,imp_vol,settle,volume,oi,imp_vol,settle,volume,oi,imp_vol,settle,volume,oi,imp_vol,settle,volume,oi,imp_vol,settle,volume,oi,imp_vol,settle,volume,oi,imp_vol,settle,volume,oi,imp_vol,settle,volume,oi,imp_vol,settle,volume,oi,imp_vol,settle,volume,oi,imp_vol,settle,volume,oi,imp_vol,settle,volume,oi,imp_vol,settle,volume,oi,imp_vol,settle,volume,oi,imp_vol,settle,volume,oi,imp_vol,settle,volume,oi,imp_vol,settle,volume,oi,imp_vol,settle,volume,oi,imp_vol,settle,volume,oi,imp_vol,settle,volume,oi,imp_vol,settle,volume,oi,imp_vol,settle,volume,oi,imp_vol,settle,volume,oi,imp_vol,settle,volume,oi,imp_vol,settle,volume,oi,imp_vol,settle,volume,oi,imp_vol,settle,volume,oi,imp_vol,settle,volume,oi,imp_vol,settle,volume,oi,imp_vol,settle,volume,oi,imp_vol,settle,volume,oi,imp_vol,settle,volume,oi,imp_vol,settle,volume,oi,imp_vol,settle,volume,oi,imp_vol,settle,volume,oi,imp_vol,settle,volume,oi,imp_vol,settle,volume,oi,imp_vol,settle,volume,oi,imp_vol,settle,volume,oi,imp_vol,settle,volume,oi,imp_vol,settle,volume,oi,imp_vol,settle,volume,oi,imp_vol,settle,volume,oi,imp_vol,settle,volume,oi,imp_vol,settle,volume,oi,imp_vol,settle,volume,oi,imp_vol,settle,volume,oi,imp_vol,settle,volume,oi,imp_vol,settle,volume,oi,imp_vol,settle,volume,oi,imp_vol,settle,volume,oi,imp_vol,settle,volume,oi,imp_vol,settle,volume,oi,imp_vol,settle,volume,oi,imp_vol
2023-01-31 16:00:00,3.82,1.1,0,0,0.43,1.01,0,0,0.41,0.93,0,0,0.42,0.85,0,0,0.42,0.77,0,0,0.41,0.7,0,0,0.42,0.63,0,0,0.41,0.57,0,0,0.42,0.51,0,0,0.42,0.44,0,0,0.4,0.39,0,0,0.4,0.35,0,0,0.41,0.31,0,0,0.41,0.27,0,0,0.41,0.25,0,0,0.42,0.21,0,0,0.41,0.19,0,0,0.42,0.17,0,0,0.43,0.14,0,0,0.41,0.03,0,0,0.41,0.04,0,0,0.41,0.06,0,0,0.42,0.08,0,0,0.42,0.11,0,0,0.43,0.13,0,0,0.42,0.16,0,0,0.42,0.2,0,0,0.42,0.24,0,0,0.42,0.29,0,0,0.43,0.34,0,0,0.43,0.39,0,0,0.43,0.44,0,0,0.42,0.5,0,0,0.41,0.57,0,0,0.42,0.64,0,0,0.42,0.71,0,0,0.42,0.79,0,0,0.42,0.87,0,0,0.42,,,,,,,,,,,,,,,,,,,,,,,,,,,,,,,,,,,,,,,,,,,,,,,,,,,,,,,,,,,,,,,,,,,,,,,,,,,,,,,,,,,,,,,,,,,,,,,,,,,,,,,,
2023-02-01 16:00:00,3.86,1.14,0,0,0.44,1.05,0,0,0.43,0.96,0,0,0.41,0.88,0,0,0.42,0.81,0,0,0.43,0.73,0,0,0.42,0.67,0,0,0.43,0.6,0,0,0.42,0.54,0,0,0.42,0.47,0,0,0.41,0.42,0,0,0.41,0.37,0,0,0.41,0.33,0,0,0.41,0.29,0,0,0.41,0.26,0,0,0.42,0.23,0,0,0.42,0.2,0,0,0.42,0.17,0,0,0.41,0.16,0,0,0.43,0.03,0,0,0.42,0.04,0,0,0.42,0.06,0,0,0.43,0.08,0,0,0.43,0.1,0,0,0.43,0.13,0,0,0.44,0.16,0,0,0.43,0.19,0,0,0.43,0.23,0,0,0.43,0.28,0,0,0.44,0.33,0,0,0.44,0.38,0,0,0.44,0.44,0,0,0.44,0.48,0,0,0.42,0.55,0,0,0.42,0.62,0,0,0.43,0.69,0,0,0.43,0.76,0,0,0.42,0.84,0,0,0.42,0.14,0.0,0.0,0.43,0.92,0.0,0.0,0.42,,,,,,,,,,,,,,,,,,,,,,,,,,,,,,,,,,,,,,,,,,,,,,,,,,,,,,,,,,,,,,,,,,,,,,,,,,,,,,,,,,,,,,,,,,,,,,,,
2023-02-02 16:00:00,3.85,1.11,0,0,0.41,1.02,0,0,0.4,0.94,0,0,0.41,0.86,0,0,0.42,0.78,0,0,0.41,0.71,0,0,0.42,0.64,0,0,0.41,0.57,0,0,0.41,0.51,0,0,0.41,0.46,0,0,0.41,0.41,0,0,0.42,0.36,0,0,0.41,0.32,0,0,0.42,0.28,0,0,0.41,0.25,0,0,0.42,0.22,0,0,0.42,0.19,0,0,0.42,0.17,0,0,0.42,0.15,0,0,0.43,0.03,0,0,0.42,0.04,0,0,0.41,0.05,0,0,0.4,0.08,0,0,0.43,0.1,0,0,0.42,0.13,0,0,0.43,0.16,0,0,0.43,0.19,0,0,0.42,0.23,0,0,0.42,0.27,0,0,0.42,0.31,0,0,0.41,0.37,0,0,0.41,0.42,0,0,0.41,0.49,0,0,0.41,0.55,0,0,0.41,0.62,0,0,0.41,0.69,0,0,0.41,0.77,0,0,0.41,0.85,0,0,0.41,0.12,0.0,0.0,0.41,0.93,0.0,0.0,0.41,0.1,0.0,0.0,0.41,1.02,0.0,0.0,0.42,,,,,,,,,,,,,,,,,,,,,,,,,,,,,,,,,,,,,,,,,,,,,,,,,,,,,,,,,,,,,,,,,,,,,,,,,,,,,,,,,,,,,,,,
2023-02-03 16:00:00,3.92,1.18,0,0,0.43,1.09,0,0,0.42,1.0,0,0,0.41,0.92,0,0,0.42,0.84,0,0,0.42,0.76,0,0,0.41,0.69,0,0,0.41,0.62,0,0,0.41,0.56,0,0,0.41,0.5,0,0,0.41,0.44,0,0,0.4,0.39,0,0,0.4,0.35,0,0,0.41,0.3,0,0,0.4,0.27,0,0,0.41,0.24,0,0,0.41,0.21,0,0,0.41,0.19,0,0,0.42,0.16,0,0,0.41,0.02,0,0,0.4,0.03,0,0,0.4,0.05,0,0,0.42,0.07,0,0,0.43,0.09,0,0,0.43,0.11,0,0,0.42,0.14,0,0,0.42,0.17,0,0,0.42,0.21,0,0,0.42,0.25,0,0,0.42,0.29,0,0,0.42,0.34,0,0,0.42,0.39,0,0,0.41,0.46,0,0,0.43,0.51,0,0,0.41,0.58,0,0,0.42,0.65,0,0,0.41,0.72,0,0,0.41,0.8,0,0,0.42,0.14,0.0,0.0,0.42,0.88,0.0,0.0,0.42,0.12,0.0,0.0,0.41,0.96,0.0,0.0,0.41,,,,,,,,,,,,,,,,,,,,,,,,,,,,,,,,,,,,,,,,,,,,,,,,,,,,,,,,,,,,,,,,,,,,,,,,,,,,,,,,,,,,,,,,
2023-02-06 16:00:00,3.88,1.14,0,0,0.43,1.05,0,0,0.42,0.96,0,0,0.41,0.88,0,0,0.41,0.8,0,0,0.41,0.73,0,0,0.42,0.66,0,0,0.42,0.59,0,0,0.41,0.53,0,0,0.42,0.48,0,0,0.42,0.43,0,0,0.43,0.38,0,0,0.42,0.33,0,0,0.42,0.29,0,0,0.42,0.25,0,0,0.41,0.23,0,0,0.43,0.2,12,12,0.42,0.18,0,0,0.43,0.15,0,0,0.42,0.03,0,0,0.43,0.04,0,0,0.43,0.05,0,0,0.42,0.07,0,0,0.42,0.09,0,0,0.42,0.12,0,0,0.43,0.15,0,0,0.43,0.18,0,0,0.42,0.22,0,0,0.43,0.26,0,0,0.42,0.31,0,0,0.43,0.35,0,0,0.41,0.41,0,0,0.42,0.47,0,0,0.42,0.54,0,0,0.42,0.6,0,0,0.41,0.68,0,0,0.42,0.75,0,0,0.42,0.83,0,0,0.42,0.13,0.0,0.0,0.42,0.91,0.0,0.0,0.42,0.11,0.0,0.0,0.42,0.99,0.0,0.0,0.42,,,,,,,,,,,,,,,,,,,,,,,,,,,,,,,,,,,,,,,,,,,,,,,,,,,,,,,,,,,,,,,,,,,,,,,,,,,,,,,,,,,,,,,,
2023-02-07 16:00:00,4.04,1.29,0,0,0.42,1.2,0,0,0.43,1.11,0,0,0.42,1.02,0,0,0.41,0.94,0,0,0.42,0.86,0,0,0.42,0.78,0,0,0.41,0.71,0,0,0.41,0.64,0,0,0.41,0.58,0,0,0.42,0.52,0,0,0.42,0.47,0,0,0.42,0.42,0,0,0.42,0.37,0,0,0.42,0.33,0,0,0.42,0.29,0,0,0.42,0.26,10,17,0.42,0.23,0,0,0.42,0.2,0,0,0.42,0.02,0,0,0.43,0.03,0,0,0.44,0.04,0,0,0.43,0.05,0,0,0.42,0.07,0,0,0.43,0.09,0,0,0.43,0.11,0,0,0.42,0.14,0,0,0.43,0.17,0,0,0.42,0.21,0,0,0.43,0.25,10,10,0.43,0.29,0,0,0.42,0.34,0,0,0.42,0.39,0,0,0.42,0.45,0,0,0.42,0.51,0,0,0.42,0.57,0,0,0.41,0.64,0,0,0.42,0.71,0,0,0.41,0.18,0.0,0.0,0.43,0.79,0.0,0.0,0.42,0.15,0.0,0.0,0.42,0.87,0.0,0.0,0.42,,,,,,,,,,,,,,,,,,,,,,,,,,,,,,,,,,,,,,,,,,,,,,,,,,,,,,,,,,,,,,,,,,,,,,,,,,,,,,,,,,,,,,,,
2023-02-08 16:00:00,4.21,1.45,0,0,0.4,1.36,0,0,0.42,1.27,0,0,0.43,1.18,0,0,0.43,1.09,0,0,0.42,1.01,0,0,0.43,0.93,0,0,0.43,0.85,0,0,0.42,0.78,0,0,0.43,0.71,0,0,0.43,0.65,0,0,0.43,0.59,0,0,0.43,0.53,0,0,0.43,0.47,0,0,0.42,0.42,0,0,0.42,0.38,0,0,0.43,0.34,5,17,0.43,0.3,0,0,0.43,0.27,0,0,0.43,0.01,0,0,0.41,0.02,0,0,0.43,0.03,0,0,0.44,0.04,0,0,0.44,0.05,0,0,0.43,0.06,0,0,0.42,0.09,0,0,0.44,0.11,0,0,0.43,0.14,0,0,0.44,0.16,0,0,0.42,0.2,0,10,0.43,0.23,0,0,0.42,0.27,0,0,0.42,0.32,0,0,0.42,0.37,0,0,0.42,0.43,0,0,0.43,0.48,0,0,0.42,0.55,0,0,0.43,0.61,0,0,0.42,0.24,0.0,0.0,0.43,0.68,0.0,0.0,0.42,0.21,0.0,0.0,0.43,0.76,0.0,0.0,0.43,0.19,0.0,0.0,0.43,0.83,0.0,0.0,0.43,,,,,,,,,,,,,,,,,,,,,,,,,,,,,,,,,,,,,,,,,,,,,,,,,,,,,,,,,,,,,,,,,,,,,,,,,,,,,,,,
2023-02-10 16:00:00,4.3,1.54,0,0,0.42,1.45,0,0,0.45,1.36,0,0,0.45,1.26,0,0,0.42,1.18,0,0,0.44,1.09,0,0,0.43,1.01,0,0,0.44,0.93,0,0,0.43,0.85,0,0,0.43,0.78,0,0,0.43,0.71,0,0,0.43,0.65,0,0,0.43,0.59,0,0,0.43,0.54,0,0,0.44,0.49,0,0,0.44,0.44,0,0,0.44,0.39,0,17,0.44,0.35,0,0,0.44,0.31,0,0,0.43,0.01,0,0,0.43,0.01,0,0,0.4,0.02,0,0,0.42,0.03,0,0,0.43,0.04,0,0,0.43,0.06,0,0,0.44,0.07,0,0,0.43,0.1,0,0,0.45,0.12,15,15,0.44,0.14,0,0,0.43,0.17,0,10,0.43,0.2,0,0,0.42,0.24,0,0,0.42,0.28,0,0,0.42,0.33,0,0,0.42,0.38,0,0,0.43,0.43,0,0,0.42,0.5,0,0,0.43,0.57,0,0,0.44,0.28,0.0,0.0,0.44,0.63,0.0,0.0,0.43,0.25,0.0,0.0,0.44,0.7,0.0,0.0,0.43,0.22,0.0,0.0,0.44,0.77,0.0,0.0,0.43,0.2,0.0,0.0,0.44,0.14,0.0,0.0,0.44,0.85,0.0,0.0,0.44,1.05,0.0,0.0,0.44,,,,,,,,,,,,,,,,,,,,,,,,,,,,,,,,,,,,,,,,,,,,,,,,,,,,,,,,,,,,,,,,
2023-02-13 16:00:00,4.14,1.38,0,0,0.41,1.29,0,0,0.43,1.2,0,0,0.43,1.11,0,0,0.42,1.03,0,0,0.44,0.94,0,0,0.42,0.86,0,0,0.42,0.79,0,0,0.43,0.72,0,0,0.43,0.65,0,0,0.43,0.59,0,0,0.43,0.53,0,0,0.43,0.48,0,0,0.43,0.43,0,0,0.44,0.38,0,0,0.43,0.34,0,0,0.43,0.3,0,17,0.43,0.27,0,0,0.44,0.24,0,0,0.44,0.01,0,0,0.4,0.02,0,0,0.43,0.03,0,0,0.43,0.04,0,0,0.43,0.05,0,0,0.42,0.07,0,0,0.43,0.09,0,0,0.43,0.12,5,5,0.44,0.14,0,15,0.43,0.17,0,0,0.42,0.21,0,10,0.43,0.26,0,0,0.44,0.29,2,2,0.42,0.34,0,0,0.42,0.39,0,0,0.42,0.45,0,0,0.42,0.51,0,0,0.42,0.58,0,0,0.43,0.65,0,0,0.43,0.21,0.0,0.0,0.44,0.72,0.0,0.0,0.43,0.18,0.0,0.0,0.43,0.79,0.0,0.0,0.42,0.16,0.0,0.0,0.43,0.87,0.0,0.0,0.42,0.14,0.0,0.0,0.44,0.1,0.0,0.0,0.44,0.95,0.0,0.0,0.42,1.17,0.0,0.0,0.43,0.06,0.0,0.0,0.42,1.39,0.0,0.0,0.43,,,,,,,,,,,,,,,,,,,,,,,,,,,,,,,,,,,,,,,,,,,,,,,,,,,,,,,,
2023-02-14 16:00:00,4.17,1.41,0,0,0.42,1.32,0,0,0.44,1.23,0,0,0.44,1.14,0,0,0.43,1.05,0,0,0.42,0.97,0,0,0.43,0.89,0,0,0.43,0.81,0,0,0.42,0.74,0,0,0.43,0.67,0,0,0.43,0.61,0,0,0.43,0.55,0,0,0.43,0.49,0,0,0.43,0.44,0,0,0.43,0.39,0,0,0.43,0.35,122,122,0.43,0.31,122,139,0.43,0.28,121,121,0.44,0.25,121,121,0.44,0.01,0,0,0.41,0.02,0,0,0.44,0.03,0,0,0.44,0.04,0,0,0.44,0.05,0,0,0.43,0.06,0,0,0.42,0.08,0,0,0.42,0.11,0,5,0.43,0.14,0,15,0.44,0.17,0,0,0.44,0.2,0,10,0.43,0.24,0,0,0.43,0.28,0,2,0.43,0.33,0,0,0.43,0.38,49,49,0.43,0.44,122,122,0.43,0.5,0,0,0.43,0.56,0,0,0.43,0.63,0,0,0.43,0.21,0.0,0.0,0.43,0.7,0.0,0.0,0.43,0.19,0.0,0.0,0.43,0.77,0.0,0.0,0.42,0.16,0.0,0.0,0.43,0.85,0.0,0.0,0.43,0.14,0.0,0.0,0.43,0.1,0.0,0.0,0.43,0.93,0.0,0.0,0.43,1.14,0.0,0.0,0.43,0.07,0.0,0.0,0.43,1.36,0.0,0.0,0.42,,,,,,,,,,,,,,,,,,,,,,,,,,,,,,,,,,,,,,,,,,,,,,,,,,,,,,,,
2023-02-15 16:00:00,4.14,1.38,0,0,0.41,1.29,0,0,0.43,1.2,0,0,0.43,1.11,0,0,0.43,1.02,0,0,0.42,0.94,0,0,0.43,0.86,0,0,0.42,0.78,0,0,0.42,0.71,0,0,0.42,0.64,0,0,0.42,0.58,0,0,0.42,0.52,0,0,0.42,0.47,0,0,0.43,0.41,60,60,0.42,0.37,180,180,0.42,0.32,268,390,0.42,0.28,268,407,0.41,0.25,268,389,0.42,0.22,0,121,0.42,0.01,1,1,0.41,0.02,0,0,0.43,0.03,0,0,0.44,0.04,0,0,0.44,0.05,0,0,0.42,0.06,0,0,0.41,0.09,0,0,0.43,0.11,0,5,0.43,0.14,0,15,0.43,0.17,0,0,0.43,0.21,0,10,0.43,0.25,0,0,0.43,0.29,0,2,0.43,0.34,0,0,0.43,0.39,0,49,0.42,0.46,0,122,0.44,0.51,0,0,0.42,0.57,0,0,0.42,0.64,0,0,0.42,0.2,0.0,0.0,0.43,0.71,0.0,0.0,0.42,0.17,0.0,0.0,0.42,0.79,0.0,0.0,0.42,0.15,0.0,0.0,0.43,0.87,0.0,0.0,0.42,0.13,0.0,0.0,0.43,0.09,0.0,0.0,0.42,0.95,0.0,0.0,0.42,1.16,0.0,0.0,0.42,0.07,2.0,2.0,0.44,1.39,0.0,0.0,0.43,,,,,,,,,,,,,,,,,,,,,,,,,,,,,,,,,,,,,,,,,,,,,,,,,,,,,,,,
2023-02-20 16:00:00,3.98,1.22,0,0,0.4,1.13,0,0,0.41,1.04,0,0,0.41,0.96,0,0,0.43,0.87,0,0,0.41,0.8,0,0,0.43,0.72,0,0,0.42,0.65,0,0,0.42,0.58,0,0,0.42,0.52,0,0,0.42,0.48,0,0,0.44,0.41,0,0,0.42,0.36,3,3,0.42,0.32,0,60,0.42,0.28,0,180,0.42,0.24,0,390,0.42,0.21,0,407,0.42,0.18,15,404,0.42,0.16,0,121,0.43,0.01,0,2,0.38,0.02,0,0,0.41,0.03,0,0,0.41,0.05,0,0,0.43,0.06,0,0,0.42,0.09,15,15,0.44,0.11,5,5,0.43,0.14,0,5,0.43,0.17,0,15,0.43,0.21,0,0,0.43,0.25,0,10,0.43,0.3,0,0,0.43,0.35,0,2,0.43,0.41,0,0,0.43,0.46,0,49,0.42,0.53,0,122,0.43,0.6,0,0,0.43,0.67,0,0,0.43,0.74,0,0,0.42,0.14,0.0,0.0,0.43,0.82,0.0,0.0,0.42,0.12,0.0,0.0,0.43,0.9,0.0,0.0,0.42,0.1,0.0,0.0,0.42,0.99,0.0,0.0,0.43,0.09,0.0,0.0,0.43,0.06,0.0,0.0,0.43,1.07,0.0,0.0,0.42,1.3,0.0,0.0,0.43,0.04,0.0,2.0,0.43,1.53,0.0,0.0,0.42,,,,,,,,,,,,,,,,,,,,,,,,,,,,,,,,,,,,,,,,,,,,,,,,,,,,,,,,
2023-02-22 16:00:00,3.79,1.04,0,0,0.41,0.95,0,0,0.41,0.87,0,0,0.42,0.79,0,0,0.43,0.71,0,0,0.42,0.64,0,0,0.43,0.57,0,0,0.42,0.51,0,0,0.43,0.46,0,0,0.44,0.4,0,0,0.43,0.35,0,0,0.43,0.3,0,0,0.42,0.26,0,3,0.42,0.23,0,60,0.43,0.2,0,180,0.43,0.17,0,390,0.43,0.15,0,407,0.43,0.13,0,404,0.44,0.11,0,121,0.43,0.03,0,2,0.44,0.04,0,0,0.44,0.05,0,0,0.42,0.07,0,0,0.43,0.1,0,0,0.44,0.12,0,15,0.43,0.15,0,5,0.43,0.19,0,5,0.43,0.23,0,16,0.43,0.27,0,0,0.42,0.32,0,10,0.42,0.38,0,0,0.43,0.44,0,2,0.43,0.5,0,0,0.42,0.57,0,49,0.42,0.64,0,122,0.42,0.72,0,0,0.42,0.8,0,0,0.43,0.88,0,0,0.42,0.09,0.0,0.0,0.43,0.97,0.0,0.0,0.43,0.08,0.0,0.0,0.43,1.05,0.0,0.0,0.42,0.06,0.0,0.0,0.42,1.14,0.0,0.0,0.42,0.05,0.0,0.0,0.42,0.03,0.0,0.0,0.41,1.23,0.0,0.0,0.41,1.47,0.0,0.0,0.43,0.02,3.0,6.0,0.42,1.71,0.0,0.0,,,,,,,,,,,,,,,,,,,,,,,,,,,,,,,,,,,,,,,,,,,,,,,,,,,,,,,,,
2023-02-23 16:00:00,3.81,1.06,0,0,0.42,0.97,0,0,0.42,0.89,0,0,0.43,0.8,0,0,0.41,0.73,0,0,0.43,0.65,0,0,0.42,0.58,0,0,0.42,0.52,0,0,0.43,0.46,0,0,0.42,0.41,0,0,0.43,0.36,0,0,0.43,0.32,0,0,0.44,0.27,0,3,0.42,0.24,0,60,0.43,0.21,0,180,0.44,0.18,0,390,0.43,0.15,0,407,0.43,0.13,5,409,0.43,0.11,0,121,0.43,0.02,0,2,0.41,0.04,0,0,0.44,0.05,0,0,0.43,0.07,0,0,0.43,0.09,0,0,0.43,0.12,0,15,0.44,0.15,0,5,0.44,0.18,0,5,0.43,0.22,0,16,0.43,0.26,0,0,0.42,0.31,0,10,0.42,0.37,0,0,0.43,0.42,0,2,0.42,0.49,0,0,0.42,0.56,0,49,0.43,0.63,0,122,0.42,0.7,0,0,0.42,0.78,0,0,0.42,0.86,0,0,0.42,0.09,0.0,0.0,0.42,0.95,0.0,0.0,0.43,0.08,0.0,0.0,0.43,1.04,0.0,0.0,0.43,0.06,0.0,0.0,0.41,1.12,0.0,0.0,0.41,0.05,1.0,1.0,0.41,0.03,0.0,0.0,0.41,1.22,0.0,0.0,0.44,1.45,0.0,0.0,0.42,0.02,0.0,6.0,0.42,1.69,0.0,0.0,,,,,,,,,,,,,,,,,,,,,,,,,,,,,,,,,,,,,,,,,,,,,,,,,,,,,,,,,
2023-02-24 16:00:00,3.79,1.04,0,0,0.42,0.95,0,0,0.42,0.87,0,0,0.43,0.79,0,0,0.43,0.71,0,0,0.43,0.64,0,0,0.43,0.57,0,0,0.43,0.51,0,0,0.43,0.45,0,0,0.43,0.39,0,0,0.42,0.35,0,0,0.43,0.3,0,0,0.43,0.27,0,3,0.44,0.23,0,60,0.43,0.2,16,180,0.43,0.17,0,390,0.43,0.14,0,407,0.42,0.12,0,409,0.42,0.1,0,121,0.42,0.03,0,2,0.45,0.04,0,0,0.44,0.05,0,0,0.43,0.07,0,0,0.43,0.1,0,0,0.45,0.12,2,17,0.43,0.15,0,5,0.43,0.19,0,5,0.44,0.23,0,16,0.43,0.27,0,0,0.43,0.32,0,10,0.43,0.38,0,0,0.43,0.44,0,2,0.43,0.5,0,0,0.42,0.57,0,49,0.43,0.64,0,122,0.42,0.72,0,0,0.43,0.8,0,0,0.43,0.88,0,0,0.42,0.09,0.0,0.0,0.43,0.97,0.0,0.0,0.44,0.07,0.0,0.0,0.42,1.05,0.0,0.0,0.42,0.06,0.0,0.0,0.42,1.14,0.0,0.0,0.42,0.05,0.0,1.0,0.42,0.03,0.0,0.0,0.42,1.23,0.0,0.0,0.42,1.47,0.0,0.0,0.43,0.02,0.0,6.0,0.42,1.71,0.0,0.0,,,,,,,,,,,,,,,,,,,,,,,,,,,,,,,,,,,,,,,,,,,,,,,,,,,,,,,,,
2023-02-27 16:00:00,3.79,1.04,0,0,0.43,0.95,0,0,0.42,0.86,0,0,0.41,0.78,0,0,0.42,0.7,0,0,0.41,0.63,0,0,0.42,0.56,0,0,0.42,0.49,0,0,0.41,0.43,0,0,0.41,0.39,0,0,0.43,0.34,168,168,0.43,0.29,169,169,0.42,0.25,169,172,0.42,0.22,167,227,0.43,0.18,0,180,0.41,0.16,0,390,0.42,0.13,0,407,0.42,0.11,0,409,0.42,0.09,0,121,0.41,0.02,0,2,0.41,0.03,0,0,0.41,0.05,0,0,0.43,0.06,0,0,0.41,0.08,0,0,0.41,0.11,0,17,0.42,0.14,0,5,0.42,0.18,0,5,0.43,0.22,0,16,0.43,0.26,0,0,0.42,0.3,0,10,0.41,0.36,0,0,0.41,0.43,0,2,0.42,0.49,0,0,0.42,0.56,0,49,0.42,0.63,0,122,0.41,0.71,0,0,0.42,0.79,0,0,0.42,0.87,0,0,0.41,0.08,0.0,0.0,0.42,0.96,0.0,0.0,0.42,0.06,0.0,0.0,0.41,1.04,0.0,0.0,0.4,0.05,0.0,0.0,0.41,1.14,0.0,0.0,0.43,0.04,0.0,1.0,0.4,0.03,0.0,0.0,0.42,1.23,0.0,0.0,0.42,1.47,0.0,0.0,0.44,0.02,0.0,6.0,0.43,1.71,0.0,0.0,,,,,,,,,,,,,,,,,,,,,,,,,,,,,,,,,,,,,,,,,,,,,,,,,,,,,,,,,
2023-02-28 16:00:00,3.86,1.1,0,0,0.4,1.01,0,0,0.41,0.92,0,0,0.4,0.84,0,0,0.42,0.76,0,0,0.42,0.68,0,0,0.41,0.61,0,0,0.42,0.54,0,0,0.41,0.48,0,0,0.42,0.43,0,0,0.43,0.37,0,168,0.42,0.32,0,169,0.41,0.28,0,172,0.42,0.24,0,227,0.42,0.2,0,180,0.41,0.18,0,390,0.42,0.16,0,407,0.43,0.13,0,409,0.42,0.11,0,121,0.42,0.02,0,2,0.43,0.03,0,0,0.43,0.04,0,0,0.43,0.06,0,0,0.44,0.07,0,0,0.42,0.1,0,17,0.43,0.12,0,5,0.42,0.16,0,5,0.43,0.19,0,16,0.42,0.23,0,0,0.42,0.28,0,10,0.42,0.33,30,30,0.42,0.39,0,2,0.42,0.45,0,0,0.42,0.51,0,49,0.41,0.58,0,122,0.41,0.66,0,0,0.42,0.74,0,0,0.42,0.82,0,0,0.42,0.09,0.0,0.0,0.42,0.9,0.0,0.0,0.42,0.08,0.0,0.0,0.42,0.99,0.0,0.0,0.42,0.06,0.0,0.0,0.41,1.07,0.0,0.0,0.4,0.05,0.0,1.0,0.41,0.03,0.0,0.0,0.41,1.17,0.0,0.0,0.43,1.4,0.0,0.0,0.42,0.02,0.0,6.0,0.41,1.64,0.0,0.0,,,,,,,,,,,,,,,,,,,,,,,,,,,,,,,,,,,,,,,,,,,,,,,,,,,,,,,,,
2023-03-01 16:00:00,3.91,1.15,0,0,0.42,1.06,0,0,0.43,0.97,0,0,0.42,0.88,0,0,0.41,0.8,0,0,0.42,0.72,0,0,0.41,0.64,0,0,0.4,0.57,0,0,0.41,0.51,0,0,0.41,0.45,0,0,0.41,0.39,2,170,0.41,0.34,0,169,0.41,0.3,0,172,0.41,0.26,0,227,0.41,0.22,0,180,0.41,0.19,0,390,0.41,0.16,0,407,0.41,0.14,0,409,0.42,0.12,0,121,0.42,0.01,1,3,0.39,0.02,0,0,0.41,0.03,0,0,0.41,0.05,0,0,0.43,0.06,0,0,0.41,0.08,0,17,0.41,0.11,0,5,0.42,0.14,0,5,0.42,0.17,0,16,0.42,0.21,0,0,0.42,0.26,0,10,0.42,0.3,0,30,0.41,0.36,0,2,0.42,0.42,0,0,0.42,0.48,0,49,0.41,0.55,0,122,0.42,0.62,0,0,0.41,0.69,0,0,0.4,0.77,0,0,0.41,0.1,0.0,0.0,0.42,0.86,0.0,0.0,0.42,0.08,0.0,0.0,0.41,0.94,0.0,0.0,0.41,0.07,0.0,0.0,0.41,1.03,0.0,0.0,0.41,0.06,0.0,1.0,0.42,0.03,0.0,0.0,0.39,1.12,0.0,0.0,0.41,1.35,0.0,0.0,0.41,0.02,0.0,6.0,0.4,1.59,0.0,0.0,,,,,,,,,,,,,,,,,,,,,,,,,,,,,,,,,,,,,,,,,,,,,,,,,,,,,,,,,
2023-03-03 16:00:00,4.08,1.31,0,0,0.42,1.21,0,0,0.38,1.12,0,0,0.41,1.03,0,0,0.41,0.94,0,0,0.4,0.86,0,0,0.42,0.78,0,0,0.42,0.7,0,0,0.41,0.63,0,0,0.42,0.56,0,0,0.41,0.5,3,173,0.42,0.43,5,174,0.4,0.39,0,172,0.42,0.34,10,237,0.42,0.29,0,180,0.41,0.26,0,390,0.42,0.23,10,407,0.43,0.2,0,409,0.43,0.17,0,121,0.42,0.01,0,3,0.43,0.01,0,0,0.39,0.02,0,0,0.42,0.03,0,0,0.42,0.04,0,0,0.41,0.06,0,17,0.43,0.08,0,5,0.43,0.1,0,5,0.42,0.13,0,16,0.43,0.16,0,0,0.42,0.19,0,10,0.41,0.23,0,30,0.41,0.27,0,2,0.4,0.33,0,0,0.41,0.39,0,49,0.42,0.44,0,122,0.4,0.51,0,0,0.41,0.58,0,0,0.41,0.65,0,0,0.41,0.14,0.0,0.0,0.42,0.73,0.0,0.0,0.41,0.12,0.0,0.0,0.42,0.81,0.0,0.0,0.41,0.1,0.0,0.0,0.41,0.89,0.0,0.0,0.41,0.08,0.0,1.0,0.41,0.05,0.0,0.0,0.4,0.98,0.0,0.0,0.42,1.2,0.0,0.0,0.41,0.03,0.0,7.0,0.4,1.43,0.0,0.0,0.4,,,,,,,,,,,,,,,,,,,,,,,,,,,,,,,,,,,,,,,,,,,,,,,,,,,,,,,,
2023-03-06 16:00:00,4.24,1.46,0,0,0.29,1.37,0,0,0.43,1.27,0,0,0.39,1.18,0,0,0.42,1.09,0,0,0.42,1.0,0,0,0.42,0.91,0,0,0.4,0.83,0,0,0.41,0.75,0,0,0.41,0.67,0,0,0.4,0.6,0,173,0.4,0.54,0,174,0.41,0.48,0,172,0.41,0.42,0,237,0.41,0.37,6,180,0.41,0.32,0,390,0.4,0.28,0,407,0.41,0.25,0,409,0.42,0.22,1,121,0.42,0.01,1,4,0.47,0.01,0,0,0.44,0.01,0,0,0.4,0.02,0,0,0.43,0.03,0,0,0.43,0.04,0,17,0.43,0.05,0,5,0.41,0.07,0,5,0.42,0.09,1,16,0.42,0.11,0,0,0.41,0.14,3,13,0.41,0.18,0,30,0.42,0.22,2,2,0.42,0.26,0,0,0.42,0.31,0,49,0.42,0.36,0,122,0.41,0.42,0,0,0.42,0.48,0,0,0.41,0.54,0,0,0.41,0.19,0.0,0.0,0.42,0.61,0.0,0.0,0.4,0.16,0.0,0.0,0.42,0.69,0.0,0.0,0.41,0.14,0.0,0.0,0.42,0.76,0.0,0.0,0.4,0.12,0.0,1.0,0.42,0.07,0.0,0.0,0.4,0.84,0.0,0.0,0.4,1.06,0.0,0.0,0.41,0.05,0.0,7.0,0.42,1.28,0.0,0.0,0.4,,,,,,,,,,,,,,,,,,,,,,,,,,,,,,,,,,,,,,,,,,,,,,,,,,,,,,,,
2023-03-07 16:00:00,4.14,1.37,0,0,0.45,1.27,0,0,0.41,1.18,0,0,0.44,1.08,0,0,0.4,0.99,0,0,0.4,0.91,0,0,0.42,0.82,0,0,0.4,0.75,0,0,0.42,0.67,0,0,0.41,0.6,0,0,0.42,0.53,0,173,0.41,0.47,0,174,0.41,0.43,3,169,0.43,0.38,2,237,0.43,0.33,4,180,0.43,0.28,0,390,0.42,0.25,5,407,0.43,0.21,0,409,0.42,0.18,0,121,0.42,0.01,0,4,0.45,0.01,0,0,0.42,0.01,0,0,0.38,0.02,0,0,0.4,0.03,0,0,0.41,0.05,0,17,0.43,0.07,0,5,0.43,0.09,0,5,0.43,0.11,0,16,0.42,0.13,0,0,0.41,0.17,0,13,0.42,0.2,0,30,0.4,0.24,0,2,0.4,0.29,0,0,0.4,0.34,0,49,0.4,0.4,0,122,0.4,0.47,0,0,0.41,0.54,0,0,0.42,0.61,0,0,0.42,0.16,0.0,0.0,0.43,0.68,0.0,0.0,0.41,0.13,0.0,0.0,0.42,0.76,0.0,0.0,0.41,0.11,0.0,0.0,0.42,0.84,0.0,0.0,0.41,0.09,0.0,1.0,0.41,0.06,0.0,0.0,0.42,0.93,0.0,0.0,0.42,1.14,0.0,0.0,0.4,0.04,0.0,7.0,0.42,1.38,0.0,0.0,0.43,,,,,,,,,,,,,,,,,,,,,,,,,,,,,,,,,,,,,,,,,,,,,,,,,,,,,,,,
2023-03-14 16:00:00,3.88,1.11,0,0,0.42,1.02,0,0,0.44,0.93,0,0,0.43,0.84,0,0,0.42,0.75,0,0,0.41,0.67,0,0,0.41,0.6,0,0,0.42,0.53,0,0,0.42,0.46,0,0,0.41,0.41,0,0,0.43,0.36,0,168,0.43,0.3,2,171,0.41,0.26,0,169,0.42,0.22,0,237,0.42,0.19,8,188,0.42,0.16,0,390,0.42,0.13,0,407,0.42,0.11,0,409,0.42,0.09,0,121,0.42,0.01,0,4,0.41,0.02,0,20,0.43,0.03,0,0,0.43,0.04,0,0,0.42,0.06,0,0,0.43,0.08,0,17,0.43,0.1,0,5,0.42,0.13,0,5,0.42,0.17,0,16,0.43,0.2,0,0,0.41,0.25,0,14,0.42,0.3,0,30,0.42,0.35,0,2,0.41,0.42,0,0,0.42,0.48,0,49,0.41,0.55,0,122,0.41,0.63,0,0,0.42,0.71,0,0,0.42,0.79,0,0,0.42,0.07,0.0,0.0,0.41,0.87,0.0,0.0,0.41,0.06,0.0,0.0,0.41,0.96,0.0,0.0,0.42,0.05,0.0,0.0,0.42,1.05,0.0,0.0,0.42,0.04,0.0,1.0,0.42,0.02,0.0,0.0,0.4,1.14,0.0,0.0,0.41,1.38,0.0,0.0,0.43,0.01,0.0,7.0,0.39,1.62,0.0,0.0,,,,,,,,,,,,,,,,,,,,,,,,,,,,,,,,,,,,,,,,,,,,,,,,,,,,,,,,,
2023-03-15 16:00:00,4.15,1.37,0,0,0.38,1.28,0,0,0.45,1.18,0,0,0.41,1.09,0,0,0.43,1.0,0,0,0.43,0.91,0,0,0.42,0.82,0,0,0.41,0.74,0,0,0.41,0.67,0,0,0.42,0.59,0,0,0.41,0.53,0,168,0.42,0.45,5,174,0.4,0.41,0,169,0.42,0.35,0,237,0.41,0.31,0,188,0.42,0.27,0,390,0.42,0.23,0,407,0.42,0.2,6,415,0.42,0.17,1,122,0.42,0.01,5,9,0.48,0.01,0,20,0.44,0.01,0,0,0.4,0.02,0,0,0.43,0.03,0,0,0.43,0.04,0,17,0.42,0.06,0,5,0.44,0.08,0,5,0.44,0.1,0,16,0.43,0.12,0,0,0.42,0.16,0,14,0.43,0.19,0,30,0.42,0.23,0,2,0.41,0.27,0,0,0.4,0.33,0,49,0.41,0.39,0,122,0.42,0.45,0,0,0.41,0.52,0,0,0.42,0.59,0,0,0.42,0.14,198.0,198.0,0.42,0.66,0.0,0.0,0.41,0.12,0.0,0.0,0.42,0.74,0.0,0.0,0.41,0.1,0.0,0.0,0.42,0.82,0.0,0.0,0.41,0.08,1.0,2.0,0.41,0.05,0.0,0.0,0.41,0.91,0.0,0.0,0.42,1.13,0.0,0.0,0.42,0.04,1.0,8.0,0.44,1.36,0.0,0.0,0.4,,,,,,,,,,,,,,,,,,,,,,,,,,,,,,,,,,,,,,,,,,,,,,,,,,,,,,,,
2023-03-16 16:00:00,4.17,1.39,0,0,0.39,1.29,0,0,0.35,1.2,0,0,0.42,1.11,0,0,0.44,1.01,0,0,0.4,0.93,0,0,0.43,0.84,0,0,0.42,0.76,0,0,0.42,0.68,0,0,0.42,0.61,0,0,0.42,0.54,0,168,0.42,0.48,0,174,0.42,0.42,0,169,0.42,0.37,4,237,0.42,0.32,0,188,0.42,0.28,0,390,0.43,0.23,0,407,0.41,0.21,0,415,0.43,0.18,0,122,0.43,0.01,0,9,0.49,0.01,0,20,0.45,0.01,0,0,0.41,0.01,0,0,0.38,0.02,0,0,0.4,0.04,0,17,0.43,0.05,1,6,0.42,0.07,0,5,0.42,0.09,0,16,0.42,0.12,1,1,0.43,0.15,0,14,0.42,0.18,0,30,0.41,0.22,0,2,0.41,0.26,0,0,0.4,0.32,0,49,0.41,0.38,0,122,0.42,0.43,0,0,0.4,0.51,0,0,0.42,0.58,0,0,0.42,0.15,0.0,198.0,0.43,0.65,0.0,0.0,0.42,0.13,0.0,0.0,0.43,0.73,0.0,0.0,0.42,0.11,0.0,0.0,0.43,0.81,0.0,0.0,0.42,0.09,0.0,2.0,0.43,0.05,0.0,0.0,0.41,0.89,0.0,0.0,0.41,1.11,0.0,0.0,0.41,0.03,0.0,8.0,0.41,1.34,0.0,0.0,0.4,,,,,,,,,,,,,,,,,,,,,,,,,,,,,,,,,,,,,,,,,,,,,,,,,,,,,,,,
2023-03-17 16:00:00,4.29,1.51,0,0,0.42,1.41,0,0,0.38,1.32,0,0,0.45,1.22,0,0,0.41,1.13,0,0,0.43,1.04,0,0,0.43,0.95,0,0,0.43,0.86,0,0,0.41,0.78,0,0,0.42,0.7,0,0,0.41,0.63,0,168,0.42,0.56,0,174,0.42,0.49,0,169,0.41,0.45,11,244,0.44,0.39,0,188,0.43,0.34,15,405,0.43,0.3,5,407,0.43,0.25,0,415,0.42,0.22,0,122,0.43,0.01,2,11,0.52,0.01,0,20,0.48,0.01,0,0,0.44,0.01,0,0,0.41,0.01,0,0,0.37,0.02,1,18,0.39,0.04,25,26,0.43,0.05,0,5,0.42,0.07,187,191,0.42,0.09,0,1,0.42,0.12,10,10,0.43,0.14,0,30,0.41,0.18,0,2,0.42,0.21,0,0,0.4,0.26,0,49,0.41,0.31,0,122,0.41,0.36,0,0,0.4,0.42,0,0,0.4,0.5,0,0,0.42,0.19,0.0,198.0,0.43,0.57,0.0,0.0,0.42,0.16,0.0,0.0,0.42,0.64,0.0,0.0,0.42,0.13,0.0,0.0,0.42,0.72,0.0,0.0,0.42,0.11,0.0,2.0,0.42,0.07,0.0,0.0,0.42,0.79,0.0,0.0,0.41,1.01,0.0,0.0,0.42,0.04,0.0,8.0,0.41,1.23,0.0,0.0,0.41,,,,,,,,,,,,,,,,,,,,,,,,,,,,,,,,,,,,,,,,,,,,,,,,,,,,,,,,
2023-03-20 16:00:00,4.12,1.34,0,0,0.41,1.25,0,0,0.47,1.15,0,0,0.43,1.06,0,0,0.44,0.97,0,0,0.44,0.88,0,0,0.43,0.8,0,0,0.44,0.72,0,0,0.44,0.64,0,0,0.43,0.57,0,0,0.43,0.5,0,168,0.42,0.44,2,174,0.43,0.4,0,169,0.45,0.34,5,241,0.44,0.3,1,188,0.44,0.26,0,405,0.44,0.22,0,407,0.44,0.18,0,415,0.43,0.16,0,122,0.44,0.01,0,11,0.49,0.01,0,20,0.45,0.01,0,0,0.41,0.02,0,0,0.43,0.03,0,0,0.44,0.04,0,18,0.43,0.06,0,26,0.44,0.08,1,6,0.44,0.1,1,192,0.43,0.13,0,1,0.43,0.16,1,10,0.43,0.19,0,30,0.41,0.24,0,2,0.42,0.28,0,0,0.41,0.34,0,49,0.42,0.39,0,122,0.41,0.47,0,0,0.43,0.54,0,0,0.43,0.61,0,0,0.43,0.13,0.0,198.0,0.43,0.69,0.0,0.0,0.43,0.11,0.0,0.0,0.43,0.76,0.0,0.0,0.42,0.09,0.0,0.0,0.43,0.85,0.0,0.0,0.43,0.07,0.0,2.0,0.42,0.05,0.0,0.0,0.44,0.93,0.0,0.0,0.42,1.16,0.0,0.0,0.44,0.03,4.0,12.0,0.44,1.39,0.0,0.0,0.42,,,,,,,,,,,,,,,,,,,,,,,,,,,,,,,,,,,,,,,,,,,,,,,,,,,,,,,,
2023-03-21 16:00:00,4.21,1.43,0,0,0.43,1.33,0,0,0.39,1.23,0,0,0.35,1.14,0,0,0.41,1.05,0,0,0.43,0.95,0,0,0.39,0.87,0,0,0.42,0.78,0,0,0.4,0.7,0,0,0.4,0.63,0,0,0.42,0.55,0,168,0.4,0.49,0,174,0.41,0.44,0,169,0.43,0.38,0,241,0.42,0.33,1,188,0.42,0.28,0,405,0.42,0.24,0,407,0.42,0.2,1,416,0.41,0.17,1,123,0.41,0.01,0,11,0.51,0.01,0,20,0.47,0.01,0,0,0.44,0.01,0,0,0.4,0.02,0,0,0.42,0.03,0,18,0.42,0.04,0,26,0.42,0.06,0,6,0.43,0.08,0,192,0.43,0.1,0,1,0.42,0.13,0,10,0.42,0.16,0,30,0.42,0.2,0,2,0.42,0.23,0,0,0.4,0.28,0,49,0.4,0.35,0,122,0.42,0.39,0,0,0.39,0.47,0,0,0.41,0.53,0,0,0.4,0.15,1.0,199.0,0.42,0.61,0.0,0.0,0.41,0.12,0.0,0.0,0.41,0.68,0.0,0.0,0.4,0.1,1.0,1.0,0.41,0.76,0.0,0.0,0.4,0.08,0.0,2.0,0.41,0.05,0.0,0.0,0.41,0.85,0.0,0.0,0.41,1.07,0.0,0.0,0.41,0.03,1.0,13.0,0.41,1.3,0.0,0.0,0.4,,,,,,,,,,,,,,,,,,,,,,,,,,,,,,,,,,,,,,,,,,,,,,,,,,,,,,,,
2023-03-22 16:00:00,4.13,1.35,0,0,0.42,1.25,0,0,0.38,1.16,0,0,0.44,1.06,0,0,0.4,0.97,0,0,0.41,0.88,0,0,0.41,0.79,0,0,0.4,0.71,0,0,0.4,0.63,0,0,0.4,0.56,0,0,0.41,0.49,0,168,0.4,0.43,5,172,0.41,0.38,0,169,0.42,0.32,0,241,0.41,0.28,0,188,0.42,0.24,0,405,0.42,0.2,0,407,0.41,0.17,0,416,0.41,0.14,0,123,0.41,0.01,0,11,0.5,0.01,0,20,0.46,0.01,0,0,0.42,0.01,0,0,0.38,0.02,0,0,0.4,0.03,0,18,0.4,0.05,0,26,0.42,0.06,0,6,0.4,0.09,0,192,0.42,0.11,0,1,0.41,0.14,0,10,0.4,0.17,0,30,0.39,0.21,0,2,0.39,0.26,10,10,0.39,0.31,0,49,0.39,0.37,0,122,0.39,0.44,0,0,0.4,0.51,0,0,0.4,0.58,0,0,0.4,0.12,0.0,199.0,0.42,0.66,0.0,0.0,0.4,0.1,0.0,0.0,0.42,0.74,0.0,0.0,0.4,0.08,0.0,1.0,0.41,0.82,0.0,0.0,0.39,0.06,0.0,2.0,0.4,0.04,0.0,0.0,0.42,0.91,0.0,0.0,0.4,1.14,0.0,0.0,0.41,0.02,0.0,13.0,0.4,1.38,0.0,0.0,0.43,,,,,,,,,,,,,,,,,,,,,,,,,,,,,,,,,,,,,,,,,,,,,,,,,,,,,,,,
2023-03-23 16:00:00,4.2,1.42,0,0,0.45,1.32,0,0,0.4,1.22,0,0,0.36,1.13,0,0,0.42,1.03,0,0,0.38,0.94,0,0,0.39,0.85,0,0,0.39,0.77,0,0,0.41,0.69,0,0,0.41,0.61,0,0,0.4,0.54,0,168,0.4,0.47,0,172,0.4,0.41,0,169,0.4,0.35,0,241,0.39,0.3,1,189,0.39,0.26,2,405,0.4,0.22,0,407,0.4,0.18,0,416,0.39,0.16,0,123,0.41,0.01,0,11,0.52,0.01,0,20,0.48,0.01,0,0,0.44,0.01,0,0,0.4,0.01,0,0,0.37,0.02,0,18,0.39,0.04,0,26,0.42,0.05,0,6,0.41,0.07,0,192,0.41,0.1,15,16,0.42,0.12,0,10,0.41,0.16,0,30,0.42,0.2,0,2,0.42,0.24,0,10,0.41,0.29,0,49,0.41,0.35,0,122,0.42,0.41,0,0,0.42,0.46,0,0,0.4,0.54,0,0,0.41,0.13,0.0,199.0,0.4,0.61,0.0,0.0,0.41,0.11,0.0,0.0,0.41,0.69,0.0,0.0,0.41,0.09,0.0,1.0,0.41,0.77,0.0,0.0,0.41,0.08,0.0,2.0,0.42,0.04,0.0,0.0,0.4,0.85,0.0,0.0,0.4,1.07,0.0,0.0,0.39,0.02,0.0,13.0,0.38,1.31,0.0,0.0,0.41,,,,,,,,,,,,,,,,,,,,,,,,,,,,,,,,,,,,,,,,,,,,,,,,,,,,,,,,
2023-03-24 16:00:00,4.2,1.42,0,0,0.45,1.32,0,0,0.41,1.22,0,0,0.37,1.13,0,0,0.43,1.04,0,0,0.44,0.95,0,0,0.44,0.86,0,0,0.43,0.77,0,0,0.41,0.69,0,0,0.41,0.62,0,0,0.42,0.55,0,168,0.42,0.48,0,172,0.42,0.42,0,169,0.42,0.38,0,241,0.44,0.33,10,189,0.44,0.28,0,405,0.43,0.23,0,407,0.42,0.2,0,416,0.43,0.17,0,123,0.43,0.01,0,11,0.52,0.01,0,20,0.48,0.01,0,0,0.44,0.01,0,0,0.41,0.02,0,0,0.43,0.03,0,18,0.43,0.04,0,26,0.42,0.06,0,6,0.43,0.07,0,192,0.41,0.1,0,16,0.42,0.12,0,10,0.41,0.16,0,30,0.42,0.19,0,2,0.4,0.24,0,10,0.41,0.28,30,79,0.4,0.34,0,122,0.41,0.4,0,0,0.41,0.47,0,0,0.41,0.54,0,0,0.41,0.14,0.0,199.0,0.42,0.62,0.0,0.0,0.43,0.12,0.0,0.0,0.43,0.7,0.0,0.0,0.43,0.1,0.0,1.0,0.43,0.78,0.0,0.0,0.43,0.08,0.0,2.0,0.42,0.05,0.0,0.0,0.42,0.86,0.0,0.0,0.42,1.08,0.0,0.0,0.42,0.03,0.0,13.0,0.43,1.31,0.0,0.0,0.41,,,,,,,,,,,,,,,,,,,,,,,,,,,,,,,,,,,,,,,,,,,,,,,,,,,,,,,,
2023-03-27 16:00:00,4.12,1.34,0,0,0.46,1.24,0,0,0.41,1.14,0,0,0.37,1.05,0,0,0.42,0.96,0,0,0.43,0.87,0,0,0.42,0.78,0,0,0.41,0.7,0,0,0.42,0.62,0,0,0.41,0.54,0,0,0.4,0.48,0,168,0.42,0.41,0,172,0.4,0.37,0,169,0.43,0.31,0,241,0.42,0.27,0,189,0.43,0.23,0,405,0.43,0.19,0,407,0.42,0.16,0,416,0.42,0.13,0,123,0.42,0.01,0,11,0.51,0.01,0,20,0.47,0.01,0,0,0.43,0.01,0,0,0.39,0.02,0,0,0.41,0.03,0,18,0.41,0.05,0,26,0.44,0.06,0,6,0.41,0.08,0,192,0.41,0.1,0,16,0.4,0.14,0,10,0.41,0.17,0,30,0.4,0.21,0,2,0.4,0.26,0,10,0.4,0.31,0,79,0.4,0.37,0,122,0.4,0.44,0,0,0.41,0.51,0,0,0.41,0.59,0,0,0.42,0.11,30.0,199.0,0.42,0.66,0.0,0.0,0.4,0.09,0.0,0.0,0.42,0.75,0.0,0.0,0.42,0.07,0.0,1.0,0.41,0.83,0.0,0.0,0.41,0.06,0.0,2.0,0.42,0.03,0.0,0.0,0.4,0.92,0.0,0.0,0.42,1.15,0.0,0.0,0.43,0.02,0.0,13.0,0.42,1.38,0.0,0.0,,,,,,,,,,,,,,,,,,,,,,,,,,,,,,,,,,,,,,,,,,,,,,,,,,,,,,,,,
2023-03-29 16:00:00,4.17,1.39,0,0,0.48,1.29,0,0,0.44,1.19,0,0,0.39,1.09,0,0,0.35,1.0,0,0,0.4,0.91,0,0,0.41,0.82,0,0,0.4,0.73,0,0,0.39,0.65,0,0,0.4,0.58,0,0,0.41,0.5,0,168,0.39,0.44,0,172,0.4,0.39,0,169,0.42,0.33,0,241,0.41,0.28,14,189,0.41,0.24,10,415,0.41,0.2,0,407,0.41,0.17,0,416,0.42,0.14,0,123,0.41,0.01,1,13,0.53,0.01,0,20,0.49,0.01,0,0,0.45,0.01,0,0,0.41,0.01,0,0,0.38,0.02,0,18,0.4,0.04,0,26,0.43,0.05,0,6,0.41,0.07,0,192,0.41,0.09,0,16,0.41,0.12,0,20,0.41,0.15,0,30,0.4,0.19,0,2,0.4,0.23,0,10,0.4,0.28,0,79,0.39,0.34,0,122,0.4,0.4,0,0,0.4,0.47,0,0,0.4,0.54,0,0,0.4,0.11,0.0,199.0,0.4,0.62,0.0,0.0,0.4,0.09,0.0,0.0,0.4,0.7,0.0,0.0,0.4,0.08,0.0,1.0,0.42,0.78,0.0,0.0,0.4,0.06,0.0,2.0,0.41,0.03,0.0,0.0,0.39,0.87,0.0,0.0,0.4,1.1,0.0,0.0,0.41,0.02,0.0,13.0,0.41,1.33,0.0,0.0,,,,,,,,,,,,,,,,,,,,,,,,,,,,,,,,,,,,,,,,,,,,,,,,,,,,,,,,,
2023-03-30 16:00:00,4.16,1.38,0,0,0.49,1.28,0,0,0.44,1.18,0,0,0.4,1.08,0,0,0.36,0.99,0,0,0.4,0.9,0,0,0.41,0.81,0,0,0.4,0.72,0,0,0.39,0.64,0,0,0.4,0.56,0,0,0.39,0.49,0,168,0.39,0.43,0,172,0.4,0.38,0,169,0.42,0.32,4,245,0.41,0.27,0,189,0.41,0.23,15,415,0.41,0.19,0,407,0.41,0.16,0,416,0.41,0.13,0,123,0.41,0.01,0,13,0.53,0.01,0,20,0.49,0.01,0,0,0.45,0.01,0,0,0.41,0.01,0,0,0.38,0.02,0,18,0.4,0.04,0,26,0.43,0.05,0,6,0.41,0.07,15,207,0.41,0.09,0,16,0.41,0.12,0,20,0.41,0.14,0,30,0.39,0.18,0,2,0.39,0.23,0,10,0.39,0.28,0,79,0.39,0.33,0,122,0.38,0.41,0,0,0.4,0.47,0,0,0.39,0.55,0,0,0.41,0.11,50.0,249.0,0.41,0.62,0.0,0.0,0.39,0.09,50.0,50.0,0.41,0.7,0.0,0.0,0.39,0.07,0.0,1.0,0.41,0.79,0.0,0.0,0.4,0.06,0.0,2.0,0.42,0.03,0.0,0.0,0.4,0.88,0.0,0.0,0.41,1.1,0.0,0.0,0.38,0.02,0.0,13.0,0.42,1.34,0.0,0.0,,,,,,,,,,,,,,,,,,,,,,,,,,,,,,,,,,,,,,,,,,,,,,,,,,,,,,,,,
2023-03-31 16:00:00,4.12,1.34,0,0,0.48,1.24,0,0,0.44,1.14,0,0,0.4,1.04,0,0,0.35,0.95,0,0,0.4,0.86,0,0,0.4,0.77,0,0,0.4,0.68,0,0,0.38,0.6,0,0,0.38,0.52,0,0,0.38,0.47,0,168,0.41,0.4,0,172,0.4,0.34,0,169,0.4,0.29,10,245,0.4,0.24,3,192,0.4,0.2,0,415,0.4,0.16,0,407,0.39,0.13,0,416,0.39,0.11,0,123,0.4,0.01,0,13,0.53,0.01,0,20,0.49,0.01,0,0,0.45,0.01,0,0,0.41,0.01,0,0,0.37,0.02,0,18,0.39,0.04,0,26,0.42,0.05,0,6,0.4,0.07,0,207,0.4,0.09,5,21,0.39,0.12,5,25,0.39,0.15,0,30,0.38,0.19,0,2,0.38,0.23,0,10,0.37,0.29,0,79,0.38,0.34,0,122,0.36,0.41,0,0,0.37,0.48,0,0,0.37,0.57,0,0,0.39,0.09,0.0,249.0,0.4,0.65,0.0,0.0,0.4,0.07,0.0,50.0,0.39,0.73,0.0,0.0,0.39,0.06,0.0,1.0,0.4,0.82,0.0,0.0,0.4,0.05,0.0,2.0,0.41,0.03,0.0,0.0,0.42,0.9,0.0,0.0,0.37,1.14,0.0,0.0,0.4,0.01,0.0,13.0,0.38,1.38,0.0,0.0,,,,,,,,,,,,,,,,,,,,,,,,,,,,,,,,,,,,,,,,,,,,,,,,,,,,,,,,,
2023-04-03 16:00:00,4.01,1.22,0,0,,1.13,0,0,0.43,1.03,0,0,0.39,0.93,0,0,0.34,0.84,0,0,0.38,0.75,0,0,0.38,0.66,0,0,0.37,0.58,0,0,0.38,0.52,0,0,0.41,0.43,0,0,0.38,0.38,0,168,0.4,0.32,12,184,0.4,0.26,0,169,0.38,0.22,0,245,0.39,0.18,28,192,0.39,0.15,5,415,0.4,0.12,0,407,0.4,0.09,0,416,0.38,0.08,0,123,0.4,0.01,0,13,0.51,0.01,0,20,0.47,0.01,0,0,0.43,0.01,0,0,0.39,0.02,0,0,0.41,0.03,0,18,0.4,0.04,0,26,0.39,0.06,11,17,0.39,0.08,0,207,0.39,0.11,1,22,0.39,0.15,0,25,0.4,0.19,111,141,0.39,0.23,5,5,0.38,0.29,56,66,0.39,0.35,0,79,0.39,0.43,0,122,0.41,0.49,0,0,0.39,0.56,0,0,0.38,0.64,0,0,0.37,0.06,0.0,249.0,0.4,0.73,0.0,0.0,0.39,0.05,4.0,54.0,0.4,0.82,0.0,0.0,0.39,0.04,0.0,1.0,0.41,0.91,0.0,0.0,0.39,0.02,0.0,2.0,0.36,0.01,0.0,0.0,0.37,1.0,0.0,0.0,0.38,1.24,0.0,0.0,,0.01,0.0,13.0,0.42,1.49,0.0,0.0,,,,,,,,,,,,,,,,,,,,,,,,,,,,,,,,,,,,,,,,,,,,,,,,,,,,,,,,,
2023-04-04 16:00:00,4.0,1.22,0,0,0.47,1.12,0,0,0.42,1.02,0,0,0.38,0.93,0,0,0.42,0.84,0,0,0.42,0.75,0,0,0.42,0.66,0,0,0.4,0.58,0,0,0.4,0.52,0,0,0.43,0.44,0,0,0.41,0.37,0,168,0.4,0.31,0,184,0.39,0.26,0,169,0.4,0.22,366,395,0.4,0.19,1060,1145,0.42,0.15,0,415,0.41,0.12,0,407,0.4,0.1,1,417,0.41,0.08,0,123,0.41,0.01,0,13,0.51,0.01,0,20,0.47,0.01,0,0,0.43,0.01,100,100,0.39,0.02,0,0,0.41,0.04,0,18,0.44,0.05,196,177,0.42,0.07,0,17,0.42,0.09,1,207,0.41,0.12,0,22,0.41,0.15,30,45,0.39,0.19,0,141,0.39,0.25,0,5,0.41,0.3,0,66,0.4,0.36,0,79,0.4,0.43,0,122,0.4,0.5,0,0,0.4,0.58,0,0,0.41,0.66,0,0,0.41,0.07,0.0,249.0,0.43,0.74,0.0,0.0,0.4,0.05,0.0,54.0,0.41,0.83,0.0,0.0,0.4,0.04,196.0,197.0,0.41,0.92,0.0,0.0,0.4,0.03,0.0,2.0,0.41,0.01,0.0,0.0,0.38,1.01,0.0,0.0,0.39,1.25,0.0,0.0,,0.01,0.0,13.0,0.43,1.5,0.0,0.0,,,,,,,,,,,,,,,,,,,,,,,,,,,,,,,,,,,,,,,,,,,,,,,,,,,,,,,,,
2023-04-11 16:00:00,4.29,1.5,0,0,,1.4,0,0,,1.31,0,0,0.51,1.21,0,0,0.46,1.11,0,0,0.42,1.02,0,0,0.46,0.92,0,0,0.41,0.83,0,0,0.42,0.75,0,0,0.44,0.66,0,0,0.42,0.59,0,168,0.44,0.51,0,214,0.43,0.43,0,199,0.4,0.38,7,395,0.43,0.32,20,1295,0.42,0.28,15,415,0.44,0.23,1,408,0.43,0.19,0,417,0.42,0.16,68,191,0.43,0.01,0,13,0.63,0.01,0,20,0.59,0.01,10,10,0.54,0.01,0,100,0.5,0.01,0,0,0.46,0.01,100,118,0.42,0.02,0,177,0.44,0.03,0,17,0.44,0.05,0,207,0.46,0.06,0,22,0.44,0.08,200,209,0.43,0.11,0,141,0.44,0.13,20,15,0.42,0.17,180,211,0.42,0.21,0,79,0.41,0.26,0,122,0.42,0.32,0,0,0.42,0.4,0,0,0.45,0.47,0,0,0.46,0.13,5.0,249.0,0.43,0.52,0.0,0.0,0.42,0.11,10.0,57.0,0.44,0.6,0.0,0.0,0.43,0.09,85.0,197.0,0.44,0.68,0.0,0.0,0.43,0.07,65.0,67.0,0.43,0.04,0.0,0.0,0.43,0.76,0.0,0.0,0.42,0.98,0.0,0.0,0.42,0.03,11.0,24.0,0.47,1.22,0.0,0.0,0.44,,,,,,,,,,,,,,,,,,,,,,,,,,,,,,,,,,,,,,,,,,,,,,,,,,,,,,,,
2023-04-14 16:00:00,4.52,1.73,0,0,,1.63,0,0,,1.53,0,0,,1.43,0,0,,1.34,0,0,0.5,1.24,0,0,0.46,1.14,0,0,0.42,1.04,0,0,0.38,0.95,0,0,0.41,0.86,0,0,0.42,0.77,0,168,0.41,0.69,0,214,0.43,0.61,0,199,0.42,0.52,0,392,0.39,0.45,18,1279,0.39,0.39,20,474,0.4,0.33,20,406,0.4,0.28,17,422,0.4,0.24,0,191,0.41,0.01,0,13,0.71,0.01,0,20,0.67,0.01,0,10,0.62,0.01,0,100,0.58,0.01,0,0,0.54,0.01,4,122,0.5,0.01,0,177,0.46,0.01,0,17,0.42,0.02,0,207,0.44,0.03,0,22,0.44,0.04,0,215,0.43,0.06,1,142,0.44,0.08,0,15,0.44,0.1,0,211,0.43,0.13,0,80,0.42,0.17,0,125,0.43,0.21,0,0,0.43,0.26,10,10,0.43,0.32,0,0,0.44,0.2,54.0,276.0,0.41,0.38,0.0,0.0,0.44,0.16,0.0,57.0,0.41,0.44,0.0,0.0,0.44,0.13,0.0,197.0,0.41,0.5,0.0,0.0,0.42,0.11,22.0,89.0,0.42,0.07,3.0,3.0,0.43,0.58,0.0,0.0,0.43,0.78,0.0,0.0,0.42,0.04,0.0,24.0,0.43,1.0,0.0,0.0,0.41,0.02,1.0,1.0,0.42,1.24,0.0,0.0,0.44,,,,,,,,,,,,,,,,,,,,,,,,,,,,,,,,,,,,,,,,,,,,,,,,
2023-04-18 16:00:00,4.47,1.68,0,0,,1.58,0,0,,1.48,0,0,,1.38,0,0,,1.28,0,0,,1.19,0,0,0.48,1.09,0,0,0.44,0.99,0,0,0.39,0.9,0,0,0.42,0.81,0,0,0.43,0.72,0,168,0.42,0.63,0,214,0.4,0.55,0,199,0.4,0.47,0,392,0.39,0.4,0,1279,0.39,0.34,0,474,0.39,0.28,0,406,0.39,0.24,0,422,0.4,0.19,0,191,0.39,0.01,0,13,0.73,0.01,0,20,0.68,0.01,0,10,0.64,0.01,0,100,0.59,0.01,0,0,0.55,0.01,0,122,0.51,0.01,0,177,0.46,0.01,0,12,0.42,0.02,0,207,0.44,0.03,0,22,0.44,0.04,60,215,0.43,0.05,1,143,0.41,0.07,88,88,0.41,0.1,0,211,0.42,0.13,0,80,0.42,0.17,0,125,0.42,0.21,0,0,0.41,0.26,10,90,0.41,0.32,0,0,0.42,0.16,0.0,276.0,0.4,0.39,0.0,0.0,0.43,0.13,0.0,57.0,0.4,0.46,0.0,0.0,0.43,0.11,5.0,197.0,0.42,0.52,0.0,0.0,0.41,0.09,20.0,69.0,0.42,0.05,0.0,3.0,0.42,0.6,0.0,0.0,0.41,0.81,0.0,0.0,0.41,0.03,0.0,24.0,0.44,1.04,0.0,0.0,0.4,0.02,0.0,1.0,0.46,1.28,0.0,0.0,,0.01,0.0,0.0,0.46,1.53,0.0,0.0,,,,,,,,,,,,,,,,,,,,,,,,,,,,,,,,,,,,,,,,,
2023-04-19 16:00:00,4.45,1.66,0,0,,1.56,0,0,,1.46,0,0,,1.36,0,0,,1.26,0,0,,1.16,0,0,,1.07,0,0,0.44,0.97,0,0,0.39,0.88,0,0,0.42,0.78,0,0,0.38,0.69,0,168,0.38,0.61,0,214,0.4,0.53,0,199,0.4,0.47,0,392,0.43,0.4,0,1279,0.42,0.33,70,404,0.4,0.27,0,406,0.39,0.22,30,422,0.39,0.19,0,191,0.41,0.01,0,13,0.74,0.01,0,20,0.69,0.01,0,10,0.64,0.01,0,100,0.6,0.01,0,0,0.55,0.01,0,122,0.51,0.01,0,177,0.46,0.01,0,12,0.42,0.01,0,207,0.38,0.02,0,22,0.4,0.04,0,215,0.43,0.05,0,143,0.41,0.07,1,89,0.41,0.1,0,211,0.42,0.13,0,80,0.41,0.16,0,125,0.39,0.21,0,0,0.4,0.26,467,557,0.4,0.32,266,266,0.4,0.15,0.0,276.0,0.4,0.38,0.0,0.0,0.4,0.12,20.0,57.0,0.4,0.46,0.0,0.0,0.41,0.1,0.0,197.0,0.41,0.53,0.0,0.0,0.4,0.08,0.0,69.0,0.42,0.04,0.0,3.0,0.41,0.61,0.0,0.0,0.4,0.82,0.0,0.0,0.38,0.02,0.0,24.0,0.41,1.06,0.0,0.0,0.41,0.01,0.0,1.0,0.41,1.3,0.0,0.0,,0.01,0.0,0.0,0.47,1.55,0.0,0.0,,,,,,,,,,,,,,,,,,,,,,,,,,,,,,,,,,,,,,,,,
2023-04-20 16:00:00,4.4,1.61,0,0,,1.51,0,0,,1.41,0,0,,1.31,0,0,,1.21,0,0,,1.11,0,0,,1.02,0,0,0.43,0.92,0,0,0.39,0.83,0,0,0.41,0.74,0,0,0.41,0.65,0,168,0.4,0.57,0,214,0.41,0.49,0,199,0.4,0.42,0,392,0.4,0.35,0,1279,0.39,0.31,5,409,0.43,0.25,60,406,0.41,0.21,0,422,0.42,0.17,0,191,0.42,0.01,0,13,0.73,0.01,0,20,0.68,0.01,0,10,0.63,0.01,0,100,0.59,0.01,0,0,0.54,0.01,0,122,0.5,0.01,0,177,0.45,0.01,0,12,0.41,0.02,0,207,0.43,0.03,0,22,0.43,0.04,0,215,0.41,0.06,0,143,0.42,0.08,11,79,0.41,0.1,0,211,0.39,0.14,50,80,0.4,0.18,115,140,0.4,0.22,0,0,0.39,0.28,0,557,0.39,0.35,0,266,0.41,0.13,0.0,276.0,0.41,0.42,0.0,0.0,0.41,0.11,0.0,57.0,0.42,0.48,0.0,0.0,0.39,0.09,0.0,197.0,0.43,0.57,0.0,0.0,0.41,0.07,2.0,69.0,0.42,0.04,0.0,3.0,0.43,0.65,0.0,0.0,0.41,0.87,0.0,0.0,0.41,0.02,0.0,24.0,0.43,1.11,0.0,0.0,0.44,0.01,0.0,1.0,0.43,1.35,0.0,0.0,,0.01,0.0,0.0,0.49,1.6,0.0,0.0,,,,,,,,,,,,,,,,,,,,,,,,,,,,,,,,,,,,,,,,,
2023-04-26 16:00:00,4.88,2.09,0,0,0.72,1.99,0,0,0.66,1.89,0,0,0.6,1.79,0,0,0.53,1.69,0,0,0.46,1.59,0,0,,1.49,0,0,,1.39,0,0,,1.29,0,0,,1.19,0,0,,1.1,0,168,0.45,1.0,0,214,0.41,0.9,0,199,0.37,0.81,2,406,0.39,0.72,8,1273,0.39,0.64,18,408,0.41,0.56,4,392,0.41,0.47,39,443,0.38,0.4,0,221,0.38,0.01,0,13,0.93,0.01,0,20,0.88,0.01,0,10,0.83,0.01,0,100,0.78,0.01,0,0,0.73,0.01,0,122,0.69,0.01,0,177,0.64,0.01,0,12,0.6,0.01,0,207,0.55,0.01,0,22,0.51,0.01,0,215,0.47,0.01,0,143,0.43,0.01,0,70,0.39,0.02,20,263,0.41,0.04,5,84,0.44,0.05,4,130,0.42,0.07,142,67,0.42,0.09,1104,348,0.41,0.12,6,339,0.41,0.34,53.0,274.0,0.39,0.15,190.0,170.0,0.4,0.28,91.0,32.0,0.39,0.2,183.0,183.0,0.41,0.24,35.0,227.0,0.4,0.25,289.0,258.0,0.41,0.19,55.0,121.0,0.39,0.12,5.0,5.0,0.42,0.3,1212.0,1211.0,0.4,0.48,0.0,0.0,0.42,0.06,27.0,40.0,0.4,0.69,0.0,0.0,0.46,0.04,20.0,21.0,0.44,0.89,0.0,0.0,0.41,0.02,1.0,1.0,0.43,1.13,0.0,0.0,0.43,,,,,,,,,,,,,,,,,,,,,,,,,,,,,,,,,,,,,,,,
2023-04-27 16:00:00,4.89,2.1,0,0,0.74,2.0,0,0,0.68,1.9,0,0,0.63,1.8,0,0,0.57,1.7,0,0,0.51,1.6,0,0,0.43,1.5,0,0,,1.4,0,0,,1.3,0,0,,1.2,0,0,,1.1,0,168,,1.01,0,214,0.42,0.91,0,199,0.38,0.82,0,406,0.4,0.73,4,1273,0.4,0.64,0,408,0.39,0.55,0,392,0.37,0.46,10,453,0.34,0.41,52,221,0.39,0.01,0,13,0.95,0.01,0,20,0.9,0.01,0,10,0.84,0.01,0,100,0.79,0.01,0,0,0.75,0.01,0,122,0.7,0.01,0,177,0.65,0.01,0,12,0.61,0.01,0,207,0.57,0.01,0,22,0.52,0.01,0,215,0.48,0.01,0,143,0.44,0.01,0,70,0.4,0.02,40,263,0.42,0.03,0,84,0.42,0.04,40,170,0.4,0.06,0,67,0.41,0.08,35,383,0.4,0.1,10,339,0.38,0.33,31.0,275.0,0.37,0.14,50.0,220.0,0.39,0.27,24.0,33.0,0.36,0.18,30.0,183.0,0.39,0.22,0.0,227.0,0.37,0.23,40.0,296.0,0.39,0.18,474.0,479.0,0.37,0.09,40.0,45.0,0.36,0.29,308.0,1518.0,0.4,0.46,35.0,35.0,0.4,0.06,30.0,61.0,0.4,0.67,0.0,0.0,0.43,0.03,0.0,21.0,0.4,0.87,0.0,0.0,0.36,0.02,0.0,1.0,0.44,1.11,0.0,0.0,,0.01,0.0,0.0,0.44,0.01,0.0,0.0,0.49,0.01,0.0,0.0,0.55,0.01,0.0,0.0,0.6,1.36,0.0,0.0,,1.61,0.0,0.0,,1.86,0.0,0.0,,2.11,0.0,0.0,,,,,,,,,
2023-04-28 16:00:00,4.88,2.09,0,0,0.76,1.99,0,0,0.71,1.89,0,0,0.65,1.79,0,0,0.59,1.69,0,0,0.54,1.59,0,0,0.48,1.49,0,0,0.41,1.39,0,0,,1.29,0,0,,1.19,0,0,,1.09,0,168,,0.99,0,214,,0.9,0,199,0.39,0.8,0,406,0.34,0.7,0,1273,0.3,0.61,0,408,0.32,0.52,0,392,0.31,0.45,0,453,0.34,0.38,0,221,0.35,0.01,0,13,0.96,0.01,0,20,0.91,0.01,0,10,0.85,0.01,0,100,0.8,0.01,0,0,0.75,0.01,0,122,0.71,0.01,0,177,0.66,0.01,0,12,0.62,0.01,0,207,0.57,0.01,0,22,0.53,0.01,0,215,0.48,0.01,0,143,0.44,0.01,0,70,0.4,0.01,0,263,0.36,0.02,0,84,0.37,0.03,0,170,0.37,0.05,1,67,0.38,0.07,149,527,0.37,0.1,2435,1139,0.38,0.32,0.0,275.0,0.37,0.13,1500.0,1680.0,0.37,0.26,0.0,33.0,0.36,0.17,10.0,193.0,0.37,0.21,0.0,227.0,0.36,0.22,0.0,296.0,0.37,0.16,0.0,479.0,0.35,0.09,820.0,850.0,0.37,0.28,0.0,1518.0,0.38,0.46,0.0,35.0,0.4,0.05,0.0,61.0,0.39,0.67,0.0,0.0,0.42,0.02,0.0,21.0,0.37,0.9,0.0,0.0,0.46,0.01,0.0,1.0,0.39,1.12,0.0,0.0,,0.01,0.0,0.0,0.45,0.01,0.0,0.0,0.51,0.01,0.0,0.0,0.56,0.01,0.0,0.0,0.61,1.37,0.0,0.0,,1.62,0.0,0.0,,1.87,0.0,0.0,,2.12,0.0,0.0,,,,,,,,,
2023-05-04 16:00:00,4.95,2.16,0,0,0.94,2.06,0,0,0.88,1.96,0,0,0.82,1.86,0,0,0.76,1.76,0,0,0.71,1.66,0,0,0.66,1.56,0,0,0.61,1.46,0,0,0.56,1.36,0,0,0.51,1.26,0,0,0.46,1.16,0,168,0.42,1.06,0,214,0.37,0.96,0,199,0.33,0.87,0,406,0.43,0.78,4,1273,0.44,0.68,0,408,0.39,0.59,5,397,0.39,0.51,2,453,0.4,0.45,352,221,0.44,0.01,0,13,1.09,0.01,0,20,1.03,0.01,0,10,0.97,0.01,0,100,0.91,0.01,0,0,0.86,0.01,0,122,0.81,0.01,0,177,0.76,0.01,0,12,0.71,0.01,0,207,0.66,0.01,0,22,0.61,0.01,0,215,0.56,0.01,0,143,0.51,0.01,0,33,0.47,0.01,0,263,0.42,0.01,0,84,0.38,0.02,1,173,0.39,0.04,0,67,0.42,0.05,2,500,0.4,0.07,180,963,0.39,0.36,191.0,265.0,0.39,0.1,13.0,1691.0,0.39,0.3,243.0,232.0,0.4,0.14,3.0,203.0,0.4,0.24,8.0,227.0,0.39,0.18,510.0,786.0,0.39,0.2,27.0,506.0,0.41,0.1,56.0,887.0,0.39,0.23,0.0,1518.0,0.39,0.39,165.0,200.0,0.39,0.06,32.0,75.0,0.42,0.6,0.0,0.0,0.42,0.03,9.0,30.0,0.43,0.82,0.0,0.0,0.42,0.01,0.0,1.0,0.41,1.05,0.0,0.0,,0.01,0.0,0.0,0.47,0.01,0.0,0.0,0.54,0.01,0.0,0.0,0.6,0.01,0.0,0.0,0.66,1.3,0.0,0.0,,1.55,0.0,0.0,,1.8,0.0,0.0,,2.05,0.0,0.0,,,,,,,,,
2023-05-08 16:00:00,4.81,2.02,0,0,1.01,1.92,0,0,0.94,1.82,0,0,0.88,1.72,0,0,0.82,1.62,0,0,0.76,1.52,0,0,0.71,1.42,0,0,0.65,1.32,0,0,0.6,1.22,0,0,0.55,1.12,0,0,0.5,1.02,0,168,0.45,0.92,0,214,0.4,0.82,0,199,0.35,0.73,1,406,0.42,0.66,0,1273,0.52,0.55,0,408,0.42,0.48,0,397,0.45,0.4,0,453,0.44,0.31,5,221,0.39,0.01,0,13,1.13,0.01,0,20,1.07,0.01,0,10,1.0,0.01,0,100,0.94,0.01,0,0,0.88,0.01,0,122,0.83,0.01,0,177,0.77,0.01,0,12,0.72,0.01,0,207,0.66,0.01,0,22,0.61,0.01,0,215,0.55,0.01,0,143,0.5,0.01,0,33,0.45,0.01,0,263,0.4,0.02,0,84,0.42,0.04,0,173,0.45,0.05,0,67,0.42,0.07,1,501,0.41,0.1,71,897,0.41,0.26,100.0,203.0,0.41,0.14,181.0,1824.0,0.41,0.2,257.0,179.0,0.4,0.18,41.0,174.0,0.4,0.15,20.0,217.0,0.39,0.24,15.0,806.0,0.41,0.13,138.0,482.0,0.43,0.06,168.0,1027.0,0.42,0.3,7.0,1545.0,0.4,0.48,133.0,341.0,0.38,0.03,30.0,82.0,0.44,0.7,0.0,0.0,0.37,0.01,0.0,48.0,0.42,0.94,0.0,0.0,,0.01,0.0,1.0,0.5,1.19,0.0,0.0,,0.01,0.0,0.0,0.57,0.01,0.0,0.0,0.64,0.01,0.0,0.0,0.7,0.01,0.0,0.0,0.77,1.44,0.0,0.0,,1.69,0.0,0.0,,1.94,0.0,0.0,,2.19,0.0,0.0,,0.01,0.0,0.0,0.82,2.44,0.0,0.0,
2023-05-11 16:00:00,4.87,2.07,0,0,,1.97,0,0,,1.87,0,0,,1.78,0,0,0.93,1.68,0,0,0.87,1.58,0,0,0.8,1.48,0,0,0.75,1.38,0,0,0.69,1.28,0,0,0.63,1.18,0,0,0.58,1.08,0,168,0.53,0.98,0,214,0.47,0.88,0,199,0.42,0.78,0,406,0.38,0.68,2,1271,0.33,0.59,0,408,0.38,0.49,0,397,0.32,0.41,0,453,0.35,0.33,0,221,0.35,0.01,0,13,1.24,0.01,0,20,1.17,0.01,0,10,1.1,0.01,0,100,1.04,0.01,0,0,0.97,0.01,0,122,0.91,0.01,0,177,0.85,0.01,0,12,0.8,0.01,0,207,0.74,0.01,0,22,0.68,0.01,0,215,0.62,0.01,0,143,0.57,0.01,0,33,0.51,0.01,0,263,0.46,0.01,0,84,0.41,0.02,0,173,0.42,0.03,0,67,0.41,0.04,5,496,0.38,0.06,10,907,0.37,0.28,3.0,217.0,0.4,0.09,70.0,1807.0,0.37,0.21,0.0,201.0,0.38,0.13,10.0,194.0,0.37,0.16,5.0,212.0,0.38,0.19,26.0,811.0,0.4,0.13,49.0,472.0,0.41,0.06,15.0,1037.0,0.41,0.25,1.0,1545.0,0.4,0.44,0.0,341.0,0.43,0.02,162.0,236.0,0.39,0.66,0.0,0.0,0.46,0.01,0.0,63.0,0.42,0.91,0.0,0.0,0.58,0.01,0.0,1.0,0.51,1.13,0.0,0.0,,0.01,0.0,0.0,0.59,0.01,0.0,0.0,0.66,0.01,0.0,0.0,0.73,0.01,0.0,0.0,0.8,1.38,0.0,0.0,,1.63,0.0,0.0,,1.88,0.0,0.0,,2.13,0.0,0.0,,0.01,0.0,0.0,0.86,2.38,0.0,0.0,
2023-05-15 16:00:00,4.74,1.94,0,0,,1.84,0,0,,1.74,0,0,,1.64,0,0,,1.54,0,0,,1.44,0,0,,1.34,0,0,,1.24,0,0,,1.14,0,0,,1.04,0,0,,0.95,0,168,0.56,0.85,0,214,0.51,0.75,0,199,0.45,0.65,0,406,0.39,0.57,0,1271,0.49,0.48,0,408,0.47,0.39,0,397,0.43,0.31,21,432,0.42,0.24,0,221,0.41,0.01,0,13,1.34,0.01,0,20,1.26,0.01,0,10,1.19,0.01,0,100,1.11,0.01,0,0,1.04,0.01,0,122,0.97,0.01,0,177,0.9,0.01,0,12,0.84,0.01,0,207,0.77,0.01,0,22,0.7,0.01,0,215,0.64,0.01,0,143,0.58,0.01,7,33,0.52,0.01,0,263,0.45,0.01,0,84,0.39,0.02,0,173,0.4,0.04,0,67,0.42,0.06,20,516,0.4,0.1,94,865,0.42,0.17,0.0,217.0,0.38,0.14,12.0,1780.0,0.42,0.12,24.0,210.0,0.37,0.18,10.0,205.0,0.39,0.09,330.0,412.0,0.39,0.25,0.0,828.0,0.41,0.06,35.0,472.0,0.39,0.03,20.0,1067.0,0.44,0.31,0.0,1550.0,0.37,0.51,0.0,341.0,,0.01,50.0,292.0,0.44,0.76,0.0,0.0,,0.01,0.0,63.0,0.54,1.01,0.0,0.0,,0.01,0.0,1.0,0.64,1.26,0.0,0.0,,0.01,0.0,0.0,0.73,0.01,0.0,0.0,0.81,0.01,0.0,0.0,0.89,0.01,0.0,0.0,0.96,1.51,0.0,0.0,,1.76,0.0,0.0,,2.01,0.0,0.0,,2.26,0.0,0.0,,0.01,0.0,0.0,1.03,2.51,0.0,0.0,
2023-05-22 16:00:00,5.03,2.23,0,0,,2.13,0,0,,2.03,0,0,,1.93,0,0,,1.83,0,0,,1.73,0,0,,1.63,0,0,,1.53,0,0,,1.43,0,0,,1.33,0,0,,1.23,0,168,,1.13,0,214,,1.03,0,199,,0.93,8,399,,0.83,5,1269,,0.73,0,408,,0.63,0,397,,0.54,1,432,0.46,0.44,0,221,0.38,0.01,0,13,2.01,0.01,0,20,1.9,0.01,0,10,1.79,0.01,0,100,1.69,0.01,0,0,1.59,0.01,0,122,1.5,0.01,0,177,1.41,0.01,0,12,1.32,0.01,0,207,1.23,0.01,0,22,1.15,0.01,0,215,1.06,0.01,0,143,0.97,0.01,0,33,0.89,0.01,0,263,0.81,0.01,0,84,0.73,0.01,0,173,0.65,0.01,0,67,0.57,0.01,0,506,0.49,0.01,35,856,0.42,0.35,30.0,200.0,0.39,0.02,0.0,1790.0,0.41,0.26,3.0,45.0,0.35,0.03,275.0,303.0,0.37,0.2,31.0,507.0,0.41,0.07,137.0,826.0,0.42,0.14,231.0,473.0,0.41,0.05,182.0,1118.0,0.43,0.11,0.0,1520.0,0.42,0.27,0.0,341.0,0.44,0.02,76.0,398.0,0.48,0.49,0.0,0.0,0.5,0.01,0.0,63.0,0.55,0.74,0.0,0.0,0.67,0.01,0.0,1.0,0.69,1.0,0.0,0.0,0.9,0.01,0.0,0.0,0.81,0.01,0.0,0.0,0.93,0.01,0.0,0.0,1.04,0.01,0.0,0.0,1.14,1.22,0.0,0.0,,1.47,0.0,0.0,,1.72,0.0,0.0,,1.97,0.0,0.0,,0.01,0.0,0.0,1.24,2.22,0.0,0.0,
2023-05-24 16:00:00,4.78,1.98,0,0,,1.88,0,0,,1.78,0,0,,1.68,0,0,,1.58,0,0,,1.48,0,0,,1.38,0,0,,1.28,0,0,,1.18,0,0,,1.08,0,0,,0.98,0,168,,0.88,0,214,,0.78,0,199,,0.68,0,399,,0.58,3,1265,,0.5,0,408,0.64,0.4,0,397,0.54,0.31,1,432,0.5,0.22,0,221,0.43,0.01,0,13,2.15,0.01,0,20,2.02,0.01,0,10,1.9,0.01,0,100,1.79,0.01,0,0,1.67,0.01,0,122,1.56,0.01,0,177,1.46,0.01,0,12,1.35,0.01,0,207,1.24,0.01,0,22,1.14,0.01,0,215,1.04,0.01,0,143,0.94,0.01,0,33,0.85,0.01,0,263,0.75,0.01,0,84,0.65,0.01,0,173,0.56,0.01,0,67,0.46,0.02,0,514,0.44,0.03,0,852,0.39,0.14,0.0,255.0,0.38,0.07,0.0,1800.0,0.43,0.09,301.0,302.0,0.4,0.12,50.0,275.0,0.45,0.05,0.0,505.0,0.39,0.18,28.0,826.0,0.44,0.04,10.0,486.0,0.47,0.01,0.0,1118.0,0.49,0.26,756.0,890.0,0.48,0.48,170.0,171.0,0.51,0.01,0.0,398.0,0.67,0.72,0.0,0.0,,0.01,0.0,63.0,0.83,0.97,0.0,0.0,,0.01,0.0,1.0,0.98,1.22,0.0,0.0,,0.01,0.0,0.0,1.12,0.01,0.0,0.0,1.26,0.01,0.0,0.0,1.38,0.01,0.0,0.0,1.5,1.47,0.0,0.0,,1.72,0.0,0.0,,1.97,0.0,0.0,,2.22,0.0,0.0,,0.01,0.0,0.0,1.61,2.47,0.0,0.0,
2023-05-25 16:00:00,4.8,2.0,0,0,,1.9,0,0,,1.8,0,0,,1.7,0,0,,1.6,0,0,,1.5,0,0,,1.4,0,0,,1.3,0,0,,1.2,0,0,,1.1,0,0,,1.0,0,168,,0.9,0,214,,0.8,0,199,,0.7,14,411,,0.6,16,1253,,0.51,0,408,0.6,0.42,5,392,0.61,0.32,0,432,0.49,0.23,0,221,0.44,0.01,0,13,2.37,0.01,0,20,2.23,0.01,0,10,2.1,0.01,0,100,1.97,0.01,0,0,1.85,0.01,0,122,1.73,0.01,0,177,1.61,0.01,0,12,1.5,0.01,0,207,1.38,0.01,0,22,1.27,0.01,0,215,1.16,0.01,0,143,1.05,0.01,0,33,0.94,0.01,0,263,0.84,0.01,0,84,0.73,0.01,0,173,0.63,0.01,0,67,0.52,0.01,0,514,0.42,0.02,0,852,0.38,0.15,0.0,255.0,0.4,0.04,60.0,1820.0,0.36,0.09,13.0,302.0,0.39,0.08,40.0,245.0,0.36,0.05,28.0,505.0,0.4,0.14,100.0,826.0,0.35,0.03,60.0,503.0,0.43,0.01,20.0,1098.0,0.52,0.22,452.0,890.0,0.38,0.45,171.0,32.0,,0.01,0.0,398.0,0.72,0.7,0.0,0.0,,0.01,0.0,63.0,0.9,0.95,0.0,0.0,,0.01,0.0,1.0,1.06,1.2,0.0,0.0,,0.01,0.0,0.0,1.22,0.01,0.0,0.0,1.36,0.01,0.0,0.0,1.5,0.01,0.0,0.0,1.63,1.45,0.0,0.0,,1.7,0.0,0.0,,1.95,0.0,0.0,,2.2,0.0,0.0,,0.01,0.0,0.0,1.75,2.45,0.0,0.0,
2023-05-29 16:00:00,5.19,2.39,0,0,,2.29,0,0,,2.19,0,0,,2.09,0,0,,1.99,0,0,,1.89,0,0,,1.79,0,0,,1.69,0,0,,1.59,0,0,,1.49,0,0,,1.39,0,168,,1.29,0,214,,1.19,0,199,,1.09,319,381,,1.0,1239,1031,2.33,0.91,10,398,2.46,0.81,0,392,2.22,0.71,0,432,1.98,0.61,0,221,1.75,0.01,0,13,5.93,0.01,0,20,5.62,0.01,0,10,5.32,0.01,0,100,5.04,0.01,0,0,4.76,0.01,0,122,4.49,0.01,0,177,4.23,0.01,0,12,3.98,0.01,0,207,3.73,0.01,0,22,3.49,0.01,0,215,3.26,0.01,0,143,3.03,0.01,0,33,2.8,0.01,0,263,2.57,0.01,0,84,2.35,0.01,0,173,2.13,0.01,0,67,1.92,0.01,10,504,1.71,0.01,0,852,1.49,0.5,0.0,255.0,1.26,0.01,0.0,1820.0,1.27,0.4,300.0,288.0,1.05,0.01,0.0,245.0,1.06,0.3,0.0,505.0,0.83,0.01,0.0,826.0,0.84,0.2,161.0,466.0,0.6,0.04,206.0,902.0,0.6,0.01,802.0,1692.0,0.61,0.1,316.0,306.0,0.6,0.01,165.0,398.0,0.83,0.31,0.0,0.0,,0.01,0.0,63.0,1.27,0.56,0.0,0.0,,0.01,0.0,1.0,1.67,0.81,0.0,0.0,,0.01,0.0,0.0,2.03,0.01,0.0,0.0,2.37,0.01,0.0,0.0,2.68,0.01,0.0,0.0,2.98,1.06,0.0,0.0,,1.31,0.0,0.0,,1.56,0.0,0.0,,1.81,0.0,0.0,,0.01,0.0,0.0,3.26,2.06,0.0,0.0,
2023-05-30 16:00:00,5.12,2.32,0,0,,2.22,0,0,,2.12,0,0,,2.02,0,0,,1.92,0,0,,1.82,0,0,,1.72,0,0,,1.62,0,0,,1.52,0,0,,1.42,0,0,,1.32,0,0,,1.22,0,0,,1.12,0,0,,1.02,32,0,,0.92,13,0,,0.82,0,0,,0.72,1,0,,0.62,2,0,,0.52,0,0,,0.00,0,13,,0.00,0,20,,0.00,0,10,,0.00,0,100,,0.00,0,0,,0.00,0,122,,0.00,0,177,,0.00,0,12,,0.00,0,207,,0.00,0,22,,0.00,0,215,,0.00,0,143,,0.00,0,33,,0.00,0,263,,0.00,0,84,,0.00,0,173,,0.00,0,67,,0.00,0,504,,0.00,0,852,,0.42,55,0,,0.00,0,1820,,0.32,0,0,,0.00,0,245,,0.22,3,0,,0.00,0,826,,0.12,102,0,,0.00,50,902,,0.00,1,1693,,0.13,11,0,,0.00,0,398,,0.38,0,0,,0.00,0,63,,0.63,0,0,,0.00,0,1,,0.88,0,0,,0.00,0,0,,0.00,0,0,,0.00,0,0,,0.00,0,0,,1.13,0,0,,1.38,0,0,,1.63,0,0,,1.88,0,0,,0.00,0,0,,2.13,0,0,
