time,close,C,C,C,C,C,C,C,C,C,C,C,C,C,C,C,C,C,C,C,C,C,C,C,C,C,C,C,C,C,C,C,C,C,C,C,C,C,C,C,C,C,C,C,C,C,C,C,C,C,C,C,C,C,C,C,C,C,C,C,C,C,C,C,C,C,C,C,C,C,C,C,C,C,C,C,C,P,P,P,P,P,P,P,P,P,P,P,P,P,P,P,P,P,P,P,P,P,P,P,P,P,P,P,P,P,P,P,P,P,P,P,P,P,P,P,P,P,P,P,P,P,P,P,P,P,P,P,P,P,P,P,P,P,P,P,P,P,P,P,P,P,P,P,P,P,P,P,P,P,P,P,P,C,C,C,C,P,P,P,P,C,C,C,C,P,P,P,P,C,C,C,C,P,P,P,P,C,C,C,C,P,P,P,P,C,C,C,C,C,C,C,C,P,P,P,P,P,P,P,P,C,C,C,C,P,P,P,P,C,C,C,C,P,P,P,P,C,C,C,C,P,P,P,P
time,close,110.00,110.00,110.00,110.00,112.50,112.50,112.50,112.50,115.00,115.00,115.00,115.00,117.50,117.50,117.50,117.50,120.00,120.00,120.00,120.00,122.50,122.50,122.50,122.50,125.00,125.00,125.00,125.00,127.50,127.50,127.50,127.50,130.00,130.00,130.00,130.00,132.50,132.50,132.50,132.50,135.00,135.00,135.00,135.00,137.50,137.50,137.50,137.50,140.00,140.00,140.00,140.00,142.50,142.50,142.50,142.50,145.00,145.00,145.00,145.00,147.50,147.50,147.50,147.50,150.00,150.00,150.00,150.00,152.50,152.50,152.50,152.50,155.00,155.00,155.00,155.00,110.00,110.00,110.00,110.00,112.50,112.50,112.50,112.50,115.00,115.00,115.00,115.00,117.50,117.50,117.50,117.50,120.00,120.00,120.00,120.00,122.50,122.50,122.50,122.50,125.00,125.00,125.00,125.00,127.50,127.50,127.50,127.50,130.00,130.00,130.00,130.00,132.50,132.50,132.50,132.50,135.00,135.00,135.00,135.00,137.50,137.50,137.50,137.50,140.00,140.00,140.00,140.00,142.50,142.50,142.50,142.50,145.00,145.00,145.00,145.00,147.50,147.50,147.50,147.50,150.00,150.00,150.00,150.00,152.50,152.50,152.50,152.50,155.00,155.00,155.00,155.00,107.50,107.50,107.50,107.50,107.50,107.50,107.50,107.50,105.00,105.00,105.00,105.00,105.00,105.00,105.00,105.00,102.50,102.50,102.50,102.50,102.50,102.50,102.50,102.50,100.00,100.00,100.00,100.00,100.00,100.00,100.00,100.00,95.00,95.00,95.00,95.00,97.50,97.50,97.50,97.50,95.00,95.00,95.00,95.00,97.50,97.50,97.50,97.50,92.50,92.50,92.50,92.50,92.50,92.50,92.50,92.50,90.00,90.00,90.00,90.00,90.00,90.00,90.00,90.00,87.50,87.50,87.50,87.50,87.50,87.50,87.50,87.50
time,close,settle,volume,oi,imp_vol,settle,volume,oi,imp_vol,settle,volume,oi,imp_vol,settle,volume,oi,imp_vol,settle,volume,oi,imp_vol,settle,volume,oi,imp_vol,settle,volume,oi,imp_vol,settle,volume,oi,imp_vol,settle,volume,oi,imp_vol,settle,volume,oi,imp_vol,settle,volume,oi,imp_vol,settle,volume,oi,imp_vol,settle,volume,oi,imp_vol,settle,volume,oi,imp_vol,settle,volume,oi,imp_vol,settle,volume,oi,imp_vol,settle,volume,oi,imp_vol,settle,volume,oi,imp_vol,settle,volume,oi,imp_vol,settle,volume,oi,imp_vol,settle,volume,oi,imp_vol,settle,volume,oi,imp_vol,settle,volume,oi,imp_vol,settle,volume,oi,imp_vol,settle,volume,oi,imp_vol,settle,volume,oi,imp_vol,settle,volume,oi,imp_vol,settle,volume,oi,imp_vol,settle,volume,oi,imp_vol,settle,volume,oi,imp_vol,settle,volume,oi,imp_vol,settle,volume,oi,imp_vol,settle,volume,oi,imp_vol,settle,volume,oi,imp_vol,settle,volume,oi,imp_vol,settle,volume,oi,imp_vol,settle,volume,oi,imp_vol,settle,volume,oi,imp_vol,settle,volume,oi,imp_vol,settle,volume,oi,imp_vol,settle,volume,oi,imp_vol,settle,volume,oi,imp_vol,settle,volume,oi,imp_vol,settle,volume,oi,imp_vol,settle,volume,oi,imp_vol,settle,volume,oi,imp_vol,settle,volume,oi,imp_vol,settle,volume,oi,imp_vol,settle,volume,oi,imp_vol,settle,volume,oi,imp_vol,settle,volume,oi,imp_vol,settle,volume,oi,imp_vol,settle,volume,oi,imp_vol,settle,volume,oi,imp_vol,settle,volume,oi,imp_vol,settle,volume,oi,imp_vol
2023-01-31 16:00:00,130.4,21.0,0,0,0.2,18.62,0,0,0.2,16.33,0,0,0.2,14.16,0,0,0.2,12.17,0,0,0.2,10.31,0,0,0.2,8.66,0,0,0.2,7.13,0,0,0.2,5.8,0,0,0.2,4.71,0,0,0.2,3.8,0,0,0.2,3.02,0,0,0.2,2.38,0,0,0.2,1.87,15,15,0.2,1.44,0,0,0.2,1.09,0,0,0.2,0.82,0,0,0.2,0.64,0,0,0.2,0.47,0,0,0.2,0.5,0,0,0.2,0.77,0,0,0.2,1.17,46,46,0.2,1.66,15,15,0.2,2.29,0,0,0.2,3.08,0,0,0.2,4.03,3,3,0.2,5.16,0,0,0.21,6.49,0,0,0.21,7.97,0,0,0.21,9.66,0,0,0.21,11.47,0,0,0.21,13.38,0,0,0.21,15.4,0,0,0.22,17.28,0,0,0.2,19.52,0,0,0.2,21.83,0,0,0.2,24.2,0,0,0.2,26.61,0,0,0.2,,,,,,,,,,,,,,,,,,,,,,,,,,,,,,,,,,,,,,,,,,,,,,,,,,,,,,,,,,,,,,,,,,,,,,,,
2023-02-01 16:00:00,129.0,19.63,0,0,0.2,17.29,0,0,0.2,15.06,0,0,0.2,12.89,0,0,0.2,10.77,0,0,0.19,9.36,0,0,0.2,7.6,0,0,0.2,6.29,0,0,0.2,5.15,0,0,0.2,4.16,0,0,0.2,3.35,0,0,0.2,2.67,0,0,0.2,2.09,0,0,0.2,1.61,0,15,0.2,1.24,0,0,0.2,0.98,0,0,0.2,0.73,0,0,0.2,0.54,0,0,0.2,0.4,0,0,0.2,0.65,0,0,0.2,0.99,0,0,0.21,1.43,0,46,0.21,2.0,0,15,0.21,2.73,0,0,0.21,3.63,0,0,0.21,4.69,0,3,0.21,5.93,0,0,0.21,7.34,0,0,0.21,8.93,0,0,0.21,10.7,0,0,0.22,12.62,0,0,0.22,14.67,0,0,0.23,16.35,0,0,0.2,18.56,0,0,0.2,20.85,0,0,0.2,23.19,0,0,0.2,25.58,0,0,0.2,28.01,0,0,0.2,22.04,0.0,0.0,0.2,0.42,0.0,0.0,0.2,,,,,,,,,,,,,,,,,,,,,,,,,,,,,,,,,,,,,,,,,,,,,,,,,,,,,,,,,,,,,,,,
2023-02-02 16:00:00,126.4,16.99,0,0,0.21,14.74,0,0,0.21,12.96,0,0,0.23,10.98,0,0,0.22,9.15,0,0,0.22,7.65,0,0,0.22,6.22,0,0,0.21,4.96,5,5,0.21,3.92,0,0,0.21,3.09,139,139,0.2,2.44,31,31,0.2,1.9,46,46,0.21,1.46,0,0,0.21,1.11,0,15,0.21,0.85,0,0,0.21,0.65,0,0,0.21,0.47,0,0,0.21,0.35,0,0,0.21,0.25,0,0,0.21,1.06,0,0,0.21,1.52,64,64,0.21,2.12,0,46,0.21,2.88,0,15,0.21,3.81,31,31,0.21,4.91,4,4,0.21,6.02,15,18,0.21,7.38,0,0,0.21,8.86,0,0,0.2,10.74,0,0,0.21,12.54,0,0,0.21,14.5,0,0,0.2,16.53,0,0,0.2,18.9,0,0,0.21,21.19,0,0,0.21,23.53,0,0,0.21,25.92,0,0,0.21,28.35,0,0,0.21,30.8,0,0,0.21,19.35,0.0,0.0,0.21,0.71,0.0,0.0,0.21,,,,,,,,,,,,,,,,,,,,,,,,,,,,,,,,,,,,,,,,,,,,,,,,,,,,,,,,,,,,,,,,
2023-02-03 16:00:00,125.2,15.82,0,0,0.21,13.61,0,0,0.21,11.87,0,0,0.22,9.96,0,0,0.22,8.22,0,0,0.21,6.72,0,0,0.21,5.37,0,0,0.21,4.25,0,5,0.2,3.34,46,46,0.2,2.62,62,201,0.2,2.03,32,63,0.2,1.56,0,46,0.2,1.19,0,0,0.2,0.89,0,15,0.2,0.68,0,0,0.21,0.5,0,0,0.21,0.37,0,0,0.21,0.26,0,0,0.21,0.18,0,0,0.2,1.18,20,20,0.21,1.69,0,64,0.21,2.35,0,46,0.21,3.17,0,15,0.21,4.16,31,62,0.21,5.33,0,4,0.21,6.7,0,18,0.21,8.08,0,0,0.21,9.71,0,0,0.21,11.54,0,0,0.21,13.45,0,0,0.21,15.49,0,0,0.2,17.69,0,0,0.21,19.95,0,0,0.21,22.28,0,0,0.21,24.66,0,0,0.21,27.08,0,0,0.21,29.53,0,0,0.21,31.99,0,0,0.2,18.16,0.0,0.0,0.21,0.79,0.0,0.0,0.21,20.57,0.0,0.0,0.2,0.51,0.0,0.0,0.21,,,,,,,,,,,,,,,,,,,,,,,,,,,,,,,,,,,,,,,,,,,,,,,,,,,,,,,,
2023-02-06 16:00:00,124.7,15.36,0,0,0.22,13.33,0,0,0.22,11.44,0,0,0.23,9.57,0,0,0.22,7.86,0,0,0.22,6.32,0,0,0.21,5.12,0,0,0.21,4.13,0,5,0.21,3.31,36,82,0.21,2.62,0,201,0.21,2.04,0,63,0.21,1.58,0,46,0.21,1.22,0,0,0.21,0.92,0,15,0.21,0.7,0,0,0.21,0.53,0,0,0.22,0.39,0,0,0.22,0.28,0,0,0.22,0.2,0,0,0.21,1.37,0,20,0.22,1.93,0,64,0.22,2.65,0,46,0.22,3.52,0,15,0.22,4.56,0,62,0.22,5.77,0,4,0.22,7.14,15,33,0.22,8.54,0,0,0.22,10.22,0,0,0.22,12.02,0,0,0.22,13.95,0,0,0.21,16.0,0,0,0.21,18.24,0,0,0.21,20.5,0,0,0.21,22.83,0,0,0.21,25.21,0,0,0.21,27.63,0,0,0.21,30.08,0,0,0.22,32.54,0,0,0.21,17.66,0.0,0.0,0.21,0.94,0.0,0.0,0.22,20.06,0.0,0.0,0.22,0.62,0.0,0.0,0.22,22.51,0.0,0.0,0.21,0.38,0.0,0.0,0.21,,,,,,,,,,,,,,,,,,,,,,,,,,,,,,,,,,,,,,,,,,,,,,,,
2023-02-07 16:00:00,124.1,14.74,0,0,0.21,12.95,0,0,0.23,10.91,0,0,0.23,9.09,0,0,0.22,7.5,0,0,0.22,6.0,0,0,0.21,4.75,7,7,0.21,3.71,1,6,0.2,2.92,0,82,0.21,2.28,0,201,0.21,1.76,0,63,0.21,1.33,3,46,0.21,0.99,0,0,0.21,0.75,0,15,0.21,0.57,0,0,0.21,0.41,0,0,0.21,0.29,0,0,0.21,0.21,0,0,0.21,0.15,0,0,0.21,1.35,0,20,0.21,1.92,0,64,0.21,2.65,0,46,0.21,3.54,0,15,0.21,4.62,1,63,0.21,5.73,8,12,0.21,7.14,55,88,0.21,8.65,0,0,0.21,10.28,0,0,0.2,12.1,0,0,0.2,14.07,0,0,0.19,16.45,0,0,0.21,18.67,0,0,0.21,20.98,0,0,0.21,23.35,0,0,0.21,25.76,0,0,0.21,28.2,0,0,0.21,30.66,0,0,0.21,33.13,0,0,0.21,17.05,0.0,0.0,0.21,0.91,0.0,0.0,0.21,19.45,0.0,0.0,0.21,0.58,0.0,0.0,0.21,21.9,0.0,0.0,0.2,0.36,0.0,0.0,0.21,,,,,,,,,,,,,,,,,,,,,,,,,,,,,,,,,,,,,,,,,,,,,,,,
2023-02-08 16:00:00,125.6,16.03,0,0,0.2,13.72,0,0,0.19,11.91,0,0,0.22,9.9,0,0,0.21,8.12,0,0,0.21,6.46,0,0,0.2,4.99,0,7,0.19,3.94,0,6,0.19,3.08,0,82,0.19,2.37,0,201,0.19,1.8,2,65,0.19,1.34,0,46,0.19,0.99,0,0,0.19,0.73,0,15,0.19,0.54,0,0,0.19,0.38,0,0,0.19,0.26,0,0,0.19,0.18,0,0,0.19,0.13,0,0,0.2,0.89,0,20,0.2,1.33,0,64,0.2,1.92,0,46,0.2,2.68,0,15,0.2,3.62,0,63,0.2,4.76,0,12,0.2,6.09,0,88,0.2,7.56,0,0,0.2,9.31,0,0,0.2,10.77,0,0,0.19,12.7,0,0,0.19,14.76,0,0,0.18,17.17,0,0,0.19,19.48,0,0,0.19,21.84,0,0,0.19,24.26,0,0,0.2,26.7,0,0,0.19,29.17,0,0,0.2,31.65,0,0,0.2,18.43,0.0,0.0,0.19,0.55,0.0,0.0,0.19,20.89,0.0,0.0,0.19,0.34,0.0,0.0,0.19,23.38,0.0,0.0,0.21,0.2,0.0,0.0,0.19,,,,,,,,,,,,,,,,,,,,,,,,,,,,,,,,,,,,,,,,,,,,,,,,
2023-02-10 16:00:00,126.1,16.47,0,0,0.2,14.14,0,0,0.2,12.31,0,0,0.22,10.22,0,0,0.21,8.39,0,0,0.21,6.84,0,0,0.2,5.44,0,7,0.2,4.21,0,6,0.19,3.26,45,135,0.19,2.52,31,232,0.19,1.91,15,80,0.19,1.44,0,46,0.19,1.08,0,0,0.2,0.79,0,15,0.2,0.59,0,0,0.2,0.41,0,0,0.2,0.29,0,0,0.2,0.2,0,0,0.2,0.14,0,0,0.2,0.84,0,20,0.2,1.26,0,64,0.2,1.83,0,46,0.2,2.56,0,32,0.2,3.46,0,63,0.2,4.56,0,12,0.2,5.79,0,88,0.2,7.2,0,0,0.2,8.68,0,0,0.19,10.44,0,0,0.19,12.34,0,0,0.19,14.38,0,0,0.18,16.76,0,0,0.2,19.05,0,0,0.2,21.4,0,0,0.2,23.8,0,0,0.2,26.25,0,0,0.2,28.71,0,0,0.2,31.19,0,0,0.2,18.89,0.0,0.0,0.2,0.54,0.0,4.0,0.2,21.36,0.0,0.0,0.2,0.32,0.0,0.0,0.2,23.86,0.0,0.0,0.23,0.19,0.0,0.0,0.2,,,,,,,,,,,,,,,,,,,,,,,,,,,,,,,,,,,,,,,,,,,,,,,,
2023-02-15 16:00:00,124.0,14.37,0,0,0.2,12.11,0,0,0.2,10.28,0,0,0.21,8.41,0,0,0.21,6.76,0,0,0.2,5.39,0,0,0.2,4.14,0,7,0.2,3.16,36,27,0.19,2.42,30,195,0.19,1.82,0,278,0.19,1.35,0,80,0.2,0.99,0,46,0.2,0.72,0,0,0.2,0.51,0,15,0.2,0.37,0,0,0.2,0.25,0,0,0.2,0.17,0,0,0.2,0.12,0,0,0.2,0.08,0,0,0.2,1.08,2,59,0.2,1.59,0,91,0.2,2.28,0,46,0.2,3.14,0,32,0.2,4.2,0,63,0.2,5.46,0,12,0.2,6.8,0,88,0.2,8.43,0,0,0.2,10.05,0,0,0.19,11.95,0,0,0.19,13.99,0,0,0.19,16.35,0,0,0.2,18.65,0,0,0.2,21.02,0,0,0.2,23.44,0,0,0.2,25.9,0,0,0.2,28.37,0,0,0.2,30.86,0,0,0.21,33.35,0,0,0.21,16.76,0.0,0.0,0.2,0.7,0.0,4.0,0.2,19.22,0.0,0.0,0.2,0.42,0.0,0.0,0.2,21.7,0.0,0.0,,0.24,0.0,0.0,0.2,,,,,,,,,,,,,,,,,,,,,,,,,,,,,,,,,,,,,,,,,,,,,,,,
2023-02-16 16:00:00,123.7,14.04,0,0,0.19,11.79,0,0,0.2,10.03,0,0,0.21,8.17,0,0,0.21,6.57,0,0,0.2,5.23,0,0,0.2,4.0,0,7,0.2,3.02,20,37,0.19,2.27,0,195,0.19,1.7,0,278,0.19,1.25,0,80,0.19,0.9,0,46,0.19,0.64,0,0,0.19,0.46,0,15,0.19,0.33,0,0,0.2,0.22,0,0,0.2,0.15,0,0,0.2,0.1,0,0,0.2,0.06,0,0,0.19,1.08,0,59,0.2,1.61,32,123,0.2,2.3,0,46,0.2,3.18,0,32,0.2,4.26,0,63,0.2,5.44,0,12,0.2,6.8,0,88,0.19,8.43,0,0,0.19,10.16,0,0,0.19,12.06,0,0,0.18,14.37,0,0,0.2,16.6,0,0,0.2,18.92,0,0,0.2,21.31,0,0,0.2,23.74,0,0,0.19,26.2,0,0,0.19,28.68,0,0,0.19,31.17,0,0,0.19,33.66,0,0,,16.44,0.0,0.0,0.19,0.7,0.0,4.0,0.2,18.9,0.0,0.0,0.19,0.43,0.0,0.0,0.2,21.39,0.0,0.0,,0.24,0.0,0.0,0.2,,,,,,,,,,,,,,,,,,,,,,,,,,,,,,,,,,,,,,,,,,,,,,,,
2023-02-17 16:00:00,123.3,13.64,0,0,0.19,11.4,0,0,0.2,9.64,0,0,0.21,7.82,0,0,0.21,6.27,0,0,0.2,4.97,0,0,0.2,3.86,0,7,0.2,2.9,31,68,0.2,2.13,0,195,0.19,1.59,0,278,0.19,1.16,10,90,0.19,0.83,0,46,0.19,0.58,33,33,0.19,0.41,0,15,0.19,0.28,0,0,0.19,0.19,0,0,0.19,0.13,0,0,0.19,0.08,0,0,0.19,0.06,0,0,0.2,1.13,0,59,0.2,1.67,0,123,0.2,2.39,0,46,0.2,3.29,0,32,0.2,4.4,0,63,0.2,5.55,0,12,0.19,6.92,0,88,0.19,8.58,0,0,0.19,10.27,0,0,0.18,12.19,0,0,0.17,14.71,0,0,0.2,16.96,0,0,0.2,19.3,0,0,0.2,21.7,0,0,0.2,24.14,0,0,0.19,26.61,0,0,0.19,29.1,0,0,0.2,31.59,0,0,0.2,34.09,0,0,0.22,16.03,0.0,0.0,0.19,0.73,0.0,4.0,0.2,18.49,0.0,0.0,0.19,0.43,0.0,0.0,0.19,20.98,0.0,0.0,0.2,0.25,0.0,0.0,0.19,23.48,0.0,0.0,0.24,0.14,0.0,0.0,0.2,,,,,,,,,,,,,,,,,,,,,,,,,,,,,,,,,,,,,,,,
2023-02-20 16:00:00,124.1,14.36,0,0,0.2,12.06,0,0,0.2,10.26,0,0,0.22,8.36,0,0,0.21,6.74,0,0,0.21,5.37,0,0,0.2,4.16,0,7,0.2,3.18,46,114,0.2,2.35,0,195,0.2,1.75,0,278,0.2,1.28,2,88,0.2,0.93,0,46,0.2,0.67,0,33,0.2,0.49,0,15,0.2,0.34,0,0,0.2,0.23,0,0,0.2,0.15,0,0,0.2,0.1,0,0,0.2,0.07,0,0,0.2,1.01,0,59,0.2,1.51,15,138,0.2,2.18,0,46,0.2,3.03,0,32,0.2,4.07,0,63,0.2,5.22,0,12,0.2,6.49,0,88,0.19,8.02,0,0,0.19,9.7,0,0,0.18,11.58,0,0,0.18,13.74,0,0,0.17,16.26,0,0,0.2,18.57,0,0,0.2,20.96,0,0,0.2,23.39,0,0,0.2,25.86,0,0,0.2,28.34,0,0,0.2,30.83,0,0,0.21,33.33,0,0,0.23,16.78,0.0,0.0,0.2,0.64,0.0,4.0,0.2,19.26,0.0,0.0,0.2,0.38,0.0,0.0,0.2,21.75,0.0,0.0,,0.21,0.0,0.0,0.2,24.25,0.0,0.0,0.23,0.12,0.0,0.0,0.2,,,,,,,,,,,,,,,,,,,,,,,,,,,,,,,,,,,,,,,,
2023-02-21 16:00:00,128.2,18.36,0,0,0.19,15.93,0,0,0.19,13.62,0,0,0.19,11.16,0,0,0.17,9.31,0,0,0.18,7.68,0,0,0.18,6.24,0,7,0.19,5.0,15,129,0.19,3.94,15,195,0.19,3.06,0,278,0.19,2.33,60,133,0.19,1.74,63,103,0.19,1.28,0,33,0.19,0.93,0,15,0.19,0.67,0,0,0.19,0.49,0,0,0.19,0.34,0,0,0.19,0.23,0,0,0.19,0.15,0,0,0.19,0.42,0,59,0.19,0.69,0,138,0.19,1.08,0,46,0.2,1.6,0,32,0.2,2.28,0,63,0.2,3.15,0,12,0.2,4.22,0,88,0.2,5.49,0,0,0.2,6.96,0,0,0.2,8.63,0,0,0.2,10.49,0,0,0.21,12.51,0,0,0.21,14.25,0,0,0.19,16.48,200,200,0.19,18.8,108,108,0.19,21.2,80,80,0.19,23.64,80,80,0.19,26.11,100,100,0.2,28.59,120,120,0.19,20.84,0.0,0.0,0.19,0.24,0.0,4.0,0.19,23.34,0.0,0.0,0.22,0.13,0.0,0.0,0.19,25.83,0.0,0.0,,0.07,0.0,0.0,0.19,28.33,0.0,0.0,0.26,0.03,0.0,0.0,0.19,,,,,,,,,,,,,,,,,,,,,,,,,,,,,,,,,,,,,,,,
2023-02-22 16:00:00,131.6,21.73,0,0,0.2,19.24,0,0,0.19,16.8,0,0,0.19,14.47,0,0,0.19,12.3,0,0,0.19,10.06,0,0,0.18,8.34,0,7,0.18,6.84,10,129,0.18,5.53,0,195,0.19,4.4,0,278,0.19,3.44,35,165,0.19,2.67,45,133,0.19,2.03,33,3,0.19,1.52,20,20,0.19,1.12,0,0,0.19,0.81,0,0,0.19,0.58,0,0,0.19,0.41,0,0,0.19,0.29,0,0,0.19,0.22,2,57,0.19,0.38,0,138,0.19,0.63,0,46,0.19,0.98,0,32,0.19,1.47,31,94,0.2,2.1,0,12,0.2,2.91,150,223,0.2,3.91,30,30,0.2,5.1,30,30,0.2,6.5,45,45,0.2,8.09,0,0,0.2,9.88,0,0,0.21,11.83,0,0,0.21,13.94,0,200,0.22,15.71,0,108,0.19,17.99,0,80,0.19,20.35,0,80,0.19,22.77,0,100,0.19,25.23,0,120,0.19,24.23,0.0,0.0,0.22,0.12,0.0,4.0,0.19,26.73,0.0,0.0,0.25,0.07,0.0,0.0,0.2,29.22,0.0,0.0,0.25,0.03,0.0,0.0,0.19,31.72,0.0,0.0,0.29,0.01,0.0,0.0,0.19,,,,,,,,,,,,,,,,,,,,,,,,,,,,,,,,,,,,,,,,
2023-02-23 16:00:00,130.9,21.02,0,0,0.2,18.53,0,0,0.19,16.08,0,0,0.19,13.73,0,0,0.19,11.57,0,0,0.19,9.52,0,0,0.18,7.7,0,7,0.18,6.25,0,129,0.18,4.99,0,195,0.18,3.91,60,338,0.18,3.02,30,165,0.18,2.28,240,252,0.18,1.7,0,3,0.18,1.24,0,20,0.18,0.88,0,0,0.18,0.63,0,0,0.19,0.44,0,0,0.19,0.31,0,0,0.19,0.21,0,0,0.19,0.21,0,57,0.19,0.36,0,138,0.19,0.62,0,46,0.19,0.98,60,92,0.19,1.47,0,94,0.19,2.13,45,57,0.19,2.97,0,223,0.19,4.02,0,30,0.19,5.27,30,60,0.19,6.73,15,60,0.19,8.39,0,0,0.2,10.24,0,0,0.2,12.26,0,0,0.21,14.01,0,200,0.19,16.25,0,108,0.19,18.59,0,80,0.19,21.0,0,80,0.19,23.45,0,100,0.19,25.93,0,120,0.19,23.52,0.0,0.0,0.23,0.11,0.0,4.0,0.19,26.01,0.0,0.0,,0.06,0.0,0.0,0.19,28.51,0.0,0.0,0.26,0.03,0.0,0.0,0.19,31.01,0.0,0.0,0.3,0.01,0.0,0.0,0.18,,,,,,,,,,,,,,,,,,,,,,,,,,,,,,,,,,,,,,,,
2023-02-24 16:00:00,128.8,18.91,0,0,0.19,16.44,0,0,0.19,14.06,0,0,0.19,11.85,0,0,0.19,9.58,0,0,0.17,7.89,0,0,0.18,6.41,15,22,0.18,5.12,15,144,0.18,4.02,28,223,0.18,3.1,30,368,0.19,2.35,0,165,0.19,1.74,30,282,0.19,1.27,30,30,0.19,0.92,0,20,0.19,0.65,0,0,0.19,0.47,0,0,0.19,0.32,0,0,0.19,0.21,0,0,0.19,0.14,0,0,0.19,0.32,0,57,0.19,0.55,0,138,0.19,0.89,0,46,0.19,1.36,0,92,0.19,1.98,45,139,0.19,2.8,0,57,0.19,3.81,30,253,0.19,5.02,15,45,0.2,6.45,0,60,0.2,8.08,15,75,0.2,9.91,15,15,0.2,11.91,0,0,0.21,13.66,0,0,0.19,15.89,0,200,0.19,18.22,0,108,0.19,20.62,0,80,0.19,23.07,0,80,0.19,25.55,0,100,0.19,28.04,0,120,0.2,21.41,0.0,0.0,0.22,0.18,0.0,4.0,0.19,23.9,0.0,0.0,0.2,0.1,0.0,0.0,0.19,26.4,0.0,0.0,0.25,0.05,0.0,0.0,0.19,28.9,0.0,0.0,0.29,0.02,0.0,0.0,0.19,,,,,,,,,,,,,,,,,,,,,,,,,,,,,,,,,,,,,,,,
2023-02-27 16:00:00,127.4,17.48,0,0,0.2,15.01,0,0,0.19,12.68,0,0,0.19,10.58,0,0,0.19,8.78,0,0,0.19,7.17,0,0,0.19,5.67,15,37,0.19,4.35,45,189,0.19,3.35,122,300,0.19,2.54,131,383,0.19,1.89,31,165,0.19,1.38,15,297,0.19,0.99,0,30,0.19,0.7,0,20,0.19,0.48,0,0,0.19,0.33,0,0,0.19,0.22,0,0,0.19,0.14,0,0,0.19,0.09,0,0,0.19,0.41,0,57,0.19,0.68,0,138,0.19,1.07,0,46,0.19,1.61,45,122,0.19,2.33,29,139,0.19,3.24,32,75,0.19,4.36,75,300,0.2,5.66,0,45,0.2,7.19,21,81,0.2,8.86,15,90,0.2,10.73,0,15,0.2,12.76,0,0,0.2,14.87,0,0,0.19,17.17,0,200,0.19,19.57,0,108,0.19,22.01,0,80,0.19,24.49,0,80,0.18,26.99,0,100,0.2,29.49,0,120,0.22,19.97,0.0,0.0,0.2,0.23,0.0,4.0,0.19,22.47,0.0,0.0,0.24,0.12,0.0,0.0,0.19,24.97,0.0,0.0,0.27,0.06,0.0,0.0,0.19,27.47,0.0,0.0,0.3,0.03,0.0,0.0,0.19,,,,,,,,,,,,,,,,,,,,,,,,,,,,,,,,,,,,,,,,
2023-02-28 16:00:00,127.6,17.67,0,0,0.21,15.18,0,0,0.19,12.8,0,0,0.19,10.63,0,0,0.19,8.76,0,0,0.19,7.01,0,0,0.18,5.64,0,37,0.18,4.29,15,204,0.18,3.29,0,300,0.18,2.47,0,383,0.18,1.82,0,165,0.18,1.31,11,307,0.18,0.93,0,30,0.18,0.65,0,20,0.18,0.44,0,0,0.18,0.29,0,0,0.18,0.19,0,0,0.18,0.13,0,0,0.19,0.08,0,0,0.19,0.33,0,57,0.19,0.59,0,138,0.19,0.95,15,61,0.19,1.46,45,122,0.19,2.15,30,169,0.19,3.03,0,75,0.19,4.12,15,315,0.19,5.44,0,45,0.19,6.93,15,96,0.19,8.74,15,105,0.2,10.6,0,15,0.2,12.63,0,0,0.2,14.63,0,0,0.19,16.95,0,200,0.19,19.36,0,108,0.19,21.82,0,80,0.19,24.31,0,80,0.19,26.8,0,100,,29.3,0,120,0.2,20.16,0.0,0.0,0.22,0.19,0.0,4.0,0.19,22.66,0.0,0.0,0.25,0.1,0.0,0.0,0.19,25.16,0.0,0.0,0.28,0.05,0.0,0.0,0.19,27.66,0.0,0.0,0.31,0.02,0.0,0.0,0.18,,,,,,,,,,,,,,,,,,,,,,,,,,,,,,,,,,,,,,,,
2023-03-01 16:00:00,129.0,19.05,0,0,0.21,16.56,0,0,0.2,14.09,0,0,0.18,11.78,0,0,0.18,9.52,0,0,0.17,7.72,0,0,0.17,6.22,15,52,0.18,4.91,15,219,0.18,3.8,30,315,0.18,2.88,0,383,0.18,2.14,0,165,0.18,1.56,0,307,0.18,1.11,0,30,0.18,0.77,0,20,0.18,0.53,0,0,0.18,0.35,0,0,0.18,0.23,0,0,0.18,0.16,0,0,0.18,0.1,0,0,0.18,0.25,0,57,0.18,0.44,0,138,0.19,0.72,0,61,0.19,1.13,0,122,0.19,1.71,0,169,0.19,2.48,15,75,0.19,3.45,0,315,0.19,4.65,0,45,0.19,6.07,13,96,0.19,7.71,0,105,0.19,9.55,0,15,0.2,11.58,0,0,0.2,13.37,0,0,0.18,15.63,0,200,0.18,18.0,0,108,0.18,20.44,0,80,0.18,22.92,0,80,0.18,25.42,0,100,0.2,27.92,0,120,0.21,21.55,0.0,0.0,0.24,0.13,0.0,4.0,0.18,24.05,0.0,0.0,0.27,0.07,0.0,0.0,0.19,26.55,0.0,0.0,0.29,0.03,0.0,0.0,0.18,29.05,0.0,0.0,0.32,0.01,0.0,0.0,0.18,,,,,,,,,,,,,,,,,,,,,,,,,,,,,,,,,,,,,,,,
2023-03-02 16:00:00,128.8,18.84,0,0,0.23,16.34,0,0,0.2,13.85,0,0,0.18,11.49,0,0,0.18,9.37,0,0,0.18,7.53,0,0,0.18,5.96,0,52,0.18,4.69,16,235,0.18,3.61,0,315,0.18,2.72,0,383,0.18,2.01,8,165,0.18,1.45,0,307,0.18,1.03,0,30,0.18,0.71,0,20,0.18,0.48,0,0,0.18,0.32,0,0,0.18,0.21,0,0,0.18,0.14,0,0,0.18,0.09,0,0,0.18,0.26,0,57,0.18,0.46,0,138,0.19,0.75,0,61,0.18,1.18,0,122,0.19,1.78,0,169,0.19,2.58,0,75,0.19,3.58,15,330,0.19,4.81,0,45,0.19,6.26,0,96,0.19,7.92,0,105,0.19,9.78,0,15,0.2,11.71,0,0,0.2,13.61,0,0,0.18,15.87,0,200,0.18,18.23,0,108,0.18,20.67,0,80,0.18,23.15,0,80,0.19,25.65,0,100,0.2,28.15,0,120,0.22,21.34,0.0,0.0,0.26,0.13,0.0,4.0,0.18,23.83,0.0,0.0,,0.07,0.0,0.0,0.19,26.33,0.0,0.0,,0.03,0.0,0.0,0.18,28.83,0.0,0.0,0.34,0.01,0.0,0.0,0.18,,,,,,,,,,,,,,,,,,,,,,,,,,,,,,,,,,,,,,,,
2023-03-03 16:00:00,128.9,18.93,0,0,0.24,16.43,0,0,0.21,13.93,0,0,0.19,11.5,0,0,0.18,9.22,0,0,0.17,7.37,0,0,0.17,5.88,30,29,0.17,4.59,110,308,0.17,3.51,50,305,0.17,2.62,134,433,0.18,1.92,120,276,0.18,1.37,0,307,0.18,0.96,10,30,0.18,0.66,0,20,0.18,0.44,0,0,0.18,0.29,0,0,0.18,0.18,0,0,0.18,0.12,0,0,0.18,0.07,0,0,0.18,0.21,0,57,0.18,0.4,0,138,0.18,0.68,0,61,0.18,1.08,0,122,0.18,1.65,55,224,0.18,2.41,139,183,0.18,3.4,139,411,0.18,4.62,140,140,0.18,6.06,60,96,0.19,7.73,0,105,0.19,9.59,0,15,0.19,11.65,0,0,0.2,13.45,2,2,0.18,15.73,0,200,0.18,18.12,1,108,0.18,20.57,0,80,0.18,23.06,0,80,0.19,25.56,0,100,0.2,28.06,0,120,0.22,21.43,0.0,0.0,0.27,0.11,0.0,4.0,0.18,23.93,0.0,0.0,0.3,0.05,0.0,0.0,0.18,26.43,0.0,0.0,0.33,0.02,0.0,0.0,0.18,28.92,0.0,0.0,,0.01,0.0,0.0,0.18,,,,,,,,,,,,,,,,,,,,,,,,,,,,,,,,,,,,,,,,
2023-03-06 16:00:00,126.9,17.62,0,0,0.18,15.26,0,0,0.18,12.98,0,0,0.17,10.84,0,0,0.18,9.13,0,0,0.19,7.3,0,0,0.19,5.7,4,33,0.18,4.34,0,308,0.18,3.22,73,306,0.18,2.32,0,433,0.18,1.63,50,326,0.18,1.13,0,307,0.18,0.76,50,80,0.18,0.5,0,20,0.18,0.32,0,0,0.18,0.2,0,0,0.18,0.12,0,0,0.18,0.07,0,0,0.18,0.04,0,0,0.18,0.23,0,57,0.18,0.43,0,138,0.18,0.73,0,61,0.18,1.17,100,207,0.18,1.81,0,224,0.18,2.63,0,183,0.18,3.57,0,411,0.17,4.72,19,159,0.17,6.15,0,96,0.17,7.78,0,105,0.16,9.6,0,15,0.16,11.57,0,0,0.15,14.09,0,2,0.18,16.34,0,200,0.18,18.67,0,108,0.18,21.06,0,80,0.18,23.48,0,80,0.18,25.92,0,100,0.18,28.38,0,120,0.17,20.04,0.0,0.0,0.18,0.12,0.0,4.0,0.18,22.49,0.0,0.0,0.17,0.06,0.0,0.0,0.18,24.97,0.0,0.0,0.18,0.03,0.0,0.0,0.18,27.45,0.0,0.0,0.19,0.01,0.0,0.0,0.18,,,,,,,,,,,,,,,,,,,,,,,,,,,,,,,,,,,,,,,,
2023-03-07 16:00:00,125.4,16.16,0,0,0.18,13.84,0,0,0.18,11.63,0,0,0.18,9.86,0,0,0.19,7.92,0,0,0.19,6.22,15,15,0.18,4.77,0,33,0.18,3.56,0,308,0.18,2.59,26,306,0.18,1.8,0,433,0.18,1.23,0,326,0.18,0.84,0,307,0.18,0.56,0,80,0.18,0.35,0,20,0.18,0.22,0,0,0.18,0.14,0,0,0.18,0.08,0,0,0.18,0.05,0,0,0.18,0.03,0,0,0.18,0.31,0,57,0.18,0.56,0,138,0.18,0.94,10,71,0.18,1.48,0,207,0.18,2.21,0,224,0.18,3.11,0,183,0.18,4.15,15,426,0.17,5.54,15,174,0.17,7.06,47,143,0.17,8.82,0,105,0.16,10.75,0,15,0.15,13.19,0,0,0.18,15.42,0,2,0.18,17.73,0,200,0.18,20.1,0,108,0.18,22.51,0,80,0.18,24.95,0,80,0.18,27.41,0,100,0.18,29.88,0,120,0.18,18.56,0.0,0.0,0.18,0.17,0.0,4.0,0.18,21.0,0.0,0.0,0.18,0.08,0.0,0.0,0.18,23.46,0.0,0.0,0.17,0.03,0.0,0.0,0.17,25.94,0.0,0.0,0.17,0.01,0.0,0.0,0.17,,,,,,,,,,,,,,,,,,,,,,,,,,,,,,,,,,,,,,,,
2023-03-08 16:00:00,124.1,14.95,0,0,0.18,12.68,0,0,0.18,10.88,0,0,0.2,8.73,0,0,0.19,6.99,0,0,0.19,5.4,0,15,0.18,4.06,60,93,0.18,2.96,45,323,0.18,2.15,0,306,0.18,1.47,0,433,0.18,1.03,0,326,0.18,0.71,0,307,0.18,0.47,0,80,0.18,0.3,0,20,0.18,0.19,0,0,0.18,0.12,0,0,0.18,0.07,0,0,0.18,0.04,0,0,0.18,0.02,0,0,0.18,0.45,0,57,0.18,0.77,0,138,0.18,1.24,0,71,0.18,1.9,0,207,0.18,2.77,0,224,0.19,3.75,75,258,0.18,5.01,0,426,0.18,6.49,16,190,0.18,8.14,0,143,0.18,10.04,0,105,0.17,12.1,0,15,0.17,14.39,0,0,0.18,16.65,0,2,0.18,18.99,0,200,0.18,21.38,0,108,0.18,23.8,0,80,0.18,26.25,0,80,0.18,28.71,0,100,0.18,31.19,0,120,0.18,17.3,0.0,0.0,0.18,0.25,0.0,4.0,0.18,19.72,0.0,0.0,0.18,0.13,0.0,0.0,0.18,22.17,0.0,0.0,0.18,0.06,0.0,0.0,0.18,24.64,0.0,0.0,0.18,0.03,0.0,0.0,0.18,,,,,,,,,,,,,,,,,,,,,,,,,,,,,,,,,,,,,,,,
2023-03-09 16:00:00,123.6,14.38,0,0,0.17,12.09,0,0,0.17,10.25,0,0,0.19,8.23,0,0,0.18,6.43,0,0,0.18,4.88,0,15,0.18,3.61,34,112,0.17,2.59,36,298,0.17,1.8,105,336,0.17,1.21,0,433,0.17,0.79,0,326,0.17,0.5,0,307,0.17,0.31,0,80,0.17,0.19,0,20,0.17,0.11,0,0,0.17,0.06,0,0,0.17,0.03,0,0,0.17,0.02,0,0,0.17,0.01,0,0,0.17,0.39,0,57,0.17,0.68,0,138,0.17,1.14,505,576,0.17,1.8,0,207,0.17,2.58,105,254,0.17,3.57,44,258,0.17,4.88,42,468,0.16,6.41,30,220,0.16,8.14,0,143,0.16,10.05,0,105,0.15,12.47,0,15,0.17,14.71,0,0,0.17,17.03,0,2,0.17,19.41,0,200,0.17,21.83,0,108,0.17,24.28,0,80,0.17,26.74,0,80,0.17,29.22,0,100,0.17,31.7,0,120,0.17,16.75,0.0,0.0,0.17,0.2,0.0,4.0,0.17,19.18,0.0,0.0,0.17,0.1,0.0,0.0,0.17,21.65,0.0,0.0,0.18,0.05,0.0,0.0,0.17,24.12,0.0,0.0,0.16,0.02,0.0,0.0,0.17,,,,,,,,,,,,,,,,,,,,,,,,,,,,,,,,,,,,,,,,
2023-03-10 16:00:00,118.4,10.21,0,0,0.21,8.24,0,0,0.2,6.5,0,0,0.2,5.0,0,0,0.2,3.76,45,45,0.2,2.73,379,379,0.19,1.97,230,259,0.19,1.31,46,342,0.19,0.93,518,560,0.19,0.62,0,433,0.19,0.4,0,326,0.19,0.25,0,307,0.19,0.16,0,80,0.19,0.1,0,20,0.19,0.06,0,0,0.19,0.03,0,0,0.19,0.02,0,0,0.19,0.01,0,0,0.19,0.01,0,0,0.2,1.38,35,82,0.19,2.09,0,138,0.19,3.01,0,576,0.19,4.09,75,282,0.19,5.26,205,444,0.18,7.02,71,301,0.19,8.78,45,513,0.19,10.69,0,220,0.19,12.84,0,143,0.19,15.05,0,105,0.19,17.34,0,15,0.19,19.7,0,0,0.19,22.11,0,2,0.19,24.54,0,200,0.19,27.0,0,108,0.19,29.46,0,80,0.19,31.94,0,80,0.19,34.42,0,100,0.19,36.9,0,120,,12.0,0.0,0.0,0.19,0.86,15.0,19.0,0.19,14.23,0.0,0.0,0.19,0.5,0.0,0.0,0.19,16.57,0.0,0.0,0.19,0.28,0.0,0.0,0.19,18.98,0.0,0.0,0.19,0.14,0.0,0.0,0.19,,,,,,,,,,,,,,,,,,,,,,,,,,,,,,,,,,,,,,,,
2023-03-13 16:00:00,119.1,10.82,0,0,0.22,8.82,0,0,0.21,7.03,0,0,0.21,5.47,0,0,0.21,4.14,15,45,0.2,3.03,10,379,0.2,2.18,30,274,0.2,1.53,0,342,0.2,1.04,0,560,0.2,0.69,0,433,0.2,0.48,0,326,0.2,0.31,0,307,0.2,0.2,0,80,0.2,0.12,0,20,0.2,0.07,0,0,0.2,0.04,0,0,0.2,0.02,0,0,0.19,0.01,0,0,0.19,0.01,0,0,0.2,1.29,0,82,0.2,1.96,0,138,0.2,2.84,15,561,0.2,3.84,15,282,0.2,5.01,0,444,0.19,6.46,0,301,0.19,8.11,0,513,0.18,9.96,0,220,0.18,11.95,0,143,0.17,14.49,0,105,0.2,16.75,0,15,0.2,19.09,0,0,0.2,21.48,0,2,0.2,23.9,0,200,0.2,26.35,0,108,0.2,28.81,0,80,0.2,31.28,0,80,0.19,33.76,0,100,0.19,36.25,0,120,0.21,12.62,0.0,0.0,0.2,0.8,0.0,19.0,0.2,14.88,0.0,0.0,0.2,0.47,0.0,0.0,0.2,17.23,0.0,0.0,0.2,0.26,0.0,0.0,0.2,19.64,0.0,0.0,0.2,0.14,0.0,0.0,0.2,24.57,0.0,0.0,0.2,22.1,0.0,0.0,0.2,0.03,0.0,0.0,0.2,0.07,0.0,0.0,0.2,,,,,,,,,,,,,,,,,,,,,,,,
2023-03-14 16:00:00,117.2,9.66,0,0,0.24,7.89,0,0,0.24,6.32,0,0,0.24,4.92,0,0,0.23,3.73,30,75,0.23,2.76,0,379,0.22,2.05,30,304,0.22,1.5,15,342,0.22,1.07,0,560,0.22,0.76,0,433,0.22,0.52,0,326,0.22,0.35,0,307,0.22,0.25,0,80,0.23,0.16,0,20,0.23,0.11,0,0,0.23,0.07,0,0,0.23,0.04,0,0,0.22,0.03,0,0,0.23,0.02,0,0,0.23,2.22,360,408,0.23,3.1,658,631,0.23,4.12,1005,1098,0.23,5.24,149,237,0.22,6.61,53,452,0.22,8.18,0,301,0.21,9.93,0,513,0.21,11.83,0,220,0.2,14.28,0,143,0.23,16.46,0,105,0.23,18.73,0,15,0.23,21.06,0,0,0.23,23.44,0,2,0.23,25.85,0,200,0.23,28.29,0,108,0.23,30.74,0,80,0.22,33.21,0,80,0.23,35.68,0,100,0.22,38.16,0,120,0.22,11.63,0.0,0.0,0.25,1.53,81.0,100.0,0.23,13.37,0.0,0.0,0.23,1.01,0.0,0.0,0.23,15.57,0.0,0.0,0.23,0.63,0.0,0.0,0.23,17.89,0.0,0.0,0.23,0.37,0.0,0.0,0.23,22.7,0.0,0.0,0.22,20.27,0.0,0.0,0.23,0.11,0.0,0.0,0.23,0.21,0.0,0.0,0.23,,,,,,,,,,,,,,,,,,,,,,,,
2023-03-15 16:00:00,117.9,9.95,0,0,0.23,8.15,0,0,0.23,6.42,0,0,0.22,4.98,0,0,0.22,3.74,45,105,0.21,2.76,31,410,0.21,2.03,32,336,0.21,1.46,0,342,0.21,1.03,0,560,0.21,0.71,0,433,0.21,0.48,0,326,0.21,0.32,0,307,0.21,0.21,0,80,0.22,0.14,0,20,0.22,0.09,0,0,0.22,0.05,0,0,0.21,0.03,0,0,0.21,0.02,0,0,0.22,0.01,0,0,0.21,1.81,60,468,0.22,2.62,0,631,0.22,3.58,0,1098,0.22,4.64,15,222,0.21,6.13,0,452,0.22,7.57,0,301,0.21,9.29,0,513,0.2,11.33,0,220,0.21,13.54,0,143,0.22,15.73,0,105,0.22,18.0,0,15,0.22,20.33,0,0,0.22,22.72,0,2,0.22,25.14,0,200,0.22,27.58,0,108,0.22,30.04,0,80,0.22,32.51,0,80,0.21,34.99,0,100,0.22,37.47,0,120,0.22,11.98,0.0,0.0,0.24,1.2,90.0,175.0,0.22,13.88,0.0,0.0,0.22,0.76,0.0,0.0,0.22,16.15,0.0,0.0,0.22,0.46,0.0,0.0,0.22,18.5,0.0,0.0,0.21,0.26,0.0,0.0,0.22,23.38,0.0,0.0,0.22,20.92,0.0,0.0,0.21,0.07,0.0,0.0,0.22,0.14,0.0,0.0,0.22,,,,,,,,,,,,,,,,,,,,,,,,
2023-03-16 16:00:00,115.6,8.51,0,0,0.25,6.88,90,90,0.25,5.46,0,0,0.24,4.25,137,137,0.24,3.26,30,135,0.24,2.44,0,410,0.24,1.74,0,336,0.23,1.23,0,342,0.23,0.89,0,560,0.23,0.62,0,433,0.23,0.43,0,326,0.23,0.29,0,307,0.23,0.21,0,80,0.24,0.14,0,20,0.24,0.09,0,0,0.24,0.06,0,0,0.24,0.04,0,0,0.24,0.02,0,0,0.23,0.01,0,0,0.23,2.81,1,468,0.24,3.8,120,690,0.24,4.79,122,1159,0.23,6.12,240,294,0.23,7.65,86,493,0.22,9.34,0,301,0.22,11.19,0,513,0.21,13.17,0,220,0.2,15.73,0,143,0.24,17.96,0,105,0.24,20.27,0,15,0.24,22.63,0,0,0.24,25.02,0,2,0.23,27.45,0,200,0.24,29.9,0,108,0.24,32.36,0,80,0.24,34.83,0,80,0.23,37.31,0,100,0.24,39.79,0,120,0.24,10.35,0.0,0.0,0.26,1.99,15.0,190.0,0.24,12.38,0.0,0.0,0.26,1.35,75.0,75.0,0.24,14.14,0.0,0.0,0.24,0.88,30.0,30.0,0.24,16.38,0.0,0.0,0.23,0.55,10.0,10.0,0.24,21.12,0.0,0.0,0.23,18.72,0.0,0.0,0.24,0.18,0.0,0.0,0.24,0.33,0.0,0.0,0.24,,,,,,,,,,,,,,,,,,,,,,,,
2023-03-17 16:00:00,117.5,9.79,0,0,0.24,7.97,0,90,0.24,6.38,0,0,0.24,5.01,41,152,0.23,3.85,23,158,0.23,2.84,27,410,0.23,2.05,0,336,0.22,1.47,0,342,0.22,1.05,0,560,0.22,0.73,0,433,0.22,0.5,0,326,0.22,0.35,0,307,0.23,0.23,0,80,0.23,0.15,0,20,0.23,0.1,0,0,0.23,0.06,0,0,0.22,0.04,0,0,0.23,0.02,0,0,0.22,0.01,0,0,0.22,2.05,48,465,0.23,2.9,15,690,0.23,3.74,30,1156,0.22,4.93,179,353,0.22,6.33,38,531,0.22,7.91,0,301,0.21,9.66,0,513,0.21,11.55,0,220,0.2,13.99,0,143,0.23,16.17,0,105,0.23,18.44,0,15,0.23,20.77,0,0,0.23,23.16,0,2,0.23,25.58,0,200,0.23,28.02,0,108,0.23,30.47,0,80,0.22,32.94,0,80,0.22,35.42,0,100,0.23,37.9,0,120,0.23,11.79,0.0,0.0,0.25,1.39,30.0,190.0,0.23,13.55,0.0,0.0,0.23,0.89,0.0,75.0,0.23,15.79,0.0,0.0,0.23,0.55,0.0,30.0,0.23,18.13,0.0,0.0,0.23,0.32,0.0,10.0,0.23,22.97,0.0,0.0,0.23,20.53,0.0,0.0,0.23,0.09,0.0,0.0,0.23,0.18,0.0,0.0,0.23,25.44,0.0,0.0,0.23,0.04,0.0,0.0,0.22,,,,,,,,,,,,,,,,
2023-03-20 16:00:00,114.0,7.41,0,0,0.26,5.92,45,135,0.26,4.65,7,7,0.25,3.58,22,167,0.25,2.72,0,158,0.25,2.0,8,418,0.25,1.44,461,471,0.25,1.01,30,327,0.24,0.71,530,528,0.24,0.49,0,433,0.24,0.34,0,326,0.25,0.24,0,307,0.25,0.16,10,70,0.25,0.11,0,20,0.25,0.07,0,0,0.25,0.04,0,0,0.24,0.03,0,0,0.25,0.02,0,0,0.25,0.01,0,0,0.25,3.47,435,899,0.25,4.45,23,690,0.24,5.64,515,1171,0.24,7.11,0,353,0.23,8.76,60,576,0.23,10.56,0,301,0.23,12.5,0,513,0.22,15.0,0,220,0.25,17.2,0,143,0.25,19.48,0,105,0.25,21.82,0,15,0.25,24.21,0,0,0.25,26.63,0,2,0.25,29.07,0,200,0.25,31.53,0,108,0.25,33.99,0,80,0.24,36.47,0,80,0.25,38.95,0,100,0.24,41.44,0,120,0.26,9.12,0.0,0.0,0.26,2.52,0.0,190.0,0.25,11.03,0.0,0.0,0.27,1.76,0.0,75.0,0.25,13.12,0.0,0.0,0.28,1.19,135.0,165.0,0.25,14.9,0.0,0.0,0.25,0.76,105.0,115.0,0.25,19.54,0.0,0.0,0.25,17.18,0.0,0.0,0.25,0.26,0.0,0.0,0.25,0.47,40.0,40.0,0.25,21.96,0.0,0.0,0.25,0.14,0.0,0.0,0.25,,,,,,,,,,,,,,,,
2023-03-21 16:00:00,113.1,6.74,45,45,0.26,5.33,15,150,0.25,4.12,111,96,0.25,3.06,95,247,0.25,2.23,30,173,0.24,1.62,33,451,0.24,1.16,0,471,0.24,0.83,0,327,0.24,0.58,0,528,0.24,0.4,0,433,0.24,0.27,0,326,0.24,0.19,0,307,0.25,0.12,0,70,0.25,0.08,0,20,0.25,0.05,0,0,0.25,0.03,0,0,0.24,0.02,0,0,0.25,0.01,0,0,0.24,0.01,0,0,0.25,3.77,0,899,0.25,4.82,16,706,0.24,6.16,0,1171,0.24,7.66,0,353,0.23,9.34,0,576,0.23,11.22,0,301,0.22,13.16,0,513,0.21,15.73,0,220,0.24,17.99,0,143,0.25,20.3,0,105,0.24,22.67,0,15,0.24,25.08,0,0,0.25,27.51,0,2,0.25,29.96,0,200,0.24,32.43,0,108,0.25,34.9,0,80,0.24,37.38,0,80,0.24,39.87,0,100,0.25,42.35,0,120,0.24,8.38,0.0,0.0,0.26,2.75,10.0,200.0,0.25,10.23,0.0,0.0,0.27,1.93,90.0,165.0,0.25,12.26,0.0,0.0,0.27,1.3,105.0,270.0,0.25,14.04,0.0,0.0,0.24,0.84,136.0,251.0,0.25,18.65,0.0,0.0,0.25,16.3,0.0,0.0,0.24,0.29,0.0,0.0,0.24,0.52,15.0,55.0,0.25,21.06,0.0,0.0,0.25,0.16,0.0,0.0,0.25,,,,,,,,,,,,,,,,
2023-03-22 16:00:00,115.0,7.71,0,45,0.24,6.13,0,150,0.24,4.71,15,111,0.23,3.53,37,262,0.23,2.65,15,173,0.23,1.95,0,451,0.23,1.41,0,471,0.23,1.0,0,327,0.23,0.69,0,528,0.23,0.47,0,433,0.23,0.31,0,326,0.23,0.21,0,307,0.24,0.14,1,70,0.24,0.09,0,20,0.24,0.06,0,0,0.24,0.03,0,0,0.23,0.02,0,0,0.24,0.01,0,0,0.23,0.01,0,0,0.24,2.86,0,899,0.24,3.93,2,708,0.24,5.09,44,1215,0.24,6.45,30,368,0.23,8.03,0,576,0.23,9.75,0,301,0.22,11.7,0,513,0.22,14.01,0,220,0.24,16.2,0,143,0.24,18.48,0,105,0.24,20.82,0,15,0.24,23.21,0,0,0.24,25.64,0,2,0.24,28.08,0,200,0.24,30.54,0,108,0.23,33.01,0,80,0.23,35.49,0,80,0.23,37.98,0,100,0.24,40.46,0,120,0.23,9.67,0.0,0.0,0.25,2.01,45.0,198.0,0.24,11.69,0.0,0.0,0.26,1.35,10.0,175.0,0.24,13.46,0.0,0.0,0.24,0.86,0.0,270.0,0.24,15.71,0.0,0.0,0.24,0.53,0.0,251.0,0.24,20.46,0.0,0.0,0.23,18.06,0.0,0.0,0.24,0.17,0.0,0.0,0.24,0.31,0.0,55.0,0.24,22.91,0.0,0.0,0.23,0.08,0.0,0.0,0.24,25.38,0.0,0.0,0.23,0.04,0.0,0.0,0.24,,,,,,,,
2023-03-23 16:00:00,115.0,7.53,85,130,0.23,5.97,130,280,0.23,4.54,45,156,0.23,3.44,111,373,0.23,2.56,58,216,0.23,1.87,15,466,0.23,1.34,0,471,0.23,0.94,0,327,0.23,0.65,0,528,0.23,0.44,0,433,0.23,0.29,0,326,0.23,0.19,0,307,0.23,0.13,0,70,0.24,0.08,0,20,0.23,0.05,0,0,0.23,0.03,0,0,0.23,0.02,0,0,0.24,0.01,0,0,0.23,0.01,0,0,0.24,2.77,63,899,0.24,3.83,82,698,0.24,5.07,15,1215,0.24,6.43,15,382,0.23,7.99,20,586,0.23,9.78,0,301,0.23,11.77,0,513,0.23,13.96,0,220,0.23,16.17,4,145,0.23,18.46,0,105,0.23,20.81,0,15,0.23,23.2,0,0,0.23,25.63,0,2,0.23,28.08,0,200,0.23,30.54,0,108,0.23,33.02,0,80,0.23,35.5,0,80,0.23,37.98,0,100,0.22,40.47,0,120,0.23,9.54,0.0,0.0,0.25,1.93,107.0,305.0,0.24,11.56,0.0,0.0,0.26,1.28,37.0,212.0,0.24,13.42,0.0,0.0,0.23,0.81,0.0,270.0,0.24,15.68,0.0,0.0,0.23,0.49,1.0,250.0,0.23,20.45,0.0,0.0,0.23,18.03,0.0,0.0,0.23,0.15,0.0,0.0,0.23,0.28,0.0,55.0,0.23,22.9,0.0,0.0,0.23,0.08,0.0,0.0,0.24,25.38,0.0,0.0,0.24,0.04,0.0,0.0,0.24,,,,,,,,
2023-03-24 16:00:00,113.5,6.64,100,230,0.24,5.17,0,280,0.24,3.94,60,216,0.24,2.93,95,468,0.24,2.13,1715,1686,0.23,1.46,100,551,0.23,1.0,0,471,0.23,0.69,0,327,0.23,0.47,0,528,0.23,0.31,0,433,0.23,0.2,0,326,0.23,0.13,0,307,0.23,0.08,0,70,0.23,0.05,0,20,0.23,0.03,0,0,0.23,0.02,0,0,0.24,0.01,0,0,0.23,0.01,0,0,0.24,0.01,0,0,0.26,3.24,1500,1859,0.24,4.2,100,798,0.23,5.51,0,1215,0.22,7.11,0,382,0.22,8.76,50,586,0.21,10.64,0,301,0.21,13.04,0,513,0.23,15.23,0,220,0.23,17.04,0,145,,19.84,0,105,0.23,22.23,0,15,0.23,24.66,0,0,0.23,27.11,0,2,0.23,29.57,0,200,0.23,32.05,0,108,0.24,34.53,0,80,0.24,37.01,0,80,0.23,39.5,0,100,0.24,41.99,0,120,0.25,8.35,0.0,0.0,0.25,2.3,0.0,305.0,0.24,10.29,0.0,0.0,0.26,1.56,100.0,312.0,0.23,12.04,0.0,0.0,0.23,1.01,0.0,270.0,0.23,14.25,0.0,0.0,0.23,0.61,0.0,250.0,0.23,18.96,0.0,0.0,0.23,16.56,0.0,0.0,0.23,0.19,0.0,0.0,0.23,0.35,0.0,55.0,0.23,21.4,0.0,0.0,0.23,0.1,0.0,0.0,0.23,23.87,0.0,0.0,0.23,0.05,0.0,0.0,0.24,,,,,,,,
2023-03-27 16:00:00,111.1,5.2,39,257,0.25,3.89,30,280,0.25,2.82,45,261,0.24,2.03,15,483,0.24,1.45,400,1947,0.24,1.01,0,551,0.24,0.69,400,424,0.24,0.46,0,327,0.24,0.3,0,528,0.24,0.2,0,433,0.24,0.13,0,326,0.24,0.09,0,307,0.25,0.05,0,70,0.24,0.04,0,20,0.25,0.02,0,0,0.25,0.01,0,0,0.24,0.01,0,0,0.26,0.01,0,0,0.27,0.01,0,0,0.28,4.38,315,1786,0.25,5.63,5,803,0.24,7.09,100,1315,0.23,8.73,0,382,0.23,10.63,0,586,0.22,12.99,0,301,0.24,15.18,0,513,0.24,17.45,0,220,0.24,19.79,0,145,0.24,22.18,0,105,0.24,24.6,0,15,0.24,27.05,0,0,0.24,29.52,0,2,0.25,31.99,0,200,0.24,34.47,0,108,0.24,36.96,0,80,0.25,39.44,0,80,0.22,41.93,0,100,0.21,44.42,0,120,,6.68,100.0,100.0,0.25,3.24,10.0,315.0,0.25,8.4,0.0,0.0,0.26,2.29,105.0,412.0,0.25,10.33,0.0,0.0,0.27,1.55,0.0,270.0,0.25,12.09,0.0,0.0,0.24,1.0,106.0,356.0,0.25,16.62,0.0,0.0,0.24,14.3,0.0,0.0,0.24,0.34,0.0,0.0,0.24,0.61,350.0,405.0,0.25,19.02,0.0,0.0,0.24,0.19,0.0,0.0,0.25,21.47,0.0,0.0,0.24,0.1,0.0,0.0,0.25,,,,,,,,
2023-03-28 16:00:00,112.6,5.91,26,283,0.24,4.43,0,280,0.24,3.24,0,261,0.23,2.36,0,483,0.23,1.68,0,1947,0.23,1.18,0,551,0.23,0.81,0,424,0.23,0.54,0,327,0.23,0.35,0,528,0.23,0.23,0,433,0.23,0.15,0,326,0.24,0.1,0,307,0.24,0.06,0,70,0.24,0.04,0,20,0.24,0.02,0,0,0.24,0.01,0,0,0.23,0.01,0,0,0.25,0.01,0,0,0.26,0.01,0,0,0.27,3.58,0,1786,0.24,4.7,0,803,0.23,6.07,0,1315,0.23,7.69,0,382,0.23,9.43,0,586,0.22,11.44,0,301,0.22,13.79,0,513,0.23,16.03,0,220,0.24,18.34,0,145,0.23,20.72,0,105,0.24,23.13,0,15,0.23,25.57,0,0,0.23,28.03,0,2,0.23,30.51,0,200,0.24,32.99,0,108,0.24,35.47,0,80,0.23,37.96,0,80,0.24,40.45,0,100,0.24,42.94,0,120,0.25,7.58,0.0,100.0,0.25,2.53,200.0,515.0,0.24,9.43,0.0,0.0,0.26,1.71,15.0,427.0,0.24,11.51,0.0,0.0,0.27,1.12,0.0,270.0,0.24,13.35,0.0,0.0,0.23,0.69,0.0,356.0,0.24,18.03,0.0,0.0,0.23,15.65,0.0,0.0,0.23,0.21,0.0,0.0,0.24,0.4,0.0,405.0,0.24,20.47,0.0,0.0,0.23,0.11,0.0,0.0,0.24,22.94,0.0,0.0,0.24,0.05,0.0,0.0,0.24,25.42,0.0,0.0,0.23,0.02,0.0,0.0,0.24
2023-03-29 16:00:00,112.7,5.66,15,298,0.23,4.28,100,380,0.23,3.19,0,261,0.23,2.33,114,597,0.23,1.65,0,1947,0.23,1.15,0,551,0.23,0.78,0,424,0.23,0.52,0,327,0.23,0.34,0,528,0.23,0.21,0,433,0.23,0.14,0,326,0.23,0.09,0,307,0.24,0.06,0,70,0.24,0.03,0,20,0.23,0.02,0,0,0.24,0.01,0,0,0.24,0.01,0,0,0.25,0.01,0,0,0.26,0.01,0,0,0.27,3.47,1,1787,0.24,4.72,0,803,0.24,6.14,0,1315,0.24,7.56,5,382,0.23,9.39,0,586,0.22,11.42,0,301,0.22,13.67,0,513,0.23,15.92,0,220,0.23,18.24,0,145,0.23,20.61,0,105,0.23,23.03,0,15,0.23,25.48,0,0,0.24,27.94,0,2,0.23,30.41,0,200,0.23,32.89,0,108,0.22,35.38,0,80,0.23,37.87,0,80,0.24,40.36,0,100,0.25,42.85,0,120,0.26,7.35,200.0,300.0,0.23,2.44,20.0,535.0,0.24,9.39,0.0,0.0,0.25,1.64,0.0,427.0,0.24,11.44,0.0,0.0,0.26,1.06,0.0,270.0,0.24,13.42,0.0,0.0,0.23,0.64,0.0,356.0,0.24,18.12,0.0,0.0,0.23,15.72,0.0,0.0,0.23,0.19,0.0,0.0,0.23,0.36,0.0,405.0,0.23,20.56,0.0,0.0,0.23,0.1,0.0,0.0,0.24,23.03,0.0,0.0,0.23,0.05,0.0,0.0,0.24,25.51,0.0,0.0,,0.02,0.0,0.0,0.24
2023-03-30 16:00:00,112.7,5.65,0,298,0.23,4.25,31,380,0.23,3.07,96,357,0.22,2.19,53,630,0.22,1.53,0,1947,0.22,1.04,0,551,0.22,0.69,0,424,0.23,0.45,0,327,0.23,0.28,0,528,0.22,0.19,0,433,0.23,0.11,0,326,0.23,0.07,0,307,0.23,0.04,0,70,0.23,0.03,0,20,0.24,0.01,0,0,0.22,0.01,0,0,0.24,0.01,0,0,0.25,0.01,0,0,0.26,0.01,0,0,0.28,3.32,32,1819,0.23,4.45,30,803,0.23,5.89,25,1315,0.23,7.54,0,382,0.23,9.33,0,586,0.22,11.44,0,301,0.23,13.6,0,513,0.23,15.86,0,220,0.23,18.2,0,145,0.23,20.59,0,105,0.23,23.02,0,15,0.23,25.47,0,0,0.22,27.94,0,2,0.22,30.42,0,200,0.22,32.91,0,108,0.24,35.39,0,80,0.17,37.88,0,80,,40.37,0,100,,42.86,0,120,,7.38,100.0,400.0,0.24,2.3,1.0,536.0,0.23,9.3,0.0,0.0,0.25,1.53,0.0,427.0,0.23,11.14,0.0,0.0,0.23,0.97,0.0,270.0,0.23,13.35,0.0,0.0,0.23,0.57,0.0,356.0,0.23,18.09,0.0,0.0,0.23,15.68,0.0,0.0,0.23,0.16,0.0,0.0,0.23,0.31,0.0,405.0,0.23,20.54,0.0,0.0,0.22,0.08,0.0,0.0,0.23,23.02,0.0,0.0,0.23,0.04,0.0,0.0,0.23,25.5,0.0,0.0,,0.02,0.0,0.0,0.24
2023-03-31 16:00:00,111.7,4.94,0,298,0.23,3.62,126,485,0.22,2.52,445,707,0.22,1.74,130,745,0.22,1.14,10,1957,0.21,0.74,10,551,0.21,0.48,31,434,0.22,0.3,10,337,0.22,0.18,0,528,0.22,0.11,0,433,0.22,0.06,0,326,0.22,0.04,0,307,0.22,0.02,0,70,0.22,0.01,0,20,0.22,0.01,0,0,0.23,0.01,0,0,0.25,0.01,0,0,0.26,0.01,0,0,0.27,0.01,0,0,0.28,3.36,13,1832,0.21,4.6,0,803,0.21,6.12,0,1315,0.21,7.84,0,382,0.2,9.75,0,586,0.19,12.16,0,301,0.22,14.4,0,513,0.22,16.72,0,220,0.22,19.1,0,145,0.22,21.53,0,105,0.22,23.99,0,15,0.22,26.46,0,0,0.22,28.94,0,2,0.22,31.42,0,200,0.21,33.91,0,108,0.22,36.4,0,80,0.22,38.89,0,80,0.2,41.38,0,100,,43.87,0,120,,6.53,0.0,400.0,0.23,2.46,0.0,536.0,0.22,8.37,0.0,0.0,0.24,1.61,34.0,427.0,0.22,10.15,0.0,0.0,0.22,1.0,0.0,270.0,0.22,12.35,0.0,0.0,0.22,0.58,0.0,356.0,0.22,17.08,0.0,0.0,0.22,14.67,0.0,0.0,0.22,0.16,0.0,0.0,0.22,0.31,30.0,435.0,0.22,19.53,0.0,0.0,0.21,0.07,0.0,0.0,0.22,22.01,0.0,0.0,0.21,0.03,0.0,0.0,0.22,24.5,0.0,0.0,0.23,0.02,0.0,0.0,0.23
2023-04-03 16:00:00,112.1,4.88,45,328,0.21,3.49,147,517,0.21,2.39,214,921,0.21,1.63,130,875,0.21,1.08,0,1957,0.21,0.69,0,551,0.21,0.42,0,434,0.21,0.26,0,337,0.21,0.16,0,528,0.21,0.09,0,433,0.21,0.05,0,326,0.21,0.03,0,307,0.22,0.01,0,70,0.21,0.01,0,20,0.22,0.01,0,0,0.24,0.01,0,0,0.25,0.01,0,0,0.26,0.01,0,0,0.28,0.01,0,0,0.29,3.17,0,1832,0.22,4.39,0,803,0.21,5.77,0,1315,0.2,7.5,0,382,0.2,9.47,14,586,0.2,11.74,8,309,0.21,13.98,0,513,0.21,16.32,0,220,0.21,18.71,0,145,0.21,21.15,0,105,0.21,23.61,0,15,0.21,26.09,0,0,0.22,28.57,0,2,0.21,31.06,0,200,0.22,33.55,0,108,0.23,36.04,0,80,0.23,38.53,0,80,,41.02,0,100,,43.51,0,120,,6.62,0.0,400.0,0.23,2.14,343.0,360.0,0.22,8.54,0.0,0.0,0.23,1.37,231.0,496.0,0.22,10.38,0.0,0.0,0.21,0.82,0.0,270.0,0.21,12.63,0.0,0.0,0.21,0.45,77.0,356.0,0.21,17.43,0.0,0.0,0.21,15.0,0.0,0.0,0.21,0.11,0.0,0.0,0.21,0.23,0.0,435.0,0.21,19.9,0.0,0.0,0.21,0.05,2.0,2.0,0.22,22.38,0.0,0.0,,0.02,0.0,0.0,0.22,24.87,0.0,0.0,,0.01,0.0,0.0,0.23
2023-04-04 16:00:00,112.1,4.69,0,328,0.2,3.28,45,562,0.2,2.27,165,1086,0.2,1.52,120,975,0.2,0.98,0,1957,0.2,0.6,5,551,0.2,0.37,5,439,0.2,0.23,0,337,0.21,0.13,0,528,0.21,0.07,0,433,0.21,0.04,0,326,0.21,0.02,0,307,0.21,0.01,0,70,0.21,0.01,0,20,0.22,0.01,0,0,0.24,0.01,0,0,0.25,0.01,0,0,0.27,0.01,0,0,0.28,0.01,0,0,0.29,3.03,0,1832,0.21,4.32,5,803,0.21,5.78,0,1315,0.21,7.52,0,382,0.21,9.34,0,586,0.19,11.63,0,309,0.21,13.9,0,513,0.21,16.25,0,220,0.2,18.66,0,145,0.2,21.11,0,105,0.21,23.57,0,15,0.2,26.05,0,0,0.2,28.54,0,2,0.21,31.03,0,200,0.22,33.52,0,108,0.23,36.01,0,80,0.23,38.5,0,80,0.21,40.99,0,100,,43.48,0,120,,6.49,0.0,400.0,0.22,2.0,0.0,360.0,0.21,8.3,0.0,0.0,0.21,1.25,1.0,497.0,0.21,10.33,0.0,0.0,0.21,0.72,1.0,271.0,0.21,12.61,0.0,0.0,0.21,0.39,6.0,359.0,0.21,17.44,0.0,0.0,0.21,14.99,0.0,0.0,0.2,0.09,0.0,0.0,0.21,0.19,39.0,436.0,0.21,19.91,0.0,0.0,0.19,0.04,2.0,2.0,0.21,22.4,0.0,0.0,0.19,0.02,0.0,0.0,0.22,24.89,0.0,0.0,,0.01,0.0,0.0,0.23
2023-04-06 16:00:00,112.3,4.65,15,343,0.2,3.3,77,639,0.2,2.26,99,1170,0.2,1.51,6,978,0.2,0.96,456,1993,0.2,0.59,66,551,0.2,0.36,0,439,0.2,0.22,0,337,0.21,0.12,0,528,0.21,0.07,0,433,0.21,0.04,0,326,0.21,0.02,0,307,0.21,0.01,0,70,0.21,0.01,0,20,0.23,0.01,0,0,0.24,0.01,0,0,0.26,0.01,0,0,0.27,0.01,0,0,0.28,0.01,0,0,0.3,2.88,453,1778,0.21,4.16,55,763,0.21,5.69,36,1315,0.21,7.51,0,382,0.22,9.4,4,586,0.21,11.63,29,320,0.22,13.71,0,513,0.2,16.07,0,220,0.21,18.48,0,145,0.2,20.93,0,105,0.2,23.4,0,15,0.2,25.88,0,0,0.2,28.37,0,2,0.21,30.86,0,200,0.22,33.35,0,108,0.22,35.84,0,80,,38.33,0,80,,40.82,0,100,,43.32,0,120,0.28,6.45,6.0,406.0,0.21,1.88,200.0,336.0,0.21,8.35,0.0,0.0,0.21,1.16,202.0,299.0,0.21,10.46,0.0,0.0,0.21,0.65,0.0,271.0,0.21,12.76,0.0,0.0,0.21,0.35,0.0,359.0,0.21,17.61,0.0,0.0,0.2,15.16,0.0,0.0,0.21,0.07,0.0,0.0,0.21,0.16,0.0,436.0,0.21,20.09,0.0,0.0,0.19,0.03,0.0,2.0,0.21,22.58,0.0,0.0,0.18,0.01,0.0,0.0,0.21,25.07,0.0,0.0,,0.01,0.0,0.0,0.23
2023-04-11 16:00:00,113.2,5.13,50,343,0.21,3.66,109,733,0.2,2.48,321,1442,0.2,1.62,282,1191,0.2,1.03,0,1993,0.2,0.63,0,551,0.2,0.39,0,439,0.21,0.22,0,337,0.21,0.12,0,528,0.21,0.07,0,433,0.21,0.03,0,326,0.21,0.02,100,285,0.21,0.01,0,70,0.21,0.01,0,20,0.23,0.01,0,0,0.25,0.01,0,0,0.26,0.01,0,0,0.28,0.01,0,0,0.29,0.01,0,0,0.3,2.39,225,1778,0.21,3.5,269,905,0.21,4.93,0,1315,0.21,6.59,0,382,0.21,8.41,0,586,0.2,10.63,0,320,0.21,12.88,0,513,0.21,15.23,0,220,0.21,17.64,0,145,0.21,20.09,0,105,0.21,22.56,0,15,0.21,25.04,0,0,0.21,27.53,0,2,0.22,30.02,0,200,0.22,32.51,0,108,,35.0,0,80,,37.5,0,80,0.26,39.99,0,100,0.21,42.48,0,120,,7.04,0.0,406.0,0.22,1.5,0.0,336.0,0.21,8.95,0.0,0.0,0.21,0.88,0.0,299.0,0.21,11.19,0.0,0.0,0.21,0.47,0.0,271.0,0.21,13.55,0.0,0.0,0.21,0.23,125.0,234.0,0.21,18.46,0.0,0.0,0.2,15.99,0.0,0.0,0.21,0.05,0.0,0.0,0.21,0.1,100.0,336.0,0.21,20.95,0.0,0.0,0.2,0.02,0.0,2.0,0.22,23.44,0.0,0.0,,0.01,0.0,0.0,0.23,25.94,0.0,0.0,0.28,0.01,0.0,0.0,0.25
2023-04-12 16:00:00,113.4,5.22,0,343,0.2,3.63,15,748,0.2,2.46,40,1472,0.2,1.59,9,1191,0.2,1.01,34,1993,0.2,0.61,2,553,0.2,0.37,0,439,0.21,0.2,0,337,0.2,0.11,0,528,0.2,0.06,0,433,0.21,0.03,0,326,0.21,0.01,0,285,0.2,0.01,0,70,0.22,0.01,0,20,0.23,0.01,0,0,0.25,0.01,0,0,0.26,0.01,0,0,0.28,0.01,0,0,0.29,0.01,0,0,0.31,2.23,25,1768,0.21,3.37,0,905,0.21,4.7,1,1316,0.2,6.37,9,382,0.2,8.32,0,586,0.2,10.4,6,326,0.2,12.8,4,516,0.22,15.03,0,220,0.2,17.44,0,145,0.2,19.89,0,105,0.2,22.37,0,15,0.21,24.85,0,0,0.2,27.34,0,2,0.2,29.83,0,200,,32.33,0,108,0.25,34.82,0,80,0.24,37.31,0,80,,39.81,0,100,0.29,42.3,0,120,0.28,7.11,0.0,406.0,0.21,1.37,26.0,311.0,0.21,9.07,0.0,0.0,0.2,0.79,1.0,300.0,0.21,11.33,0.0,0.0,0.2,0.41,0.0,271.0,0.21,13.72,0.0,0.0,0.2,0.2,0.0,234.0,0.21,18.65,0.0,0.0,0.2,16.17,0.0,0.0,0.2,0.03,0.0,0.0,0.2,0.09,0.0,336.0,0.21,21.14,0.0,0.0,0.19,0.01,0.0,2.0,0.2,23.63,0.0,0.0,,0.01,0.0,0.0,0.23,26.13,0.0,0.0,0.28,0.01,0.0,0.0,0.26
2023-04-13 16:00:00,113.3,4.93,0,343,0.19,3.4,30,778,0.19,2.24,15,1457,0.19,1.43,5,1191,0.19,0.87,100,2078,0.19,0.51,2,553,0.2,0.29,0,439,0.2,0.15,0,337,0.2,0.08,0,528,0.2,0.04,0,433,0.2,0.02,0,326,0.2,0.01,0,285,0.2,0.01,0,70,0.22,0.01,0,20,0.24,0.01,0,0,0.25,0.01,0,0,0.27,0.01,0,0,0.28,0.01,0,0,0.3,0.01,0,0,0.31,2.1,117,1770,0.2,3.25,60,934,0.2,4.73,0,1316,0.2,6.44,0,382,0.2,8.26,0,586,0.19,10.42,0,326,0.19,12.71,0,516,0.19,15.09,0,220,0.19,17.53,0,145,0.2,19.99,0,105,0.19,22.47,0,15,0.19,24.96,0,0,0.19,27.45,0,2,,29.95,0,200,0.23,32.44,0,108,0.22,34.93,0,80,,37.43,0,80,0.27,39.92,0,100,,42.41,0,120,,7.0,0.0,406.0,0.21,1.25,15.0,296.0,0.2,8.9,0.0,0.0,0.19,0.7,11.0,300.0,0.2,11.19,0.0,0.0,0.2,0.35,0.0,271.0,0.2,13.59,0.0,0.0,0.19,0.15,20.0,254.0,0.2,18.54,0.0,0.0,0.2,16.05,0.0,0.0,0.18,0.03,0.0,0.0,0.2,0.07,0.0,336.0,0.2,21.03,0.0,0.0,,0.01,0.0,2.0,0.2,23.52,0.0,0.0,,0.01,0.0,0.0,0.23,26.02,0.0,0.0,0.27,0.01,0.0,0.0,0.26
2023-04-14 16:00:00,113.5,5.09,0,343,0.2,3.48,15,793,0.19,2.24,0,1457,0.19,1.39,34,1225,0.19,0.81,2,2080,0.19,0.45,135,688,0.19,0.23,0,439,0.19,0.12,0,337,0.19,0.06,0,528,0.19,0.03,0,433,0.19,0.01,0,326,0.19,0.01,0,285,0.2,0.01,0,70,0.22,0.01,0,20,0.24,0.01,0,0,0.25,0.01,0,0,0.27,0.01,0,0,0.28,0.01,0,0,0.3,0.01,0,0,0.31,1.85,52,1785,0.19,2.96,139,1024,0.19,4.24,0,1316,0.18,5.9,0,382,0.18,7.98,0,586,0.18,10.16,0,326,0.18,12.47,0,516,0.18,14.87,0,220,0.18,17.32,0,145,0.18,19.8,0,105,0.19,22.28,0,15,0.18,24.77,0,0,,27.27,0,2,0.22,29.76,0,200,0.21,32.25,0,108,,34.75,0,80,0.26,37.24,0,80,,39.73,0,100,,42.23,0,120,0.28,7.04,0.0,406.0,0.21,1.06,8.0,296.0,0.19,8.99,0.0,0.0,0.18,0.55,5.0,300.0,0.19,11.33,0.0,0.0,0.19,0.26,0.0,271.0,0.19,13.76,0.0,0.0,0.18,0.11,0.0,254.0,0.19,18.73,0.0,0.0,0.2,16.24,0.0,0.0,0.19,0.02,0.0,0.0,0.2,0.04,0.0,336.0,0.19,21.22,0.0,0.0,,0.01,0.0,2.0,0.21,23.72,0.0,0.0,0.26,0.01,0.0,0.0,0.24,26.21,0.0,0.0,,0.01,0.0,0.0,0.26
2023-04-17 16:00:00,115.1,6.12,0,343,0.19,4.25,212,1005,0.18,2.84,450,1647,0.18,1.8,45,1240,0.19,1.08,0,2080,0.19,0.62,27,688,0.19,0.34,0,439,0.19,0.18,0,337,0.19,0.09,0,528,0.19,0.04,0,433,0.19,0.02,0,326,0.19,0.01,0,285,0.2,0.01,0,70,0.21,0.01,0,20,0.23,0.01,0,0,0.25,0.01,0,0,0.26,0.01,0,0,0.28,0.01,0,0,0.3,0.01,0,0,0.31,1.33,66,1785,0.19,2.22,205,1139,0.19,3.44,0,1316,0.19,4.95,0,382,0.19,6.74,0,586,0.19,8.78,0,326,0.19,11.01,0,516,0.19,13.36,0,220,0.19,15.78,0,145,0.19,18.24,0,105,0.19,20.72,0,15,0.18,23.21,0,0,0.17,25.7,0,2,,28.2,0,200,0.21,30.69,0,108,,33.19,0,80,0.25,35.68,0,80,,38.18,0,100,0.28,40.67,0,120,,8.24,0.0,406.0,0.2,0.72,33.0,288.0,0.19,10.44,0.0,0.0,0.19,0.35,0.0,300.0,0.19,12.85,0.0,0.0,0.19,0.15,0.0,271.0,0.19,15.32,0.0,0.0,0.19,0.06,0.0,254.0,0.19,20.3,0.0,0.0,,17.81,0.0,0.0,0.2,0.01,0.0,0.0,0.2,0.02,0.0,336.0,0.19,22.8,0.0,0.0,0.26,0.01,0.0,2.0,0.23,25.29,0.0,0.0,,0.01,0.0,0.0,0.26,27.79,0.0,0.0,0.32,0.01,0.0,0.0,0.28
2023-04-18 16:00:00,114.9,5.8,0,343,0.18,3.98,0,1005,0.18,2.58,1,1647,0.18,1.6,10,1250,0.18,0.92,15,2065,0.18,0.51,0,688,0.18,0.28,0,439,0.18,0.13,0,337,0.18,0.06,0,528,0.18,0.02,0,433,0.18,0.01,0,326,0.18,0.01,0,285,0.2,0.01,0,70,0.22,0.01,0,20,0.24,0.01,0,0,0.25,0.01,0,0,0.27,0.01,0,0,0.29,0.01,0,0,0.3,0.01,0,0,0.32,1.27,36,1821,0.19,2.18,6,1135,0.19,3.44,0,1316,0.19,5.06,0,382,0.19,6.92,0,586,0.2,8.88,0,326,0.18,11.15,0,516,0.18,13.53,0,220,0.18,15.97,0,145,0.18,18.45,0,105,0.19,20.93,0,15,0.18,23.42,0,0,,25.92,0,2,0.21,28.41,0,200,,30.91,0,108,0.25,33.4,0,80,,35.9,0,80,0.28,38.39,0,100,,40.89,0,120,0.31,7.91,0.0,406.0,0.18,0.67,0.0,288.0,0.18,10.21,0.0,0.0,0.18,0.31,0.0,300.0,0.18,12.64,0.0,0.0,0.19,0.13,0.0,271.0,0.18,15.11,0.0,0.0,0.18,0.05,0.0,254.0,0.19,20.09,0.0,0.0,,17.6,0.0,0.0,0.18,0.01,0.0,0.0,0.2,0.02,0.0,336.0,0.19,22.59,0.0,0.0,0.24,0.01,0.0,2.0,0.23,25.08,0.0,0.0,,0.01,0.0,0.0,0.26,27.58,0.0,0.0,0.3,0.01,0.0,0.0,0.29
2023-04-19 16:00:00,114.4,5.53,0,343,0.2,3.73,15,1020,0.19,2.27,124,1707,0.18,1.37,83,1313,0.18,0.78,420,2147,0.18,0.43,0,688,0.18,0.21,0,439,0.18,0.1,0,337,0.18,0.04,165,648,0.18,0.02,0,433,0.18,0.01,0,326,0.19,0.01,0,285,0.21,0.01,0,70,0.23,0.01,0,20,0.24,0.01,0,0,0.26,0.01,0,0,0.28,0.01,0,0,0.29,0.01,0,0,0.31,0.01,0,0,0.32,1.35,102,1819,0.18,2.33,55,1175,0.19,3.66,15,1316,0.19,5.24,0,382,0.18,7.33,0,586,0.2,9.3,0,326,0.18,11.61,0,516,0.18,14.02,0,220,0.18,16.47,0,145,0.18,18.95,0,105,0.18,21.44,0,15,0.17,23.93,0,0,,26.43,0,2,0.21,28.92,0,200,,31.42,0,108,0.24,33.91,0,80,,36.41,0,80,0.27,38.9,0,100,,41.4,0,120,0.29,7.42,0.0,406.0,0.18,0.71,500.0,556.0,0.18,9.71,0.0,0.0,0.18,0.33,20.0,320.0,0.18,12.13,0.0,0.0,0.18,0.13,1.0,271.0,0.18,14.6,0.0,0.0,0.18,0.05,0.0,254.0,0.18,19.59,0.0,0.0,0.24,17.09,0.0,0.0,,0.01,0.0,0.0,0.2,0.02,0.0,336.0,0.19,22.08,0.0,0.0,,0.01,0.0,2.0,0.23,24.58,0.0,0.0,0.29,0.01,0.0,0.0,0.26,27.07,0.0,0.0,,0.01,0.0,0.0,0.29
2023-04-20 16:00:00,114.3,5.43,0,343,0.2,3.67,15,1035,0.19,2.26,391,1954,0.18,1.33,28,1333,0.18,0.77,15,2162,0.18,0.4,25,663,0.18,0.19,0,439,0.18,0.09,0,337,0.18,0.04,240,873,0.18,0.02,0,433,0.19,0.01,0,326,0.19,0.01,0,285,0.21,0.01,0,70,0.23,0.01,0,20,0.25,0.01,0,0,0.26,0.01,0,0,0.28,0.01,0,0,0.3,0.01,0,0,0.31,0.01,0,0,0.33,1.37,0,1819,0.18,2.35,28,1188,0.19,3.59,6,1322,0.18,5.16,0,382,0.17,7.13,0,586,0.17,9.39,0,326,0.18,11.71,0,516,0.18,14.12,0,220,0.18,16.58,0,145,0.18,19.06,0,105,0.18,21.55,0,15,,24.05,0,0,0.21,26.54,0,2,,29.04,0,200,0.25,31.53,0,108,,34.03,0,80,0.28,36.52,0,80,,39.02,0,100,0.3,41.51,0,120,,7.31,0.0,406.0,0.18,0.71,30.0,586.0,0.18,9.6,0.0,0.0,0.18,0.33,0.0,320.0,0.18,12.02,0.0,0.0,0.18,0.13,0.0,271.0,0.18,14.49,0.0,0.0,0.17,0.05,0.0,254.0,0.18,19.48,0.0,0.0,0.23,16.98,0.0,0.0,,0.01,0.0,0.0,0.2,0.02,0.0,336.0,0.19,21.97,0.0,0.0,,0.01,0.0,2.0,0.23,24.47,0.0,0.0,0.28,0.01,0.0,0.0,0.26,26.96,0.0,0.0,,0.01,0.0,0.0,0.29
2023-04-21 16:00:00,115.0,5.84,0,343,0.19,3.98,23,1058,0.18,2.59,475,2201,0.18,1.61,33,1300,0.19,0.93,0,2162,0.19,0.51,0,663,0.19,0.27,0,439,0.19,0.14,15,337,0.19,0.07,95,968,0.19,0.03,0,433,0.19,0.02,0,326,0.2,0.01,0,285,0.21,0.01,0,70,0.23,0.01,0,20,0.24,0.01,0,0,0.26,0.01,0,0,0.28,0.01,0,0,0.3,0.01,0,0,0.31,0.01,0,0,0.33,1.24,366,1786,0.19,2.14,382,1291,0.19,3.35,174,1463,0.19,4.79,0,382,0.18,6.73,0,586,0.19,8.8,1,327,0.19,11.09,0,516,0.19,13.46,0,220,0.19,15.91,0,145,0.19,18.38,0,105,0.19,20.87,0,15,0.2,23.36,0,0,0.2,25.85,0,2,,28.35,0,200,0.23,30.84,0,108,,33.34,0,80,0.26,35.83,0,80,,38.33,0,100,0.27,40.82,0,120,,7.96,0.0,406.0,0.19,0.65,0.0,586.0,0.19,10.28,0.0,0.0,0.19,0.3,0.0,320.0,0.19,12.71,0.0,0.0,0.19,0.13,0.0,271.0,0.19,15.18,0.0,0.0,0.17,0.05,0.0,254.0,0.19,20.17,0.0,0.0,,17.68,0.0,0.0,0.23,0.01,0.0,0.0,0.21,0.02,0.0,336.0,0.2,22.67,0.0,0.0,0.28,0.01,0.0,2.0,0.24,25.16,0.0,0.0,,0.01,0.0,0.0,0.27,27.66,0.0,0.0,0.34,0.01,0.0,0.0,0.3
2023-04-24 16:00:00,113.8,4.89,15,358,0.2,3.11,317,1259,0.18,1.9,479,2386,0.18,1.12,80,1300,0.19,0.6,0,2162,0.19,0.29,0,663,0.19,0.14,420,664,0.19,0.06,30,337,0.19,0.03,0,968,0.19,0.01,0,433,0.19,0.01,0,326,0.21,0.01,0,285,0.23,0.01,0,70,0.25,0.01,0,20,0.27,0.01,0,0,0.28,0.01,0,0,0.3,0.01,0,0,0.32,0.01,0,0,0.34,0.01,0,0,0.35,1.44,88,1775,0.19,2.49,148,1224,0.19,3.84,46,1463,0.19,5.54,13,395,0.18,7.59,2,588,0.18,9.83,0,327,0.18,12.2,0,516,0.18,14.64,0,220,0.18,17.12,0,145,0.19,19.6,0,105,,22.1,0,15,0.2,24.59,0,0,,27.09,0,2,,29.59,0,200,0.26,32.08,0,108,,34.58,0,80,0.28,37.07,0,80,,39.57,0,100,,42.07,0,120,0.34,6.86,0.0,406.0,0.2,0.74,0.0,586.0,0.19,9.05,0.0,0.0,0.18,0.34,30.0,350.0,0.19,11.48,0.0,0.0,0.19,0.13,0.0,271.0,0.18,13.96,0.0,0.0,0.2,0.05,10.0,264.0,0.19,18.94,0.0,0.0,,16.45,0.0,0.0,0.2,0.01,0.0,0.0,0.21,0.02,0.0,336.0,0.19,21.44,0.0,0.0,,0.01,0.0,2.0,0.24,23.94,0.0,0.0,0.31,0.01,0.0,0.0,0.27,26.43,0.0,0.0,,0.01,0.0,0.0,0.3
2023-04-25 16:00:00,113.3,4.44,189,432,0.19,2.76,145,1376,0.18,1.66,252,2503,0.18,0.94,275,1270,0.19,0.5,0,2162,0.19,0.26,0,663,0.19,0.12,200,864,0.19,0.05,15,337,0.19,0.02,0,968,0.19,0.01,0,433,0.2,0.01,0,326,0.22,0.01,0,285,0.24,0.01,0,70,0.26,0.01,0,20,0.27,0.01,0,0,0.29,0.01,0,0,0.31,0.01,0,0,0.33,0.01,0,0,0.35,0.01,0,0,0.36,1.64,117,1833,0.19,2.75,117,1224,0.19,4.11,119,1554,0.19,6.09,45,395,0.2,8.04,0,588,0.19,10.31,0,327,0.19,12.7,0,516,0.19,15.15,0,220,0.19,17.63,0,145,0.19,20.12,0,105,0.2,22.61,0,15,,25.11,0,0,0.22,27.61,0,2,0.26,30.1,0,200,,32.6,0,108,0.28,35.09,0,80,,37.59,0,80,,40.09,0,100,0.34,42.58,0,120,,6.5,0.0,406.0,0.21,0.88,220.0,750.0,0.19,8.57,0.0,0.0,0.19,0.41,0.0,350.0,0.19,10.97,0.0,0.0,0.19,0.17,0.0,271.0,0.19,13.45,0.0,0.0,0.2,0.06,0.0,264.0,0.19,18.43,0.0,0.0,,15.94,0.0,0.0,0.21,0.01,0.0,0.0,0.21,0.02,0.0,336.0,0.19,20.93,0.0,0.0,,0.01,0.0,2.0,0.24,23.43,0.0,0.0,0.31,0.01,0.0,0.0,0.27,25.92,0.0,0.0,,0.01,0.0,0.0,0.3
2023-04-26 16:00:00,113.4,4.56,45,477,0.2,2.94,32,1408,0.2,1.76,158,2508,0.19,0.98,0,1270,0.19,0.52,1,2162,0.19,0.26,0,663,0.19,0.11,0,864,0.19,0.05,90,292,0.19,0.02,0,968,0.19,0.01,0,433,0.2,0.01,0,326,0.22,0.01,0,285,0.24,0.01,0,70,0.26,0.01,0,20,0.28,0.01,0,0,0.3,0.01,0,0,0.32,0.01,0,0,0.33,0.01,0,0,0.35,0.01,0,0,0.37,1.52,100,1933,0.19,2.54,100,1224,0.18,3.95,0,1554,0.18,5.7,99,411,0.17,7.95,0,588,0.19,10.22,0,327,0.19,12.6,0,516,0.19,15.06,0,220,0.19,17.54,0,145,0.2,20.03,0,105,0.2,22.52,0,15,,25.02,0,0,0.22,27.52,0,2,0.26,30.01,0,200,,32.51,0,108,0.28,35.01,0,80,0.32,37.5,0,80,,40.0,0,100,0.33,42.49,0,120,,6.39,0.0,406.0,0.19,0.84,0.0,750.0,0.19,8.66,0.0,0.0,0.19,0.39,100.0,450.0,0.19,11.22,0.0,0.0,0.26,0.16,0.0,271.0,0.19,13.66,0.0,0.0,0.29,0.06,0.0,264.0,0.19,18.66,0.0,0.0,0.38,16.16,0.0,0.0,0.33,0.01,0.0,0.0,0.21,0.02,0.0,336.0,0.2,21.16,0.0,0.0,0.43,0.01,0.0,2.0,0.24,23.66,0.0,0.0,0.47,0.01,0.0,0.0,0.27,26.15,0.0,0.0,0.52,0.01,0.0,0.0,0.3
2023-04-27 16:00:00,115.3,5.87,45,522,0.19,3.8,25,1433,0.17,2.41,280,2422,0.18,1.38,498,1405,0.18,0.74,86,2246,0.18,0.37,50,673,0.18,0.18,40,904,0.18,0.08,75,247,0.18,0.03,0,968,0.18,0.01,0,433,0.18,0.01,0,326,0.2,0.01,0,285,0.22,0.01,0,70,0.24,0.01,0,20,0.26,0.01,0,0,0.28,0.01,0,0,0.3,0.01,0,0,0.32,0.01,0,0,0.34,0.01,0,0,0.35,0.91,0,1933,0.18,1.72,432,1491,0.19,2.88,232,1750,0.18,4.47,15,411,0.19,6.42,27,588,0.2,8.44,13,332,0.18,10.76,10,516,0.18,13.18,0,220,0.18,15.65,0,145,0.18,18.14,0,105,0.17,20.64,0,15,0.21,23.13,0,0,,25.63,0,2,0.21,28.13,0,200,0.27,30.62,0,108,,33.12,0,80,,35.62,0,80,0.32,38.11,0,100,,40.61,0,120,,7.96,0.0,406.0,0.15,0.42,3.0,753.0,0.18,10.45,0.0,0.0,0.18,0.17,11.0,459.0,0.18,12.93,0.0,0.0,0.18,0.06,0.0,271.0,0.18,15.43,0.0,0.0,0.22,0.02,0.0,264.0,0.19,20.42,0.0,0.0,0.27,17.92,0.0,0.0,,0.01,0.0,0.0,0.23,0.01,0.0,336.0,0.2,22.92,0.0,0.0,0.33,0.01,0.0,2.0,0.26,25.41,0.0,0.0,,0.01,0.0,0.0,0.29,27.91,0.0,0.0,0.35,0.01,0.0,0.0,0.33
2023-04-28 16:00:00,116.1,6.43,0,522,0.17,4.41,2,1431,0.18,2.74,377,2452,0.18,1.54,208,1382,0.17,0.8,245,2491,0.17,0.4,13,673,0.17,0.18,0,904,0.17,0.08,0,247,0.18,0.03,0,968,0.18,0.01,0,433,0.18,0.01,0,326,0.2,0.01,0,285,0.22,0.01,0,70,0.24,0.01,0,20,0.26,0.01,0,0,0.28,0.01,0,0,0.3,0.01,0,0,0.32,0.01,0,0,0.34,0.01,0,0,0.35,0.63,219,1933,0.18,1.3,715,1811,0.18,2.3,122,1855,0.17,3.74,23,416,0.17,5.51,0,588,0.17,7.67,0,332,0.17,9.98,0,516,0.18,12.4,0,220,0.18,14.86,0,145,0.16,17.35,0,105,,19.85,0,15,0.18,22.35,0,0,0.23,24.84,0,2,,27.34,0,200,,29.84,0,108,0.28,32.33,0,80,,34.83,0,80,,37.33,0,100,0.32,39.83,0,120,0.36,8.77,0.0,406.0,0.17,0.27,500.0,521.0,0.18,11.23,0.0,0.0,0.18,0.1,0.0,459.0,0.18,13.72,0.0,0.0,0.19,0.03,0.0,271.0,0.18,16.22,0.0,0.0,0.24,0.01,0.0,264.0,0.18,21.21,0.0,0.0,0.27,18.71,0.0,0.0,,0.01,0.0,0.0,0.24,0.01,0.0,336.0,0.21,23.71,0.0,0.0,0.34,0.01,0.0,2.0,0.28,26.2,0.0,0.0,,0.01,0.0,0.0,0.31,28.7,0.0,0.0,,0.01,0.0,0.0,0.34
2023-05-02 16:00:00,115.7,5.99,0,522,0.18,4.07,0,1431,0.19,2.44,916,3089,0.19,1.38,1094,1292,0.19,0.68,202,2693,0.18,0.33,34,696,0.18,0.15,0,904,0.19,0.06,1,248,0.19,0.02,0,968,0.19,0.01,0,433,0.19,0.01,0,326,0.22,0.01,0,285,0.24,0.01,0,70,0.26,0.01,0,20,0.28,0.01,0,0,0.3,0.01,0,0,0.32,0.01,0,0,0.34,0.01,0,0,0.36,0.01,0,0,0.38,0.69,3,1933,0.19,1.42,161,1790,0.19,2.46,911,2487,0.18,3.88,24,417,0.17,5.96,0,588,0.19,8.04,0,332,0.18,10.38,0,516,0.18,12.82,0,220,0.18,15.31,0,145,0.2,17.8,102,69,0.19,20.3,0,15,0.23,22.79,0,0,,25.29,0,2,,27.79,0,200,,30.29,0,108,0.3,32.79,0,80,0.33,35.28,0,80,,37.78,0,100,,40.28,0,120,,8.32,0.0,406.0,0.18,0.29,0.0,521.0,0.19,10.79,0.0,0.0,0.19,0.11,0.0,459.0,0.19,13.28,0.0,0.0,,0.03,0.0,271.0,0.18,15.78,0.0,0.0,,0.01,20.0,244.0,0.19,20.78,0.0,0.0,0.33,18.28,0.0,0.0,0.28,0.01,0.0,0.0,0.26,0.01,0.0,336.0,0.22,23.27,0.0,0.0,,0.01,0.0,2.0,0.29,25.77,0.0,0.0,,0.01,0.0,0.0,0.32,28.27,0.0,0.0,,0.01,0.0,0.0,0.36
2023-05-03 16:00:00,113.2,4.01,31,518,0.19,2.39,47,1431,0.18,1.33,310,3182,0.19,0.68,300,1592,0.19,0.32,2,2695,0.19,0.14,0,696,0.19,0.06,0,904,0.2,0.02,0,248,0.19,0.01,0,968,0.2,0.01,0,433,0.23,0.01,0,326,0.25,0.01,0,285,0.27,0.01,0,70,0.29,0.01,0,20,0.32,0.01,0,0,0.34,0.01,0,0,0.36,0.01,0,0,0.38,0.01,0,0,0.4,0.01,0,0,0.41,1.42,283,1809,0.19,2.56,266,1751,0.2,4.09,1,2487,0.2,5.99,0,417,0.2,8.03,0,588,0.19,10.37,0,332,0.19,12.8,0,516,0.19,15.27,0,220,0.18,17.76,0,145,,20.26,0,69,0.2,22.76,0,15,0.24,25.25,0,0,,27.75,0,2,,30.25,0,200,0.29,32.75,0,108,0.33,35.24,0,80,,37.74,0,80,,40.24,0,100,0.37,42.74,0,120,0.41,6.05,0.0,406.0,0.19,0.69,33.0,488.0,0.19,8.37,0.0,0.0,0.19,0.29,2.0,458.0,0.19,10.81,0.0,0.0,0.18,0.1,0.0,271.0,0.19,13.3,0.0,0.0,,0.03,0.0,244.0,0.19,18.3,0.0,0.0,0.28,15.8,0.0,0.0,,0.01,0.0,0.0,0.23,0.01,0.0,336.0,0.2,20.8,0.0,0.0,0.33,0.01,0.0,2.0,0.27,23.29,0.0,0.0,,0.01,0.0,0.0,0.3,25.79,0.0,0.0,0.32,0.01,0.0,0.0,0.34
2023-05-04 16:00:00,114.0,4.78,0,518,0.21,3.01,215,1316,0.2,1.7,302,2910,0.2,0.9,419,1596,0.2,0.44,100,2795,0.2,0.2,21,696,0.2,0.08,41,945,0.2,0.03,1,248,0.2,0.01,0,968,0.2,0.01,0,433,0.22,0.01,0,326,0.24,0.01,0,285,0.27,0.01,0,70,0.29,0.01,0,20,0.31,0.01,0,0,0.33,0.01,0,0,0.35,0.01,0,0,0.38,0.01,0,0,0.4,0.01,0,0,0.41,1.17,312,2055,0.2,2.11,281,1882,0.2,3.47,156,2632,0.19,5.1,0,417,0.18,7.33,0,588,0.19,9.6,8,332,0.19,12.02,0,516,0.19,14.49,0,220,0.2,16.98,0,145,0.21,19.47,0,69,,21.97,0,15,0.23,24.47,0,0,0.27,26.96,0,2,,29.46,0,200,,31.96,0,108,0.31,34.46,0,80,0.35,36.95,0,80,,39.45,0,100,,41.95,0,120,0.38,6.76,0.0,406.0,0.2,0.55,47.0,495.0,0.2,9.13,0.0,0.0,0.19,0.22,0.0,458.0,0.2,11.6,0.0,0.0,0.19,0.08,0.0,271.0,0.2,14.09,0.0,0.0,,0.02,20.0,264.0,0.2,19.09,0.0,0.0,0.26,16.59,0.0,0.0,,0.01,0.0,0.0,0.25,0.01,0.0,336.0,0.21,21.59,0.0,0.0,0.34,0.01,0.0,2.0,0.28,24.09,0.0,0.0,0.39,0.01,0.0,0.0,0.32,26.58,0.0,0.0,,0.01,0.0,0.0,0.35
2023-05-05 16:00:00,114.3,4.74,0,518,0.18,2.91,20,1316,0.18,1.64,233,2813,0.19,0.86,179,1599,0.19,0.42,51,2846,0.19,0.18,0,696,0.19,0.07,30,975,0.19,0.03,0,248,0.2,0.01,0,968,0.2,0.01,0,433,0.22,0.01,0,326,0.25,0.01,0,285,0.27,0.01,0,70,0.29,0.01,0,20,0.32,0.01,0,0,0.34,0.01,0,0,0.36,0.01,0,0,0.38,0.01,0,0,0.4,0.01,0,0,0.42,0.99,21,2073,0.19,1.93,306,2188,0.19,3.3,1,2633,0.2,5.07,0,417,0.2,7.02,8,588,0.19,9.48,29,324,0.23,11.73,0,516,0.19,14.2,0,220,0.2,16.69,0,145,0.21,19.18,0,69,,21.68,0,15,0.22,24.18,0,0,0.27,26.67,0,2,,29.17,0,200,,31.67,0,108,,34.17,0,80,0.34,36.67,0,80,0.38,39.16,0,100,,41.66,0,120,,6.99,0.0,406.0,0.19,0.43,20.0,515.0,0.19,9.41,0.0,0.0,0.19,0.16,30.0,488.0,0.19,11.89,0.0,0.0,0.19,0.05,450.0,721.0,0.19,14.39,0.0,0.0,0.24,0.02,0.0,264.0,0.2,19.38,0.0,0.0,,16.88,0.0,0.0,,0.01,0.0,0.0,0.26,0.01,0.0,336.0,0.22,21.88,0.0,0.0,,0.01,0.0,2.0,0.29,24.38,0.0,0.0,0.39,0.01,0.0,0.0,0.33,26.88,0.0,0.0,0.45,0.01,0.0,0.0,0.36
2023-05-08 16:00:00,115.1,5.35,0,518,0.19,3.26,0,1316,0.18,1.84,384,2798,0.19,0.95,115,1599,0.19,0.44,0,2846,0.19,0.2,400,1078,0.19,0.08,0,975,0.2,0.03,0,248,0.2,0.01,0,968,0.2,0.01,0,433,0.23,0.01,0,326,0.25,0.01,0,285,0.28,0.01,0,70,0.3,0.01,0,20,0.33,0.01,0,0,0.35,0.01,0,0,0.37,0.01,0,0,0.4,0.01,0,0,0.42,0.01,0,0,0.44,0.71,7,2073,0.2,1.49,484,2342,0.2,2.72,150,2651,0.2,4.41,0,417,0.21,6.29,5,588,0.19,8.55,0,324,0.19,10.96,0,516,0.19,13.43,0,220,0.19,15.92,0,145,,18.42,0,69,0.22,20.92,0,15,0.26,23.42,0,0,0.29,25.91,0,2,,28.41,0,200,,30.91,0,108,,33.41,0,80,0.34,35.91,0,80,0.39,38.41,0,100,0.42,40.9,0,120,,7.69,0.0,406.0,0.19,0.28,140.0,520.0,0.19,10.16,0.0,0.0,,0.09,11.0,477.0,0.19,12.66,0.0,0.0,,0.03,0.0,721.0,0.2,15.16,0.0,0.0,0.27,0.01,0.0,264.0,0.21,20.16,0.0,0.0,0.38,17.66,0.0,0.0,0.32,0.01,0.0,0.0,0.28,0.01,0.0,336.0,0.25,22.65,0.0,0.0,,0.01,0.0,2.0,0.32,25.15,0.0,0.0,,0.01,0.0,0.0,0.36,27.65,0.0,0.0,,0.01,0.0,0.0,0.4
2023-05-09 16:00:00,114.5,4.58,15,518,0.13,2.67,130,1401,0.17,1.37,1727,3058,0.17,0.66,202,1801,0.18,0.27,0,2846,0.18,0.09,2,1078,0.18,0.03,40,1015,0.18,0.01,0,248,0.19,0.01,0,968,0.21,0.01,0,433,0.24,0.01,0,326,0.27,0.01,0,285,0.29,0.01,0,70,0.32,0.01,0,20,0.34,0.01,0,0,0.37,0.01,0,0,0.39,0.01,0,0,0.41,0.01,0,0,0.44,0.01,0,0,0.46,0.68,0,2073,0.18,1.52,339,2183,0.18,2.88,664,2770,0.19,4.71,30,415,0.19,6.72,0,588,0.18,9.08,0,324,0.18,11.54,0,516,0.17,14.03,0,220,,16.53,0,145,,19.03,0,69,0.22,21.53,0,15,0.27,24.03,0,0,0.3,26.53,0,2,0.33,29.02,0,200,,31.52,0,108,,34.02,0,80,,36.52,0,80,,39.02,0,100,0.41,41.52,0,120,0.46,7.07,6.0,400.0,0.18,0.25,34.0,501.0,0.18,9.55,0.0,0.0,,0.07,40.0,477.0,0.18,12.05,0.0,0.0,,0.02,0.0,721.0,0.19,14.55,0.0,0.0,,0.01,0.0,264.0,0.21,19.55,0.0,0.0,0.37,17.05,0.0,0.0,0.3,0.01,0.0,0.0,0.28,0.01,100.0,236.0,0.24,22.05,0.0,0.0,0.42,0.01,0.0,2.0,0.32,24.55,0.0,0.0,0.48,0.01,0.0,0.0,0.36,27.04,0.0,0.0,,0.01,0.0,0.0,0.4
2023-05-10 16:00:00,114.3,4.36,0,518,0.12,2.49,92,1309,0.17,1.25,17,3058,0.18,0.57,26,1797,0.18,0.23,0,2846,0.18,0.08,425,692,0.18,0.03,0,1015,0.19,0.01,0,248,0.19,0.01,0,968,0.22,0.01,0,433,0.25,0.01,0,326,0.28,0.01,0,285,0.3,0.01,0,70,0.33,0.01,0,20,0.35,0.01,0,0,0.38,0.01,0,0,0.4,0.01,0,0,0.43,0.01,0,0,0.45,0.01,0,0,0.47,0.71,533,1608,0.18,1.58,93,2112,0.18,2.96,15,2785,0.19,4.86,0,415,0.2,6.89,0,588,0.18,9.28,0,324,0.18,11.75,0,516,0.18,14.24,0,220,,16.74,0,145,,19.24,0,69,0.22,21.74,0,15,0.27,24.24,0,0,0.31,26.74,0,2,0.34,29.24,0,200,0.38,31.73,0,108,,34.23,0,80,,36.73,0,80,,39.23,0,100,,41.73,0,120,0.42,6.86,0.0,400.0,0.18,0.25,19.0,482.0,0.18,9.35,0.0,0.0,0.21,0.07,0.0,477.0,0.18,11.84,0.0,0.0,,0.02,0.0,721.0,0.19,14.34,0.0,0.0,,0.01,0.0,264.0,0.21,19.34,0.0,0.0,,16.84,0.0,0.0,,0.01,0.0,0.0,0.29,0.01,10.0,226.0,0.25,21.84,0.0,0.0,,0.01,0.0,2.0,0.33,24.34,0.0,0.0,0.47,0.01,0.0,0.0,0.37,26.84,0.0,0.0,0.53,0.01,0.0,0.0,0.41
2023-05-11 16:00:00,113.9,4.06,264,518,0.17,2.1,40,1269,0.16,0.97,67,3022,0.17,0.41,400,1849,0.17,0.14,500,2846,0.17,0.04,10,702,0.17,0.01,0,1015,0.17,0.01,0,248,0.2,0.01,0,968,0.23,0.01,0,433,0.26,0.01,0,326,0.29,0.01,0,285,0.32,0.01,0,70,0.34,0.01,0,20,0.37,0.01,0,0,0.39,0.01,0,0,0.42,0.01,0,0,0.44,0.01,0,0,0.47,0.01,0,0,0.49,0.7,20,1618,0.17,1.62,332,1930,0.17,3.06,18,2770,0.17,4.96,0,415,0.17,7.23,10,588,0.17,9.67,0,324,0.18,12.16,0,516,0.2,14.65,0,220,,17.15,0,145,,19.65,0,69,,22.15,0,15,,24.65,0,0,0.28,27.15,0,2,0.34,29.65,0,200,0.38,32.15,0,108,0.41,34.65,0,80,0.44,37.15,0,80,0.47,39.64,0,100,,42.14,0,120,,6.44,0.0,400.0,0.16,0.23,0.0,482.0,0.17,8.94,0.0,0.0,0.22,0.06,0.0,477.0,0.17,11.44,0.0,0.0,0.27,0.02,0.0,721.0,0.19,13.93,0.0,0.0,,0.01,0.0,264.0,0.21,18.93,0.0,0.0,,16.43,0.0,0.0,,0.01,0.0,0.0,0.29,0.01,0.0,226.0,0.25,21.43,0.0,0.0,,0.01,0.0,2.0,0.33,23.93,0.0,0.0,,0.01,0.0,0.0,0.37,26.43,0.0,0.0,,0.01,0.0,0.0,0.41
2023-05-15 16:00:00,113.7,4.28,0,0,0.18,2.37,287,1161,0.17,1.02,340,3222,0.16,0.38,280,1574,0.16,0.11,35,2831,0.16,0.03,0,702,0.17,0.01,0,1015,0.18,0.01,0,248,0.22,0.01,0,968,0.25,0.01,0,433,0.28,0.01,0,326,0.31,0.01,0,285,0.34,0.01,0,70,0.37,0.01,0,20,0.4,0.01,0,0,0.43,0.01,0,0,0.46,0.01,0,0,0.48,0.01,0,0,0.51,0.01,0,0,0.53,0.32,46,1580,0.16,0.99,210,1673,0.17,2.23,57,2827,0.16,4.06,0,415,0.16,6.33,0,588,0.16,8.8,0,15,,11.3,0,92,,13.8,0,130,,16.3,0,53,,18.8,0,45,,21.3,0,0,,23.8,0,0,,26.3,0,2,,28.8,0,200,,31.3,0,108,,33.8,0,80,,36.3,0,80,,38.8,0,100,,41.3,0,120,,6.41,0.0,0.0,0.16,0.08,10.0,492.0,0.17,8.85,0.0,0.0,0.17,0.02,0.0,477.0,0.18,11.33,0.0,0.0,,0.01,0.0,721.0,0.21,13.83,0.0,0.0,0.18,0.01,0.0,264.0,0.25,18.82,0.0,0.0,,16.33,0.0,0.0,0.26,0.01,0.0,0.0,0.34,0.01,0.0,226.0,0.29,21.32,0.0,0.0,,0.01,0.0,2.0,0.38,23.82,0.0,0.0,0.38,0.01,0.0,0.0,0.43,26.31,0.0,0.0,,0.01,0.0,0.0,0.48
2023-05-16 16:00:00,112.3,3.1,50,50,0.18,1.48,226,1387,0.17,0.56,100,3317,0.16,0.17,412,1274,0.17,0.04,0,2831,0.17,0.01,0,702,0.17,0.01,0,1015,0.21,0.01,0,248,0.25,0.01,0,968,0.28,0.01,0,433,0.31,0.01,0,326,0.35,0.01,0,285,0.38,0.01,0,70,0.41,0.01,0,20,0.44,0.01,0,0,0.46,0.01,0,0,0.49,0.01,0,0,0.52,0.01,0,0,0.55,0.01,0,0,0.57,0.59,118,1681,0.17,1.53,0,1673,0.16,3.12,101,2826,0.16,5.28,0,415,0.17,7.9,200,209,0.26,10.2,0,15,,12.7,0,92,,15.2,0,130,,17.7,2,53,,20.2,0,45,,22.7,0,0,,25.2,0,0,,27.7,0,2,,30.2,0,200,,32.7,0,108,,35.2,0,80,,37.7,0,80,,40.2,0,100,,42.7,0,120,,5.09,0.0,0.0,0.17,0.16,136.0,626.0,0.17,7.45,0.0,0.0,0.16,0.03,0.0,477.0,0.17,9.93,0.0,0.0,0.18,0.01,0.0,721.0,0.19,12.42,0.0,0.0,,0.01,0.0,264.0,0.24,17.42,0.0,0.0,0.3,14.92,0.0,0.0,0.24,0.01,0.0,0.0,0.33,0.01,0.0,226.0,0.28,19.91,0.0,0.0,,0.01,0.0,2.0,0.38,22.41,0.0,0.0,0.34,0.01,0.0,0.0,0.42,24.91,0.0,0.0,0.43,0.01,0.0,0.0,0.47
2023-05-17 16:00:00,111.1,2.17,260,245,0.17,0.92,250,1472,0.17,0.32,500,3129,0.17,0.08,405,924,0.17,0.02,0,2831,0.18,0.01,0,702,0.2,0.01,0,1015,0.24,0.01,0,248,0.28,0.01,0,968,0.31,0.01,0,433,0.35,0.01,0,326,0.38,0.01,0,285,0.41,0.01,0,70,0.44,0.01,0,20,0.47,0.01,0,0,0.5,0.01,0,0,0.53,0.01,0,0,0.56,0.01,0,0,0.59,0.01,0,0,0.61,0.93,211,1848,0.17,2.15,1165,1302,0.16,4.12,0,2826,0.17,6.42,1,415,0.17,8.9,0,0,,11.4,0,15,,13.9,0,92,,16.4,0,130,,18.9,0,53,,21.4,0,45,,23.9,0,0,,26.4,0,0,,28.9,0,2,,31.4,0,200,,33.9,0,108,,36.4,0,80,,38.9,0,80,,41.4,0,100,,43.9,0,120,,4.01,0.0,0.0,0.17,0.3,54.0,572.0,0.17,6.28,0.0,0.0,0.17,0.07,0.0,477.0,0.18,8.72,0.0,0.0,0.16,0.01,0.0,721.0,0.18,11.21,0.0,0.0,,0.01,0.0,264.0,0.22,16.21,0.0,0.0,0.28,13.71,0.0,0.0,0.2,0.01,0.0,0.0,0.32,0.01,0.0,226.0,0.27,18.7,0.0,0.0,,0.01,0.0,2.0,0.37,21.2,0.0,0.0,,0.01,0.0,0.0,0.42,23.7,0.0,0.0,0.4,0.01,0.0,0.0,0.47
2023-05-18 16:00:00,112.0,2.61,15,245,0.16,1.15,716,1773,0.16,0.35,135,3164,0.16,0.08,20,924,0.16,0.02,10,2821,0.17,0.01,15,687,0.19,0.01,0,1015,0.23,0.01,0,248,0.27,0.01,0,968,0.31,0.01,0,433,0.34,0.01,0,326,0.38,0.01,0,285,0.41,0.01,0,70,0.44,0.01,0,20,0.48,0.01,0,0,0.51,0.01,0,0,0.54,0.01,0,0,0.57,0.01,0,0,0.6,0.01,0,0,0.62,0.51,40,1808,0.16,1.55,590,1252,0.16,3.35,0,2826,0.17,5.59,267,682,0.19,8.0,0,0,,10.5,0,15,,13.0,0,92,,15.5,0,130,,18.0,0,53,,20.5,0,45,,23.0,0,0,,25.5,0,0,,28.0,0,2,,30.5,0,200,,33.0,0,108,,35.5,0,80,,38.0,0,80,,40.5,0,100,,43.0,0,120,,4.72,64.0,64.0,0.16,0.11,0.0,572.0,0.16,7.12,0.0,0.0,0.15,0.02,0.0,477.0,0.17,9.61,0.0,0.0,0.18,0.01,0.0,721.0,0.2,12.1,0.0,0.0,,0.01,0.0,264.0,0.25,17.1,0.0,0.0,0.29,14.6,0.0,0.0,,0.01,0.0,0.0,0.35,0.01,0.0,226.0,0.3,19.6,0.0,0.0,0.36,0.01,0.0,2.0,0.4,22.09,0.0,0.0,,0.01,0.0,0.0,0.45,24.59,0.0,0.0,,0.01,0.0,0.0,0.51
2023-05-19 16:00:00,112.0,2.59,30,275,0.16,1.05,329,1997,0.15,0.33,100,3064,0.16,0.07,0,924,0.16,0.01,0,2821,0.16,0.01,0,687,0.2,0.01,0,1015,0.24,0.01,0,248,0.28,0.01,0,968,0.32,0.01,0,433,0.36,0.01,0,326,0.4,0.01,0,285,0.43,0.01,0,70,0.46,0.01,0,20,0.5,0.01,0,0,0.53,0.01,0,0,0.56,0.01,0,0,0.59,0.01,0,0,0.62,0.01,0,0,0.65,0.49,0,1808,0.16,1.53,539,1586,0.16,3.34,0,2826,0.18,5.51,0,682,0.15,8.0,0,0,,10.5,0,15,,13.0,0,92,,15.5,0,130,,18.0,0,53,,20.5,0,45,,23.0,0,0,,25.5,0,0,,28.0,0,2,,30.5,0,200,,33.0,0,108,,35.5,0,80,,38.0,0,80,,40.5,0,100,,43.0,0,120,,4.7,80.0,144.0,0.16,0.1,0.0,572.0,0.16,7.11,0.0,0.0,0.16,0.02,0.0,477.0,0.17,9.6,0.0,0.0,0.18,0.01,0.0,721.0,0.21,12.1,0.0,0.0,0.24,0.01,0.0,264.0,0.26,17.09,0.0,0.0,,14.59,0.0,0.0,,0.01,0.0,0.0,0.37,0.01,0.0,226.0,0.31,19.59,0.0,0.0,0.36,0.01,0.0,2.0,0.42,22.09,0.0,0.0,0.43,0.01,0.0,0.0,0.47,24.58,0.0,0.0,,0.01,0.0,0.0,0.53
2023-05-22 16:00:00,112.4,2.69,30,290,0.15,1.08,275,1927,0.16,0.29,1380,3422,0.16,0.05,0,924,0.17,0.01,0,2821,0.18,0.01,0,687,0.23,0.01,0,1015,0.28,0.01,0,248,0.33,0.01,0,968,0.37,0.01,0,433,0.42,0.01,0,326,0.46,0.01,0,285,0.5,0.01,0,70,0.54,0.01,0,20,0.58,0.01,0,0,0.62,0.01,0,0,0.65,0.01,0,0,0.69,0.01,0,0,0.72,0.01,0,0,0.76,0.29,200,1912,0.16,1.17,205,1671,0.17,2.83,50,2826,0.16,5.11,0,682,0.16,7.6,0,0,,10.1,0,15,,12.6,0,92,,15.1,0,130,,17.6,0,53,,20.1,0,45,,22.6,0,0,,25.1,0,0,,27.6,0,2,,30.1,0,200,,32.6,0,108,,35.1,0,80,,37.6,0,80,,40.1,0,100,,42.6,0,120,,4.95,0.0,144.0,,0.04,4.0,568.0,0.17,7.48,0.0,0.0,0.19,0.01,0.0,477.0,0.19,9.97,0.0,0.0,,0.01,0.0,721.0,0.25,12.47,0.0,0.0,0.24,0.01,0.0,264.0,0.31,17.47,0.0,0.0,0.4,14.97,0.0,0.0,0.32,0.01,0.0,0.0,0.44,0.01,0.0,226.0,0.37,19.96,0.0,0.0,,0.01,0.0,2.0,0.5,22.46,0.0,0.0,,0.01,0.0,0.0,0.56,24.96,0.0,0.0,,0.01,0.0,0.0,0.63
2023-05-23 16:00:00,112.4,2.75,0,290,0.18,0.97,486,2012,0.15,0.22,706,3382,0.16,0.03,0,924,0.16,0.01,0,2821,0.19,0.01,0,687,0.25,0.01,0,1015,0.3,0.01,0,248,0.35,0.01,0,968,0.4,0.01,0,433,0.44,0.01,0,326,0.49,0.01,0,285,0.53,0.01,0,70,0.58,0.01,0,20,0.62,0.01,0,0,0.66,0.01,0,0,0.7,0.01,0,0,0.74,0.01,0,0,0.77,0.01,0,0,0.81,0.21,0,1912,0.16,1.03,758,2135,0.16,2.76,66,2760,0.16,5.1,5,682,,7.6,0,0,,10.1,0,15,,12.6,0,92,,15.1,0,130,,17.6,0,53,,20.1,0,45,,22.6,0,0,,25.1,0,0,,27.6,0,2,,30.1,0,200,,32.6,0,108,,35.1,0,80,,37.6,0,80,,40.1,0,100,,42.6,0,120,,4.98,290.0,434.0,0.15,0.02,0.0,568.0,0.16,7.46,0.0,0.0,,0.01,0.0,477.0,0.21,9.96,0.0,0.0,,0.01,0.0,721.0,0.27,12.46,0.0,0.0,,0.01,0.0,264.0,0.34,17.46,0.0,0.0,0.4,14.96,0.0,0.0,0.32,0.01,0.0,0.0,0.47,0.01,0.0,226.0,0.4,19.96,0.0,0.0,0.48,0.01,0.0,2.0,0.54,22.45,0.0,0.0,,0.01,0.0,0.0,0.6,24.95,0.0,0.0,,0.01,0.0,0.0,0.67
2023-05-24 16:00:00,110.9,1.48,24,290,0.16,0.38,0,2012,0.16,0.06,3,3379,0.17,0.01,0,924,0.19,0.01,0,2821,0.25,0.01,0,687,0.31,0.01,0,1015,0.36,0.01,0,248,0.42,0.01,0,968,0.47,0.01,0,433,0.52,0.01,0,326,0.57,0.01,0,285,0.61,0.01,0,70,0.66,0.01,0,20,0.7,0.01,0,0,0.75,0.01,0,0,0.79,0.01,0,0,0.83,0.01,0,0,0.87,0.01,0,0,0.91,0.58,35,1879,0.17,2.01,4,2135,0.18,4.12,8,2757,0.16,6.6,12,681,,9.1,0,0,,11.6,0,15,,14.1,0,92,,16.6,0,130,,19.1,0,53,,21.6,0,45,,24.1,0,0,,26.6,0,0,,29.1,0,2,,31.6,0,200,,34.1,0,108,,36.6,0,80,,39.1,0,80,,41.6,0,100,,44.1,0,120,,3.54,0.0,434.0,0.17,0.08,0.0,568.0,0.17,5.9,0.0,0.0,,0.01,0.0,477.0,0.18,8.45,0.0,0.0,,0.01,0.0,721.0,0.25,10.95,0.0,0.0,,0.01,0.0,264.0,0.33,15.95,0.0,0.0,0.36,13.45,0.0,0.0,,0.01,0.0,0.0,0.47,0.01,0.0,226.0,0.4,18.45,0.0,0.0,0.46,0.01,0.0,2.0,0.54,20.95,0.0,0.0,0.55,0.01,0.0,0.0,0.62,23.45,0.0,0.0,0.64,0.01,0.0,0.0,0.69
2023-05-25 16:00:00,109.1,0.58,115,405,0.18,0.09,410,1852,0.18,0.01,70,3309,0.19,0.01,0,924,0.26,0.01,0,2821,0.32,0.01,0,687,0.39,0.01,0,1015,0.45,0.01,0,248,0.5,0.01,0,968,0.56,0.01,0,433,0.61,0.01,0,326,0.67,0.01,0,285,0.72,0.01,0,70,0.77,0.01,0,20,0.82,0.01,0,0,0.86,0.01,0,0,0.91,0.01,0,0,0.96,0.01,0,0,1.0,0.01,0,0,1.04,1.41,55,1852,0.17,3.46,344,1795,0.18,6.0,20,2745,0.3,8.4,100,368,,10.9,0,0,,13.4,0,15,,15.9,0,92,,18.4,0,130,,20.9,0,53,,23.4,0,45,,25.9,0,0,,28.4,0,0,,30.9,0,2,,33.4,0,200,,35.9,0,108,,38.4,0,80,,40.9,0,80,,43.4,0,100,,45.9,0,120,,2.06,314.0,381.0,0.2,0.34,412.0,670.0,0.18,4.18,0.0,0.0,0.18,0.04,0.0,477.0,0.19,6.65,0.0,0.0,0.21,0.01,0.0,721.0,0.23,9.14,0.0,0.0,,0.01,0.0,264.0,0.31,14.14,0.0,0.0,,11.64,0.0,0.0,,0.01,0.0,0.0,0.46,0.01,0.0,226.0,0.39,16.64,0.0,0.0,,0.01,0.0,2.0,0.55,19.14,0.0,0.0,0.51,0.01,0.0,0.0,0.63,21.64,0.0,0.0,0.61,0.01,0.0,0.0,0.71
2023-05-29 16:00:00,108.3,0.12,268,508,0.28,0.01,0,1852,0.33,0.01,135,3309,0.49,0.01,0,924,0.64,0.01,0,2821,0.78,0.01,0,687,0.92,0.01,0,1015,1.06,0.01,0,248,1.18,0.01,0,968,1.31,0.01,0,433,1.43,0.01,0,326,1.55,0.01,0,285,1.66,0.01,0,70,1.77,0.01,0,20,1.88,0.01,0,0,1.99,0.01,0,0,2.09,0.01,0,0,2.19,0.01,0,0,2.29,0.01,0,0,2.39,1.76,212,1789,0.23,4.33,200,1595,0.54,6.7,10,2739,,9.2,0,368,,11.7,0,0,,14.25,0,15,1.16,16.76,0,92,1.36,19.26,0,130,1.51,21.76,0,53,1.66,24.26,0,45,1.8,26.76,0,0,1.95,29.26,0,0,2.09,31.76,0,2,2.22,34.26,0,200,2.35,36.76,0,108,2.47,39.26,0,80,2.59,41.76,0,80,2.71,44.25,0,100,2.77,46.75,0,120,2.89,1.07,45.0,381.0,0.25,0.29,135.0,535.0,0.27,3.42,0.0,0.0,0.45,0.01,0.0,477.0,0.28,5.92,0.0,0.0,0.69,0.01,0.0,721.0,0.46,8.37,0.0,0.0,0.83,0.01,0.0,264.0,0.64,13.31,0.0,0.0,0.83,10.91,0.0,0.0,1.15,0.01,0.0,0.0,0.99,0.01,0.0,226.0,0.82,15.81,0.0,0.0,1.0,0.01,0.0,2.0,1.17,18.31,0.0,0.0,1.17,0.01,0.0,0.0,1.36,20.81,0.0,0.0,1.34,0.01,0.0,0.0,1.55
2023-05-30 16:00:00,107.6,0.00,0,508,,0.00,0,1852,,0.00,0,3309,,0.00,0,924,,0.00,0,2821,,0.00,0,687,,0.00,0,1015,,0.00,0,248,,0.00,0,968,,0.00,0,433,,0.00,0,326,,0.00,0,285,,0.00,0,70,,0.00,0,20,,0.00,0,0,,0.00,0,0,,0.00,0,0,,0.00,0,0,,0.00,0,0,,2.40,421,0,,4.90,36,0,,7.40,27,0,,9.90,0,0,,12.40,0,0,,14.90,0,0,,17.40,1,0,,19.90,0,0,,22.40,0,0,,24.90,0,0,,27.40,0,0,,29.90,0,0,,32.40,0,0,,34.90,0,0,,37.40,0,0,,39.90,0,0,,42.40,0,0,,44.90,0,0,,47.40,0,0,,0.10,123,0,,0.00,319,466,,2.60,4,0,,0.00,0,477,,5.10,0,0,,0.00,0,721,,7.60,0,0,,0.00,0,264,,12.60,0,0,,10.10,0,0,,0.00,0,0,,0.00,0,226,,15.10,0,0,,0.00,0,2,,17.60,0,0,,0.00,0,0,,20.10,0,0,,0.00,0,0,
