time,close,C,C,C,C,C,C,C,C,C,C,C,C,C,C,C,C,C,C,C,C,C,C,C,C,C,C,C,C,C,C,C,C,C,C,C,C,C,C,C,C,C,C,C,C,C,C,C,C,C,C,C,C,C,C,C,C,C,C,C,C,C,C,C,C,C,C,C,C,C,C,C,C,C,C,C,C,P,P,P,P,P,P,P,P,P,P,P,P,P,P,P,P,P,P,P,P,P,P,P,P,P,P,P,P,P,P,P,P,P,P,P,P,P,P,P,P,P,P,P,P,P,P,P,P,P,P,P,P,P,P,P,P,P,P,P,P,P,P,P,P,P,P,P,P,P,P,P,P,P,P,P,P,C,C,C,C,P,P,P,P,C,C,C,C,P,P,P,P,C,C,C,C,P,P,P,P,C,C,C,C,P,P,P,P,C,C,C,C,P,P,P,P,C,C,C,C,P,P,P,P,C,C,C,C,P,P,P,P,C,C,C,C,P,P,P,P,C,C,C,C,P,P,P,P,C,C,C,C,P,P,P,P,C,C,C,C,P,P,P,P,C,C,C,C,P,P,P,P,C,C,C,C,P,P,P,P
time,close,14.50,14.50,14.50,14.50,15.00,15.00,15.00,15.00,15.50,15.50,15.50,15.50,16.00,16.00,16.00,16.00,16.50,16.50,16.50,16.50,17.00,17.00,17.00,17.00,17.50,17.50,17.50,17.50,18.00,18.00,18.00,18.00,18.50,18.50,18.50,18.50,19.00,19.00,19.00,19.00,19.50,19.50,19.50,19.50,20.00,20.00,20.00,20.00,21.00,21.00,21.00,21.00,22.00,22.00,22.00,22.00,23.00,23.00,23.00,23.00,24.00,24.00,24.00,24.00,25.00,25.00,25.00,25.00,26.00,26.00,26.00,26.00,27.00,27.00,27.00,27.00,14.50,14.50,14.50,14.50,15.00,15.00,15.00,15.00,15.50,15.50,15.50,15.50,16.00,16.00,16.00,16.00,16.50,16.50,16.50,16.50,17.00,17.00,17.00,17.00,17.50,17.50,17.50,17.50,18.00,18.00,18.00,18.00,18.50,18.50,18.50,18.50,19.00,19.00,19.00,19.00,19.50,19.50,19.50,19.50,20.00,20.00,20.00,20.00,21.00,21.00,21.00,21.00,22.00,22.00,22.00,22.00,23.00,23.00,23.00,23.00,24.00,24.00,24.00,24.00,25.00,25.00,25.00,25.00,26.00,26.00,26.00,26.00,27.00,27.00,27.00,27.00,14.00,14.00,14.00,14.00,14.00,14.00,14.00,14.00,13.50,13.50,13.50,13.50,13.50,13.50,13.50,13.50,28.00,28.00,28.00,28.00,28.00,28.00,28.00,28.00,29.00,29.00,29.00,29.00,29.00,29.00,29.00,29.00,30.00,30.00,30.00,30.00,30.00,30.00,30.00,30.00,13.00,13.00,13.00,13.00,13.00,13.00,13.00,13.00,12.50,12.50,12.50,12.50,12.50,12.50,12.50,12.50,12.00,12.00,12.00,12.00,12.00,12.00,12.00,12.00,11.50,11.50,11.50,11.50,11.50,11.50,11.50,11.50,11.00,11.00,11.00,11.00,11.00,11.00,11.00,11.00,10.50,10.50,10.50,10.50,10.50,10.50,10.50,10.50,10.00,10.00,10.00,10.00,10.00,10.00,10.00,10.00,9.75,9.75,9.75,9.75,9.75,9.75,9.75,9.75
time,close,settle,volume,oi,imp_vol,settle,volume,oi,imp_vol,settle,volume,oi,imp_vol,settle,volume,oi,imp_vol,settle,volume,oi,imp_vol,settle,volume,oi,imp_vol,settle,volume,oi,imp_vol,settle,volume,oi,imp_vol,settle,volume,oi,imp_vol,settle,volume,oi,imp_vol,settle,volume,oi,imp_vol,settle,volume,oi,imp_vol,settle,volume,oi,imp_vol,settle,volume,oi,imp_vol,settle,volume,oi,imp_vol,settle,volume,oi,imp_vol,settle,volume,oi,imp_vol,settle,volume,oi,imp_vol,settle,volume,oi,imp_vol,settle,volume,oi,imp_vol,settle,volume,oi,imp_vol,settle,volume,oi,imp_vol,settle,volume,oi,imp_vol,settle,volume,oi,imp_vol,settle,volume,oi,imp_vol,settle,volume,oi,imp_vol,settle,volume,oi,imp_vol,settle,volume,oi,imp_vol,settle,volume,oi,imp_vol,settle,volume,oi,imp_vol,settle,volume,oi,imp_vol,settle,volume,oi,imp_vol,settle,volume,oi,imp_vol,settle,volume,oi,imp_vol,settle,volume,oi,imp_vol,settle,volume,oi,imp_vol,settle,volume,oi,imp_vol,settle,volume,oi,imp_vol,settle,volume,oi,imp_vol,settle,volume,oi,imp_vol,settle,volume,oi,imp_vol,settle,volume,oi,imp_vol,settle,volume,oi,imp_vol,settle,volume,oi,imp_vol,settle,volume,oi,imp_vol,settle,volume,oi,imp_vol,settle,volume,oi,imp_vol,settle,volume,oi,imp_vol,settle,volume,oi,imp_vol,settle,volume,oi,imp_vol,settle,volume,oi,imp_vol,settle,volume,oi,imp_vol,settle,volume,oi,imp_vol,settle,volume,oi,imp_vol,settle,volume,oi,imp_vol,settle,volume,oi,imp_vol,settle,volume,oi,imp_vol,settle,volume,oi,imp_vol,settle,volume,oi,imp_vol,settle,volume,oi,imp_vol,settle,volume,oi,imp_vol,settle,volume,oi,imp_vol,settle,volume,oi,imp_vol,settle,volume,oi,imp_vol
2023-05-31 16:00:00,18.7,4.78,0,0,0.34,4.41,0,0,0.34,4.05,0,0,0.34,3.73,0,0,0.34,3.42,0,0,0.34,3.14,0,0,0.34,2.86,0,0,0.34,2.63,0,0,0.34,2.4,0,0,0.34,2.19,0,0,0.34,2.01,0,0,0.34,1.83,0,0,0.34,1.53,0,0,0.34,1.27,0,0,0.34,1.05,0,0,0.34,0.88,0,0,0.34,0.72,0,0,0.34,0.61,0,0,0.34,0.5,0,0,0.34,0.93,0,0,0.34,1.1,0,0,0.34,1.29,0,0,0.34,1.5,0,0,0.34,1.72,0,0,0.34,1.97,0,0,0.34,2.22,4,4,0.34,2.5,0,0,0.34,2.84,0,0,0.35,3.09,0,0,0.34,3.41,0,0,0.34,3.74,0,0,0.34,4.45,0,0,0.34,5.19,0,0,0.34,5.98,0,0,0.34,6.81,0,0,0.34,7.65,0,0,0.34,8.53,0,0,0.34,9.43,0,0,0.34,,,,,,,,,,,,,,,,,,,,,,,,,,,,,,,,,,,,,,,,,,,,,,,,,,,,,,,,,,,,,,,,,,,,,,,,,,,,,,,,,,,,,,,,,,,,,,,,,,,,,,,,
2023-06-01 16:00:00,18.24,4.31,0,0,0.32,3.94,0,0,0.32,3.59,0,0,0.32,3.27,0,0,0.32,2.97,0,0,0.32,2.7,0,0,0.32,2.45,0,0,0.32,2.16,0,0,0.31,2.01,0,0,0.32,1.82,0,0,0.32,1.64,0,0,0.32,1.49,0,0,0.32,1.21,0,0,0.32,0.99,0,0,0.32,0.81,0,0,0.32,0.65,0,0,0.32,0.53,0,0,0.32,0.43,0,0,0.32,0.35,0,0,0.32,0.93,0,0,0.32,1.11,0,0,0.32,1.31,0,0,0.32,1.52,0,0,0.32,1.76,0,0,0.32,2.01,0,0,0.32,2.29,0,4,0.32,2.65,0,0,0.33,2.88,0,0,0.32,3.2,0,0,0.32,3.53,0,0,0.32,3.89,0,0,0.32,4.62,0,0,0.32,5.4,0,0,0.32,6.22,0,0,0.32,7.07,0,0,0.32,7.95,0,0,0.32,8.85,0,0,0.32,9.77,0,0,0.32,4.7,0.0,0.0,0.32,0.77,0.0,0.0,0.32,,,,,,,,,,,,,,,,,,,,,,,,,,,,,,,,,,,,,,,,,,,,,,,,,,,,,,,,,,,,,,,,,,,,,,,,,,,,,,,,,,,,,,,,,,,,,,,,
2023-06-02 16:00:00,19.26,5.24,0,0,0.31,4.84,0,0,0.32,4.45,0,0,0.31,4.09,0,0,0.31,3.75,0,0,0.31,3.43,0,0,0.31,3.14,0,0,0.31,2.86,0,0,0.31,2.61,0,0,0.31,2.31,0,0,0.3,2.17,0,0,0.32,1.98,0,0,0.32,1.63,0,0,0.31,1.34,0,0,0.31,1.11,0,0,0.31,0.91,0,0,0.31,0.74,0,0,0.31,0.61,0,0,0.31,0.5,0,0,0.32,0.65,0,0,0.31,0.79,0,0,0.31,0.95,0,0,0.31,1.13,0,0,0.31,1.32,0,0,0.31,1.53,0,0,0.31,1.77,0,4,0.31,2.01,0,0,0.31,2.28,0,0,0.31,2.64,0,0,0.33,2.86,0,0,0.32,3.17,0,0,0.31,3.84,0,0,0.31,4.55,0,0,0.31,5.33,0,0,0.31,6.13,0,0,0.31,6.97,0,0,0.31,7.84,0,0,0.31,8.73,0,0,0.31,5.66,0.0,0.0,0.31,0.53,0.0,0.0,0.31,6.11,0.0,0.0,0.32,0.42,0.0,0.0,0.31,,,,,,,,,,,,,,,,,,,,,,,,,,,,,,,,,,,,,,,,,,,,,,,,,,,,,,,,,,,,,,,,,,,,,,,,,,,,,,,,,,,,,,,,
2023-06-05 16:00:00,19.58,5.52,0,0,0.31,5.1,0,0,0.31,4.71,0,0,0.31,4.33,0,0,0.31,3.98,0,0,0.31,3.64,0,0,0.31,3.33,0,0,0.31,3.05,0,0,0.31,2.78,0,0,0.31,2.54,0,0,0.31,2.24,0,0,0.3,2.11,0,0,0.31,1.74,0,0,0.31,1.44,0,0,0.31,1.19,0,0,0.31,0.97,0,0,0.31,0.8,0,0,0.31,0.66,0,0,0.31,0.53,0,0,0.31,0.58,0,0,0.31,0.71,0,0,0.31,0.86,0,0,0.31,1.02,0,0,0.31,1.21,0,0,0.31,1.4,0,0,0.31,1.62,0,4,0.31,1.86,0,0,0.31,2.11,0,0,0.31,2.39,0,0,0.31,2.75,0,0,0.32,2.97,0,0,0.31,3.62,0,0,0.31,4.33,0,0,0.31,5.08,0,0,0.31,5.87,0,0,0.31,6.7,0,0,0.31,7.56,0,0,0.31,8.44,0,0,0.31,5.95,0.0,0.0,0.31,0.47,6.0,6.0,0.31,6.4,0.0,0.0,0.31,0.37,0.0,0.0,0.31,0.44,0.0,0.0,0.31,9.35,0.0,0.0,0.31,,,,,,,,,,,,,,,,,,,,,,,,,,,,,,,,,,,,,,,,,,,,,,,,,,,,,,,,,,,,,,,,,,,,,,,,,,,,,,,,
2023-06-08 16:00:00,19.94,5.83,0,0,0.31,5.4,0,0,0.31,4.99,0,0,0.31,4.6,0,0,0.31,4.22,0,0,0.31,3.88,0,0,0.31,3.55,0,0,0.31,3.25,0,0,0.31,2.97,0,0,0.31,2.71,0,0,0.31,2.47,0,0,0.31,2.18,0,0,0.3,1.86,0,0,0.31,1.54,0,0,0.31,1.27,0,0,0.31,1.04,0,0,0.31,0.85,0,0,0.31,0.69,0,0,0.31,0.57,0,0,0.31,0.49,0,0,0.31,0.62,0,0,0.31,0.75,0,0,0.31,0.9,0,0,0.31,1.06,0,0,0.31,1.26,0,0,0.31,1.46,0,4,0.31,1.69,0,0,0.31,1.92,0,0,0.31,2.18,0,0,0.31,2.46,0,0,0.31,2.82,0,0,0.32,3.37,0,0,0.31,4.06,0,0,0.31,4.79,0,0,0.31,5.57,0,0,0.31,6.39,0,0,0.31,7.24,0,0,0.31,8.12,0,0,0.31,6.28,0.0,0.0,0.31,0.4,0.0,6.0,0.31,6.73,0.0,0.0,0.3,0.31,0.0,0.0,0.31,0.46,0.0,0.0,0.31,9.02,0.0,0.0,0.31,0.37,0.0,0.0,0.31,9.94,0.0,0.0,0.31,,,,,,,,,,,,,,,,,,,,,,,,,,,,,,,,,,,,,,,,,,,,,,,,,,,,,,,,,,,,,,,,,,,,,,,,
2023-06-16 16:00:00,20.7,6.5,0,0,0.28,6.04,0,0,0.28,5.6,0,0,0.29,5.17,0,0,0.29,4.76,0,0,0.29,4.36,0,0,0.28,4.0,0,0,0.29,3.65,0,0,0.28,3.33,0,0,0.29,3.04,0,0,0.29,2.75,0,0,0.28,2.51,0,90,0.29,2.0,0,0,0.28,1.68,0,0,0.29,1.37,0,0,0.28,1.12,0,0,0.29,0.9,0,0,0.28,0.72,0,0,0.28,0.59,0,0,0.29,0.31,0,0,0.29,0.4,0,0,0.28,0.5,0,0,0.29,0.62,0,0,0.28,0.75,0,0,0.28,0.91,0,0,0.29,1.08,0,4,0.29,1.27,0,0,0.28,1.48,0,1,0.29,1.71,0,0,0.29,1.94,0,0,0.28,2.22,3,120,0.29,2.88,0,0,0.3,3.43,0,0,0.28,4.13,0,0,0.28,4.89,0,0,0.29,5.68,0,0,0.28,6.52,0,0,0.29,7.39,0,0,0.29,6.97,0.0,0.0,0.28,0.24,0.0,6.0,0.28,7.45,0.0,0.0,0.29,0.18,0.0,0.0,0.28,0.47,0.0,0.0,0.29,8.28,0.0,0.0,0.29,0.38,0.0,0.0,0.29,9.19,0.0,0.0,0.28,,,,,,,,,,,,,,,,,,,,,,,,,,,,,,,,,,,,,,,,,,,,,,,,,,,,,,,,,,,,,,,,,,,,,,,,
2023-06-23 16:00:00,19.52,5.3,0,0,0.25,4.84,0,0,0.25,4.4,0,0,0.25,3.97,0,0,0.25,3.57,0,0,0.25,3.19,0,0,0.25,2.84,0,0,0.25,2.53,0,0,0.25,2.23,0,0,0.25,1.97,0,0,0.25,1.74,0,0,0.25,1.53,0,90,0.25,1.17,0,0,0.25,0.9,0,0,0.25,0.68,0,0,0.25,0.51,0,0,0.25,0.38,0,0,0.25,0.28,0,0,0.25,0.21,0,0,0.25,0.3,0,0,0.25,0.39,0,0,0.25,0.5,0,0,0.25,0.64,0,0,0.25,0.79,0,0,0.25,0.97,0,0,0.25,1.16,0,4,0.25,1.39,0,0,0.25,1.63,0,1,0.25,1.9,0,0,0.25,2.19,0,0,0.25,2.5,0,120,0.25,3.18,0,0,0.25,3.93,0,0,0.25,4.73,0,0,0.25,5.58,0,0,0.25,6.47,0,0,0.25,7.38,0,0,0.25,8.32,0,0,0.25,5.77,0.0,0.0,0.24,0.22,0.0,6.0,0.25,6.25,0.0,0.0,0.24,0.16,0.0,0.0,0.25,0.16,0.0,0.0,0.25,9.27,0.0,0.0,0.24,0.11,0.0,0.0,0.24,10.24,0.0,0.0,0.25,0.08,0.0,0.0,0.24,11.21,0.0,0.0,0.25,,,,,,,,,,,,,,,,,,,,,,,,,,,,,,,,,,,,,,,,,,,,,,,,,,,,,,,,,,,,,,,,
2023-06-27 16:00:00,19.68,5.52,0,0,0.3,5.09,0,0,0.3,4.67,0,0,0.3,4.28,0,0,0.3,3.91,0,0,0.3,3.56,0,0,0.3,3.24,0,0,0.3,2.95,0,0,0.3,2.66,0,0,0.3,2.42,0,0,0.3,2.12,0,0,0.29,1.98,0,90,0.3,1.61,100,100,0.3,1.31,0,0,0.3,1.06,0,0,0.3,0.86,0,0,0.3,0.69,0,0,0.3,0.56,0,0,0.3,0.44,0,0,0.3,0.48,0,0,0.3,0.6,0,0,0.3,0.73,0,0,0.3,0.89,0,0,0.3,1.06,0,0,0.3,1.26,0,0,0.3,1.46,0,4,0.3,1.7,0,0,0.3,1.94,0,1,0.3,2.21,0,0,0.3,2.57,0,0,0.31,2.8,0,120,0.3,3.44,0,0,0.3,4.15,0,0,0.3,4.92,0,0,0.3,5.72,0,0,0.3,6.56,0,0,0.3,7.44,0,0,0.3,8.34,0,0,0.3,5.97,0.0,0.0,0.3,0.38,0.0,6.0,0.3,6.44,0.0,0.0,0.31,0.29,0.0,0.0,0.3,0.35,0.0,0.0,0.3,9.25,0.0,0.0,0.3,0.28,0.0,0.0,0.3,10.19,0.0,0.0,0.3,0.22,0.0,0.0,0.3,11.14,0.0,0.0,0.3,,,,,,,,,,,,,,,,,,,,,,,,,,,,,,,,,,,,,,,,,,,,,,,,,,,,,,,,,,,,,,,,
2023-06-28 16:00:00,19.48,5.38,0,0,0.32,4.96,0,0,0.32,4.56,0,0,0.32,4.19,0,0,0.32,3.84,0,0,0.32,3.51,0,0,0.32,3.21,0,0,0.32,2.92,0,0,0.32,2.66,0,0,0.32,2.43,0,0,0.32,2.13,0,0,0.31,1.95,90,0,0.31,1.61,100,0,0.31,1.36,0,0,0.32,1.12,0,0,0.32,0.92,0,0,0.32,0.75,0,0,0.32,0.61,0,0,0.32,0.49,0,0,0.32,0.6,0,0,0.32,0.72,0,0,0.32,0.88,0,0,0.32,1.04,0,0,0.32,1.24,0,0,0.32,1.44,0,0,0.32,1.66,0,4,0.32,1.9,0,0,0.32,2.16,0,1,0.32,2.44,0,0,0.32,2.81,0,0,0.33,3.13,120,101,0.33,3.7,0,0,0.32,4.41,0,0,0.32,5.18,0,0,0.32,5.98,0,0,0.32,6.82,0,0,0.32,7.69,0,0,0.32,8.58,0,0,0.32,5.81,0.0,0.0,0.32,0.48,0.0,6.0,0.32,6.26,0.0,0.0,0.32,0.38,0.0,0.0,0.32,0.41,0.0,0.0,0.32,9.49,0.0,0.0,0.32,0.33,0.0,0.0,0.32,10.42,0.0,0.0,0.32,0.27,0.0,0.0,0.32,11.37,0.0,0.0,0.32,,,,,,,,,,,,,,,,,,,,,,,,,,,,,,,,,,,,,,,,,,,,,,,,,,,,,,,,,,,,,,,,
2023-07-06 16:00:00,18.84,4.77,0,0,0.31,4.36,0,0,0.31,3.98,0,0,0.31,3.62,0,0,0.31,3.28,0,0,0.31,2.98,0,0,0.31,2.69,0,0,0.31,2.44,0,0,0.31,2.2,0,0,0.31,1.93,0,0,0.3,1.79,0,0,0.31,1.61,0,0,0.31,1.31,0,0,0.31,1.06,0,0,0.31,0.85,0,0,0.31,0.68,0,0,0.31,0.55,0,0,0.31,0.43,0,0,0.31,0.35,0,0,0.31,0.64,0,0,0.31,0.78,0,0,0.31,0.94,0,0,0.31,1.13,0,0,0.31,1.33,0,0,0.31,1.56,0,0,0.31,1.79,0,4,0.31,2.06,0,0,0.31,2.33,0,1,0.31,2.71,0,0,0.32,2.95,0,0,0.31,3.27,0,101,0.31,3.98,0,0,0.31,4.74,0,0,0.31,5.54,0,0,0.31,6.38,0,0,0.31,7.26,0,0,0.31,8.16,0,0,0.31,9.08,0,0,0.31,5.2,0.0,0.0,0.31,0.51,0.0,6.0,0.31,5.64,0.0,0.0,0.31,0.4,0.0,3.0,0.31,0.28,0.0,0.0,0.31,10.01,0.0,0.0,0.31,0.21,0.0,0.0,0.31,10.96,0.0,0.0,0.31,0.17,0.0,0.0,0.31,11.92,0.0,0.0,0.31,,,,,,,,,,,,,,,,,,,,,,,,,,,,,,,,,,,,,,,,,,,,,,,,,,,,,,,,,,,,,,,,
2023-07-19 16:00:00,17.96,3.97,0,0,0.32,3.59,0,0,0.32,3.25,0,0,0.32,2.93,0,0,0.32,2.64,0,0,0.32,2.37,0,0,0.32,2.13,0,0,0.32,1.85,0,0,0.31,1.72,0,0,0.32,1.53,0,0,0.32,1.38,0,0,0.32,1.23,0,0,0.32,0.99,0,0,0.32,0.79,0,0,0.32,0.62,0,0,0.32,0.49,0,0,0.32,0.39,0,0,0.32,0.3,0,0,0.32,0.24,0,0,0.32,0.84,0,0,0.32,1.02,0,0,0.32,1.21,0,0,0.32,1.43,0,0,0.32,1.67,0,0,0.32,1.92,0,0,0.32,2.2,0,4,0.32,2.57,0,0,0.33,2.81,0,1,0.32,3.13,0,1,0.32,3.49,0,0,0.32,3.84,0,101,0.32,4.61,0,0,0.32,5.42,0,0,0.32,6.27,0,0,0.32,7.15,0,0,0.32,8.06,0,0,0.32,8.98,0,0,0.32,9.93,0,0,0.32,4.37,0.0,0.0,0.32,0.68,0.0,6.0,0.32,4.79,0.0,0.0,0.32,0.55,0.0,3.0,0.32,0.19,0.0,0.0,0.32,10.88,0.0,0.0,0.32,0.15,0.0,0.0,0.32,11.85,0.0,0.0,0.32,0.12,0.0,0.0,0.32,12.82,0.0,0.0,0.32,,,,,,,,,,,,,,,,,,,,,,,,,,,,,,,,,,,,,,,,,,,,,,,,,,,,,,,,,,,,,,,,
2023-07-24 16:00:00,18.08,4.05,0,0,0.32,3.67,0,0,0.32,3.32,0,0,0.32,2.99,0,0,0.32,2.7,0,0,0.32,2.42,0,0,0.32,2.18,0,0,0.32,1.89,0,0,0.31,1.76,0,0,0.32,1.57,0,0,0.32,1.41,0,0,0.32,1.26,0,0,0.32,1.01,0,0,0.32,0.8,0,0,0.32,0.63,0,0,0.32,0.5,0,0,0.32,0.4,0,0,0.32,0.31,0,0,0.32,0.24,0,0,0.32,0.8,0,0,0.32,0.97,0,1,0.32,1.16,0,0,0.32,1.37,0,0,0.32,1.61,0,0,0.32,1.86,0,0,0.32,2.13,0,4,0.32,2.49,0,0,0.33,2.73,3,4,0.32,3.05,0,1,0.32,3.4,0,0,0.32,3.76,0,101,0.32,4.52,0,0,0.32,5.32,0,0,0.32,6.16,0,0,0.32,7.05,0,0,0.32,7.96,0,0,0.32,8.88,0,0,0.32,9.83,0,0,0.32,4.45,0.0,0.0,0.31,0.64,0.0,6.0,0.32,4.89,0.0,0.0,0.32,0.52,0.0,3.0,0.32,0.19,0.0,0.0,0.32,10.78,0.0,0.0,0.32,0.15,0.0,0.0,0.32,11.74,0.0,0.0,0.31,0.12,0.0,0.0,0.32,12.71,0.0,0.0,0.31,,,,,,,,,,,,,,,,,,,,,,,,,,,,,,,,,,,,,,,,,,,,,,,,,,,,,,,,,,,,,,,,
2023-07-27 16:00:00,19.44,5.24,0,0,0.3,4.8,0,0,0.3,4.38,0,0,0.3,3.99,0,0,0.3,3.63,0,0,0.3,3.28,0,0,0.3,2.97,0,0,0.3,2.68,0,0,0.3,2.42,0,0,0.3,2.18,0,0,0.3,1.9,0,0,0.29,1.76,0,0,0.3,1.42,0,0,0.3,1.14,0,0,0.3,0.9,0,0,0.3,0.73,0,0,0.3,0.58,0,0,0.3,0.45,0,0,0.3,0.36,0,0,0.3,0.47,0,0,0.3,0.59,0,1,0.3,0.73,0,0,0.3,0.88,0,0,0.3,1.06,0,0,0.3,1.25,0,0,0.3,1.47,0,4,0.3,1.71,0,0,0.3,1.97,0,4,0.3,2.24,0,1,0.3,2.61,0,0,0.31,2.85,0,101,0.3,3.52,0,0,0.3,4.25,0,0,0.3,5.03,0,0,0.3,5.86,0,0,0.3,6.73,0,0,0.3,7.62,0,0,0.3,8.54,0,0,0.3,5.69,0.0,0.0,0.3,0.37,0.0,6.0,0.3,6.16,0.0,0.0,0.3,0.28,0.0,3.0,0.3,0.28,0.0,0.0,0.3,9.48,0.0,0.0,0.3,0.22,0.0,0.0,0.3,10.43,0.0,0.0,0.3,0.17,0.0,0.0,0.3,11.39,0.0,0.0,0.3,,,,,,,,,,,,,,,,,,,,,,,,,,,,,,,,,,,,,,,,,,,,,,,,,,,,,,,,,,,,,,,,
2023-07-28 16:00:00,19.34,5.14,0,0,0.3,4.7,0,0,0.3,4.29,0,0,0.3,3.9,0,0,0.3,3.54,0,0,0.3,3.19,0,0,0.3,2.89,0,0,0.3,2.6,0,0,0.3,2.34,0,0,0.3,2.1,0,0,0.3,1.83,0,0,0.29,1.7,0,0,0.3,1.36,0,0,0.3,1.09,0,0,0.3,0.86,0,0,0.3,0.69,0,0,0.3,0.54,0,0,0.3,0.42,0,0,0.3,0.33,0,0,0.3,0.48,0,0,0.3,0.6,0,1,0.3,0.74,0,0,0.3,0.89,0,0,0.3,1.08,0,0,0.3,1.27,0,0,0.3,1.5,0,4,0.3,1.73,0,0,0.3,2.0,0,4,0.3,2.27,0,1,0.3,2.65,0,0,0.31,2.89,0,101,0.3,3.57,0,0,0.3,4.31,0,0,0.3,5.1,0,0,0.3,5.93,0,0,0.3,6.81,0,0,0.3,7.71,0,0,0.3,8.63,0,0,0.3,5.59,0.0,0.0,0.3,0.37,0.0,6.0,0.3,6.06,0.0,0.0,0.3,0.28,0.0,3.0,0.3,0.26,0.0,0.0,0.3,9.57,0.0,0.0,0.3,0.2,0.0,0.0,0.3,10.52,0.0,0.0,0.3,0.16,0.0,0.0,0.3,11.49,0.0,0.0,0.3,,,,,,,,,,,,,,,,,,,,,,,,,,,,,,,,,,,,,,,,,,,,,,,,,,,,,,,,,,,,,,,,
2023-08-04 16:00:00,17.86,3.8,0,0,0.31,3.42,0,0,0.31,3.07,0,0,0.31,2.74,0,0,0.31,2.45,0,0,0.31,2.19,0,0,0.31,1.94,0,0,0.31,1.68,0,0,0.3,1.54,0,0,0.31,1.37,0,0,0.31,1.21,0,0,0.31,1.07,0,0,0.31,0.84,0,0,0.31,0.66,0,0,0.31,0.51,0,0,0.31,0.39,0,0,0.31,0.3,0,0,0.31,0.23,0,9,0.3,0.18,0,0,0.31,0.77,0,0,0.31,0.94,0,1,0.31,1.13,0,0,0.31,1.35,0,0,0.31,1.59,0,0,0.31,1.85,0,0,0.31,2.12,0,4,0.31,2.5,0,3,0.32,2.74,0,4,0.31,3.08,0,1,0.31,3.44,0,0,0.31,3.8,0,101,0.31,4.58,0,0,0.31,5.42,0,0,0.31,6.29,0,0,0.31,7.19,0,0,0.31,8.11,0,0,0.3,9.06,0,0,0.31,10.02,0,0,0.31,4.21,0.0,0.0,0.31,0.61,0.0,6.0,0.3,4.64,0.0,0.0,0.3,0.49,19.0,22.0,0.31,0.14,0.0,0.0,0.31,10.98,0.0,0.0,0.3,0.1,0.0,0.0,0.3,11.96,0.0,0.0,0.31,0.08,0.0,0.0,0.31,12.93,0.0,0.0,0.3,,,,,,,,,,,,,,,,,,,,,,,,,,,,,,,,,,,,,,,,,,,,,,,,,,,,,,,,,,,,,,,,
2023-08-08 16:00:00,17.4,3.4,0,0,0.31,3.05,0,0,0.31,2.72,0,0,0.31,2.42,0,0,0.31,2.16,0,0,0.31,1.91,0,0,0.31,1.65,0,0,0.3,1.51,0,0,0.31,1.33,0,0,0.31,1.18,0,0,0.31,1.04,0,0,0.31,0.93,0,0,0.31,0.72,0,0,0.31,0.55,0,0,0.31,0.43,0,0,0.31,0.33,0,0,0.31,0.25,0,0,0.31,0.19,0,9,0.31,0.15,0,0,0.31,0.9,0,0,0.31,1.09,2,3,0.31,1.3,0,0,0.31,1.54,0,0,0.31,1.8,0,0,0.31,2.08,0,0,0.31,2.45,0,4,0.32,2.7,0,3,0.31,3.03,0,4,0.31,3.39,0,1,0.31,3.76,0,0,0.31,4.15,0,101,0.31,4.96,0,0,0.31,5.81,0,0,0.31,6.7,0,0,0.31,7.62,0,0,0.31,8.56,0,0,0.31,9.51,0,0,0.31,10.48,0,0,0.31,3.79,0.0,0.0,0.31,0.73,0.0,6.0,0.31,4.21,0.0,0.0,0.31,0.58,0.0,22.0,0.31,0.11,0.0,0.0,0.31,11.45,0.0,0.0,0.31,0.08,0.0,0.0,0.31,12.43,0.0,0.0,0.32,0.06,0.0,0.0,0.31,13.41,0.0,0.0,0.32,,,,,,,,,,,,,,,,,,,,,,,,,,,,,,,,,,,,,,,,,,,,,,,,,,,,,,,,,,,,,,,,
2023-08-11 16:00:00,17.66,3.58,0,0,0.3,3.2,0,0,0.3,2.85,0,0,0.3,2.54,0,0,0.3,2.25,0,0,0.3,2.0,0,0,0.3,1.71,0,0,0.29,1.57,0,0,0.3,1.38,0,0,0.3,1.22,0,4,0.3,1.07,0,0,0.3,0.95,0,0,0.3,0.73,0,0,0.3,0.56,0,0,0.3,0.43,0,0,0.3,0.33,0,0,0.3,0.25,0,0,0.3,0.18,0,9,0.3,0.14,0,0,0.3,0.78,0,0,0.3,0.96,0,3,0.3,1.15,0,0,0.3,1.38,0,0,0.3,1.62,0,0,0.3,1.89,0,0,0.3,2.24,0,4,0.31,2.49,0,3,0.3,2.82,0,4,0.3,3.17,0,1,0.3,3.53,0,0,0.3,3.91,0,101,0.3,4.71,0,0,0.3,5.56,0,2,0.3,6.45,0,0,0.3,7.37,0,0,0.3,8.31,0,0,0.3,9.26,0,0,0.3,10.23,0,0,0.3,3.99,0.0,0.0,0.3,0.62,0.0,6.0,0.3,4.42,0.0,0.0,0.3,0.49,0.0,22.0,0.3,0.11,0.0,0.0,0.3,11.2,0.0,0.0,0.3,0.08,0.0,0.0,0.3,12.18,0.0,0.0,0.3,0.06,0.0,0.0,0.3,13.16,0.0,0.0,0.3,4.88,0.0,0.0,0.3,0.38,0.0,0.0,0.3,,,,,,,,,,,,,,,,,,,,,,,,,,,,,,,,,,,,,,,,,,,,,,,,,,,,,,,,
2023-08-14 16:00:00,17.26,3.27,0,0,0.31,2.91,0,0,0.31,2.59,0,0,0.31,2.3,0,0,0.31,2.04,0,0,0.31,1.75,0,0,0.3,1.6,0,0,0.31,1.41,0,0,0.31,1.25,0,0,0.31,1.1,0,4,0.31,0.97,0,0,0.31,0.86,0,0,0.31,0.66,0,0,0.31,0.51,0,0,0.31,0.39,0,0,0.31,0.29,0,0,0.31,0.23,0,0,0.31,0.17,0,9,0.31,0.13,0,0,0.31,0.93,0,0,0.31,1.12,0,3,0.31,1.34,0,0,0.31,1.58,0,0,0.31,1.85,0,0,0.31,2.19,0,0,0.32,2.44,0,4,0.31,2.76,0,3,0.31,3.11,0,4,0.31,3.47,0,1,0.31,3.85,0,0,0.31,4.24,0,101,0.31,5.06,0,0,0.31,5.93,0,2,0.31,6.83,0,0,0.31,7.75,0,0,0.31,8.7,0,0,0.31,9.66,0,0,0.31,10.63,0,0,0.31,3.65,0.0,0.0,0.31,0.75,0.0,6.0,0.31,4.06,0.0,0.0,0.31,0.6,0.0,22.0,0.31,0.09,0.0,0.0,0.31,11.6,0.0,0.0,0.31,0.07,0.0,0.0,0.31,12.58,0.0,0.0,0.31,0.05,0.0,0.0,0.31,13.57,0.0,0.0,0.33,4.5,0.0,0.0,0.31,0.47,0.0,0.0,0.31,,,,,,,,,,,,,,,,,,,,,,,,,,,,,,,,,,,,,,,,,,,,,,,,,,,,,,,,
2023-08-16 16:00:00,17.22,3.24,0,0,0.32,2.89,0,0,0.32,2.57,0,0,0.31,2.28,0,0,0.32,2.03,0,0,0.32,1.74,0,0,0.31,1.6,0,0,0.32,1.41,0,0,0.32,1.25,0,0,0.31,1.1,0,4,0.31,0.98,0,0,0.32,0.86,0,0,0.31,0.67,0,0,0.32,0.52,0,0,0.32,0.39,0,0,0.31,0.3,0,0,0.31,0.23,0,0,0.31,0.17,0,9,0.31,0.13,0,0,0.31,0.96,0,1,0.32,1.15,0,3,0.31,1.38,0,0,0.32,1.62,0,0,0.32,1.89,0,0,0.31,2.24,0,0,0.33,2.49,0,4,0.32,2.81,0,3,0.32,3.16,0,4,0.32,3.52,0,1,0.32,3.9,0,0,0.32,4.29,0,101,0.31,5.12,0,0,0.32,5.98,0,2,0.31,6.88,0,0,0.31,7.81,0,0,0.32,8.75,0,0,0.31,9.71,0,0,0.31,10.68,0,0,0.31,3.62,0.0,0.0,0.32,0.78,0.0,6.0,0.32,4.03,0.0,0.0,0.32,0.62,0.0,22.0,0.31,0.1,0.0,0.0,0.31,11.66,0.0,0.0,0.32,0.07,0.0,0.0,0.31,12.64,0.0,0.0,0.32,0.06,0.0,0.0,0.32,13.62,0.0,0.0,0.32,4.46,0.0,0.0,0.31,0.49,0.0,0.0,0.31,4.92,0.0,0.0,0.32,0.38,0.0,0.0,0.32,,,,,,,,,,,,,,,,,,,,,,,,,,,,,,,,,,,,,,,,,,,,,,,,
2023-08-17 16:00:00,17.06,3.11,0,0,0.32,2.76,0,0,0.32,2.46,0,0,0.32,2.18,0,0,0.32,1.93,0,0,0.32,1.66,0,0,0.31,1.52,0,0,0.32,1.34,0,0,0.32,1.19,0,0,0.32,1.04,0,4,0.32,0.93,0,0,0.32,0.81,0,0,0.32,0.63,0,0,0.32,0.49,0,0,0.32,0.37,0,0,0.32,0.28,0,0,0.32,0.22,0,0,0.32,0.16,0,9,0.32,0.12,0,0,0.32,1.01,0,1,0.32,1.21,0,3,0.32,1.44,0,0,0.32,1.69,0,0,0.32,1.97,0,0,0.32,2.33,0,0,0.33,2.58,0,4,0.32,2.91,0,3,0.32,3.26,0,4,0.32,3.63,0,1,0.32,4.02,0,0,0.32,4.41,0,101,0.32,5.25,0,0,0.32,6.12,0,2,0.32,7.03,0,0,0.32,7.96,0,0,0.32,8.91,0,0,0.32,9.87,0,0,0.32,10.84,0,0,0.32,3.48,0.0,0.0,0.32,0.82,1.0,7.0,0.32,3.88,0.0,0.0,0.31,0.66,0.0,22.0,0.32,0.09,0.0,0.0,0.31,11.82,0.0,0.0,0.32,0.07,0.0,0.0,0.32,12.8,0.0,0.0,0.33,0.05,0.0,0.0,0.31,13.78,0.0,0.0,0.32,4.31,0.0,0.0,0.32,0.52,0.0,0.0,0.32,4.76,0.0,0.0,0.31,0.4,0.0,0.0,0.32,,,,,,,,,,,,,,,,,,,,,,,,,,,,,,,,,,,,,,,,,,,,,,,,
2023-08-18 16:00:00,16.86,2.94,0,0,0.31,2.61,0,0,0.32,2.31,0,0,0.32,2.05,0,0,0.32,1.8,0,0,0.31,1.55,0,0,0.31,1.41,0,0,0.32,1.24,0,0,0.31,1.09,0,0,0.31,0.96,0,4,0.31,0.85,0,0,0.32,0.74,0,0,0.32,0.57,0,0,0.32,0.44,0,0,0.32,0.33,0,0,0.31,0.25,0,0,0.32,0.19,0,0,0.32,0.14,0,9,0.31,0.11,0,0,0.32,1.06,0,1,0.32,1.27,0,3,0.31,1.51,0,0,0.32,1.77,0,0,0.31,2.05,0,0,0.31,2.43,0,0,0.33,2.68,0,4,0.32,3.03,0,3,0.32,3.38,0,4,0.31,3.76,0,1,0.31,4.15,0,0,0.31,4.56,0,101,0.32,5.4,0,0,0.31,6.29,0,2,0.32,7.2,0,0,0.31,8.14,0,0,0.31,9.1,0,0,0.32,10.06,0,0,0.31,11.03,0,0,0.31,3.3,0.0,0.0,0.31,0.87,0.0,7.0,0.32,3.7,0.0,0.0,0.32,0.7,0.0,22.0,0.32,0.08,0.0,0.0,0.32,12.01,0.0,0.0,0.31,0.06,0.0,0.0,0.32,13.0,0.0,0.0,0.33,0.04,0.0,0.0,0.31,13.98,0.0,0.0,0.32,4.12,0.0,0.0,0.31,0.55,0.0,0.0,0.32,4.57,0.0,0.0,0.31,0.43,0.0,0.0,0.32,,,,,,,,,,,,,,,,,,,,,,,,,,,,,,,,,,,,,,,,,,,,,,,,
2023-08-23 16:00:00,16.76,2.82,0,0,0.31,2.49,0,0,0.31,2.19,0,0,0.31,1.93,0,0,0.31,1.64,0,0,0.3,1.49,0,0,0.31,1.3,0,0,0.31,1.15,0,0,0.31,1.0,0,0,0.31,0.88,0,4,0.31,0.76,0,0,0.31,0.67,0,0,0.31,0.51,0,0,0.31,0.38,0,0,0.31,0.29,0,0,0.31,0.21,0,0,0.31,0.16,0,0,0.31,0.12,0,9,0.31,0.09,0,0,0.31,1.05,0,1,0.31,1.27,0,3,0.31,1.5,0,0,0.31,1.77,0,0,0.31,2.12,0,0,0.32,2.37,0,0,0.31,2.7,0,4,0.31,3.05,0,3,0.31,3.41,0,4,0.31,3.8,0,1,0.31,4.19,0,0,0.31,4.61,0,101,0.31,5.47,0,0,0.31,6.36,0,2,0.31,7.29,0,0,0.31,8.23,0,0,0.31,9.19,0,0,0.3,10.17,0,0,0.31,11.15,0,0,0.32,3.18,0.0,0.0,0.31,0.86,0.0,7.0,0.31,3.58,0.0,0.0,0.31,0.69,0.0,22.0,0.31,0.06,0.0,0.0,0.31,12.13,0.0,0.0,0.32,0.05,0.0,0.0,0.31,13.12,0.0,0.0,0.34,0.03,1.0,1.0,0.3,14.1,0.0,0.0,0.34,4.01,0.0,0.0,0.31,0.54,0.0,0.0,0.31,4.46,0.0,0.0,0.31,0.41,0.0,0.0,0.31,4.92,0.0,0.0,0.3,0.31,0.0,0.0,0.31,,,,,,,,,,,,,,,,,,,,,,,,,,,,,,,,,,,,,,,,
2023-08-25 16:00:00,16.32,2.58,0,0,0.34,2.28,0,0,0.34,2.03,0,0,0.34,1.79,0,0,0.33,1.54,4,4,0.33,1.4,0,0,0.33,1.25,0,0,0.34,1.1,0,0,0.34,0.94,0,0,0.33,0.83,0,4,0.33,0.75,0,0,0.33,0.67,11,11,0.34,0.51,0,0,0.33,0.39,0,0,0.33,0.3,0,0,0.33,0.23,0,0,0.33,0.17,0,0,0.33,0.13,0,9,0.33,0.1,0,0,0.33,1.33,0,1,0.34,1.57,0,3,0.34,1.84,0,0,0.34,2.12,0,0,0.34,2.5,0,0,0.35,2.75,0,0,0.33,3.1,0,4,0.34,3.46,0,3,0.34,3.84,0,4,0.34,4.23,0,1,0.33,4.63,0,0,0.33,5.06,0,101,0.34,5.92,2,2,0.33,6.82,0,2,0.33,7.75,0,0,0.34,8.7,0,0,0.34,9.65,0,0,0.33,10.62,0,0,0.33,11.6,0,0,0.33,2.9,0.0,0.0,0.33,1.11,0.0,7.0,0.34,3.26,0.0,0.0,0.34,0.91,0.0,22.0,0.34,0.08,0.0,0.0,0.34,12.58,0.0,0.0,0.33,0.06,0.0,0.0,0.34,13.57,0.0,0.0,0.35,0.04,0.0,1.0,0.33,14.55,0.0,0.0,0.33,3.65,0.0,0.0,0.34,0.74,0.0,0.0,0.34,4.07,0.0,0.0,0.34,0.58,0.0,0.0,0.34,4.51,0.0,0.0,0.33,0.47,0.0,0.0,0.34,,,,,,,,,,,,,,,,,,,,,,,,,,,,,,,,,,,,,,,,
2023-08-28 16:00:00,15.86,2.27,0,0,0.34,2.01,0,0,0.34,1.77,0,0,0.34,1.52,0,0,0.33,1.38,0,4,0.34,1.23,0,0,0.34,1.08,0,0,0.34,0.95,0,0,0.34,0.84,0,0,0.34,0.74,0,4,0.34,0.65,0,0,0.34,0.57,0,11,0.34,0.44,0,0,0.34,0.34,0,0,0.34,0.25,0,0,0.34,0.2,0,0,0.34,0.15,0,0,0.34,0.11,0,9,0.34,0.09,0,0,0.35,1.53,0,1,0.34,1.8,0,3,0.34,2.08,0,0,0.34,2.46,0,0,0.36,2.71,0,0,0.34,3.06,0,0,0.34,3.42,0,4,0.34,3.8,0,3,0.34,4.19,0,4,0.34,4.6,0,1,0.34,5.02,0,0,0.34,5.45,0,101,0.34,6.34,0,2,0.34,7.25,0,2,0.34,8.19,0,0,0.34,9.15,0,0,0.34,10.11,0,0,0.34,11.09,0,0,0.34,12.07,0,0,0.35,2.56,0.0,0.0,0.34,1.29,0.0,7.0,0.34,2.89,0.0,0.0,0.34,1.07,0.0,22.0,0.34,0.06,0.0,0.0,0.34,13.05,0.0,0.0,0.33,0.05,0.0,0.0,0.34,14.04,0.0,0.0,0.35,0.04,0.0,1.0,0.35,15.02,0.0,0.0,,3.25,0.0,0.0,0.34,0.87,0.0,0.0,0.34,3.65,0.0,0.0,0.34,0.7,0.0,0.0,0.34,4.08,0.0,0.0,0.34,0.55,12.0,12.0,0.34,,,,,,,,,,,,,,,,,,,,,,,,,,,,,,,,,,,,,,,,
2023-08-29 16:00:00,16.52,2.7,0,0,0.33,2.4,0,0,0.33,2.13,0,0,0.34,1.89,0,0,0.33,1.62,0,4,0.32,1.49,0,0,0.34,1.31,0,0,0.33,1.17,0,0,0.34,1.02,0,0,0.33,0.91,0,4,0.33,0.8,0,0,0.34,0.71,10,21,0.34,0.54,0,0,0.33,0.42,0,0,0.34,0.32,0,0,0.33,0.25,0,0,0.34,0.19,0,0,0.34,0.14,0,9,0.33,0.11,0,0,0.34,1.25,0,1,0.34,1.48,0,3,0.33,1.74,0,0,0.34,2.02,0,0,0.34,2.38,0,0,0.35,2.63,0,0,0.33,2.97,0,4,0.34,3.33,0,3,0.34,3.69,0,4,0.33,4.08,0,1,0.33,4.48,0,0,0.33,4.9,0,101,0.34,5.75,0,2,0.33,6.65,0,2,0.34,7.57,0,0,0.33,8.51,0,0,0.33,9.47,0,0,0.33,10.44,0,0,0.33,11.42,0,0,0.34,3.04,0.0,0.0,0.34,1.04,0.0,7.0,0.34,3.41,0.0,0.0,0.34,0.84,0.0,22.0,0.33,0.08,0.0,0.0,0.33,12.4,0.0,0.0,0.34,0.06,0.0,0.0,0.33,13.38,0.0,0.0,0.33,0.05,0.0,1.0,0.34,14.37,0.0,0.0,0.35,3.81,0.0,0.0,0.33,0.68,0.0,0.0,0.33,4.24,0.0,0.0,0.33,0.54,0.0,0.0,0.34,4.69,0.0,0.0,0.33,0.41,0.0,12.0,0.33,5.16,0.0,0.0,0.33,0.31,0.0,0.0,0.33,,,,,,,,,,,,,,,,,,,,,,,,,,,,,,,,
2023-08-30 16:00:00,17.04,3.07,0,0,0.33,2.74,0,0,0.33,2.44,0,0,0.33,2.16,0,0,0.33,1.92,0,4,0.33,1.65,0,0,0.32,1.51,0,0,0.33,1.34,0,0,0.33,1.19,0,0,0.33,1.04,3,7,0.33,0.93,0,0,0.33,0.82,0,21,0.33,0.64,0,0,0.33,0.49,0,0,0.33,0.38,0,0,0.33,0.29,0,0,0.33,0.22,0,0,0.33,0.17,0,9,0.33,0.13,0,0,0.33,1.04,0,1,0.33,1.25,0,3,0.33,1.48,0,0,0.33,1.73,0,0,0.33,2.01,0,0,0.33,2.38,0,0,0.34,2.62,0,4,0.33,2.96,0,3,0.33,3.31,0,4,0.33,3.68,0,1,0.33,4.07,0,0,0.33,4.46,0,101,0.33,5.3,0,2,0.33,6.18,0,2,0.33,7.08,0,0,0.33,8.02,0,0,0.33,8.97,0,0,0.33,9.93,0,0,0.33,10.9,0,0,0.32,3.44,0.0,0.0,0.33,0.85,0.0,7.0,0.33,3.84,0.0,0.0,0.33,0.69,0.0,22.0,0.33,0.1,0.0,0.0,0.33,11.89,0.0,0.0,0.34,0.07,0.0,0.0,0.33,12.87,0.0,0.0,0.34,0.06,0.0,1.0,0.33,13.85,0.0,0.0,0.33,4.27,0.0,0.0,0.33,0.54,0.0,0.0,0.33,4.72,0.0,0.0,0.33,0.42,0.0,0.0,0.33,5.19,0.0,0.0,0.33,0.32,0.0,12.0,0.33,5.67,0.0,0.0,0.32,0.24,0.0,0.0,0.33,,,,,,,,,,,,,,,,,,,,,,,,,,,,,,,,
2023-08-31 16:00:00,16.66,2.78,0,0,0.33,2.47,0,0,0.33,2.19,0,0,0.33,1.94,0,0,0.33,1.66,0,4,0.32,1.52,0,0,0.33,1.34,0,0,0.33,1.19,0,0,0.33,1.05,0,0,0.33,0.93,0,7,0.33,0.82,0,0,0.33,0.72,0,21,0.33,0.55,0,0,0.33,0.42,0,0,0.33,0.33,0,0,0.33,0.25,0,0,0.33,0.19,0,0,0.33,0.14,0,9,0.33,0.11,0,0,0.33,1.17,0,1,0.33,1.4,0,3,0.33,1.65,0,0,0.33,1.92,0,0,0.33,2.28,0,0,0.34,2.53,0,0,0.33,2.86,0,4,0.33,3.21,0,3,0.33,3.57,0,4,0.33,3.96,0,1,0.33,4.36,0,0,0.33,4.77,0,101,0.33,5.62,0,2,0.33,6.51,0,2,0.33,7.43,0,0,0.33,8.38,0,0,0.33,9.33,0,0,0.33,10.3,0,0,0.33,11.28,0,0,0.33,3.13,0.0,0.0,0.33,0.97,0.0,7.0,0.33,3.51,0.0,0.0,0.33,0.79,0.0,22.0,0.33,0.08,0.0,0.0,0.33,12.26,0.0,0.0,0.33,0.06,0.0,0.0,0.33,13.25,0.0,0.0,0.35,0.05,0.0,1.0,0.33,14.24,0.0,0.0,0.37,3.92,0.0,0.0,0.33,0.63,0.0,0.0,0.33,4.36,0.0,0.0,0.33,0.49,0.0,0.0,0.33,4.82,0.0,0.0,0.33,0.38,0.0,12.0,0.33,5.3,0.0,0.0,0.33,0.28,0.0,0.0,0.33,,,,,,,,,,,,,,,,,,,,,,,,,,,,,,,,
2023-09-04 16:00:00,17.4,3.31,0,0,0.32,2.95,0,0,0.32,2.62,0,0,0.32,2.32,0,0,0.32,2.06,0,4,0.32,1.76,0,0,0.31,1.61,0,0,0.32,1.42,0,0,0.32,1.26,0,0,0.32,1.11,5,10,0.32,0.98,0,0,0.32,0.86,0,21,0.32,0.66,0,0,0.32,0.51,0,0,0.32,0.38,0,0,0.32,0.29,0,0,0.32,0.22,0,0,0.32,0.17,0,9,0.32,0.12,0,0,0.31,0.88,0,1,0.32,1.07,0,3,0.32,1.29,0,0,0.32,1.52,0,0,0.32,1.78,0,0,0.32,2.12,0,0,0.33,2.37,0,4,0.32,2.69,0,3,0.32,3.03,0,4,0.32,3.39,0,1,0.32,3.76,0,0,0.32,4.16,0,101,0.32,4.98,0,2,0.32,5.84,0,2,0.32,6.75,0,0,0.32,7.68,0,0,0.32,8.63,0,0,0.32,9.59,0,0,0.32,10.56,0,0,0.31,3.71,0.0,0.0,0.32,0.71,0.0,7.0,0.32,4.13,0.0,0.0,0.32,0.56,0.0,22.0,0.32,0.09,0.0,0.0,0.31,11.54,0.0,0.0,0.31,0.07,0.0,0.0,0.32,12.53,0.0,0.0,0.33,0.06,0.0,1.0,0.32,13.52,0.0,0.0,0.34,4.58,0.0,0.0,0.32,0.44,0.0,0.0,0.32,5.05,0.0,0.0,0.32,0.33,0.0,0.0,0.32,5.53,0.0,0.0,0.32,0.25,0.0,12.0,0.32,6.02,0.0,0.0,0.33,0.18,0.0,0.0,0.32,,,,,,,,,,,,,,,,,,,,,,,,,,,,,,,,
2023-09-05 16:00:00,16.94,2.93,0,0,0.32,2.59,0,0,0.32,2.29,0,0,0.32,2.02,0,0,0.32,1.78,0,4,0.32,1.52,0,0,0.31,1.38,0,0,0.32,1.21,0,0,0.32,1.07,0,0,0.32,0.94,2,12,0.32,0.82,0,0,0.32,0.72,0,21,0.32,0.54,0,0,0.32,0.41,0,0,0.32,0.31,0,0,0.32,0.23,0,0,0.32,0.17,0,0,0.32,0.13,0,9,0.32,0.1,0,0,0.32,1.01,0,1,0.32,1.22,0,3,0.32,1.46,0,0,0.32,1.72,0,0,0.32,1.99,0,0,0.32,2.37,0,0,0.33,2.62,0,4,0.32,2.96,0,3,0.32,3.32,0,4,0.32,3.7,0,1,0.32,4.09,0,0,0.32,4.5,0,101,0.32,5.35,0,2,0.32,6.24,0,2,0.32,7.16,0,0,0.32,8.11,0,0,0.32,9.07,0,0,0.32,10.04,0,0,0.32,11.02,0,0,0.33,3.3,0.0,0.0,0.32,0.82,0.0,7.0,0.32,3.71,0.0,0.0,0.32,0.66,0.0,22.0,0.32,0.07,0.0,0.0,0.32,12.0,0.0,0.0,0.32,0.05,0.0,0.0,0.31,12.99,0.0,0.0,0.34,0.04,0.0,1.0,0.32,13.98,0.0,0.0,0.36,4.14,0.0,0.0,0.31,0.52,0.0,0.0,0.32,4.6,0.0,0.0,0.32,0.39,0.0,0.0,0.32,5.08,0.0,0.0,0.32,0.3,0.0,12.0,0.32,5.56,0.0,0.0,0.31,0.22,0.0,0.0,0.32,,,,,,,,,,,,,,,,,,,,,,,,,,,,,,,,
2023-09-06 16:00:00,17.08,3.03,0,0,0.32,2.68,0,0,0.32,2.38,0,0,0.32,2.09,0,0,0.32,1.85,0,4,0.32,1.58,0,0,0.31,1.44,0,0,0.32,1.27,0,0,0.32,1.11,0,0,0.32,0.98,0,12,0.32,0.86,0,0,0.32,0.75,0,21,0.32,0.57,0,0,0.32,0.44,0,0,0.32,0.33,0,0,0.32,0.25,0,0,0.32,0.18,0,0,0.32,0.14,0,9,0.32,0.1,0,0,0.32,0.97,0,1,0.32,1.17,0,3,0.32,1.4,0,0,0.32,1.65,0,0,0.32,1.92,0,0,0.32,2.29,0,0,0.33,2.54,0,4,0.32,2.87,0,3,0.32,3.23,0,4,0.32,3.6,0,1,0.32,3.99,0,0,0.32,4.39,0,101,0.32,5.23,0,2,0.32,6.12,0,2,0.32,7.04,0,0,0.32,7.98,0,0,0.32,8.94,0,0,0.32,9.91,0,0,0.32,10.89,0,0,0.32,3.41,0.0,0.0,0.32,0.78,0.0,7.0,0.32,3.83,0.0,0.0,0.32,0.62,0.0,22.0,0.32,0.08,0.0,0.0,0.32,11.87,0.0,0.0,0.32,0.06,0.0,0.0,0.32,12.86,0.0,0.0,0.33,0.05,0.0,1.0,0.33,13.85,0.0,0.0,0.35,4.27,0.0,0.0,0.32,0.49,0.0,0.0,0.32,4.73,0.0,0.0,0.32,0.37,0.0,0.0,0.32,5.21,0.0,0.0,0.32,0.28,0.0,12.0,0.32,5.69,0.0,0.0,0.26,0.21,0.0,0.0,0.32,,,,,,,,,,,,,,,,,,,,,,,,,,,,,,,,
2023-09-11 16:00:00,15.82,2.17,0,0,0.34,1.92,0,0,0.34,1.68,0,0,0.34,1.44,0,0,0.33,1.3,0,4,0.34,1.15,2,2,0.34,1.01,0,0,0.34,0.89,0,0,0.34,0.78,0,0,0.34,0.68,0,12,0.34,0.6,0,0,0.34,0.52,0,21,0.34,0.39,0,0,0.34,0.3,0,0,0.34,0.23,0,0,0.34,0.17,0,0,0.34,0.13,0,0,0.34,0.1,0,9,0.35,0.07,0,0,0.34,1.52,0,1,0.34,1.79,0,3,0.34,2.07,0,0,0.34,2.46,0,0,0.36,2.71,0,0,0.34,3.07,0,0,0.34,3.43,0,4,0.34,3.81,0,3,0.34,4.21,0,4,0.34,4.62,0,1,0.34,5.05,0,0,0.34,5.48,0,101,0.34,6.38,0,2,0.34,7.31,0,2,0.34,8.25,0,0,0.34,9.22,0,0,0.35,10.19,0,0,0.34,11.17,0,0,0.34,12.15,0,0,0.33,2.47,0.0,0.0,0.34,1.28,0.0,7.0,0.34,2.8,0.0,0.0,0.34,1.06,0.0,22.0,0.34,0.05,0.0,0.0,0.34,13.14,0.0,0.0,0.34,0.04,0.0,0.0,0.34,14.13,0.0,0.0,0.35,0.03,0.0,1.0,0.34,15.12,0.0,0.0,0.36,3.16,0.0,0.0,0.34,0.86,0.0,0.0,0.34,3.56,0.0,0.0,0.34,0.69,0.0,0.0,0.34,4.0,0.0,0.0,0.34,0.54,0.0,12.0,0.34,4.46,0.0,0.0,0.35,0.42,10.0,10.0,0.35,,,,,,,,,,,,,,,,,,,,,,,,,,,,,,,,
2023-09-12 16:00:00,15.76,2.08,0,0,0.33,1.83,0,0,0.33,1.59,0,0,0.33,1.35,0,0,0.32,1.22,0,4,0.33,1.07,0,2,0.33,0.93,0,0,0.33,0.81,0,0,0.33,0.7,0,0,0.33,0.62,0,12,0.33,0.53,0,0,0.33,0.46,0,21,0.33,0.35,0,0,0.33,0.26,0,0,0.33,0.19,0,0,0.33,0.14,0,0,0.33,0.1,0,0,0.33,0.08,0,9,0.33,0.06,0,0,0.34,1.49,0,1,0.33,1.76,0,3,0.33,2.05,0,0,0.33,2.41,0,0,0.34,2.69,0,0,0.33,3.05,0,0,0.33,3.42,0,4,0.33,3.81,0,3,0.33,4.21,0,4,0.33,4.63,0,1,0.33,5.06,0,0,0.33,5.5,0,101,0.33,6.41,0,2,0.33,7.34,2,0,0.33,8.3,0,0,0.33,9.27,0,0,0.34,10.24,0,0,0.33,11.23,0,0,0.34,12.21,0,0,0.32,2.38,0.0,0.0,0.33,1.25,0.0,7.0,0.33,2.71,0.0,0.0,0.33,1.02,0.0,22.0,0.33,0.04,0.0,0.0,0.33,13.2,0.0,0.0,0.33,0.03,0.0,0.0,0.33,14.19,0.0,0.0,0.34,0.02,0.0,1.0,0.33,15.18,0.0,0.0,0.35,3.08,0.0,0.0,0.33,0.83,0.0,0.0,0.33,3.49,0.0,0.0,0.33,0.66,0.0,0.0,0.33,3.93,0.0,0.0,0.33,0.51,0.0,12.0,0.33,4.39,0.0,0.0,0.33,0.4,0.0,10.0,0.34,,,,,,,,,,,,,,,,,,,,,,,,,,,,,,,,
2023-09-15 16:00:00,15.8,2.08,0,0,0.33,1.81,0,0,0.33,1.58,0,0,0.33,1.38,0,0,0.33,1.2,0,4,0.33,1.06,0,2,0.33,0.91,0,0,0.33,0.8,0,0,0.33,0.69,0,0,0.33,0.6,0,12,0.33,0.52,0,0,0.33,0.45,0,21,0.33,0.33,0,0,0.33,0.24,0,0,0.33,0.18,0,0,0.33,0.13,0,0,0.33,0.1,0,0,0.33,0.07,0,9,0.33,0.05,0,0,0.33,1.44,0,1,0.33,1.72,0,3,0.33,2.0,0,0,0.33,2.32,0,0,0.33,2.65,0,0,0.33,3.0,0,0,0.33,3.37,0,4,0.33,3.76,0,3,0.33,4.16,0,4,0.33,4.59,0,1,0.33,5.01,0,0,0.33,5.46,0,101,0.33,6.37,0,2,0.33,7.3,0,0,0.33,8.26,0,0,0.33,9.23,0,0,0.32,10.21,0,0,0.32,11.2,0,0,0.34,12.18,0,0,0.3,2.38,0.0,0.0,0.33,1.21,0.0,7.0,0.33,2.72,0.0,0.0,0.33,0.99,0.0,22.0,0.33,0.04,0.0,0.0,0.33,13.17,0.0,0.0,,0.03,0.0,0.0,0.33,14.16,0.0,0.0,,0.02,0.0,1.0,0.33,15.16,0.0,0.0,0.39,3.09,0.0,0.0,0.33,0.79,0.0,0.0,0.33,3.51,0.0,0.0,0.33,0.63,0.0,0.0,0.33,3.95,0.0,0.0,0.33,0.49,0.0,12.0,0.33,4.42,0.0,0.0,0.33,0.36,0.0,10.0,0.33,4.9,0.0,0.0,0.32,0.28,0.0,0.0,0.33,,,,,,,,,,,,,,,,,,,,,,,,
2023-09-18 16:00:00,15.52,1.88,0,0,0.33,1.64,0,0,0.33,1.4,0,0,0.32,1.24,0,0,0.33,1.08,0,4,0.33,0.94,0,2,0.33,0.82,0,0,0.33,0.7,0,0,0.33,0.61,0,0,0.33,0.53,0,12,0.33,0.45,0,0,0.33,0.39,0,21,0.33,0.29,0,0,0.33,0.21,0,0,0.33,0.15,0,0,0.33,0.11,0,0,0.33,0.08,0,0,0.33,0.06,0,9,0.33,0.04,0,0,0.33,1.57,0,1,0.33,1.84,0,3,0.33,2.18,0,0,0.34,2.47,0,0,0.33,2.82,0,0,0.33,3.18,0,0,0.33,3.57,0,4,0.33,3.97,0,3,0.33,4.39,0,4,0.33,4.81,0,1,0.33,5.25,0,0,0.33,5.7,0,101,0.33,6.63,0,2,0.33,7.57,0,0,0.33,8.54,0,0,0.33,9.52,0,0,0.34,10.5,0,0,0.33,11.48,0,0,,12.47,0,0,,2.17,0.0,0.0,0.33,1.31,0.0,7.0,0.33,2.48,0.0,0.0,0.33,1.08,0.0,22.0,0.33,0.03,0.0,0.0,0.33,13.46,0.0,0.0,,0.02,0.0,0.0,0.33,14.46,0.0,0.0,0.38,0.01,20.0,20.0,0.31,15.45,0.0,0.0,0.39,2.85,0.0,0.0,0.33,0.88,0.0,0.0,0.33,3.24,0.0,0.0,0.33,0.69,0.0,0.0,0.33,3.68,0.0,0.0,0.33,0.54,0.0,12.0,0.33,4.14,0.0,0.0,0.33,0.41,0.0,10.0,0.33,4.62,0.0,0.0,0.33,0.31,0.0,0.0,0.33,,,,,,,,,,,,,,,,,,,,,,,,
2023-09-19 16:00:00,15.4,1.81,0,0,0.33,1.56,0,0,0.33,1.32,0,0,0.32,1.18,0,0,0.33,1.03,0,4,0.33,0.89,0,2,0.33,0.77,0,0,0.33,0.66,0,0,0.33,0.58,0,0,0.33,0.49,0,12,0.33,0.43,0,0,0.33,0.37,0,21,0.33,0.27,0,0,0.33,0.2,0,0,0.33,0.14,0,0,0.33,0.1,0,0,0.33,0.08,0,0,0.33,0.05,0,9,0.33,0.04,0,0,0.33,1.62,0,1,0.33,1.9,0,3,0.33,2.25,0,0,0.34,2.54,0,0,0.33,2.9,0,0,0.33,3.27,0,0,0.33,3.66,0,4,0.33,4.06,0,3,0.33,4.48,0,4,0.33,4.91,0,1,0.33,5.36,0,0,0.33,5.81,0,101,0.33,6.74,0,2,0.33,7.69,0,0,0.33,8.66,0,0,0.34,9.63,0,0,0.32,10.62,0,0,0.34,11.61,0,0,0.35,12.6,0,0,0.36,2.08,0.0,0.0,0.33,1.36,0.0,7.0,0.33,2.39,0.0,0.0,0.33,1.12,0.0,22.0,0.33,0.03,0.0,0.0,0.33,13.59,0.0,0.0,0.37,0.02,0.0,0.0,0.33,14.58,0.0,0.0,0.38,0.01,0.0,20.0,0.32,15.57,0.0,0.0,0.38,2.74,0.0,0.0,0.33,0.91,0.0,0.0,0.33,3.14,0.0,0.0,0.33,0.72,0.0,0.0,0.33,3.57,0.0,0.0,0.33,0.56,0.0,12.0,0.33,4.02,0.0,0.0,0.32,0.43,0.0,10.0,0.33,4.5,0.0,0.0,0.33,0.33,0.0,0.0,0.33,,,,,,,,,,,,,,,,,,,,,,,,
2023-09-20 16:00:00,15.38,1.8,0,0,0.33,1.56,0,0,0.33,1.33,0,0,0.33,1.18,0,0,0.33,1.03,0,4,0.33,0.89,0,2,0.33,0.77,0,0,0.33,0.66,0,0,0.33,0.58,0,0,0.33,0.49,0,12,0.33,0.43,0,0,0.33,0.37,0,21,0.33,0.27,0,0,0.33,0.2,0,0,0.33,0.14,0,0,0.33,0.1,0,0,0.33,0.08,0,0,0.33,0.05,0,9,0.33,0.04,0,0,0.33,1.63,0,1,0.33,1.92,0,3,0.33,2.26,0,0,0.34,2.56,0,0,0.33,2.92,0,0,0.33,3.28,0,0,0.33,3.68,0,4,0.33,4.08,0,3,0.33,4.5,0,4,0.33,4.93,0,1,0.33,5.38,0,0,0.33,5.83,0,101,0.33,6.76,0,2,0.33,7.71,0,0,0.33,8.68,0,0,0.34,9.66,0,0,0.34,10.64,0,0,0.34,11.63,0,0,0.35,12.62,0,0,0.36,2.07,0.0,0.0,0.33,1.37,0.0,7.0,0.33,2.38,0.0,0.0,0.33,1.13,0.0,22.0,0.33,0.03,0.0,0.0,0.33,13.61,0.0,0.0,0.37,0.02,0.0,0.0,0.33,14.6,0.0,0.0,0.37,0.01,0.0,20.0,0.32,15.6,0.0,0.0,0.43,2.73,0.0,0.0,0.33,0.92,0.0,0.0,0.33,3.12,0.0,0.0,0.33,0.73,0.0,0.0,0.33,3.55,0.0,0.0,0.33,0.57,0.0,12.0,0.33,4.01,0.0,0.0,0.34,0.44,0.0,10.0,0.33,4.48,0.0,0.0,0.33,0.33,0.0,0.0,0.33,,,,,,,,,,,,,,,,,,,,,,,,
2023-09-21 16:00:00,15.14,1.65,0,0,0.33,1.39,0,0,0.32,1.24,0,0,0.33,1.07,0,0,0.33,0.93,0,4,0.33,0.8,0,2,0.33,0.69,0,0,0.33,0.6,0,0,0.33,0.51,0,0,0.33,0.44,0,12,0.33,0.38,0,0,0.33,0.32,0,21,0.33,0.23,0,0,0.33,0.17,0,0,0.33,0.12,0,0,0.33,0.09,0,0,0.33,0.06,0,0,0.33,0.05,0,9,0.34,0.03,0,0,0.33,1.74,0,1,0.33,2.08,0,3,0.34,2.36,0,0,0.33,2.71,0,0,0.33,3.07,0,0,0.33,3.46,0,0,0.33,3.85,0,4,0.33,4.27,0,3,0.33,4.7,0,4,0.33,5.14,0,1,0.33,5.59,0,0,0.33,6.05,0,101,0.33,6.98,0,2,0.33,7.94,0,0,0.33,8.92,0,0,0.34,9.9,0,0,0.33,10.89,0,0,0.35,11.87,0,0,,12.87,0,0,0.37,1.9,0.0,0.0,0.33,1.47,0.0,7.0,0.33,2.19,0.0,0.0,0.33,1.22,0.0,22.0,0.33,0.02,0.0,0.0,0.33,13.86,0.0,0.0,0.38,0.01,0.0,0.0,0.31,14.85,0.0,0.0,0.38,0.01,0.0,20.0,0.33,15.84,0.0,0.0,0.34,2.52,0.0,0.0,0.33,0.99,0.0,0.0,0.33,2.9,0.0,0.0,0.33,0.8,0.0,0.0,0.33,3.32,0.0,0.0,0.33,0.63,0.0,12.0,0.33,3.77,0.0,0.0,0.33,0.48,0.0,10.0,0.33,4.24,0.0,0.0,0.33,0.36,0.0,0.0,0.33,,,,,,,,,,,,,,,,,,,,,,,,
2023-09-22 16:00:00,15.3,1.73,0,0,0.33,1.5,0,0,0.33,1.27,0,0,0.32,1.13,0,0,0.33,0.98,0,4,0.33,0.85,0,2,0.33,0.73,0,0,0.33,0.63,0,0,0.33,0.55,0,0,0.33,0.47,0,12,0.33,0.4,0,0,0.33,0.34,0,21,0.33,0.25,0,0,0.33,0.18,0,0,0.33,0.13,0,0,0.33,0.09,0,0,0.33,0.07,0,0,0.33,0.05,0,9,0.33,0.03,0,0,0.32,1.66,0,1,0.33,1.95,0,3,0.33,2.33,0,0,0.34,2.6,0,0,0.33,2.96,0,0,0.33,3.33,0,0,0.33,3.73,0,4,0.33,4.14,0,3,0.33,4.56,0,4,0.33,5.0,0,1,0.33,5.44,0,0,0.33,5.9,0,101,0.33,6.83,0,2,0.33,7.79,0,0,0.33,8.76,0,0,0.33,9.74,0,0,0.33,10.73,0,0,0.34,11.72,0,0,0.35,12.71,0,0,0.36,1.99,0.0,0.0,0.33,1.39,0.0,7.0,0.33,2.3,0.0,0.0,0.33,1.15,0.0,22.0,0.33,0.02,0.0,0.0,0.32,13.7,0.0,0.0,0.37,0.01,0.0,0.0,0.31,14.69,0.0,0.0,0.36,0.01,0.0,20.0,0.32,15.68,0.0,0.0,,2.65,0.0,0.0,0.33,0.94,0.0,0.0,0.33,3.04,0.0,0.0,0.33,0.74,0.0,0.0,0.33,3.46,0.0,0.0,0.33,0.58,0.0,12.0,0.33,3.92,0.0,0.0,0.33,0.44,0.0,10.0,0.33,4.39,0.0,0.0,0.31,0.33,0.0,0.0,0.33,4.88,0.0,0.0,,0.24,15.0,15.0,0.33,,,,,,,,,,,,,,,,
2023-09-25 16:00:00,14.96,1.58,0,0,0.35,1.34,0,0,0.34,1.19,0,0,0.34,1.04,0,0,0.34,0.9,0,4,0.35,0.79,0,2,0.35,0.67,0,0,0.34,0.59,0,0,0.34,0.51,0,0,0.35,0.44,0,12,0.35,0.38,0,0,0.35,0.32,0,21,0.34,0.24,0,0,0.35,0.17,0,0,0.34,0.13,0,0,0.35,0.09,0,0,0.34,0.07,0,0,0.35,0.05,0,9,0.35,0.03,0,0,0.34,1.88,0,1,0.34,2.26,0,3,0.36,2.52,0,0,0.35,2.87,0,0,0.34,3.24,0,0,0.35,3.63,0,0,0.34,4.03,0,4,0.34,4.45,0,3,0.34,4.88,0,4,0.34,5.32,0,1,0.34,5.77,0,0,0.34,6.23,0,101,0.34,7.17,0,2,0.34,8.14,0,0,0.35,9.11,0,0,0.35,10.09,0,0,0.34,11.08,0,0,0.35,12.07,0,0,0.36,13.06,0,0,0.37,1.82,0.0,0.0,0.35,1.6,0.0,7.0,0.35,2.09,0.0,0.0,0.34,1.34,0.0,22.0,0.35,0.02,0.0,0.0,0.33,14.05,0.0,0.0,0.35,0.01,0.0,0.0,0.32,15.04,0.0,0.0,,0.01,0.0,20.0,0.33,16.04,0.0,0.0,0.43,2.4,0.0,0.0,0.34,1.1,0.0,0.0,0.34,2.76,0.0,0.0,0.34,0.89,0.0,0.0,0.34,3.16,0.0,0.0,0.34,0.71,0.0,12.0,0.35,3.6,0.0,0.0,0.35,0.55,0.0,10.0,0.35,4.06,0.0,0.0,0.34,0.42,0.0,0.0,0.35,4.54,0.0,0.0,0.33,0.32,0.0,15.0,0.35,,,,,,,,,,,,,,,,
2023-09-26 16:00:00,14.4,1.29,0,0,0.35,1.13,0,0,0.35,0.98,0,0,0.35,0.84,0,0,0.35,0.73,0,4,0.35,0.63,0,2,0.35,0.54,0,0,0.35,0.46,0,0,0.35,0.4,0,0,0.35,0.34,0,12,0.35,0.29,0,0,0.35,0.25,0,21,0.35,0.18,0,0,0.35,0.13,0,0,0.35,0.09,0,0,0.35,0.07,0,0,0.35,0.05,0,0,0.35,0.04,0,9,0.36,0.03,0,0,0.36,2.21,0,1,0.35,2.53,0,3,0.35,2.89,0,0,0.35,3.26,0,0,0.35,3.65,0,0,0.35,4.06,0,0,0.35,4.49,0,4,0.35,4.92,0,3,0.35,5.37,0,4,0.35,5.82,0,1,0.35,6.28,0,0,0.35,6.75,0,101,0.35,7.71,0,2,0.35,8.68,0,0,0.35,9.66,0,0,0.35,10.65,0,0,0.36,11.64,0,0,0.37,12.63,0,0,0.38,13.62,0,0,0.38,1.5,0.0,0.0,0.35,1.88,0.0,7.0,0.35,1.74,0.0,0.0,0.35,1.6,0.0,22.0,0.35,0.02,0.0,0.0,0.35,14.61,0.0,0.0,,0.01,0.0,0.0,0.34,15.61,0.0,0.0,0.44,0.01,0.0,20.0,0.35,16.6,0.0,0.0,0.45,2.01,0.0,0.0,0.35,1.33,0.0,0.0,0.35,2.33,0.0,0.0,0.35,1.09,0.0,0.0,0.35,2.69,0.0,0.0,0.35,0.88,0.0,12.0,0.35,3.09,0.0,0.0,0.35,0.69,0.0,10.0,0.35,3.52,0.0,0.0,0.34,0.53,0.0,0.0,0.35,3.99,0.0,0.0,0.34,0.41,0.0,15.0,0.35,,,,,,,,,,,,,,,,
2023-09-27 16:00:00,14.5,1.29,0,0,0.34,1.14,0,0,0.34,0.99,0,0,0.34,0.85,0,0,0.34,0.74,0,4,0.35,0.63,0,2,0.34,0.55,0,0,0.35,0.47,0,0,0.35,0.4,0,0,0.34,0.34,0,12,0.34,0.29,0,0,0.34,0.25,0,21,0.34,0.18,0,0,0.34,0.13,0,0,0.34,0.09,0,0,0.34,0.07,0,0,0.35,0.05,0,0,0.35,0.03,0,9,0.34,0.02,0,0,0.34,2.18,0,1,0.36,2.44,0,3,0.34,2.8,0,0,0.35,3.17,0,0,0.35,3.56,0,0,0.34,3.97,0,0,0.35,4.39,0,4,0.35,4.82,0,3,0.35,5.27,0,4,0.35,5.72,0,1,0.35,6.18,0,0,0.34,6.65,0,101,0.34,7.61,0,2,0.35,8.58,0,0,0.34,9.57,0,0,0.36,10.55,0,0,0.36,11.54,0,0,0.37,12.53,0,0,0.37,13.53,0,0,0.42,1.53,0.0,0.0,0.34,1.81,0.0,7.0,0.35,1.78,0.0,0.0,0.35,1.53,0.0,22.0,0.35,0.01,0.0,0.0,0.32,14.52,0.0,0.0,0.43,0.01,0.0,0.0,0.34,15.51,0.0,0.0,0.44,0.01,0.0,20.0,0.35,16.5,0.0,0.0,0.44,2.06,0.0,0.0,0.35,1.27,0.0,0.0,0.35,2.38,0.0,0.0,0.34,1.03,0.0,0.0,0.35,2.76,0.0,0.0,0.35,0.83,0.0,12.0,0.35,3.17,0.0,0.0,0.34,0.65,0.0,10.0,0.35,3.62,0.0,0.0,0.35,0.49,0.0,0.0,0.34,4.09,0.0,0.0,0.35,0.37,0.0,15.0,0.35,4.58,0.0,0.0,0.37,0.27,0.0,0.0,0.35,,,,,,,,
2023-09-28 16:00:00,14.44,1.3,0,0,0.35,1.16,0,0,0.36,1.01,0,0,0.36,0.87,0,0,0.36,0.76,0,4,0.36,0.66,0,2,0.36,0.57,0,0,0.36,0.49,0,0,0.36,0.43,0,0,0.36,0.36,8,9,0.36,0.31,0,0,0.36,0.27,0,21,0.36,0.2,0,0,0.36,0.14,0,0,0.35,0.1,0,0,0.35,0.08,0,0,0.36,0.06,0,0,0.36,0.04,0,9,0.36,0.03,0,0,0.36,2.26,0,1,0.37,2.53,0,3,0.36,2.88,0,0,0.36,3.25,0,0,0.36,3.65,0,0,0.36,4.05,0,0,0.36,4.47,0,4,0.36,4.9,0,3,0.36,5.35,0,4,0.36,5.8,0,1,0.36,6.26,0,0,0.36,6.73,0,101,0.36,7.68,0,2,0.35,8.65,0,0,0.35,9.63,0,0,0.35,10.62,0,0,0.36,11.61,0,0,0.37,12.6,0,0,0.38,13.59,0,0,0.37,1.54,0.0,0.0,0.36,1.88,0.0,7.0,0.36,1.78,0.0,0.0,0.36,1.6,0.0,22.0,0.36,0.02,0.0,0.0,0.35,14.58,0.0,0.0,,0.01,0.0,0.0,0.34,15.57,0.0,0.0,,0.01,0.0,20.0,0.35,16.57,0.0,0.0,0.43,2.04,0.0,0.0,0.36,1.34,0.0,0.0,0.36,2.36,0.0,0.0,0.36,1.1,0.0,0.0,0.36,2.72,0.0,0.0,0.36,0.89,0.0,12.0,0.36,3.12,0.0,0.0,0.35,0.7,0.0,10.0,0.36,3.56,0.0,0.0,0.35,0.54,0.0,0.0,0.36,4.03,0.0,0.0,0.36,0.41,0.0,15.0,0.36,4.51,0.0,0.0,0.33,0.31,0.0,0.0,0.36,,,,,,,,
2023-09-29 16:00:00,15.24,1.82,0,0,0.37,1.6,0,0,0.37,1.37,0,0,0.36,1.24,0,0,0.37,1.1,0,4,0.37,0.96,0,2,0.37,0.85,0,0,0.37,0.74,0,0,0.37,0.65,0,0,0.37,0.57,0,9,0.37,0.5,0,0,0.37,0.44,0,21,0.37,0.33,0,0,0.37,0.25,0,0,0.37,0.19,0,0,0.37,0.14,0,0,0.37,0.1,0,0,0.36,0.08,0,9,0.37,0.06,0,0,0.37,1.84,0,1,0.37,2.13,0,3,0.37,2.51,0,0,0.38,2.79,0,0,0.37,3.14,0,0,0.37,3.51,0,0,0.37,3.9,0,4,0.36,4.3,0,3,0.37,4.72,0,4,0.37,5.15,0,1,0.37,5.59,0,0,0.37,6.04,0,101,0.37,6.96,0,2,0.37,7.9,0,0,0.37,8.86,0,0,0.36,9.84,0,0,0.37,10.82,0,0,0.37,11.8,0,0,0.35,12.79,0,0,0.33,2.06,0.0,0.0,0.36,1.56,0.0,7.0,0.37,2.35,0.0,0.0,0.37,1.32,0.0,22.0,0.37,0.04,0.0,0.0,0.36,13.79,0.0,0.0,0.4,0.03,0.0,0.0,0.36,14.78,0.0,0.0,0.4,0.02,0.0,20.0,0.36,15.77,0.0,0.0,0.4,2.67,0.0,0.0,0.37,1.09,0.0,0.0,0.37,3.04,0.0,0.0,0.37,0.89,0.0,0.0,0.37,3.44,0.0,0.0,0.37,0.71,0.0,12.0,0.37,3.87,0.0,0.0,0.36,0.56,0.0,10.0,0.37,4.34,0.0,0.0,0.37,0.43,0.0,0.0,0.37,4.82,0.0,0.0,0.37,0.32,0.0,15.0,0.37,5.31,0.0,0.0,0.37,0.24,0.0,0.0,0.37,,,,,,,,
2023-10-03 16:00:00,14.44,1.77,0,0,0.35,1.61,0,0,0.36,1.43,0,0,0.36,1.25,0,0,0.36,1.11,0,4,0.36,0.97,2,2,0.36,0.85,0,0,0.36,0.75,0,0,0.36,0.65,0,0,0.36,0.57,0,9,0.36,0.49,0,0,0.36,0.43,0,21,0.36,0.33,0,0,0.36,0.24,0,0,0.36,0.18,0,0,0.36,0.14,0,0,0.36,0.1,0,0,0.36,0.08,0,9,0.36,0.06,0,0,0.37,1.81,0,1,0.37,2.04,0,3,0.36,2.36,0,0,0.36,2.68,0,0,0.36,3.04,0,0,0.36,3.4,0,0,0.36,3.79,0,4,0.36,4.19,0,3,0.36,4.61,0,4,0.36,5.03,0,1,0.36,5.47,0,0,0.36,5.92,0,101,0.36,6.84,0,2,0.36,7.78,0,0,0.36,8.75,0,0,0.37,9.73,0,0,0.37,10.71,0,0,0.38,11.7,0,0,0.39,12.69,0,0,0.4,2.04,0.0,0.0,0.36,1.48,0.0,7.0,0.36,2.3,0.0,0.0,0.36,1.24,0.0,22.0,0.36,0.04,0.0,0.0,0.36,13.68,0.0,0.0,0.41,0.03,0.0,0.0,0.36,14.67,0.0,0.0,0.41,0.02,0.0,20.0,0.36,15.67,0.0,0.0,0.45,2.57,0.0,0.0,0.36,1.02,0.0,0.0,0.36,2.86,0.0,0.0,0.36,0.83,0.0,0.0,0.36,3.18,0.0,0.0,0.36,0.66,0.0,12.0,0.36,3.52,0.0,0.0,0.36,0.51,0.0,10.0,0.36,3.88,0.0,0.0,0.36,0.38,0.0,0.0,0.36,4.27,0.0,0.0,0.36,0.29,0.0,15.0,0.36,4.67,0.0,0.0,0.36,0.21,0.0,0.0,0.36,,,,,,,,
2023-10-04 16:00:00,14.84,2.05,0,0,0.36,1.78,0,0,0.35,1.62,0,0,0.36,1.45,0,0,0.36,1.27,0,4,0.36,1.13,0,2,0.36,0.99,0,0,0.36,0.88,0,0,0.36,0.77,0,0,0.36,0.68,0,9,0.36,0.6,0,0,0.36,0.52,0,21,0.36,0.4,0,0,0.36,0.3,0,0,0.36,0.23,0,0,0.36,0.17,0,0,0.36,0.13,0,0,0.36,0.1,0,9,0.37,0.07,0,0,0.36,1.59,0,1,0.36,1.92,0,3,0.37,2.15,0,0,0.36,2.47,0,0,0.36,2.8,0,0,0.36,3.16,0,0,0.36,3.52,0,4,0.36,3.91,0,3,0.36,4.31,0,4,0.36,4.73,0,1,0.36,5.15,0,0,0.36,5.59,0,101,0.36,6.49,0,2,0.36,7.42,0,0,0.36,8.38,0,0,0.37,9.34,0,0,0.36,10.32,0,0,0.36,11.31,0,0,0.37,12.3,0,0,0.38,2.3,0.0,0.0,0.36,1.34,0.0,7.0,0.36,2.56,0.0,0.0,0.36,1.12,0.0,22.0,0.36,0.06,0.0,0.0,0.37,13.29,0.0,0.0,0.38,0.04,0.0,0.0,0.36,14.28,0.0,0.0,0.37,0.03,0.0,20.0,0.36,15.27,0.0,0.0,,2.85,0.0,0.0,0.36,0.91,0.0,0.0,0.36,3.17,0.0,0.0,0.36,0.74,0.0,0.0,0.36,3.49,0.0,0.0,0.36,0.58,0.0,12.0,0.36,3.85,0.0,0.0,0.36,0.45,0.0,10.0,0.36,4.23,0.0,0.0,0.36,0.34,0.0,0.0,0.36,4.62,0.0,0.0,0.36,0.25,0.0,15.0,0.37,5.04,0.0,0.0,0.37,0.18,0.0,0.0,0.37,,,,,,,,
2023-10-06 16:00:00,15.16,2.23,0,0,0.36,1.93,0,0,0.35,1.78,0,0,0.36,1.58,0,0,0.36,1.4,0,4,0.36,1.24,0,2,0.36,1.1,0,0,0.36,0.96,0,0,0.36,0.85,0,0,0.36,0.74,0,9,0.36,0.66,0,0,0.36,0.58,0,21,0.36,0.44,0,0,0.36,0.34,0,0,0.36,0.25,0,0,0.36,0.19,10,10,0.36,0.15,0,0,0.36,0.11,0,9,0.36,0.08,0,0,0.36,1.45,0,1,0.36,1.75,0,3,0.37,1.98,0,0,0.36,2.28,0,0,0.36,2.6,0,0,0.36,2.94,0,0,0.36,3.3,0,4,0.36,3.67,0,3,0.36,4.06,0,4,0.36,4.46,0,1,0.36,4.88,0,0,0.36,5.31,1,102,0.36,6.2,0,2,0.36,7.12,0,0,0.36,8.07,0,0,0.36,9.03,0,0,0.36,10.01,0,0,0.36,11.0,0,0,0.38,11.98,0,0,0.37,2.48,0.0,0.0,0.36,1.21,0.0,7.0,0.36,2.77,0.0,0.0,0.36,1.0,0.0,22.0,0.36,0.06,0.0,0.0,0.36,12.98,0.0,0.0,0.4,0.05,0.0,0.0,0.36,13.97,0.0,0.0,0.41,0.04,0.0,20.0,0.37,14.96,0.0,0.0,0.41,3.07,0.0,0.0,0.36,0.81,0.0,0.0,0.36,3.39,0.0,0.0,0.36,0.65,0.0,0.0,0.36,3.74,0.0,0.0,0.36,0.51,1.0,12.0,0.36,4.11,0.0,0.0,0.36,0.38,0.0,10.0,0.36,4.49,0.0,0.0,0.36,0.29,0.0,0.0,0.36,4.9,0.0,0.0,0.36,0.21,0.0,15.0,0.36,5.33,0.0,0.0,0.36,0.15,0.0,0.0,0.36,,,,,,,,
2023-10-13 16:00:00,14.42,1.69,0,0,0.35,1.53,0,0,0.36,1.35,0,0,0.36,1.18,0,0,0.36,1.04,0,4,0.36,0.9,0,2,0.36,0.79,0,0,0.36,0.68,0,0,0.36,0.6,0,0,0.36,0.51,0,9,0.36,0.45,0,0,0.36,0.38,0,21,0.35,0.29,0,0,0.36,0.21,0,0,0.36,0.15,0,0,0.35,0.11,0,10,0.35,0.08,0,0,0.35,0.06,0,9,0.36,0.04,0,0,0.35,1.77,0,1,0.37,2.0,0,3,0.36,2.32,0,0,0.36,2.65,0,0,0.36,3.01,0,0,0.36,3.38,0,0,0.36,3.77,0,4,0.36,4.17,0,3,0.36,4.6,0,4,0.36,5.03,0,1,0.36,5.47,0,0,0.35,5.93,0,102,0.36,6.86,0,2,0.36,7.81,0,0,0.35,8.79,0,0,0.36,9.77,0,0,0.36,10.76,0,0,0.37,11.75,0,0,0.36,12.74,0,0,,1.97,0.0,0.0,0.36,1.45,0.0,7.0,0.36,2.22,0.0,0.0,0.36,1.21,0.0,22.0,0.36,0.03,0.0,0.0,0.35,13.74,0.0,0.0,0.4,0.02,0.0,0.0,0.35,14.73,0.0,0.0,,0.01,0.0,20.0,0.33,15.73,0.0,0.0,0.43,2.49,0.0,0.0,0.36,0.99,0.0,0.0,0.36,2.78,0.0,0.0,0.36,0.79,0.0,0.0,0.36,3.11,0.0,0.0,0.36,0.63,0.0,12.0,0.36,3.45,0.0,0.0,0.36,0.48,0.0,10.0,0.36,3.82,0.0,0.0,0.36,0.36,0.0,0.0,0.36,4.21,0.0,0.0,0.36,0.26,0.0,15.0,0.36,4.62,0.0,0.0,0.36,0.19,0.0,0.0,0.36,,,,,,,,
2023-10-16 16:00:00,14.44,1.67,0,0,0.34,1.51,0,0,0.35,1.33,0,0,0.35,1.16,0,0,0.35,1.02,0,4,0.35,0.88,0,2,0.35,0.77,0,0,0.35,0.66,0,0,0.35,0.58,0,0,0.35,0.5,0,9,0.35,0.43,0,0,0.35,0.37,0,21,0.35,0.27,0,0,0.35,0.2,0,0,0.35,0.15,0,0,0.36,0.11,0,10,0.36,0.08,0,0,0.35,0.06,0,9,0.36,0.04,0,0,0.35,1.74,0,1,0.36,1.97,0,3,0.35,2.29,0,0,0.35,2.62,0,0,0.35,2.98,0,0,0.35,3.35,0,0,0.35,3.74,0,4,0.35,4.14,0,3,0.35,4.57,0,4,0.35,5.0,0,1,0.35,5.45,0,0,0.35,5.9,0,102,0.35,6.84,0,2,0.36,7.8,0,0,0.36,8.77,0,0,0.35,9.76,0,0,0.37,10.75,0,0,0.37,11.74,0,0,0.37,12.73,0,0,,1.95,0.0,0.0,0.35,1.42,0.0,7.0,0.35,2.2,0.0,0.0,0.35,1.18,0.0,22.0,0.35,0.03,0.0,0.0,0.35,13.73,0.0,0.0,0.4,0.02,0.0,0.0,0.35,14.72,0.0,0.0,,0.01,0.0,20.0,0.34,15.72,0.0,0.0,0.43,2.48,0.0,0.0,0.35,0.96,0.0,0.0,0.35,2.78,0.0,0.0,0.35,0.77,0.0,0.0,0.35,3.1,0.0,0.0,0.35,0.61,0.0,12.0,0.35,3.45,0.0,0.0,0.35,0.46,0.0,10.0,0.35,3.82,0.0,0.0,0.35,0.35,0.0,0.0,0.36,4.21,0.0,0.0,0.35,0.25,0.0,15.0,0.35,4.62,0.0,0.0,0.35,0.18,0.0,0.0,0.36,,,,,,,,
2023-10-18 16:00:00,14.76,1.86,0,0,0.35,1.6,0,0,0.34,1.44,0,0,0.34,1.26,0,0,0.34,1.1,0,4,0.34,0.96,0,2,0.34,0.83,0,0,0.34,0.72,0,0,0.34,0.62,0,0,0.34,0.54,0,9,0.34,0.46,0,0,0.34,0.4,0,21,0.34,0.3,0,0,0.35,0.21,0,0,0.34,0.15,0,0,0.34,0.11,0,10,0.34,0.08,0,0,0.34,0.06,0,9,0.35,0.04,0,0,0.34,1.5,0,1,0.35,1.83,0,3,0.36,2.07,0,0,0.34,2.39,0,0,0.34,2.74,0,0,0.35,3.1,0,0,0.35,3.48,0,4,0.35,3.87,0,3,0.34,4.29,0,4,0.35,4.71,0,1,0.34,5.15,0,0,0.34,5.6,0,102,0.34,6.53,0,2,0.35,7.48,0,0,0.34,8.45,0,0,0.34,9.44,0,0,0.35,10.43,0,0,0.36,11.42,0,0,0.35,12.42,0,0,0.4,2.11,0.0,0.0,0.34,1.26,0.0,7.0,0.35,2.38,0.0,0.0,0.35,1.03,0.0,22.0,0.35,0.03,0.0,0.0,0.34,13.41,0.0,0.0,0.38,0.02,0.0,0.0,0.34,14.41,0.0,0.0,0.43,0.01,0.0,20.0,0.33,15.41,0.0,0.0,0.47,2.67,0.0,0.0,0.35,0.83,0.0,0.0,0.35,2.99,0.0,0.0,0.35,0.66,0.0,0.0,0.35,3.32,0.0,0.0,0.34,0.51,0.0,12.0,0.35,3.69,0.0,0.0,0.35,0.38,0.0,10.0,0.34,4.07,0.0,0.0,0.34,0.28,0.0,0.0,0.34,4.48,0.0,0.0,0.35,0.2,0.0,15.0,0.35,4.9,0.0,0.0,0.34,0.14,0.0,0.0,0.35,,,,,,,,
2023-10-19 16:00:00,14.54,1.7,0,0,0.34,1.54,0,0,0.35,1.36,0,0,0.35,1.18,0,0,0.35,1.04,0,4,0.35,0.89,0,2,0.35,0.78,0,0,0.35,0.67,0,0,0.35,0.58,0,0,0.35,0.5,0,9,0.35,0.43,0,0,0.35,0.37,0,21,0.35,0.27,0,0,0.35,0.2,0,0,0.35,0.14,0,0,0.35,0.11,0,10,0.35,0.08,0,0,0.35,0.06,0,9,0.36,0.04,0,0,0.35,1.67,0,1,0.36,1.9,0,3,0.35,2.22,0,0,0.35,2.54,0,0,0.35,2.9,0,0,0.35,3.26,0,0,0.35,3.65,0,4,0.35,4.05,0,3,0.35,4.48,0,4,0.35,4.91,0,1,0.35,5.35,0,0,0.35,5.81,0,102,0.35,6.74,0,2,0.35,7.7,0,0,0.35,8.68,0,0,0.36,9.66,0,0,0.34,10.65,0,0,,11.65,0,0,0.37,12.64,0,0,,1.99,0.0,0.0,0.35,1.36,0.0,7.0,0.35,2.24,0.0,0.0,0.35,1.12,0.0,22.0,0.35,0.03,0.0,0.0,0.35,13.64,0.0,0.0,0.4,0.02,0.0,0.0,0.35,14.63,0.0,0.0,,0.01,0.0,20.0,0.34,15.63,0.0,0.0,0.41,2.53,0.0,0.0,0.35,0.91,0.0,0.0,0.35,2.83,0.0,0.0,0.35,0.73,0.0,0.0,0.35,3.16,0.0,0.0,0.35,0.57,0.0,12.0,0.35,3.52,0.0,0.0,0.35,0.43,0.0,10.0,0.35,3.89,0.0,0.0,0.35,0.32,0.0,0.0,0.35,4.29,0.0,0.0,0.35,0.23,0.0,15.0,0.35,4.7,0.0,0.0,0.35,0.16,0.0,0.0,0.35,,,,,,,,
2023-10-20 16:00:00,14.84,1.94,0,0,0.35,1.67,0,0,0.34,1.51,0,0,0.35,1.33,0,0,0.35,1.16,0,4,0.35,1.02,0,2,0.35,0.89,0,0,0.35,0.78,0,0,0.35,0.67,0,0,0.35,0.59,0,9,0.35,0.5,0,0,0.35,0.44,0,21,0.35,0.32,0,0,0.35,0.24,0,0,0.35,0.18,0,0,0.35,0.13,0,10,0.35,0.09,0,0,0.35,0.07,0,9,0.35,0.05,0,0,0.35,1.5,0,1,0.35,1.83,0,3,0.36,2.06,0,0,0.35,2.38,0,0,0.35,2.72,0,0,0.35,3.08,0,0,0.35,3.45,0,4,0.35,3.84,0,3,0.35,4.25,0,4,0.35,4.67,0,1,0.35,5.1,0,0,0.35,5.55,0,102,0.35,6.47,0,2,0.35,7.42,0,0,0.35,8.39,0,0,0.36,9.37,0,0,0.36,10.36,0,0,0.37,11.35,0,0,0.36,12.34,0,0,,2.19,0.0,0.0,0.35,1.26,0.0,7.0,0.35,2.46,0.0,0.0,0.35,1.03,0.0,22.0,0.35,0.04,0.0,0.0,0.36,13.34,0.0,0.0,0.38,0.03,0.0,0.0,0.36,14.34,0.0,0.0,0.43,0.02,0.0,20.0,0.36,15.33,0.0,0.0,0.39,2.75,0.0,0.0,0.35,0.83,0.0,0.0,0.35,3.07,0.0,0.0,0.35,0.66,0.0,0.0,0.35,3.41,0.0,0.0,0.35,0.51,0.0,12.0,0.35,3.77,0.0,0.0,0.35,0.39,0.0,10.0,0.35,4.16,0.0,0.0,0.35,0.29,0.0,0.0,0.35,4.56,0.0,0.0,0.35,0.21,0.0,15.0,0.36,4.98,0.0,0.0,0.35,0.15,0.0,0.0,0.36,,,,,,,,
2023-10-24 16:00:00,14.38,1.65,0,0,0.35,1.49,0,0,0.36,1.31,0,0,0.36,1.14,0,0,0.36,1.0,0,4,0.36,0.87,0,2,0.36,0.76,0,0,0.36,0.65,0,0,0.36,0.57,0,0,0.36,0.49,0,9,0.36,0.42,0,0,0.36,0.36,0,21,0.36,0.27,0,0,0.36,0.2,0,0,0.36,0.14,0,0,0.36,0.11,0,10,0.36,0.08,0,0,0.36,0.06,0,9,0.37,0.04,0,0,0.36,1.78,0,1,0.37,2.02,0,3,0.36,2.34,0,0,0.36,2.67,0,0,0.36,3.03,0,0,0.36,3.41,0,0,0.36,3.8,0,4,0.36,4.21,0,3,0.36,4.63,0,4,0.36,5.06,0,1,0.36,5.51,0,0,0.36,5.97,0,102,0.36,6.91,0,2,0.36,7.87,0,0,0.36,8.84,0,0,0.35,9.83,0,0,0.36,10.83,0,0,0.39,11.82,0,0,0.39,12.82,0,0,0.43,1.92,0.0,0.0,0.36,1.46,0.0,7.0,0.36,2.17,0.0,0.0,0.36,1.21,0.0,22.0,0.36,0.03,0.0,0.0,0.36,13.82,0.0,0.0,0.46,0.02,0.0,0.0,0.36,14.81,0.0,0.0,0.45,0.01,0.0,20.0,0.34,15.81,0.0,0.0,0.49,2.44,0.0,0.0,0.36,0.99,0.0,0.0,0.36,2.73,0.0,0.0,0.36,0.79,0.0,0.0,0.36,3.06,0.0,0.0,0.36,0.63,0.0,12.0,0.36,3.4,0.0,0.0,0.36,0.48,0.0,10.0,0.36,3.76,0.0,0.0,0.36,0.36,0.0,0.0,0.36,4.15,0.0,0.0,0.36,0.26,0.0,15.0,0.36,4.56,0.0,0.0,0.36,0.19,0.0,0.0,0.36,,,,,,,,
2023-10-25 16:00:00,14.22,1.51,0,0,0.34,1.36,0,0,0.35,1.18,0,0,0.35,1.03,0,0,0.35,0.89,0,4,0.35,0.77,0,2,0.35,0.66,0,0,0.35,0.57,0,0,0.35,0.49,0,0,0.35,0.42,0,9,0.35,0.36,0,0,0.35,0.31,0,21,0.35,0.22,0,0,0.35,0.16,0,0,0.35,0.12,0,0,0.35,0.08,0,10,0.35,0.06,0,0,0.35,0.04,0,9,0.35,0.03,0,0,0.35,1.81,0,1,0.36,2.06,0,3,0.35,2.38,0,0,0.35,2.73,0,0,0.35,3.09,0,0,0.35,3.48,0,0,0.35,3.88,0,4,0.35,4.3,0,3,0.35,4.73,0,4,0.35,5.18,0,1,0.35,5.63,0,0,0.35,6.1,0,102,0.35,7.05,0,2,0.35,8.02,0,0,0.35,9.0,0,0,0.34,10.0,0,0,0.37,10.99,0,0,0.36,11.99,0,0,0.41,12.98,0,0,,1.77,0.0,0.0,0.35,1.48,0.0,7.0,0.35,2.02,0.0,0.0,0.35,1.23,0.0,22.0,0.35,0.02,0.0,0.0,0.35,13.98,0.0,0.0,0.43,0.01,0.0,0.0,0.34,14.97,0.0,0.0,,0.01,0.0,20.0,0.35,15.97,0.0,0.0,,2.28,0.0,0.0,0.35,1.0,0.0,0.0,0.35,2.58,0.0,0.0,0.35,0.8,0.0,0.0,0.35,2.9,0.0,0.0,0.35,0.63,0.0,12.0,0.35,3.24,0.0,0.0,0.35,0.48,0.0,10.0,0.35,3.6,0.0,0.0,0.35,0.36,0.0,0.0,0.35,3.99,0.0,0.0,0.35,0.26,0.0,15.0,0.35,4.4,0.0,0.0,0.35,0.19,0.0,0.0,0.36,,,,,,,,
2023-10-26 16:00:00,14.16,1.52,0,0,0.35,1.33,0,0,0.35,1.15,0,0,0.35,1.01,0,0,0.35,0.86,0,4,0.35,0.75,0,2,0.35,0.64,0,0,0.35,0.56,0,0,0.35,0.47,0,0,0.35,0.41,0,9,0.35,0.35,0,0,0.35,0.3,0,21,0.35,0.21,0,0,0.35,0.15,0,0,0.35,0.11,0,0,0.35,0.08,0,10,0.35,0.06,0,0,0.36,0.04,0,9,0.35,0.03,0,0,0.36,1.79,0,1,0.35,2.09,0,3,0.35,2.42,0,0,0.35,2.77,0,0,0.35,3.13,0,0,0.35,3.52,0,0,0.35,3.92,0,4,0.35,4.35,0,3,0.35,4.78,0,4,0.35,5.23,0,1,0.35,5.68,0,0,0.35,6.15,0,102,0.35,7.1,0,2,0.35,8.08,0,0,0.36,9.06,0,0,0.34,10.06,0,0,0.38,11.05,0,0,0.36,12.05,0,0,0.41,13.05,0,0,0.45,1.69,0.0,0.0,0.34,1.55,0.0,7.0,0.36,1.98,0.0,0.0,0.35,1.25,0.0,22.0,0.35,0.02,0.0,0.0,0.35,14.04,0.0,0.0,0.43,0.01,0.0,0.0,0.34,15.04,0.0,0.0,0.47,0.01,0.0,20.0,0.35,16.03,0.0,0.0,,2.24,0.0,0.0,0.35,1.02,0.0,0.0,0.35,2.53,0.0,0.0,0.35,0.82,0.0,0.0,0.35,2.85,0.0,0.0,0.35,0.65,0.0,12.0,0.35,3.18,0.0,0.0,0.35,0.49,0.0,10.0,0.35,3.55,0.0,0.0,0.35,0.37,0.0,0.0,0.35,3.93,0.0,0.0,0.35,0.27,0.0,15.0,0.35,4.34,0.0,0.0,0.35,0.19,0.0,0.0,0.35,4.55,0.0,0.0,0.35,0.16,0.0,0.0,0.36
2023-10-27 16:00:00,14.46,1.59,0,0,0.33,1.42,0,0,0.34,1.25,0,0,0.34,1.08,0,0,0.34,0.93,0,4,0.34,0.8,0,2,0.34,0.69,0,0,0.34,0.59,0,0,0.34,0.51,0,0,0.34,0.43,0,9,0.34,0.37,0,0,0.34,0.31,0,21,0.34,0.22,0,0,0.34,0.16,0,0,0.34,0.11,0,0,0.34,0.08,0,10,0.34,0.06,0,0,0.35,0.04,0,9,0.34,0.03,0,0,0.34,1.65,0,1,0.35,1.88,0,3,0.34,2.2,0,0,0.34,2.53,0,0,0.34,2.89,0,0,0.34,3.27,0,0,0.34,3.66,0,4,0.34,4.08,0,3,0.34,4.5,0,4,0.34,4.94,0,1,0.34,5.4,0,0,0.34,5.86,0,102,0.34,6.81,0,2,0.34,7.78,0,0,0.34,8.77,0,0,0.36,9.76,0,0,0.36,10.76,0,0,0.4,11.75,0,0,0.39,12.75,0,0,0.43,1.87,0.0,0.0,0.34,1.33,0.0,7.0,0.34,2.12,0.0,0.0,0.34,1.09,0.0,22.0,0.34,0.02,0.0,0.0,0.34,13.75,0.0,0.0,0.46,0.01,0.0,0.0,0.33,14.74,0.0,0.0,0.46,0.01,0.0,20.0,0.34,15.74,0.0,0.0,0.49,2.41,0.0,0.0,0.34,0.88,0.0,0.0,0.34,2.71,0.0,0.0,0.34,0.7,0.0,0.0,0.34,3.04,0.0,0.0,0.34,0.54,0.0,12.0,0.34,3.4,0.0,0.0,0.34,0.41,0.0,10.0,0.34,3.78,0.0,0.0,0.34,0.3,0.0,0.0,0.34,4.18,0.0,0.0,0.34,0.21,0.0,15.0,0.34,4.6,0.0,0.0,0.34,0.14,0.0,0.0,0.34,4.82,0.0,0.0,0.35,0.12,0.0,0.0,0.34
2023-10-30 16:00:00,14.44,1.72,0,0,0.36,1.51,0,0,0.37,1.33,0,0,0.36,1.16,0,0,0.37,1.02,0,4,0.37,0.88,0,2,0.36,0.77,0,0,0.36,0.66,0,0,0.36,0.58,0,0,0.37,0.5,0,9,0.37,0.43,0,0,0.36,0.37,0,21,0.36,0.28,0,0,0.37,0.2,0,0,0.36,0.15,0,0,0.37,0.11,0,10,0.37,0.08,0,0,0.37,0.06,0,9,0.37,0.04,0,0,0.36,1.71,0,1,0.37,1.99,0,3,0.37,2.31,0,0,0.37,2.64,0,0,0.37,3.0,0,0,0.37,3.37,0,0,0.37,3.76,0,4,0.36,4.16,0,3,0.36,4.59,0,4,0.37,5.02,0,1,0.37,5.47,0,0,0.37,5.92,0,102,0.36,6.86,0,2,0.36,7.82,0,0,0.36,8.8,0,0,0.35,9.79,0,0,0.34,10.79,0,0,0.39,11.78,0,0,,12.78,0,0,0.39,1.95,0.0,0.0,0.37,1.44,0.0,7.0,0.37,2.2,0.0,0.0,0.37,1.2,0.0,22.0,0.37,0.03,0.0,0.0,0.36,13.78,0.0,0.0,0.44,0.02,0.0,0.0,0.36,14.77,0.0,0.0,,0.01,0.0,20.0,0.35,15.77,0.0,0.0,,2.48,0.0,0.0,0.37,0.98,0.0,0.0,0.37,2.77,0.0,0.0,0.37,0.78,0.0,0.0,0.37,3.1,0.0,0.0,0.37,0.62,0.0,12.0,0.37,3.44,0.0,0.0,0.36,0.48,0.0,10.0,0.37,3.81,0.0,0.0,0.37,0.35,0.0,0.0,0.36,4.2,0.0,0.0,0.37,0.26,0.0,15.0,0.37,4.61,0.0,0.0,0.37,0.18,0.0,0.0,0.37,4.82,0.0,0.0,0.36,0.15,0.0,0.0,0.37
2023-10-31 16:00:00,14.34,1.49,0,0,0.33,1.33,0,0,0.34,1.15,0,0,0.34,0.99,0,0,0.34,0.85,0,4,0.34,0.73,0,2,0.34,0.62,0,0,0.34,0.53,0,0,0.34,0.44,0,0,0.34,0.38,0,9,0.34,0.32,0,0,0.34,0.27,0,21,0.34,0.19,0,0,0.34,0.13,0,0,0.33,0.09,0,0,0.33,0.07,0,10,0.34,0.05,0,0,0.34,0.03,0,9,0.34,0.02,0,0,0.33,1.67,0,1,0.35,1.91,0,3,0.34,2.23,0,0,0.34,2.58,0,0,0.34,2.94,0,0,0.34,3.33,0,0,0.34,3.73,0,4,0.34,4.15,0,3,0.34,4.58,0,4,0.34,5.03,0,1,0.33,5.49,0,0,0.34,5.96,0,102,0.33,6.92,0,2,0.33,7.9,0,0,0.32,8.89,0,0,,9.89,0,0,0.35,10.89,0,0,0.39,11.89,0,0,0.42,12.88,0,0,0.38,1.75,0.0,0.0,0.34,1.34,0.0,7.0,0.34,2.01,0.0,0.0,0.34,1.11,0.0,22.0,0.34,0.01,0.0,0.0,0.32,13.88,0.0,0.0,0.44,0.01,0.0,0.0,0.34,14.88,0.0,0.0,0.48,0.01,0.0,20.0,0.35,15.87,0.0,0.0,,2.29,0.0,0.0,0.34,0.89,0.0,0.0,0.34,2.59,0.0,0.0,0.34,0.7,0.0,0.0,0.34,2.92,0.0,0.0,0.34,0.54,0.0,12.0,0.34,3.27,0.0,0.0,0.34,0.4,0.0,10.0,0.33,3.65,0.0,0.0,0.34,0.29,0.0,0.0,0.33,4.05,0.0,0.0,0.34,0.21,0.0,15.0,0.34,4.47,0.0,0.0,0.34,0.14,0.0,0.0,0.34,4.69,0.0,0.0,0.34,0.12,0.0,0.0,0.34
2023-11-02 16:00:00,14.88,1.84,0,0,0.34,1.57,0,0,0.33,1.41,0,0,0.34,1.23,0,0,0.34,1.06,0,4,0.34,0.92,0,2,0.34,0.79,0,0,0.34,0.68,0,0,0.34,0.58,0,0,0.34,0.49,0,9,0.33,0.42,0,0,0.34,0.36,0,21,0.34,0.26,0,0,0.34,0.18,0,0,0.33,0.13,0,0,0.34,0.09,0,10,0.34,0.06,0,0,0.33,0.05,0,9,0.34,0.03,0,0,0.33,1.36,0,1,0.34,1.68,0,3,0.35,1.92,0,0,0.34,2.24,0,0,0.34,2.58,0,0,0.34,2.93,0,0,0.33,3.32,0,4,0.34,3.71,0,3,0.34,4.13,0,4,0.34,4.56,0,1,0.34,5.01,0,0,0.34,5.46,0,102,0.33,6.41,0,2,0.34,7.38,0,0,0.34,8.36,0,0,0.33,9.35,0,0,,10.35,0,0,0.34,11.35,0,0,0.39,12.35,0,0,0.43,2.1,0.0,0.0,0.34,1.12,0.0,7.0,0.34,2.38,0.0,0.0,0.34,0.91,0.0,22.0,0.34,0.02,0.0,0.0,0.33,13.34,0.0,0.0,,0.01,0.0,0.0,0.32,14.34,0.0,0.0,0.44,0.01,0.0,20.0,0.33,15.34,0.0,0.0,0.48,2.68,0.0,0.0,0.34,0.72,0.0,0.0,0.34,3.01,0.0,0.0,0.34,0.56,0.0,0.0,0.34,3.36,0.0,0.0,0.33,0.43,0.0,12.0,0.34,3.74,0.0,0.0,0.34,0.31,0.0,10.0,0.33,4.13,0.0,0.0,0.33,0.22,0.0,0.0,0.34,4.55,0.0,0.0,0.34,0.15,0.0,15.0,0.34,4.99,0.0,0.0,0.34,0.1,0.0,0.0,0.34,5.21,0.0,0.0,0.34,0.09,0.0,0.0,0.34
2023-11-03 16:00:00,15.46,2.17,0,0,0.33,1.92,0,0,0.33,1.63,0,0,0.32,1.46,0,0,0.33,1.28,0,4,0.33,1.11,0,2,0.33,0.96,0,0,0.33,0.83,0,0,0.33,0.71,0,0,0.33,0.61,0,9,0.33,0.52,0,0,0.33,0.45,0,21,0.33,0.32,0,0,0.33,0.23,0,0,0.33,0.17,0,0,0.33,0.12,0,10,0.33,0.08,0,0,0.33,0.06,0,9,0.33,0.04,0,0,0.33,1.1,0,1,0.33,1.34,0,3,0.33,1.65,0,0,0.34,1.88,0,0,0.33,2.2,0,0,0.33,2.53,0,0,0.33,2.89,0,4,0.33,3.26,0,3,0.33,3.66,0,4,0.33,4.07,0,1,0.33,4.5,0,0,0.33,4.94,0,102,0.33,5.85,0,2,0.33,6.81,0,0,0.33,7.79,0,0,0.33,8.78,0,0,0.34,9.77,0,0,0.31,10.77,0,0,0.37,11.77,0,0,0.41,2.46,0.0,0.0,0.33,0.9,0.0,7.0,0.33,2.76,0.0,0.0,0.33,0.71,0.0,22.0,0.33,0.03,0.0,0.0,0.33,12.77,0.0,0.0,0.44,0.02,0.0,0.0,0.33,13.76,0.0,0.0,0.42,0.01,0.0,20.0,0.32,14.76,0.0,0.0,0.46,3.1,0.0,0.0,0.33,0.55,0.0,0.0,0.33,3.45,0.0,0.0,0.33,0.42,0.0,0.0,0.33,3.83,0.0,0.0,0.33,0.31,0.0,12.0,0.33,4.23,0.0,0.0,0.33,0.22,0.0,10.0,0.33,4.65,0.0,0.0,0.33,0.15,0.0,0.0,0.33,5.08,0.0,0.0,0.33,0.1,0.0,15.0,0.33,5.53,0.0,0.0,0.33,0.07,0.0,0.0,0.33,5.76,0.0,0.0,0.33,0.06,0.0,0.0,0.34
2023-11-06 16:00:00,15.48,2.17,0,0,0.33,1.91,0,0,0.33,1.62,0,0,0.32,1.45,0,0,0.33,1.27,0,4,0.33,1.1,0,2,0.33,0.95,0,0,0.33,0.82,0,0,0.33,0.7,0,0,0.33,0.6,0,9,0.33,0.51,0,0,0.33,0.44,0,21,0.33,0.31,0,0,0.33,0.22,0,0,0.33,0.16,0,0,0.33,0.11,0,10,0.33,0.08,0,0,0.33,0.05,0,9,0.32,0.04,0,0,0.33,1.08,0,1,0.33,1.32,0,3,0.33,1.63,0,0,0.34,1.86,0,0,0.33,2.17,0,0,0.33,2.5,0,0,0.33,2.86,0,4,0.33,3.24,0,3,0.33,3.63,0,4,0.33,4.04,0,1,0.33,4.47,0,0,0.33,4.91,0,102,0.33,5.83,0,2,0.32,6.79,0,0,0.32,7.77,0,0,0.32,8.77,0,0,0.35,9.76,0,0,0.34,10.76,0,0,0.38,11.76,0,0,0.41,2.45,0.0,0.0,0.33,0.88,0.0,7.0,0.33,2.76,0.0,0.0,0.33,0.69,0.0,22.0,0.33,0.03,0.0,0.0,0.33,12.76,0.0,0.0,0.44,0.02,0.0,0.0,0.33,13.75,0.0,0.0,0.42,0.01,0.0,20.0,0.32,14.75,0.0,0.0,0.46,3.09,0.0,0.0,0.33,0.54,0.0,0.0,0.33,3.45,0.0,0.0,0.33,0.41,0.0,0.0,0.33,3.84,0.0,0.0,0.33,0.3,0.0,12.0,0.33,4.24,0.0,0.0,0.33,0.21,0.0,10.0,0.33,4.65,0.0,0.0,0.32,0.15,0.0,0.0,0.33,5.09,0.0,0.0,0.33,0.1,0.0,15.0,0.33,5.54,0.0,0.0,0.32,0.06,0.0,0.0,0.33,5.77,0.0,0.0,0.32,0.05,0.0,0.0,0.33
2023-11-07 16:00:00,14.92,1.8,0,0,0.33,1.53,0,0,0.32,1.36,0,0,0.33,1.18,0,0,0.33,1.01,0,4,0.33,0.87,0,2,0.33,0.74,0,0,0.33,0.63,0,0,0.33,0.54,0,0,0.33,0.45,0,9,0.33,0.38,0,0,0.32,0.32,0,21,0.33,0.23,0,0,0.33,0.16,0,0,0.33,0.11,0,0,0.33,0.08,0,10,0.33,0.05,0,0,0.32,0.04,0,9,0.33,0.02,0,0,0.32,1.29,0,1,0.33,1.6,0,3,0.34,1.84,0,0,0.33,2.16,0,0,0.33,2.5,0,0,0.33,2.86,0,0,0.33,3.24,0,4,0.33,3.64,0,3,0.33,4.06,0,4,0.33,4.49,0,1,0.32,4.95,0,0,0.33,5.41,0,102,0.33,6.36,0,2,0.32,7.34,0,0,0.32,8.33,0,0,,9.33,0,0,0.35,10.33,0,0,0.39,11.32,0,0,,12.32,0,0,,2.06,0.0,0.0,0.33,1.05,0.0,7.0,0.33,2.35,0.0,0.0,0.33,0.85,0.0,22.0,0.33,0.01,0.0,0.0,0.31,13.32,0.0,0.0,0.4,0.01,0.0,0.0,0.32,14.32,0.0,0.0,0.46,0.01,0.0,20.0,0.34,15.32,0.0,0.0,0.5,2.65,0.0,0.0,0.32,0.66,0.0,0.0,0.33,2.99,0.0,0.0,0.33,0.5,0.0,0.0,0.32,3.35,0.0,0.0,0.33,0.38,0.0,12.0,0.33,3.73,0.0,0.0,0.32,0.28,0.0,10.0,0.33,4.14,0.0,0.0,0.33,0.19,0.0,0.0,0.32,4.56,0.0,0.0,0.32,0.13,0.0,15.0,0.33,5.0,0.0,0.0,0.32,0.08,0.0,0.0,0.32,5.23,0.0,0.0,0.33,0.07,0.0,0.0,0.33
2023-11-08 16:00:00,14.94,1.81,0,0,0.33,1.53,0,0,0.32,1.36,0,0,0.32,1.18,0,0,0.33,1.01,0,4,0.32,0.87,0,2,0.33,0.74,0,0,0.32,0.63,0,0,0.33,0.54,0,0,0.33,0.45,0,9,0.33,0.38,0,0,0.32,0.32,0,21,0.33,0.22,0,0,0.32,0.16,0,0,0.33,0.11,0,0,0.33,0.07,0,10,0.32,0.05,0,0,0.32,0.03,0,9,0.32,0.02,0,0,0.32,1.27,0,1,0.32,1.58,0,3,0.33,1.82,0,0,0.32,2.14,0,0,0.33,2.48,0,0,0.33,2.84,0,0,0.33,3.22,0,4,0.32,3.62,0,3,0.33,4.04,0,4,0.32,4.47,0,1,0.32,4.93,0,0,0.33,5.39,0,102,0.33,6.34,0,2,0.32,7.32,0,0,0.32,8.31,0,0,,9.31,0,0,0.34,10.31,0,0,0.39,11.31,0,0,0.42,12.31,0,0,0.45,2.06,0.0,0.0,0.32,1.04,0.0,7.0,0.33,2.35,0.0,0.0,0.32,0.83,0.0,22.0,0.32,0.01,0.0,0.0,0.31,13.3,0.0,0.0,,0.01,0.0,0.0,0.32,14.3,0.0,0.0,0.46,0.01,0.0,20.0,0.34,15.3,0.0,0.0,0.5,2.66,0.0,0.0,0.32,0.65,0.0,0.0,0.32,3.0,0.0,0.0,0.33,0.49,0.0,0.0,0.32,3.36,0.0,0.0,0.32,0.37,0.0,12.0,0.32,3.75,0.0,0.0,0.33,0.27,0.0,10.0,0.33,4.15,0.0,0.0,0.32,0.19,0.0,0.0,0.33,4.58,0.0,0.0,0.33,0.13,0.0,15.0,0.33,5.02,0.0,0.0,0.33,0.08,0.0,0.0,0.32,5.24,0.0,0.0,0.32,0.07,0.0,0.0,0.33
2023-11-15 16:00:00,15.6,2.22,0,21,0.33,1.96,0,0,0.33,1.67,0,0,0.32,1.5,0,0,0.33,1.31,0,4,0.33,1.13,0,2,0.33,0.98,0,0,0.33,0.84,0,0,0.33,0.73,0,0,0.33,0.62,0,9,0.33,0.53,0,0,0.33,0.45,0,21,0.33,0.32,0,0,0.33,0.23,0,0,0.33,0.16,0,0,0.33,0.12,0,10,0.33,0.08,0,0,0.33,0.06,0,9,0.34,0.04,0,0,0.33,1.03,0,1,0.33,1.27,0,3,0.33,1.57,0,0,0.34,1.8,0,0,0.33,2.11,0,0,0.33,2.43,0,0,0.33,2.78,0,4,0.33,3.15,0,3,0.33,3.54,0,4,0.33,3.95,0,1,0.33,4.38,0,0,0.33,4.81,0,102,0.33,5.73,0,2,0.33,6.69,0,0,0.33,7.68,0,0,0.34,8.67,0,0,,9.67,0,0,,10.67,0,0,0.38,11.67,0,0,0.42,2.52,0.0,0.0,0.33,0.84,0.0,7.0,0.33,2.84,0.0,0.0,0.33,0.66,0.0,22.0,0.33,0.03,0.0,0.0,0.34,12.67,0.0,0.0,0.45,0.02,0.0,0.0,0.34,13.67,0.0,0.0,0.48,0.01,0.0,20.0,0.32,14.67,0.0,0.0,0.5,3.17,0.0,0.0,0.33,0.51,0.0,0.0,0.33,3.54,0.0,0.0,0.33,0.38,0.0,0.0,0.33,3.92,0.0,0.0,0.33,0.28,0.0,12.0,0.33,4.33,0.0,0.0,0.33,0.2,0.0,10.0,0.33,4.75,0.0,0.0,0.33,0.14,0.0,0.0,0.33,5.19,0.0,0.0,0.33,0.09,0.0,15.0,0.33,5.64,0.0,0.0,0.33,0.06,0.0,0.0,0.34,5.88,0.0,0.0,0.34,0.05,0.0,0.0,0.34
2023-11-22 16:00:00,14.2,2.31,0,21,0.32,2.03,0,0,0.32,1.77,0,0,0.32,1.50,0,0,0.31,1.34,0,4,0.32,1.15,0,2,0.32,0.99,0,0,0.32,0.85,0,0,0.32,0.73,0,0,0.32,0.61,0,9,0.32,0.52,0,0,0.32,0.44,0,21,0.32,0.31,0,0,0.32,0.22,0,0,0.32,0.15,0,0,0.32,0.11,0,10,0.32,0.07,0,0,0.32,0.05,0,9,0.32,0.03,0,0,0.32,0.90,0,1,0.32,1.12,0,3,0.32,1.35,0,0,0.32,1.68,0,0,0.33,1.92,0,0,0.32,2.24,0,0,0.32,2.58,0,4,0.32,2.94,0,3,0.32,3.33,0,4,0.32,3.73,0,1,0.32,4.16,0,0,0.32,4.59,0,102,0.32,5.51,0,2,0.32,6.48,0,0,0.32,7.48,0,0,0.35,8.48,0,0,0.38,9.48,0,0,0.41,10.48,0,0,0.44,11.48,0,0,0.47,2.61,0,0,0.32,0.71,0,7,0.32,2.94,0,0,0.32,0.55,0,22,0.32,0.02,0,0,0.32,12.48,0,0,0.49,0.01,0,0,0.31,13.48,0,0,0.52,0.01,0,20,0.32,14.48,0,0,0.54,3.30,0,0,0.32,0.42,0,0,0.32,3.67,0,0,0.32,0.31,0,0,0.32,4.07,0,0,0.32,0.22,0,12,0.32,4.49,0,0,0.32,0.15,0,10,0.32,4.93,0,0,0.32,0.10,0,0,0.32,5.38,0,0,0.32,0.06,0,15,0.32,5.84,0,0,0.32,0.04,0,0,0.32,6.07,0,0,,0.03,0,0,0.32
