time,close,C,C,C,C,C,C,C,C,C,C,C,C,C,C,C,C,C,C,C,C,C,C,C,C,C,C,C,C,C,C,C,C,C,C,C,C,C,C,C,C,C,C,C,C,C,C,C,C,C,C,C,C,C,C,C,C,C,C,C,C,C,C,C,C,C,C,C,C,C,C,C,C,C,C,C,C,P,P,P,P,P,P,P,P,P,P,P,P,P,P,P,P,P,P,P,P,P,P,P,P,P,P,P,P,P,P,P,P,P,P,P,P,P,P,P,P,P,P,P,P,P,P,P,P,P,P,P,P,P,P,P,P,P,P,P,P,P,P,P,P,P,P,P,P,P,P,P,P,P,P,P,P,C,C,C,C,C,C,C,C,C,C,C,C,C,C,C,C,C,C,C,C,C,C,C,C,P,P,P,P,P,P,P,P,P,P,P,P,P,P,P,P,P,P,P,P,P,P,P,P,C,C,C,C,C,C,C,C,P,P,P,P,P,P,P,P,C,C,C,C,P,P,P,P,C,C,C,C,C,C,C,C,P,P,P,P,P,P,P,P,C,C,C,C,P,P,P,P
time,close,57.50,57.50,57.50,57.50,60.00,60.00,60.00,60.00,62.50,62.50,62.50,62.50,65.00,65.00,65.00,65.00,67.50,67.50,67.50,67.50,70.00,70.00,70.00,70.00,72.50,72.50,72.50,72.50,75.00,75.00,75.00,75.00,77.50,77.50,77.50,77.50,80.00,80.00,80.00,80.00,82.50,82.50,82.50,82.50,85.00,85.00,85.00,85.00,87.50,87.50,87.50,87.50,90.00,90.00,90.00,90.00,92.50,92.50,92.50,92.50,95.00,95.00,95.00,95.00,97.50,97.50,97.50,97.50,100.00,100.00,100.00,100.00,102.50,102.50,102.50,102.50,57.50,57.50,57.50,57.50,60.00,60.00,60.00,60.00,62.50,62.50,62.50,62.50,65.00,65.00,65.00,65.00,67.50,67.50,67.50,67.50,70.00,70.00,70.00,70.00,72.50,72.50,72.50,72.50,75.00,75.00,75.00,75.00,77.50,77.50,77.50,77.50,80.00,80.00,80.00,80.00,82.50,82.50,82.50,82.50,85.00,85.00,85.00,85.00,87.50,87.50,87.50,87.50,90.00,90.00,90.00,90.00,92.50,92.50,92.50,92.50,95.00,95.00,95.00,95.00,97.50,97.50,97.50,97.50,100.00,100.00,100.00,100.00,102.50,102.50,102.50,102.50,55.00,55.00,55.00,55.00,105.00,105.00,105.00,105.00,107.50,107.50,107.50,107.50,110.00,110.00,110.00,110.00,112.50,112.50,112.50,112.50,115.00,115.00,115.00,115.00,55.00,55.00,55.00,55.00,105.00,105.00,105.00,105.00,107.50,107.50,107.50,107.50,110.00,110.00,110.00,110.00,112.50,112.50,112.50,112.50,115.00,115.00,115.00,115.00,50.00,50.00,50.00,50.00,52.50,52.50,52.50,52.50,50.00,50.00,50.00,50.00,52.50,52.50,52.50,52.50,49.00,49.00,49.00,49.00,49.00,49.00,49.00,49.00,117.50,117.50,117.50,117.50,120.00,120.00,120.00,120.00,117.50,117.50,117.50,117.50,120.00,120.00,120.00,120.00,48.00,48.00,48.00,48.00,48.00,48.00,48.00,48.00
time,close,settle,volume,oi,imp_vol,settle,volume,oi,imp_vol,settle,volume,oi,imp_vol,settle,volume,oi,imp_vol,settle,volume,oi,imp_vol,settle,volume,oi,imp_vol,settle,volume,oi,imp_vol,settle,volume,oi,imp_vol,settle,volume,oi,imp_vol,settle,volume,oi,imp_vol,settle,volume,oi,imp_vol,settle,volume,oi,imp_vol,settle,volume,oi,imp_vol,settle,volume,oi,imp_vol,settle,volume,oi,imp_vol,settle,volume,oi,imp_vol,settle,volume,oi,imp_vol,settle,volume,oi,imp_vol,settle,volume,oi,imp_vol,settle,volume,oi,imp_vol,settle,volume,oi,imp_vol,settle,volume,oi,imp_vol,settle,volume,oi,imp_vol,settle,volume,oi,imp_vol,settle,volume,oi,imp_vol,settle,volume,oi,imp_vol,settle,volume,oi,imp_vol,settle,volume,oi,imp_vol,settle,volume,oi,imp_vol,settle,volume,oi,imp_vol,settle,volume,oi,imp_vol,settle,volume,oi,imp_vol,settle,volume,oi,imp_vol,settle,volume,oi,imp_vol,settle,volume,oi,imp_vol,settle,volume,oi,imp_vol,settle,volume,oi,imp_vol,settle,volume,oi,imp_vol,settle,volume,oi,imp_vol,settle,volume,oi,imp_vol,settle,volume,oi,imp_vol,settle,volume,oi,imp_vol,settle,volume,oi,imp_vol,settle,volume,oi,imp_vol,settle,volume,oi,imp_vol,settle,volume,oi,imp_vol,settle,volume,oi,imp_vol,settle,volume,oi,imp_vol,settle,volume,oi,imp_vol,settle,volume,oi,imp_vol,settle,volume,oi,imp_vol,settle,volume,oi,imp_vol,settle,volume,oi,imp_vol,settle,volume,oi,imp_vol,settle,volume,oi,imp_vol,settle,volume,oi,imp_vol,settle,volume,oi,imp_vol,settle,volume,oi,imp_vol,settle,volume,oi,imp_vol,settle,volume,oi,imp_vol,settle,volume,oi,imp_vol,settle,volume,oi,imp_vol
2023-02-28 16:00:00,78.05,28.09,0,0,0.55,26.62,0,0,0.55,25.25,0,0,0.55,23.97,0,0,0.55,22.69,0,0,0.55,21.51,0,0,0.55,20.42,0,0,0.55,19.33,0,0,0.55,18.15,0,0,0.54,17.38,0,0,0.55,16.47,0,0,0.55,15.57,0,0,0.55,14.75,0,0,0.55,14.02,0,0,0.55,13.3,0,0,0.55,12.57,0,0,0.55,11.89,0,0,0.55,11.32,0,0,0.55,10.75,0,0,0.55,6.68,3,3,0.55,7.44,0,0,0.55,8.5,0,0,0.55,9.93,0,0,0.56,11.11,0,0,0.56,12.05,0,0,0.55,13.39,0,0,0.55,14.74,0,0,0.55,16.23,0,0,0.55,17.67,0,0,0.55,19.21,0,0,0.55,20.77,0,0,0.55,22.41,0,0,0.55,24.13,0,0,0.55,25.86,0,0,0.55,27.6,0,0,0.55,29.39,0,0,0.55,31.28,0,0,0.55,33.18,0,0,0.55,,,,,,,,,,,,,,,,,,,,,,,,,,,,,,,,,,,,,,,,,,,,,,,,,,,,,,,,,,,,,,,,,,,,,,,,,,,,,,,,,,,,,,,,,,,,,,,,
2023-03-01 16:00:00,80.25,29.65,0,0,0.54,28.17,0,0,0.54,26.7,0,0,0.54,25.36,0,0,0.54,24.07,0,0,0.54,22.78,0,0,0.54,21.63,0,0,0.54,20.54,0,0,0.54,19.44,0,0,0.54,18.5,0,0,0.54,17.5,0,0,0.54,16.59,0,0,0.54,15.68,0,0,0.54,14.88,0,0,0.54,14.14,0,0,0.54,13.41,0,0,0.54,12.68,0,0,0.54,12.0,0,0,0.54,11.43,0,0,0.54,5.85,0,3,0.54,6.79,0,0,0.54,7.74,0,0,0.54,8.83,0,0,0.54,9.96,0,0,0.54,11.11,0,0,0.54,12.39,0,0,0.54,13.73,0,0,0.54,15.06,16,16,0.54,16.42,0,0,0.53,18.02,0,0,0.54,19.56,0,0,0.54,21.11,0,0,0.54,22.76,0,0,0.54,24.47,0,0,0.54,26.2,0,0,0.54,27.93,0,0,0.54,29.74,0,0,0.54,31.62,0,0,0.54,31.23,0.0,0.0,0.54,10.86,0.0,0.0,0.54,10.28,0.0,0.0,0.54,9.71,0.0,0.0,0.54,9.22,0.0,0.0,0.54,8.79,0.0,0.0,0.54,5.0,1.0,1.0,0.54,33.51,0.0,0.0,0.54,35.42,0.0,0.0,0.54,37.33,0.0,0.0,0.54,39.33,0.0,0.0,0.54,41.37,0.0,0.0,0.54,,,,,,,,,,,,,,,,,,,,,,,,,,,,,,,,,,,,,,,,,,,,,,,,
2023-03-02 16:00:00,83.3,31.54,0,0,0.51,29.88,0,0,0.51,28.39,0,0,0.51,26.9,0,0,0.51,25.49,0,0,0.51,24.19,0,0,0.51,22.89,0,0,0.51,21.66,0,0,0.51,20.55,0,0,0.51,19.45,0,0,0.51,18.58,0,0,0.52,17.43,0,0,0.51,16.51,0,0,0.51,15.59,0,0,0.51,14.73,0,0,0.51,13.99,0,0,0.51,13.25,0,0,0.51,12.5,0,0,0.51,11.79,0,0,0.51,4.85,0,3,0.51,5.63,0,0,0.51,6.57,0,0,0.51,7.52,0,0,0.51,8.54,0,0,0.51,9.68,0,0,0.51,10.82,0,0,0.51,12.04,0,0,0.51,13.37,0,16,0.51,14.71,0,0,0.51,15.85,0,0,0.5,17.6,0,0,0.51,19.14,0,0,0.51,20.68,0,0,0.51,22.29,0,0,0.51,24.0,0,0,0.51,25.72,0,0,0.51,27.45,0,0,0.51,29.22,0,0,0.51,33.2,0.0,0.0,0.51,11.21,0.0,0.0,0.51,10.63,0.0,0.0,0.51,10.05,0.0,0.0,0.51,9.47,0.0,0.0,0.51,8.97,0.0,0.0,0.51,4.09,0.0,1.0,0.51,31.11,0.0,0.0,0.51,33.0,0.0,0.0,0.51,34.89,0.0,0.0,0.51,36.8,0.0,0.0,0.51,38.79,0.0,0.0,0.51,,,,,,,,,,,,,,,,,,,,,,,,,,,,,,,,,,,,,,,,,,,,,,,,
2023-03-03 16:00:00,83.05,31.77,0,0,0.53,30.04,0,0,0.53,28.46,0,0,0.52,26.91,0,0,0.52,25.4,0,0,0.51,24.05,0,0,0.51,22.69,0,0,0.51,21.4,0,0,0.51,20.23,0,0,0.51,18.54,0,0,0.49,17.44,0,0,0.49,16.51,0,0,0.49,15.58,0,0,0.49,14.64,0,0,0.49,13.82,0,0,0.49,13.07,0,0,0.49,12.31,0,0,0.49,11.56,0,0,0.49,10.92,0,0,0.49,4.54,1,4,0.49,5.16,0,0,0.49,6.06,0,0,0.49,6.99,0,0,0.49,7.97,0,0,0.49,9.09,0,0,0.49,10.21,0,0,0.49,11.41,0,0,0.49,12.73,0,16,0.49,14.06,0,0,0.49,15.43,0,0,0.49,16.94,0,0,0.49,18.42,0,0,0.49,19.92,0,0,0.49,21.48,0,0,0.48,23.25,0,0,0.49,24.92,0,0,0.48,26.59,0,0,0.48,28.37,0,0,0.48,33.5,0.0,0.0,0.54,10.33,0.0,0.0,0.49,9.73,0.0,0.0,0.49,9.14,0.0,0.0,0.49,8.6,0.0,0.0,0.49,8.15,0.0,0.0,0.49,3.66,0.0,1.0,0.49,30.16,0.0,0.0,0.48,32.04,0.0,0.0,0.48,33.92,0.0,0.0,0.48,35.84,0.0,0.0,0.47,37.82,0.0,0.0,0.47,,,,,,,,,,,,,,,,,,,,,,,,,,,,,,,,,,,,,,,,,,,,,,,,
2023-03-08 16:00:00,80.0,28.05,0,0,0.48,26.46,0,0,0.48,24.95,0,0,0.48,23.46,0,0,0.48,22.14,0,0,0.48,20.82,0,0,0.48,19.57,0,0,0.48,18.44,0,0,0.48,17.31,0,0,0.48,16.48,0,0,0.49,15.32,0,0,0.48,14.38,0,0,0.48,13.45,0,0,0.48,12.69,0,0,0.48,11.93,0,0,0.48,11.17,0,0,0.48,10.47,0,0,0.48,9.87,0,0,0.48,9.27,0,0,0.48,4.69,0,4,0.48,5.54,0,0,0.48,6.46,0,0,0.48,7.42,0,0,0.48,8.53,0,0,0.48,9.65,0,0,0.48,10.85,0,0,0.48,12.17,0,0,0.48,13.49,1,17,0.48,14.65,0,0,0.47,16.4,0,0,0.48,17.92,0,0,0.48,19.47,0,0,0.48,21.16,0,0,0.48,22.87,0,0,0.48,24.58,0,0,0.48,26.37,0,0,0.48,28.24,0,0,0.48,30.12,0,0,0.48,29.74,0.0,0.0,0.48,8.68,0.0,0.0,0.48,8.12,0.0,0.0,0.48,7.67,0.0,0.0,0.48,7.21,0.0,0.0,0.48,6.76,0.0,0.0,0.48,3.94,0.0,1.0,0.48,32.01,0.0,0.0,0.48,33.95,0.0,0.0,0.48,35.98,0.0,0.0,0.48,38.01,0.0,0.0,0.48,40.05,0.0,0.0,0.48,,,,,,,,,,,,,,,,,,,,,,,,,,,,,,,,,,,,,,,,,,,,,,,,
2023-03-09 16:00:00,84.4,31.66,0,0,0.48,29.97,0,0,0.48,28.31,0,0,0.48,26.8,0,0,0.48,25.29,0,0,0.48,23.89,0,0,0.48,22.57,0,0,0.48,21.24,0,0,0.48,20.06,0,0,0.48,18.93,0,0,0.48,17.8,0,0,0.48,16.87,0,0,0.48,15.84,0,0,0.48,14.9,0,0,0.48,13.98,0,0,0.48,13.22,0,0,0.48,12.46,0,0,0.48,11.7,0,0,0.48,10.98,0,0,0.48,4.01,22,23,0.48,4.64,0,0,0.48,5.42,0,0,0.48,6.34,0,0,0.48,7.26,0,0,0.48,8.31,0,0,0.48,9.42,0,0,0.48,10.54,0,0,0.48,11.93,0,17,0.48,13.13,0,0,0.48,14.45,0,0,0.48,15.74,0,0,0.47,17.4,0,0,0.48,18.92,0,0,0.48,20.48,0,0,0.48,22.17,0,0,0.48,23.87,0,0,0.48,25.59,0,0,0.48,27.36,0,0,0.48,33.43,0.0,0.0,0.48,10.38,0.0,0.0,0.48,9.78,0.0,0.0,0.48,9.19,0.0,0.0,0.48,8.6,0.0,0.0,0.48,8.14,0.0,0.0,0.48,3.23,0.0,1.0,0.48,29.23,0.0,0.0,0.48,31.11,0.0,0.0,0.48,32.99,0.0,0.0,0.48,34.91,0.0,0.0,0.48,36.93,0.0,0.0,0.48,,,,,,,,,,,,,,,,,,,,,,,,,,,,,,,,,,,,,,,,,,,,,,,,
2023-03-10 16:00:00,84.95,32.17,0,0,0.48,30.48,0,0,0.48,28.8,0,0,0.48,27.29,0,0,0.48,25.78,0,0,0.48,24.36,0,0,0.48,23.03,0,0,0.48,21.71,0,0,0.48,20.5,0,0,0.48,19.37,0,0,0.48,18.24,0,0,0.48,17.52,0,0,0.49,16.24,0,0,0.48,15.3,0,0,0.48,14.36,0,0,0.48,13.58,0,0,0.48,12.82,0,0,0.48,12.06,0,0,0.48,11.3,0,0,0.48,3.86,0,23,0.48,4.6,0,0,0.48,5.36,0,0,0.48,6.28,0,0,0.48,7.21,0,0,0.48,8.23,0,0,0.48,9.34,0,0,0.48,10.46,0,0,0.48,11.7,1,17,0.48,13.01,0,0,0.48,14.34,0,0,0.48,15.41,0,0,0.47,17.25,0,0,0.48,18.77,0,0,0.48,20.3,0,0,0.48,21.98,0,0,0.48,23.68,0,0,0.48,25.39,0,0,0.48,27.12,0,0,0.48,33.95,0.0,0.0,0.48,10.7,0.0,0.0,0.48,10.1,0.0,0.0,0.48,9.5,0.0,0.0,0.48,8.9,0.0,0.0,0.48,8.41,0.0,0.0,0.48,3.21,0.0,1.0,0.48,28.99,0.0,0.0,0.48,30.86,0.0,0.0,0.48,32.75,0.0,0.0,0.48,34.64,0.0,0.0,0.48,36.64,0.0,0.0,0.48,,,,,,,,,,,,,,,,,,,,,,,,,,,,,,,,,,,,,,,,,,,,,,,,
2023-03-14 16:00:00,84.05,31.37,0,0,0.48,29.68,0,0,0.48,28.04,0,0,0.48,26.53,0,0,0.48,25.02,0,0,0.48,23.64,0,0,0.48,22.32,0,0,0.48,21.0,0,0,0.48,19.84,0,0,0.48,18.71,0,0,0.48,17.58,0,0,0.48,16.62,0,0,0.48,15.65,0,0,0.48,14.71,0,0,0.48,13.82,0,0,0.48,13.06,0,0,0.48,12.3,0,0,0.48,11.54,0,0,0.48,10.85,0,0,0.48,3.97,0,23,0.48,4.72,0,0,0.48,5.52,0,0,0.48,6.44,0,0,0.48,7.37,0,0,0.48,8.44,0,0,0.48,9.55,0,0,0.48,10.68,0,0,0.48,11.97,0,17,0.48,13.29,0,0,0.48,14.62,0,0,0.48,16.05,0,0,0.48,17.6,0,0,0.48,19.12,0,0,0.48,20.7,0,0,0.48,22.4,0,0,0.48,24.1,0,0,0.48,25.82,0,0,0.48,27.61,0,0,0.48,33.12,0.0,0.0,0.48,10.25,0.0,0.0,0.48,9.65,0.0,0.0,0.48,9.06,0.0,0.0,0.48,8.49,0.0,0.0,0.48,8.04,0.0,0.0,0.48,3.29,0.0,1.0,0.48,29.49,0.0,0.0,0.48,31.36,0.0,0.0,0.48,33.25,0.0,0.0,0.48,35.19,0.0,0.0,0.48,37.21,0.0,0.0,0.48,,,,,,,,,,,,,,,,,,,,,,,,,,,,,,,,,,,,,,,,,,,,,,,,
2023-03-15 16:00:00,84.3,31.52,0,0,0.48,29.83,0,0,0.48,28.17,0,0,0.48,26.65,0,0,0.48,25.14,0,0,0.48,23.74,0,0,0.48,22.42,0,0,0.48,21.09,0,0,0.48,19.92,0,0,0.48,18.78,0,0,0.48,17.65,0,0,0.48,16.58,0,0,0.48,15.7,0,0,0.48,14.76,0,0,0.48,13.85,0,0,0.48,13.09,0,0,0.48,12.32,0,0,0.48,11.56,0,0,0.48,10.86,0,0,0.48,3.88,0,23,0.48,4.62,0,0,0.48,5.4,0,0,0.48,6.32,0,0,0.48,7.24,0,0,0.48,8.29,0,0,0.48,9.4,0,0,0.48,10.53,0,0,0.48,11.8,0,17,0.48,13.11,0,0,0.48,14.44,0,0,0.48,15.9,0,0,0.48,17.4,0,0,0.48,18.92,0,0,0.48,20.48,0,0,0.48,22.18,0,0,0.48,23.88,0,0,0.48,25.59,0,0,0.48,27.38,0,0,0.48,33.29,0.0,0.0,0.48,10.26,0.0,0.0,0.48,9.66,0.0,0.0,0.48,9.06,0.0,0.0,0.48,8.49,0.0,0.0,0.48,8.03,0.0,0.0,0.48,3.21,1.0,2.0,0.48,29.25,0.0,0.0,0.48,31.12,0.0,0.0,0.48,33.01,0.0,0.0,0.48,34.94,0.0,0.0,0.48,36.96,0.0,0.0,0.48,,,,,,,,,,,,,,,,,,,,,,,,,,,,,,,,,,,,,,,,,,,,,,,,
2023-03-16 16:00:00,84.15,31.34,0,0,0.48,29.65,0,0,0.48,27.99,0,0,0.48,26.47,0,0,0.48,24.96,0,0,0.48,23.56,0,0,0.48,22.23,0,0,0.48,20.91,0,0,0.48,19.74,0,0,0.48,18.6,0,0,0.48,17.47,0,0,0.48,16.41,0,0,0.47,15.53,0,0,0.48,14.58,0,0,0.48,13.69,0,0,0.48,12.93,0,0,0.48,12.16,0,0,0.48,11.4,0,0,0.48,10.71,0,0,0.48,3.85,0,23,0.48,4.59,0,0,0.48,5.37,0,0,0.48,6.29,0,0,0.48,7.22,0,0,0.48,8.26,0,0,0.48,9.38,0,0,0.48,10.5,0,0,0.48,11.78,0,17,0.48,13.09,0,0,0.48,14.41,0,0,0.48,15.93,0,0,0.48,17.38,0,0,0.48,18.9,0,0,0.48,20.48,0,0,0.48,22.18,0,0,0.48,23.88,0,0,0.48,25.59,0,0,0.48,27.39,0,0,0.48,33.11,0.0,0.0,0.48,10.11,0.0,0.0,0.48,9.51,0.0,0.0,0.48,8.91,0.0,0.0,0.48,8.36,0.0,0.0,0.48,7.9,0.0,0.0,0.48,3.19,0.0,2.0,0.48,29.26,0.0,0.0,0.48,31.14,0.0,0.0,0.48,33.03,0.0,0.0,0.48,34.97,0.0,0.0,0.48,37.0,0.0,0.0,0.48,,,,,,,,,,,,,,,,,,,,,,,,,,,,,,,,,,,,,,,,,,,,,,,,
2023-03-17 16:00:00,86.0,32.85,0,0,0.47,31.15,0,0,0.47,29.46,0,0,0.47,27.87,0,0,0.47,26.35,0,0,0.47,24.83,0,0,0.47,23.5,0,0,0.47,22.18,0,0,0.47,20.87,0,0,0.47,19.74,0,0,0.47,18.6,0,0,0.47,17.68,0,0,0.48,16.51,0,0,0.47,15.57,0,0,0.47,14.62,0,0,0.47,13.77,0,0,0.47,13.0,0,0,0.47,12.23,0,0,0.47,11.47,0,0,0.47,3.52,0,23,0.47,4.25,0,0,0.47,4.99,0,0,0.47,5.84,0,0,0.47,6.76,0,0,0.47,7.69,0,0,0.47,8.79,0,0,0.47,9.91,0,0,0.47,11.06,0,17,0.47,12.37,0,0,0.47,13.68,0,0,0.47,14.84,0,0,0.47,16.51,0,0,0.47,18.02,0,0,0.47,19.54,0,0,0.47,21.15,0,0,0.47,22.85,0,0,0.47,24.55,0,0,0.47,26.26,0,0,0.47,34.7,0.0,0.0,0.47,10.81,0.0,0.0,0.47,10.21,0.0,0.0,0.47,9.6,0.0,0.0,0.47,9.0,0.0,0.0,0.47,8.46,0.0,0.0,0.47,2.93,0.0,2.0,0.47,28.08,0.0,0.0,0.47,29.95,0.0,0.0,0.47,31.83,0.0,0.0,0.47,33.72,0.0,0.0,0.47,35.67,0.0,0.0,0.47,,,,,,,,,,,,,,,,,,,,,,,,,,,,,,,,,,,,,,,,,,,,,,,,
2023-03-23 16:00:00,86.55,33.1,0,0,0.47,31.33,0,0,0.47,29.63,0,0,0.47,27.97,0,0,0.47,26.45,0,0,0.47,24.92,0,0,0.47,23.52,0,0,0.47,22.19,0,0,0.47,20.85,0,0,0.47,19.68,0,0,0.47,18.54,0,0,0.47,17.4,0,0,0.47,16.21,0,0,0.46,15.44,0,0,0.47,14.49,0,0,0.47,13.6,0,0,0.47,12.83,0,0,0.47,12.05,0,0,0.47,11.28,0,0,0.47,3.24,0,23,0.47,3.9,0,0,0.47,4.64,0,0,0.47,5.42,0,0,0.47,6.33,0,0,0.47,7.25,0,0,0.47,8.29,0,0,0.47,9.4,0,0,0.47,10.51,0,17,0.47,11.79,0,0,0.47,13.1,0,0,0.47,14.41,0,0,0.47,16.0,0,0,0.47,17.37,0,0,0.47,18.88,0,0,0.47,20.47,0,0,0.47,22.16,0,0,0.47,23.85,0,0,0.47,25.56,0,0,0.47,34.96,0.0,0.0,0.47,10.61,0.0,0.0,0.47,10.0,0.0,0.0,0.47,9.39,0.0,0.0,0.47,8.78,0.0,0.0,0.47,8.24,0.0,0.0,0.47,2.66,0.0,2.0,0.47,27.37,0.0,0.0,0.47,29.23,0.0,0.0,0.47,31.11,0.0,0.0,0.47,32.99,0.0,0.0,0.47,34.95,0.0,0.0,0.47,,,,,,,,,,,,,,,,,,,,,,,,,,,,,,,,,,,,,,,,,,,,,,,,
2023-03-29 16:00:00,86.3,32.81,0,0,0.47,31.04,0,0,0.47,29.33,0,0,0.47,27.68,0,0,0.47,26.15,0,0,0.47,24.63,0,0,0.47,23.24,0,0,0.47,21.9,0,0,0.47,20.56,0,0,0.47,19.4,0,0,0.47,18.26,0,0,0.47,17.16,0,0,0.47,16.13,0,0,0.47,15.18,0,0,0.47,14.23,0,2,0.47,13.36,0,0,0.47,12.58,0,0,0.47,11.81,0,0,0.47,11.04,0,0,0.47,3.22,0,23,0.47,3.89,0,0,0.47,4.62,0,0,0.47,5.41,0,0,0.47,6.32,0,0,0.47,7.24,0,0,0.47,8.29,0,0,0.47,9.4,0,0,0.47,10.51,0,17,0.47,11.8,0,1,0.47,13.11,0,0,0.47,14.38,0,0,0.47,15.9,0,0,0.47,17.4,0,0,0.47,18.91,0,0,0.47,20.52,0,2,0.47,22.21,0,0,0.47,23.9,0,0,0.47,25.62,0,0,0.47,34.67,0.0,0.0,0.47,10.39,0.0,0.0,0.47,9.78,0.0,0.0,0.47,9.17,0.0,0.0,0.47,8.56,0.0,0.0,0.47,8.05,0.0,0.0,0.47,2.65,0.0,2.0,0.47,27.45,0.0,0.0,0.47,29.31,0.0,0.0,0.47,31.19,0.0,0.0,0.47,33.08,0.0,0.0,0.47,35.06,0.0,0.0,0.47,,,,,,,,,,,,,,,,,,,,,,,,,,,,,,,,,,,,,,,,,,,,,,,,
2023-03-30 16:00:00,86.1,32.58,0,0,0.46,30.81,0,0,0.46,29.1,0,0,0.46,27.45,0,0,0.46,25.92,0,0,0.46,24.39,0,0,0.46,23.01,0,0,0.46,21.67,0,0,0.46,20.33,0,0,0.46,19.18,0,0,0.46,18.03,0,0,0.46,16.94,0,0,0.47,15.92,0,0,0.46,14.96,0,0,0.46,14.01,0,2,0.46,13.16,0,0,0.46,12.38,0,0,0.46,11.61,0,0,0.46,10.83,0,0,0.46,3.2,0,23,0.46,3.86,0,0,0.46,4.59,0,0,0.46,5.38,0,0,0.46,6.29,0,0,0.46,7.21,0,0,0.46,8.27,0,0,0.46,9.37,0,0,0.46,10.49,0,17,0.46,11.78,0,1,0.46,13.09,0,0,0.46,14.37,0,0,0.46,15.89,0,0,0.46,17.39,0,0,0.46,18.91,0,0,0.46,20.53,0,2,0.46,22.22,0,0,0.46,23.91,0,0,0.46,25.63,0,0,0.46,34.44,0.0,0.0,0.46,10.21,0.0,0.0,0.46,9.6,0.0,0.0,0.46,8.99,0.0,0.0,0.46,8.38,0.0,0.0,0.46,7.89,0.0,0.0,0.46,2.63,0.0,2.0,0.46,27.48,0.0,0.0,0.46,29.34,0.0,0.0,0.46,31.22,0.0,0.0,0.46,33.11,0.0,0.0,0.46,35.11,0.0,0.0,0.46,,,,,,,,,,,,,,,,,,,,,,,,,,,,,,,,,,,,,,,,,,,,,,,,
2023-05-24 16:00:00,76.85,23.44,0,0,0.44,21.76,0,0,0.44,20.2,0,0,0.44,18.7,0,0,0.44,17.33,0,0,0.44,15.98,0,0,0.44,14.8,0,0,0.44,13.62,0,0,0.44,12.95,0,0,0.46,11.59,0,0,0.44,10.62,0,0,0.44,9.82,0,0,0.44,9.02,0,0,0.44,8.25,0,0,0.44,7.62,0,2,0.44,6.98,0,0,0.44,6.37,0,0,0.44,5.88,0,0,0.44,5.4,0,0,0.44,3.64,0,23,0.44,4.41,0,0,0.44,5.3,0,0,0.44,6.25,0,0,0.44,7.33,0,0,0.44,8.44,0,0,0.44,9.72,0,0,0.44,11.0,0,10,0.44,12.05,0,17,0.43,13.9,0,1,0.44,15.41,0,0,0.44,17.07,0,0,0.44,18.75,0,0,0.44,20.47,0,0,0.44,22.32,0,0,0.44,24.17,0,2,0.44,26.06,0,0,0.44,28.05,0,0,0.44,30.06,0,0,0.44,25.17,0.0,0.0,0.44,4.91,0.0,0.0,0.44,4.52,0.0,0.0,0.44,4.16,0.0,0.0,0.44,3.8,0.0,0.0,0.44,3.45,0.0,0.0,0.44,2.93,0.0,3.0,0.44,32.08,0.0,0.0,0.44,34.19,0.0,0.0,0.44,36.33,0.0,0.0,0.44,38.47,0.0,0.0,0.44,40.64,0.0,0.0,0.44,,,,,,,,,,,,,,,,,,,,,,,,,,,,,,,,,,,,,,,,,,,,,,,,
2023-05-25 16:00:00,76.85,23.47,0,0,0.45,21.8,0,0,0.45,20.24,0,0,0.45,18.75,0,0,0.45,17.38,0,0,0.45,16.03,0,0,0.45,14.85,0,0,0.45,13.68,0,0,0.45,13.01,0,0,0.46,11.65,0,0,0.45,10.67,0,0,0.45,9.87,0,0,0.45,9.07,0,0,0.45,8.3,0,0,0.45,7.67,0,2,0.45,7.04,0,0,0.45,6.42,0,0,0.45,5.93,0,0,0.45,5.45,0,0,0.45,3.68,0,23,0.45,4.46,0,0,0.45,5.35,0,0,0.45,6.3,0,0,0.45,7.38,0,0,0.45,8.49,0,0,0.45,9.77,0,0,0.45,11.06,0,10,0.45,12.11,0,17,0.43,13.96,0,1,0.45,15.47,0,0,0.45,17.13,0,0,0.45,18.81,0,0,0.45,20.53,0,0,0.45,22.37,0,0,0.45,24.23,0,2,0.45,26.11,0,0,0.45,28.11,0,0,0.45,30.11,0,0,0.45,25.2,0.0,0.0,0.45,4.96,0.0,0.0,0.45,4.57,0.0,0.0,0.45,4.21,0.0,0.0,0.45,3.85,0.0,0.0,0.45,3.49,0.0,0.0,0.45,2.96,0.0,3.0,0.45,32.13,0.0,0.0,0.45,34.24,0.0,0.0,0.45,36.37,0.0,0.0,0.45,38.52,0.0,0.0,0.45,40.69,0.0,0.0,0.45,,,,,,,,,,,,,,,,,,,,,,,,,,,,,,,,,,,,,,,,,,,,,,,,
2023-05-29 16:00:00,73.2,20.47,0,0,0.45,18.91,0,0,0.45,17.45,0,0,0.45,16.08,0,0,0.45,14.8,0,0,0.45,13.62,0,0,0.45,12.85,0,0,0.46,11.49,0,0,0.45,10.5,0,0,0.45,9.64,0,0,0.45,8.84,0,0,0.45,8.04,0,0,0.45,7.39,0,0,0.45,6.76,0,0,0.45,6.13,0,2,0.45,5.64,0,0,0.45,5.15,0,0,0.45,4.67,0,0,0.45,4.28,0,0,0.45,4.35,0,23,0.45,5.25,0,0,0.45,6.24,0,0,0.45,7.33,0,0,0.45,8.5,0,0,0.45,9.78,0,0,0.45,10.85,0,0,0.44,12.2,0,10,0.43,14.07,0,17,0.45,15.68,0,1,0.45,17.35,0,0,0.45,19.04,0,0,0.45,20.87,0,0,0.45,22.72,0,0,0.45,24.59,0,0,0.45,26.59,0,2,0.45,28.59,0,0,0.45,30.62,0,0,0.45,32.73,0,0,0.45,22.11,0.0,0.0,0.45,3.92,0.0,0.0,0.45,3.56,0.0,0.0,0.45,3.23,0.0,0.0,0.45,2.97,0.0,0.0,0.45,2.71,0.0,0.0,0.45,3.55,0.0,3.0,0.45,34.87,0.0,0.0,0.45,37.02,0.0,0.0,0.45,39.2,0.0,0.0,0.45,41.44,0.0,0.0,0.45,43.69,0.0,0.0,0.45,,,,,,,,,,,,,,,,,,,,,,,,,,,,,,,,,,,,,,,,,,,,,,,,
2023-05-30 16:00:00,72.6,20.17,0,0,0.46,18.62,0,0,0.46,17.22,0,0,0.46,15.86,0,0,0.46,14.63,0,0,0.46,13.46,0,0,0.46,12.73,0,0,0.47,11.38,0,0,0.46,10.4,0,0,0.46,9.58,0,0,0.46,8.78,0,0,0.46,8.0,0,0,0.46,7.38,0,0,0.46,6.75,0,0,0.46,6.14,0,2,0.46,5.65,0,0,0.46,5.17,0,0,0.46,4.69,0,0,0.46,4.32,0,0,0.46,4.67,0,23,0.46,5.56,0,0,0.46,6.62,0,0,0.46,7.71,0,0,0.46,8.94,0,0,0.46,10.23,0,0,0.46,11.25,0,0,0.44,13.08,0,10,0.46,14.58,0,17,0.46,16.23,0,1,0.46,17.9,0,0,0.46,19.62,0,0,0.46,21.46,0,0,0.46,23.32,0,0,0.46,25.21,0,0,0.46,27.21,0,2,0.46,29.22,0,0,0.46,31.25,0,0,0.46,33.37,0,0,0.46,21.76,0.0,0.0,0.46,3.96,0.0,0.0,0.46,3.6,0.0,0.0,0.46,3.28,0.0,0.0,0.46,3.02,0.0,0.0,0.46,2.76,0.0,0.0,0.46,3.81,0.0,3.0,0.46,35.51,0.0,0.0,0.46,37.66,0.0,0.0,0.46,39.85,0.0,0.0,0.46,42.09,0.0,0.0,0.46,44.34,0.0,0.0,0.46,25.29,0.0,0.0,0.46,23.49,0.0,0.0,0.46,2.44,0.0,0.0,0.46,3.09,0.0,0.0,0.46,,,,,,,,,,,,,,,,,,,,,,,,,,,,,,,,
2023-06-05 16:00:00,73.95,21.25,0,0,0.45,19.69,0,0,0.45,18.18,0,0,0.45,16.8,0,0,0.45,15.45,0,0,0.45,14.27,0,0,0.45,13.31,0,0,0.46,12.06,0,0,0.45,11.07,0,0,0.45,10.13,0,0,0.45,9.32,0,0,0.45,8.51,0,0,0.45,7.8,0,0,0.45,7.16,0,0,0.45,6.52,0,2,0.45,5.98,0,0,0.45,5.48,0,0,0.45,4.99,0,0,0.45,4.55,0,0,0.45,4.06,0,23,0.45,4.93,0,0,0.45,5.86,0,0,0.45,6.93,0,0,0.45,8.03,0,0,0.45,9.29,0,0,0.45,10.3,0,0,0.44,12.0,0,10,0.45,13.47,0,17,0.45,15.02,0,1,0.45,16.67,0,0,0.45,18.34,0,0,0.45,20.12,0,0,0.45,21.96,0,0,0.45,23.81,0,0,0.45,25.76,0,2,0.45,27.76,0,0,0.45,29.77,0,0,0.45,31.84,0,0,0.45,22.95,0.0,0.0,0.45,4.18,0.0,0.0,0.45,3.81,0.0,0.0,0.45,3.44,0.0,0.0,0.45,3.17,0.0,0.0,0.45,2.91,0.0,0.0,0.45,3.31,0.0,3.0,0.45,33.97,0.0,0.0,0.45,36.11,0.0,0.0,0.45,38.27,0.0,0.0,0.45,40.51,0.0,0.0,0.45,42.75,0.0,0.0,0.45,26.56,0.0,0.0,0.45,24.68,0.0,0.0,0.45,2.07,0.0,0.0,0.45,2.62,0.0,0.0,0.45,,,,,,,,,,,,,,,,,,,,,,,,,,,,,,,,
2023-06-06 16:00:00,70.45,19.08,0,0,0.48,17.67,0,0,0.48,16.31,0,0,0.48,15.06,0,0,0.48,13.9,0,0,0.48,13.09,0,0,0.5,11.8,0,0,0.48,10.83,0,0,0.48,9.98,0,0,0.48,9.18,0,0,0.48,8.39,0,0,0.48,7.74,0,0,0.48,7.12,0,0,0.48,6.49,0,0,0.48,5.99,0,2,0.48,5.51,0,0,0.48,5.02,0,0,0.48,4.61,0,0,0.48,4.25,0,0,0.48,5.41,0,23,0.48,6.44,57,57,0.48,7.69,38,38,0.49,8.73,0,0,0.48,10.02,0,0,0.48,11.05,0,0,0.47,12.84,0,0,0.48,14.33,10,20,0.48,15.95,0,17,0.48,17.62,0,1,0.48,19.31,0,0,0.48,21.14,0,0,0.48,22.99,0,0,0.48,24.86,0,0,0.48,26.85,0,0,0.48,28.86,0,2,0.48,30.88,0,0,0.48,32.97,0,0,0.48,35.11,0,0,0.48,20.62,0.0,0.0,0.48,3.89,0.0,0.0,0.48,3.54,0.0,0.0,0.48,3.27,0.0,0.0,0.48,3.01,0.0,0.0,0.48,2.75,0.0,0.0,0.48,4.52,0.0,3.0,0.48,37.26,0.0,0.0,0.48,39.42,0.0,0.0,0.48,41.66,0.0,0.0,0.48,43.91,0.0,0.0,0.48,46.17,0.0,0.0,0.48,23.94,0.0,0.0,0.48,22.22,0.0,0.0,0.48,2.97,0.0,0.0,0.48,3.68,0.0,0.0,0.48,,,,,,,,,,,,,,,,,,,,,,,,,,,,,,,,
2023-06-07 16:00:00,74.45,21.82,0,0,0.46,20.26,0,0,0.46,18.74,0,0,0.46,17.37,0,0,0.46,16.0,0,0,0.46,14.82,0,0,0.46,13.64,0,0,0.46,12.96,0,0,0.48,11.6,0,0,0.46,10.62,0,0,0.46,9.82,0,0,0.46,9.01,0,0,0.46,8.25,0,0,0.46,7.61,0,0,0.46,6.98,0,2,0.46,6.37,0,0,0.46,5.88,0,0,0.46,5.39,0,0,0.46,4.9,0,0,0.46,4.14,0,23,0.46,5.01,0,57,0.46,5.94,0,38,0.46,7.01,0,0,0.46,8.09,0,0,0.46,9.36,0,0,0.46,10.64,0,0,0.46,11.68,10,20,0.45,13.51,0,17,0.46,15.01,0,1,0.46,16.67,0,0,0.46,18.34,0,0,0.46,20.07,0,0,0.46,21.91,0,0,0.46,23.76,0,0,0.46,25.65,0,2,0.46,27.65,0,0,0.46,29.65,0,0,0.46,31.68,0,0,0.46,23.51,0.0,0.0,0.46,4.52,0.0,0.0,0.46,4.16,0.0,0.0,0.46,3.79,0.0,0.0,0.46,3.46,0.0,0.0,0.46,3.19,0.0,0.0,0.46,3.39,0.0,3.0,0.46,33.8,0.0,0.0,0.46,35.94,0.0,0.0,0.46,38.09,0.0,0.0,0.46,40.27,0.0,0.0,0.46,42.51,0.0,0.0,0.46,27.12,0.0,0.0,0.46,25.24,0.0,0.0,0.46,2.14,0.0,0.0,0.46,2.69,0.0,0.0,0.46,27.88,0.0,0.0,0.46,1.92,0.0,0.0,0.46,,,,,,,,,,,,,,,,,,,,,,,,
2023-06-13 16:00:00,78.45,24.79,0,0,0.45,23.05,0,0,0.45,21.43,0,0,0.45,19.86,0,0,0.45,18.42,0,0,0.45,17.04,0,0,0.45,15.74,0,0,0.45,14.55,0,0,0.45,13.53,0,0,0.46,12.37,0,0,0.45,11.38,0,0,0.45,10.46,0,0,0.45,9.64,0,0,0.45,8.83,0,0,0.45,8.12,0,2,0.45,7.47,0,0,0.45,6.83,0,0,0.45,6.26,0,0,0.45,5.77,0,0,0.45,3.12,0,23,0.45,3.82,0,57,0.45,4.64,0,38,0.45,5.51,0,2,0.45,6.51,0,0,0.45,7.58,0,0,0.45,8.74,0,0,0.45,10.0,0,20,0.45,11.06,0,17,0.44,12.74,0,1,0.45,14.21,0,0,0.45,15.77,0,0,0.45,17.42,0,0,0.45,19.09,0,0,0.45,20.87,0,0,0.45,22.7,0,2,0.45,24.55,0,0,0.45,26.49,0,0,0.45,28.48,0,0,0.45,26.59,0.0,0.0,0.45,5.27,0.0,0.0,0.45,4.8,0.0,0.0,0.45,4.43,0.0,0.0,0.45,4.06,0.0,0.0,0.45,3.69,0.0,0.0,0.45,2.49,0.0,3.0,0.45,30.49,0.0,0.0,0.45,32.54,0.0,0.0,0.45,34.67,0.0,0.0,0.45,36.81,0.0,0.0,0.45,38.96,0.0,0.0,0.45,30.47,0.0,0.0,0.45,28.48,0.0,0.0,0.45,1.51,0.0,0.0,0.45,1.95,0.0,0.0,0.45,31.28,0.0,0.0,0.45,1.34,0.0,0.0,0.45,,,,,,,,,,,,,,,,,,,,,,,,
2023-06-14 16:00:00,81.6,27.25,0,0,0.43,25.41,0,0,0.43,23.66,0,0,0.43,22.0,0,0,0.43,20.43,0,0,0.43,18.93,0,0,0.43,17.54,0,0,0.43,16.19,0,0,0.43,14.99,0,0,0.43,13.79,0,0,0.43,13.08,0,0,0.45,11.74,0,0,0.43,10.76,0,0,0.43,9.94,0,0,0.43,9.12,0,2,0.43,8.35,0,0,0.43,7.7,0,0,0.43,7.05,0,0,0.43,6.43,0,0,0.43,2.42,0,23,0.43,3.02,0,57,0.43,3.71,0,38,0.43,4.49,0,2,0.43,5.35,0,0,0.43,6.31,4,4,0.43,7.36,0,0,0.43,8.46,10,20,0.43,9.72,0,17,0.43,10.98,0,1,0.43,12.05,0,0,0.42,13.85,0,0,0.43,15.36,0,0,0.43,17.0,0,0,0.43,18.66,0,0,0.43,20.38,0,2,0.43,22.21,0,0,0.43,24.05,0,0,0.43,25.95,0,0,0.43,29.14,0.0,0.0,0.43,5.93,0.0,0.0,0.43,5.43,0.0,0.0,0.43,4.92,0.0,0.0,0.43,4.54,0.0,0.0,0.43,4.17,0.0,0.0,0.43,1.89,0.0,3.0,0.43,27.94,0.0,0.0,0.43,29.94,0.0,0.0,0.43,31.96,0.0,0.0,0.43,34.08,0.0,0.0,0.43,36.21,0.0,0.0,0.43,33.2,0.0,0.0,0.43,31.15,0.0,0.0,0.43,1.09,0.0,0.0,0.43,1.47,0.0,0.0,0.43,34.06,0.0,0.0,0.44,0.98,0.0,0.0,0.44,,,,,,,,,,,,,,,,,,,,,,,,
2023-06-15 16:00:00,83.75,29.07,0,0,0.43,27.16,0,0,0.43,25.37,0,0,0.43,23.62,0,0,0.43,22.0,0,0,0.43,20.42,0,0,0.43,18.97,0,0,0.43,17.57,0,0,0.43,16.25,0,0,0.43,15.05,0,0,0.43,13.85,0,0,0.43,13.21,0,0,0.44,11.82,0,0,0.43,10.86,0,0,0.43,10.03,0,2,0.43,9.21,0,0,0.43,8.45,0,0,0.43,7.8,0,0,0.43,7.14,0,0,0.43,2.1,0,23,0.43,2.63,0,57,0.43,3.27,0,38,0.43,3.96,2,2,0.43,4.78,0,0,0.43,5.64,4,4,0.43,6.63,0,0,0.43,7.68,0,20,0.43,8.82,0,17,0.43,10.07,0,1,0.43,11.33,0,0,0.43,12.38,0,0,0.42,14.22,0,0,0.43,15.75,0,0,0.43,17.39,0,0,0.43,19.05,0,2,0.43,20.78,0,0,0.43,22.61,0,0,0.43,24.45,0,0,0.43,31.03,0.0,0.0,0.43,6.53,0.0,0.0,0.43,6.02,0.0,0.0,0.43,5.52,0.0,0.0,0.43,5.01,0.0,0.0,0.43,4.63,0.0,0.0,0.43,1.63,0.0,3.0,0.43,26.34,0.0,0.0,0.43,28.33,0.0,0.0,0.43,30.33,0.0,0.0,0.43,32.35,0.0,0.0,0.43,34.47,0.0,0.0,0.43,35.18,0.0,0.0,0.43,33.06,0.0,0.0,0.43,0.93,0.0,0.0,0.43,1.24,0.0,0.0,0.43,36.04,0.0,0.0,0.43,0.81,0.0,0.0,0.43,,,,,,,,,,,,,,,,,,,,,,,,
2023-06-16 16:00:00,83.95,29.2,0,0,0.43,27.3,0,0,0.43,25.49,0,0,0.43,23.74,0,0,0.43,22.1,0,0,0.43,20.52,0,0,0.43,19.05,0,0,0.43,17.65,0,0,0.43,16.31,0,0,0.43,15.11,0,0,0.43,13.91,0,0,0.43,13.24,0,0,0.44,11.86,0,0,0.43,10.88,0,0,0.43,10.06,0,2,0.43,9.23,0,0,0.43,8.46,0,0,0.43,7.81,0,0,0.43,7.15,0,0,0.43,2.04,0,23,0.43,2.57,0,57,0.43,3.19,0,38,0.43,3.88,0,2,0.43,4.68,0,0,0.43,5.54,0,4,0.43,6.51,0,0,0.43,7.57,0,20,0.43,8.68,0,17,0.43,9.93,0,1,0.43,11.2,0,0,0.43,12.25,0,0,0.42,14.07,0,0,0.43,15.58,0,0,0.43,17.22,0,0,0.43,18.87,0,2,0.43,20.6,0,0,0.43,22.42,0,0,0.43,24.26,0,0,0.43,31.18,0.0,0.0,0.43,6.53,0.0,0.0,0.43,6.02,0.0,0.0,0.43,5.52,0.0,0.0,0.43,5.01,0.0,0.0,0.43,4.62,0.0,0.0,0.43,1.59,0.0,3.0,0.43,26.15,0.0,0.0,0.43,28.14,0.0,0.0,0.43,30.13,0.0,0.0,0.43,32.15,0.0,0.0,0.43,34.27,0.0,0.0,0.43,35.35,0.0,0.0,0.43,33.21,0.0,0.0,0.43,0.9,0.0,0.0,0.43,1.19,0.0,0.0,0.43,36.2,0.0,0.0,0.43,0.78,0.0,0.0,0.43,,,,,,,,,,,,,,,,,,,,,,,,
2023-06-20 16:00:00,82.55,27.98,0,0,0.43,26.08,0,0,0.43,24.33,0,0,0.43,22.61,0,0,0.43,21.03,0,0,0.43,19.46,0,0,0.43,18.07,0,0,0.43,16.68,0,0,0.43,15.44,0,0,0.43,14.24,0,0,0.43,13.51,0,0,0.45,12.11,0,0,0.43,11.1,0,0,0.43,10.24,0,0,0.43,9.41,0,2,0.43,8.59,0,0,0.43,7.93,0,0,0.43,7.27,0,0,0.43,6.62,0,0,0.43,2.24,0,23,0.43,2.78,0,57,0.43,3.47,0,38,0.43,4.18,0,2,0.43,5.04,0,0,0.43,5.93,0,4,0.43,6.98,0,0,0.43,8.04,0,20,0.43,9.25,0,17,0.43,10.51,0,1,0.43,11.5,0,0,0.42,13.31,0,0,0.43,14.77,0,0,0.43,16.38,0,0,0.43,18.03,0,0,0.43,19.71,0,2,0.43,21.52,0,0,0.43,23.36,0,0,0.43,25.21,0,0,0.43,29.9,0.0,0.0,0.43,6.1,0.0,0.0,0.43,5.6,0.0,0.0,0.43,5.09,0.0,0.0,0.43,4.66,0.0,0.0,0.43,4.29,0.0,0.0,0.43,1.73,0.0,3.0,0.43,27.19,0.0,0.0,0.43,29.18,0.0,0.0,0.43,31.19,0.0,0.0,0.43,33.28,0.0,0.0,0.43,35.41,0.0,0.0,0.43,34.02,0.0,0.0,0.43,31.94,0.0,0.0,0.43,1.0,0.0,0.0,0.43,1.34,0.0,0.0,0.43,34.88,0.0,0.0,0.43,0.88,0.0,0.0,0.43,,,,,,,,,,,,,,,,,,,,,,,,
2023-06-21 16:00:00,82.95,28.31,0,0,0.43,26.41,0,0,0.43,24.65,0,0,0.43,22.9,0,0,0.43,21.32,0,0,0.43,19.74,0,0,0.43,18.33,0,0,0.43,16.94,0,0,0.43,15.67,0,0,0.43,14.47,0,0,0.43,13.68,0,0,0.45,12.31,0,0,0.43,11.3,0,0,0.43,10.4,0,0,0.43,9.58,0,2,0.43,8.76,0,0,0.43,8.06,0,0,0.43,7.41,0,0,0.43,6.75,0,0,0.43,2.18,0,23,0.43,2.71,0,57,0.43,3.38,0,38,0.43,4.08,0,2,0.43,4.94,0,0,0.43,5.8,0,4,0.43,6.84,0,0,0.43,7.9,0,20,0.43,9.09,0,17,0.43,10.34,0,1,0.43,11.31,0,0,0.42,13.11,0,0,0.43,14.57,0,0,0.43,16.15,0,0,0.43,17.8,0,0,0.43,19.46,0,2,0.43,21.26,0,0,0.43,23.09,0,0,0.43,24.94,0,0,0.43,30.25,0.0,0.0,0.43,6.21,0.0,0.0,0.43,5.7,0.0,0.0,0.43,5.2,0.0,0.0,0.43,4.75,0.0,0.0,0.43,4.37,0.0,0.0,0.43,1.69,0.0,3.0,0.43,26.89,0.0,0.0,0.43,28.89,0.0,0.0,0.43,30.89,0.0,0.0,0.43,32.96,0.0,0.0,0.43,35.09,0.0,0.0,0.43,34.39,0.0,0.0,0.43,32.29,0.0,0.0,0.43,0.96,0.0,0.0,0.43,1.29,0.0,0.0,0.43,35.24,0.0,0.0,0.43,0.85,0.0,0.0,0.43,,,,,,,,,,,,,,,,,,,,,,,,
2023-06-23 16:00:00,81.15,26.76,0,0,0.44,24.94,0,0,0.44,23.19,0,0,0.44,21.54,0,0,0.44,19.97,0,0,0.44,18.5,0,0,0.44,17.11,0,0,0.44,15.78,0,0,0.44,14.58,0,0,0.44,13.79,0,0,0.45,12.37,0,0,0.44,11.36,0,0,0.44,10.43,0,0,0.44,9.6,0,0,0.44,8.78,0,2,0.44,8.06,0,0,0.44,7.4,0,0,0.44,6.75,0,0,0.44,6.18,0,0,0.44,2.45,0,23,0.44,3.06,0,57,0.44,3.75,0,38,0.44,4.55,0,2,0.44,5.41,0,0,0.44,6.39,0,4,0.44,7.44,0,0,0.44,8.58,0,20,0.44,9.83,0,17,0.44,10.77,0,1,0.43,12.54,0,0,0.44,14.0,0,0,0.44,15.55,0,0,0.44,17.19,0,0,0.44,18.86,0,0,0.44,20.62,0,2,0.44,22.45,0,0,0.44,24.3,0,0,0.44,26.24,0,0,0.44,28.66,0.0,0.0,0.44,5.68,0.0,0.0,0.44,5.18,0.0,0.0,0.44,4.71,0.0,0.0,0.44,4.34,0.0,0.0,0.44,3.96,0.0,0.0,0.44,1.92,0.0,3.0,0.44,28.23,0.0,0.0,0.44,30.24,0.0,0.0,0.44,32.29,0.0,0.0,0.44,34.42,0.0,0.0,0.44,36.56,0.0,0.0,0.44,32.71,0.0,0.0,0.44,30.66,0.0,0.0,0.44,1.1,0.0,0.0,0.44,1.48,0.0,0.0,0.44,33.57,0.0,0.0,0.44,0.98,0.0,0.0,0.44,,,,,,,,,,,,,,,,,,,,,,,,
2023-06-26 16:00:00,84.5,29.57,0,0,0.43,27.66,0,0,0.43,25.81,0,0,0.43,24.06,0,0,0.43,22.38,0,0,0.43,20.8,0,0,0.43,19.28,0,0,0.43,17.88,0,0,0.43,16.5,0,0,0.43,15.3,0,0,0.43,14.09,0,0,0.43,13.4,0,0,0.45,12.0,0,0,0.43,10.99,0,0,0.43,10.16,0,2,0.43,9.33,0,0,0.43,8.53,0,0,0.43,7.87,0,0,0.43,7.21,0,0,0.43,1.91,0,23,0.43,2.44,0,57,0.43,3.03,0,38,0.43,3.71,0,2,0.43,4.48,0,0,0.43,5.34,0,4,0.43,6.27,0,0,0.43,7.32,0,20,0.43,8.39,0,17,0.43,9.64,0,1,0.43,10.9,0,0,0.43,11.91,0,0,0.42,13.73,0,0,0.43,15.2,0,0,0.43,16.84,0,0,0.43,18.49,0,2,0.43,20.19,0,0,0.43,22.01,0,0,0.43,23.85,0,0,0.43,31.58,0.0,0.0,0.43,6.56,0.0,0.0,0.43,6.06,0.0,0.0,0.43,5.55,0.0,0.0,0.43,5.05,0.0,0.0,0.43,4.64,0.0,0.0,0.43,1.49,0.0,3.0,0.43,25.72,0.0,0.0,0.43,27.7,0.0,0.0,0.43,29.7,0.0,0.0,0.43,31.71,0.0,0.0,0.43,33.82,0.0,0.0,0.43,35.78,0.0,0.0,0.43,33.64,0.0,0.0,0.43,0.83,0.0,0.0,0.43,1.12,0.0,0.0,0.43,36.64,0.0,0.0,0.43,0.72,0.0,0.0,0.43,,,,,,,,,,,,,,,,,,,,,,,,
2023-06-27 16:00:00,86.25,31.09,0,0,0.43,29.13,0,0,0.43,27.23,0,0,0.43,25.44,0,0,0.43,23.68,0,0,0.43,22.07,0,0,0.43,20.48,0,0,0.43,19.03,0,0,0.43,17.63,0,0,0.43,16.3,0,0,0.43,15.1,0,0,0.43,13.89,0,0,0.43,13.25,0,0,0.44,11.85,0,0,0.43,10.88,0,2,0.43,10.06,0,0,0.43,9.23,0,0,0.43,8.46,0,0,0.43,7.8,0,0,0.43,1.69,0,23,0.43,2.17,0,57,0.43,2.69,0,38,0.43,3.34,0,2,0.43,4.03,0,0,0.43,4.85,0,4,0.43,5.71,0,0,0.43,6.71,0,20,0.43,7.76,0,17,0.43,8.89,0,1,0.43,10.14,0,0,0.43,11.4,0,0,0.43,12.45,0,0,0.42,14.29,0,0,0.43,15.81,0,0,0.43,17.45,0,2,0.43,19.1,0,0,0.43,20.83,0,0,0.43,22.66,0,0,0.43,33.13,0.0,0.0,0.43,7.15,0.0,0.0,0.43,6.53,0.0,0.0,0.43,6.02,0.0,0.0,0.43,5.51,0.0,0.0,0.43,5.0,0.0,0.0,0.43,1.3,0.0,3.0,0.43,24.49,0.0,0.0,0.43,26.39,0.0,0.0,0.43,28.38,0.0,0.0,0.43,30.38,0.0,0.0,0.43,32.4,0.0,0.0,0.43,37.4,0.0,0.0,0.43,35.24,0.0,0.0,0.43,0.7,0.0,0.0,0.43,0.98,0.0,0.0,0.43,38.29,0.0,0.0,0.43,0.62,0.0,0.0,0.43,,,,,,,,,,,,,,,,,,,,,,,,
2023-06-28 16:00:00,88.0,32.7,0,0,0.43,30.68,0,0,0.43,28.77,0,0,0.43,26.91,0,0,0.43,25.15,0,0,0.43,23.44,0,0,0.43,21.86,0,0,0.43,20.29,0,0,0.43,18.9,0,0,0.43,17.5,0,0,0.43,16.25,0,0,0.43,15.04,0,0,0.43,14.3,0,0,0.44,12.87,0,0,0.43,11.85,0,2,0.43,10.93,0,0,0.43,10.1,0,0,0.43,9.28,0,0,0.43,8.54,0,0,0.43,1.55,0,23,0.43,1.97,0,57,0.43,2.49,0,38,0.43,3.07,0,2,0.43,3.75,0,0,0.43,4.48,0,4,0.43,5.34,0,0,0.43,6.23,0,20,0.43,7.27,0,17,0.43,8.33,0,1,0.43,9.53,0,0,0.43,10.78,0,0,0.43,11.73,0,0,0.42,13.54,0,0,0.43,15.0,0,0,0.43,16.55,0,2,0.43,18.2,0,0,0.43,19.86,0,0,0.43,21.62,0,0,0.43,34.75,0.0,0.0,0.43,7.88,0.0,0.0,0.43,7.23,0.0,0.0,0.43,6.63,0.0,0.0,0.43,6.12,0.0,0.0,0.43,5.61,0.0,0.0,0.43,1.17,0.0,3.0,0.43,23.44,0.0,0.0,0.43,25.28,0.0,0.0,0.43,27.19,0.0,0.0,0.43,29.18,0.0,0.0,0.43,31.18,0.0,0.0,0.43,39.08,0.0,0.0,0.43,36.89,0.0,0.0,0.43,0.64,0.0,0.0,0.43,0.88,0.0,0.0,0.43,39.97,0.0,0.0,0.43,0.56,0.0,0.0,0.43,,,,,,,,,,,,,,,,,,,,,,,,
2023-06-29 16:00:00,85.9,30.82,0,0,0.44,28.89,0,0,0.44,26.99,0,0,0.44,25.23,0,0,0.44,23.48,0,0,0.44,21.89,0,0,0.44,20.31,0,0,0.44,18.89,0,0,0.44,17.5,0,0,0.44,16.21,0,0,0.44,15.01,0,0,0.44,13.93,0,0,0.44,12.8,0,0,0.44,11.79,0,0,0.44,10.85,0,2,0.44,10.03,0,0,0.44,9.2,0,0,0.44,8.46,0,0,0.44,7.8,0,0,0.44,1.78,0,23,0.44,2.29,0,57,0.44,2.82,0,38,0.44,3.5,0,2,0.44,4.19,0,0,0.44,5.05,0,4,0.44,5.91,0,0,0.44,6.94,0,20,0.44,8.0,0,17,0.44,9.16,0,1,0.44,10.42,0,0,0.44,11.55,0,0,0.43,13.14,0,0,0.44,14.6,0,0,0.44,16.14,0,0,0.44,17.79,0,2,0.44,19.45,0,0,0.44,21.2,0,0,0.44,23.02,0,0,0.44,32.86,0.0,0.0,0.44,7.14,0.0,0.0,0.44,6.54,0.0,0.0,0.44,6.03,0.0,0.0,0.44,5.53,0.0,0.0,0.44,5.02,0.0,0.0,0.44,1.39,0.0,3.0,0.44,24.86,0.0,0.0,0.44,26.77,0.0,0.0,0.44,28.76,0.0,0.0,0.44,30.76,0.0,0.0,0.44,32.79,0.0,0.0,0.44,37.09,0.0,0.0,0.44,34.95,0.0,0.0,0.44,0.76,0.0,0.0,0.44,1.04,0.0,0.0,0.44,37.97,0.0,0.0,0.43,0.67,0.0,0.0,0.44,,,,,,,,,,,,,,,,,,,,,,,,
2023-07-24 16:00:00,83.5,28.55,0,0,0.45,26.64,0,0,0.45,24.81,0,0,0.45,23.05,0,0,0.45,21.4,0,0,0.45,19.82,0,0,0.45,18.34,0,0,0.45,16.94,0,0,0.45,15.61,0,0,0.45,14.4,0,0,0.45,13.38,0,0,0.45,12.18,0,0,0.45,11.17,0,0,0.45,10.24,0,0,0.45,9.41,0,2,0.45,8.58,0,0,0.45,7.87,0,0,0.45,7.21,0,0,0.45,6.55,0,0,0.45,1.92,0,23,0.45,2.44,0,57,0.45,3.05,0,38,0.45,3.73,0,2,0.45,4.52,0,0,0.45,5.38,0,4,0.45,6.36,0,0,0.45,7.4,0,20,0.45,8.54,0,17,0.45,9.78,0,1,0.45,10.85,0,0,0.44,12.49,0,0,0.45,13.95,0,0,0.45,15.5,0,0,0.45,17.14,0,0,0.45,18.8,0,2,0.45,20.59,0,0,0.45,22.42,0,0,0.45,24.26,0,0,0.45,30.55,0.0,0.0,0.45,6.0,0.0,0.0,0.45,5.49,0.0,0.0,0.45,4.98,0.0,0.0,0.45,4.54,0.0,0.0,0.45,4.16,0.0,0.0,0.45,1.49,0.0,3.0,0.45,26.22,0.0,0.0,0.45,28.22,0.0,0.0,0.45,30.23,0.0,0.0,0.45,32.32,0.0,0.0,0.45,34.46,0.0,0.0,0.45,34.75,0.0,0.0,0.45,32.6,0.0,0.0,0.45,0.82,0.0,0.0,0.45,1.1,0.0,0.0,0.45,35.6,0.0,0.0,0.45,0.7,0.0,0.0,0.45,,,,,,,,,,,,,,,,,,,,,,,,
2023-07-25 16:00:00,84.5,29.31,0,0,0.44,27.37,0,0,0.44,25.46,0,0,0.44,23.7,0,0,0.44,21.97,0,0,0.44,20.38,0,0,0.44,18.81,0,0,0.44,17.41,0,0,0.44,16.0,0,0,0.44,14.78,0,0,0.44,13.57,0,0,0.44,12.79,0,0,0.45,11.45,0,0,0.44,10.45,0,0,0.44,9.61,0,2,0.44,8.77,0,0,0.44,8.0,0,0,0.44,7.34,0,0,0.44,6.67,0,0,0.44,1.68,0,23,0.44,2.17,0,57,0.44,2.71,0,38,0.44,3.38,0,2,0.44,4.09,0,0,0.44,4.94,0,4,0.44,5.83,0,0,0.44,6.87,0,20,0.44,7.92,0,17,0.44,9.16,0,1,0.44,10.4,0,0,0.44,11.47,0,0,0.43,13.22,0,0,0.44,14.71,0,0,0.44,16.34,0,0,0.44,17.99,0,2,0.44,19.72,0,0,0.44,21.54,0,0,0.44,23.38,0,0,0.44,31.35,0.0,0.0,0.44,6.08,0.0,0.0,0.44,5.56,0.0,0.0,0.44,5.05,0.0,0.0,0.44,4.58,0.0,0.0,0.44,4.2,0.0,0.0,0.44,1.29,0.0,3.0,0.44,25.3,0.0,0.0,0.44,27.28,0.0,0.0,0.44,29.29,0.0,0.0,0.44,31.35,0.0,0.0,0.44,33.48,0.0,0.0,0.44,35.61,0.0,0.0,0.44,33.45,0.0,0.0,0.44,0.68,0.0,0.0,0.44,0.96,0.0,0.0,0.44,36.5,0.0,0.0,0.44,0.6,0.0,0.0,0.44,,,,,,,,,,,,,,,,,,,,,,,,
2023-07-26 16:00:00,86.5,31.06,0,0,0.43,29.03,0,0,0.43,27.11,0,0,0.43,25.25,0,0,0.43,23.49,0,0,0.43,21.8,0,0,0.43,20.2,0,0,0.43,18.68,0,0,0.43,17.27,0,0,0.43,15.9,0,0,0.43,14.68,0,0,0.43,13.46,0,0,0.43,12.77,0,0,0.45,11.38,0,0,0.43,10.4,0,2,0.43,9.57,0,0,0.43,8.73,0,0,0.43,7.98,0,0,0.43,7.31,0,0,0.43,1.43,0,23,0.43,1.84,0,57,0.43,2.36,0,38,0.43,2.93,0,2,0.43,3.61,0,0,0.43,4.36,0,4,0.43,5.21,0,0,0.43,6.14,0,20,0.43,7.18,0,17,0.43,8.27,0,1,0.43,9.5,0,0,0.43,10.75,0,0,0.43,11.79,0,0,0.42,13.6,0,0,0.43,15.12,0,0,0.43,16.75,0,2,0.43,18.4,0,0,0.43,20.15,0,0,0.43,21.97,0,0,0.43,33.13,0.0,0.0,0.43,6.64,0.0,0.0,0.43,6.07,0.0,0.0,0.43,5.55,0.0,0.0,0.43,5.03,0.0,0.0,0.43,4.58,0.0,0.0,0.43,1.07,0.0,3.0,0.43,23.81,0.0,0.0,0.43,25.75,0.0,0.0,0.43,27.73,0.0,0.0,0.43,29.74,0.0,0.0,0.43,31.82,0.0,0.0,0.43,37.49,0.0,0.0,0.43,35.28,0.0,0.0,0.43,0.57,0.0,0.0,0.43,0.79,0.0,0.0,0.43,38.38,0.0,0.0,0.43,0.49,0.0,0.0,0.43,,,,,,,,,,,,,,,,,,,,,,,,
2023-07-27 16:00:00,87.45,31.92,0,0,0.43,29.88,0,0,0.43,27.94,0,0,0.43,26.04,0,0,0.43,24.27,0,0,0.43,22.53,0,0,0.43,20.94,0,0,0.43,19.35,0,0,0.43,17.94,0,0,0.43,16.53,0,0,0.43,15.28,0,0,0.43,14.07,0,0,0.43,13.3,0,0,0.45,11.91,0,0,0.43,10.89,0,2,0.43,10.02,0,0,0.43,9.18,0,0,0.43,8.36,0,0,0.43,7.69,0,0,0.43,1.35,0,23,0.43,1.74,5,57,0.43,2.24,0,38,0.43,2.78,0,2,0.43,3.45,0,0,0.43,4.15,0,4,0.43,5.0,0,0,0.43,5.87,0,20,0.43,6.9,0,17,0.43,7.95,0,1,0.43,9.16,0,0,0.43,10.4,0,0,0.43,11.4,0,0,0.42,13.18,0,0,0.43,14.64,0,0,0.43,16.25,0,2,0.43,17.89,0,0,0.43,19.57,0,0,0.43,21.39,0,0,0.43,34.02,0.0,0.0,0.43,7.03,0.0,0.0,0.43,6.38,0.0,0.0,0.43,5.86,0.0,0.0,0.43,5.35,0.0,0.0,0.43,4.83,0.0,0.0,0.43,1.01,0.0,3.0,0.43,23.22,0.0,0.0,0.43,25.09,0.0,0.0,0.43,27.08,0.0,0.0,0.43,29.07,0.0,0.0,0.43,31.1,0.0,0.0,0.43,38.39,0.0,0.0,0.43,36.17,0.0,0.0,0.43,0.53,0.0,0.0,0.43,0.73,0.0,0.0,0.43,39.29,0.0,0.0,0.43,0.45,0.0,0.0,0.43,,,,,,,,,,,,,,,,,,,,,,,,
2023-08-10 16:00:00,78.95,24.37,0,0,0.45,22.55,0,0,0.45,20.78,0,0,0.45,19.16,0,0,0.45,17.57,0,0,0.45,16.15,0,0,0.45,14.74,0,0,0.45,13.52,0,0,0.45,12.3,0,0,0.45,11.31,0,0,0.45,10.22,0,0,0.45,9.28,0,0,0.45,8.44,0,0,0.45,7.6,0,0,0.45,6.94,0,2,0.45,6.27,0,0,0.45,5.65,0,0,0.45,5.13,0,0,0.45,4.61,0,0,0.45,2.25,0,27,0.45,2.86,0,57,0.45,3.54,0,38,0.45,4.36,0,2,0.45,5.22,0,0,0.45,6.25,0,4,0.45,7.3,0,0,0.45,8.53,0,20,0.45,9.78,0,17,0.45,11.1,0,1,0.44,12.63,0,0,0.45,14.18,0,0,0.45,15.81,0,0,0.45,17.48,0,0,0.45,19.29,0,0,0.45,21.12,0,2,0.45,23.02,0,0,0.45,25.01,0,0,0.45,27.01,0,0,0.45,26.29,0.0,0.0,0.45,4.16,0.0,0.0,0.45,3.77,0.0,0.0,0.45,3.38,0.0,0.0,0.45,3.03,0.0,1.0,0.45,2.75,0.0,0.0,0.45,1.73,0.0,3.0,0.45,29.09,0.0,0.0,0.45,31.23,0.0,0.0,0.45,33.38,0.0,0.0,0.45,35.59,0.0,0.0,0.45,37.85,0.0,0.0,0.45,30.39,0.0,0.0,0.45,28.31,0.0,0.0,0.45,0.95,0.0,0.0,0.45,1.31,0.0,0.0,0.45,31.25,0.0,0.0,0.45,0.84,0.0,0.0,0.45,2.47,0.0,0.0,0.45,2.2,0.0,0.0,0.45,40.13,0.0,0.0,0.45,42.43,0.0,0.0,0.45,,,,,,,,
2023-08-11 16:00:00,82.1,26.98,0,0,0.44,25.06,0,0,0.44,23.2,0,0,0.43,21.43,0,0,0.43,19.78,0,0,0.44,18.18,0,0,0.44,16.72,0,0,0.43,15.31,0,0,0.44,14.03,0,0,0.43,12.81,0,0,0.44,11.84,0,0,0.44,10.66,0,0,0.44,9.66,0,0,0.43,8.82,0,0,0.44,7.97,0,2,0.43,7.25,0,0,0.44,6.57,0,0,0.43,5.9,0,0,0.44,5.38,0,0,0.44,1.7,0,27,0.43,2.22,0,57,0.44,2.8,0,38,0.43,3.47,0,2,0.43,4.26,0,0,0.43,5.11,0,4,0.43,6.1,0,0,0.43,7.14,0,20,0.43,8.33,0,17,0.44,9.56,0,1,0.43,10.77,0,0,0.43,12.35,0,0,0.43,13.85,0,0,0.44,15.47,0,0,0.43,17.12,0,0,0.43,18.89,0,2,0.43,20.71,0,0,0.43,22.56,0,0,0.43,24.54,0,0,0.44,29.01,0.0,0.0,0.43,4.85,0.0,0.0,0.43,4.35,0.0,0.0,0.44,3.96,0.0,0.0,0.44,3.56,0.0,1.0,0.43,3.17,0.0,0.0,0.43,1.3,1.0,4.0,0.43,26.53,0.0,0.0,0.43,28.57,0.0,0.0,0.44,30.7,0.0,0.0,0.44,32.85,0.0,0.0,0.44,35.02,0.0,0.0,0.43,33.25,0.0,0.0,0.43,31.1,0.0,0.0,0.43,0.68,0.0,0.0,0.44,0.95,0.0,0.0,0.43,34.14,0.0,0.0,0.43,0.59,17.0,17.0,0.43,2.89,0.0,0.0,0.43,2.61,0.0,0.0,0.44,37.28,0.0,0.0,0.44,39.55,0.0,0.0,0.44,,,,,,,,
2023-08-15 16:00:00,83.0,27.75,0,0,0.44,25.81,0,0,0.44,23.91,0,0,0.44,22.14,0,0,0.44,20.44,0,0,0.44,18.84,0,0,0.44,17.32,0,0,0.44,15.9,0,0,0.44,14.56,0,0,0.44,13.34,0,0,0.44,12.27,0,0,0.44,11.12,0,0,0.44,10.09,0,0,0.44,9.21,0,0,0.44,8.37,0,2,0.44,7.57,0,0,0.44,6.9,0,0,0.44,6.23,0,0,0.44,5.64,0,0,0.44,1.6,0,27,0.44,2.1,0,57,0.44,2.64,0,38,0.44,3.31,0,2,0.44,4.05,0,0,0.44,4.89,0,4,0.44,5.83,0,0,0.44,6.87,0,20,0.44,7.99,0,17,0.44,9.22,0,1,0.44,10.37,0,0,0.43,11.94,0,0,0.44,13.39,0,0,0.44,14.99,0,0,0.44,16.63,0,0,0.44,18.34,0,2,0.44,20.15,0,0,0.44,21.99,0,0,0.44,23.91,0,0,0.44,29.8,0.0,0.0,0.44,5.12,0.0,0.0,0.44,4.6,0.0,0.0,0.44,4.16,0.0,0.0,0.44,3.77,0.0,1.0,0.44,3.38,0.0,0.0,0.44,1.22,0.0,4.0,0.44,25.9,0.0,0.0,0.44,27.91,0.0,0.0,0.44,30.0,0.0,0.0,0.44,32.14,0.0,0.0,0.44,34.3,0.0,0.0,0.44,34.08,0.0,0.0,0.44,31.92,0.0,0.0,0.44,0.63,0.0,0.0,0.44,0.89,0.0,0.0,0.44,34.98,0.0,0.0,0.44,0.55,0.0,17.0,0.44,3.05,0.0,0.0,0.44,2.76,0.0,0.0,0.44,36.52,0.0,0.0,0.44,38.78,0.0,0.0,0.44,,,,,,,,
2023-08-16 16:00:00,81.7,26.58,0,0,0.44,24.66,0,0,0.44,22.82,0,0,0.44,21.05,0,0,0.44,19.41,0,0,0.44,17.81,0,0,0.44,16.38,0,0,0.44,14.96,0,0,0.44,13.72,0,0,0.44,12.49,0,0,0.44,11.37,0,0,0.44,10.38,0,0,0.44,9.42,0,0,0.44,8.57,0,0,0.44,7.73,0,2,0.44,7.03,0,0,0.44,6.36,0,0,0.44,5.72,0,0,0.44,5.2,0,0,0.44,1.74,0,27,0.44,2.25,0,57,0.44,2.86,0,38,0.44,3.53,0,2,0.44,4.34,0,0,0.44,5.19,0,4,0.44,6.21,0,0,0.44,7.25,0,20,0.44,8.46,0,17,0.44,9.7,0,1,0.44,11.09,0,0,0.44,12.52,0,0,0.44,14.05,0,0,0.44,15.68,0,0,0.44,17.33,0,0,0.44,19.13,0,2,0.44,20.96,0,0,0.44,22.84,0,0,0.44,24.82,0,0,0.44,28.61,0.0,0.0,0.44,4.68,0.0,0.0,0.44,4.2,0.0,0.0,0.44,3.81,0.0,0.0,0.44,3.42,0.0,1.0,0.44,3.06,0.0,0.0,0.44,1.33,0.0,4.0,0.44,26.82,0.0,0.0,0.44,28.88,0.0,0.0,0.44,31.01,0.0,0.0,0.44,33.17,0.0,0.0,0.44,35.37,0.0,0.0,0.44,32.84,0.0,0.0,0.44,30.68,0.0,0.0,0.44,0.69,0.0,0.0,0.44,0.97,0.0,0.0,0.44,33.72,0.0,0.0,0.44,0.6,8.0,25.0,0.44,2.78,0.0,0.0,0.44,2.49,0.0,0.0,0.44,37.63,0.0,0.0,0.44,39.9,0.0,0.0,0.44,,,,,,,,
2023-08-17 16:00:00,80.55,25.62,0,0,0.44,23.7,0,0,0.44,21.93,0,0,0.44,20.2,0,0,0.44,18.6,0,0,0.44,17.07,0,0,0.44,15.65,0,0,0.44,14.3,0,0,0.44,13.08,0,0,0.44,12.02,0,0,0.45,10.87,0,0,0.44,9.84,0,0,0.44,8.97,0,0,0.44,8.13,0,0,0.44,7.35,0,2,0.44,6.67,0,0,0.44,6.0,0,0,0.44,5.44,0,0,0.44,4.92,0,0,0.44,1.94,0,27,0.44,2.46,0,57,0.44,3.13,0,38,0.44,3.84,0,2,0.44,4.69,0,0,0.44,5.61,0,4,0.44,6.65,0,0,0.44,7.76,0,20,0.44,9.0,0,17,0.44,10.16,0,1,0.44,11.72,0,0,0.44,13.17,0,0,0.44,14.78,0,0,0.44,16.42,0,0,0.44,18.14,0,0,0.44,19.96,0,2,0.44,21.79,0,0,0.44,23.74,0,0,0.44,25.73,0,0,0.44,27.6,0.0,0.0,0.44,4.4,0.0,0.0,0.44,3.99,0.0,0.0,0.44,3.6,0.0,0.0,0.44,3.21,0.0,1.0,0.44,2.91,0.0,0.0,0.44,1.48,0.0,4.0,0.44,27.75,0.0,0.0,0.44,29.86,0.0,0.0,0.44,32.0,0.0,0.0,0.44,34.17,0.0,0.0,0.44,36.41,0.0,0.0,0.44,31.79,0.0,0.0,0.44,29.64,0.0,0.0,0.44,0.8,0.0,0.0,0.44,1.09,0.0,0.0,0.44,32.65,0.0,0.0,0.44,0.68,24.0,49.0,0.44,2.63,0.0,0.0,0.44,2.34,0.0,0.0,0.44,38.68,0.0,0.0,0.44,40.96,0.0,0.0,0.44,,,,,,,,
2023-08-18 16:00:00,78.55,23.82,0,0,0.44,21.98,0,0,0.44,20.21,0,0,0.44,18.58,0,0,0.44,16.98,0,0,0.44,15.57,0,0,0.44,14.17,0,0,0.44,12.94,0,0,0.44,11.72,0,0,0.44,10.81,0,0,0.45,9.66,0,0,0.44,8.76,0,0,0.44,7.92,0,0,0.44,7.13,0,0,0.44,6.46,0,2,0.44,5.79,0,0,0.44,5.23,0,0,0.44,4.71,0,0,0.44,4.19,0,0,0.44,2.15,0,27,0.44,2.75,0,57,0.44,3.43,0,38,0.44,4.24,0,2,0.44,5.1,0,0,0.44,6.13,0,4,0.44,7.19,0,0,0.44,8.42,0,20,0.44,9.67,0,17,0.44,10.99,0,1,0.44,12.55,0,0,0.44,14.14,0,0,0.44,15.77,0,0,0.44,17.49,0,0,0.44,19.3,0,0,0.44,21.14,0,2,0.44,23.09,0,0,0.44,25.08,0,0,0.44,27.1,0,0,0.44,25.74,0.0,0.0,0.44,3.79,0.0,0.0,0.44,3.4,0.0,0.0,0.44,3.02,0.0,0.0,0.44,2.73,0.0,1.0,0.44,2.45,0.0,0.0,0.44,1.64,0.0,4.0,0.44,29.23,0.0,0.0,0.44,31.38,0.0,0.0,0.44,33.55,0.0,0.0,0.44,35.81,0.0,0.0,0.44,38.08,0.0,0.0,0.44,29.88,0.0,0.0,0.44,27.78,0.0,0.0,0.44,0.89,0.0,0.0,0.44,1.23,0.0,0.0,0.44,30.74,0.0,0.0,0.44,0.78,0.0,49.0,0.44,2.17,0.0,0.0,0.44,1.96,0.0,0.0,0.44,40.38,0.0,0.0,0.44,42.73,0.0,0.0,0.44,,,,,,,,
2023-08-21 16:00:00,78.6,23.94,0,0,0.45,22.12,0,0,0.45,20.35,0,0,0.45,18.74,0,0,0.45,17.15,0,0,0.45,15.74,0,0,0.45,14.35,0,0,0.45,13.13,0,0,0.45,11.86,0,0,0.45,10.88,0,0,0.45,9.85,0,0,0.45,8.95,0,0,0.45,8.11,0,0,0.45,7.31,0,0,0.45,6.64,0,2,0.45,5.97,0,0,0.45,5.39,0,0,0.45,4.88,0,0,0.45,4.36,0,0,0.45,2.24,0,27,0.45,2.86,0,57,0.45,3.54,0,38,0.45,4.37,0,2,0.45,5.24,0,0,0.45,6.28,0,4,0.45,7.35,0,0,0.45,8.58,0,20,0.45,9.84,0,17,0.45,11.27,0,1,0.45,12.72,0,0,0.45,14.3,0,0,0.45,15.94,0,0,0.45,17.64,0,0,0.45,19.45,0,0,0.45,21.29,0,2,0.45,23.22,0,0,0.45,25.21,0,0,0.45,27.23,0,0,0.45,25.86,0.0,0.0,0.45,3.94,0.0,0.0,0.45,3.56,0.0,0.0,0.45,3.17,0.0,0.0,0.45,2.86,0.0,1.0,0.45,2.58,0.0,0.0,0.45,1.72,0.0,4.0,0.45,29.33,0.0,0.0,0.45,31.47,0.0,0.0,0.45,33.64,0.0,0.0,0.45,35.88,0.0,0.0,0.45,38.14,0.0,0.0,0.45,29.96,0.0,0.0,0.45,27.88,0.0,0.0,0.45,0.95,0.0,0.0,0.45,1.3,0.0,0.0,0.45,30.82,0.0,0.0,0.45,0.83,0.0,49.0,0.45,2.3,0.0,0.0,0.45,2.06,0.0,0.0,0.45,40.43,0.0,0.0,0.45,42.77,0.0,0.0,0.45,,,,,,,,
2023-08-22 16:00:00,81.05,25.99,0,0,0.45,24.06,0,0,0.44,22.26,0,0,0.45,20.49,0,0,0.45,18.89,0,0,0.45,17.32,0,0,0.45,15.9,0,0,0.45,14.51,0,0,0.45,13.29,0,0,0.45,12.13,0,0,0.45,11.03,0,0,0.45,10.01,0,0,0.45,9.1,0,0,0.45,8.25,0,0,0.45,7.44,0,2,0.45,6.77,0,0,0.45,6.1,0,0,0.45,5.51,0,0,0.45,4.99,0,0,0.45,1.84,0,27,0.45,2.36,0,57,0.45,2.99,0,38,0.45,3.67,0,2,0.45,4.52,0,0,0.45,5.4,0,4,0.45,6.43,0,0,0.45,7.51,0,20,0.45,8.74,0,17,0.45,9.92,0,1,0.44,11.42,0,0,0.45,12.87,0,0,0.45,14.44,0,0,0.45,16.08,0,0,0.45,17.77,0,0,0.45,19.59,0,2,0.45,21.42,0,0,0.45,23.34,0,0,0.45,25.33,0,0,0.45,27.99,0.0,0.0,0.45,4.47,0.0,0.0,0.45,4.04,0.0,0.0,0.45,3.65,0.0,0.0,0.45,3.26,0.0,1.0,0.45,2.93,0.0,0.0,0.45,1.4,0.0,4.0,0.45,27.34,0.0,0.0,0.45,29.43,0.0,0.0,0.45,31.57,0.0,0.0,0.45,33.73,0.0,0.0,0.45,35.96,0.0,0.0,0.45,32.2,0.0,0.0,0.45,30.04,0.0,0.0,0.44,0.74,0.0,0.0,0.45,1.02,0.0,0.0,0.45,33.07,0.0,0.0,0.45,0.63,0.0,49.0,0.44,2.65,0.0,0.0,0.45,2.37,0.0,0.0,0.45,38.22,0.0,0.0,0.45,40.51,0.0,0.0,0.45,,,,,,,,
2023-08-24 16:00:00,77.2,22.53,0,0,0.44,20.73,0,0,0.44,18.99,0,0,0.44,17.39,0,0,0.44,15.87,0,0,0.44,14.45,0,0,0.44,13.14,0,0,0.44,11.92,0,0,0.44,10.75,0,0,0.44,9.76,0,0,0.44,8.79,0,0,0.44,7.94,0,0,0.44,7.1,0,0,0.44,6.42,0,0,0.44,5.75,0,2,0.44,5.15,0,0,0.44,4.63,0,0,0.44,4.11,0,0,0.44,3.7,0,0,0.44,2.25,0,27,0.44,2.9,0,57,0.44,3.61,0,38,0.44,4.45,0,2,0.44,5.39,0,0,0.44,6.42,0,4,0.44,7.57,0,0,0.44,8.81,0,20,0.44,10.17,0,17,0.44,11.59,0,1,0.44,13.11,0,0,0.44,14.74,0,0,0.44,16.4,0,0,0.44,18.21,0,0,0.44,20.04,0,0,0.44,21.96,0,2,0.44,23.95,0,0,0.44,25.96,0,0,0.44,28.07,0,0,0.44,24.45,0.0,0.0,0.44,3.31,0.0,0.0,0.44,2.92,0.0,0.0,0.44,2.64,0.0,0.0,0.44,2.35,0.0,1.0,0.44,2.07,0.0,0.0,0.44,1.74,0.0,4.0,0.44,30.22,0.0,0.0,0.44,32.39,0.0,0.0,0.44,34.64,0.0,0.0,0.44,36.91,0.0,0.0,0.44,39.21,0.0,0.0,0.44,28.53,0.0,0.0,0.44,26.46,0.0,0.0,0.44,0.93,0.0,0.0,0.44,1.3,0.0,0.0,0.44,29.39,0.0,0.0,0.44,0.82,0.0,49.0,0.44,1.86,0.0,0.0,0.44,1.66,0.0,0.0,0.44,41.57,0.0,0.0,0.44,43.95,0.0,0.0,0.44,,,,,,,,
2023-09-18 16:00:00,75.9,21.27,0,0,0.4,19.34,0,0,0.4,17.52,0,0,0.4,15.81,0,0,0.4,14.21,0,0,0.4,12.73,0,0,0.4,11.36,0,0,0.4,10.11,0,0,0.4,8.97,0,0,0.4,7.93,0,0,0.4,7.0,0,0,0.4,6.16,0,0,0.4,5.4,0,0,0.4,4.73,0,0,0.4,4.14,0,2,0.4,3.61,0,0,0.4,3.14,0,0,0.4,2.73,0,0,0.4,2.37,0,0,0.4,1.54,0,29,0.4,2.04,0,57,0.4,2.69,0,38,0.4,3.44,0,12,0.4,4.28,0,0,0.4,5.29,0,45,0.4,6.38,0,0,0.4,7.6,0,20,0.4,8.95,0,17,0.4,10.37,0,1,0.4,11.95,0,0,0.4,13.58,0,0,0.4,15.36,0,0,0.4,17.17,0,0,0.4,19.11,0,0,0.4,21.1,0,2,0.4,23.17,0,0,0.4,25.3,0,0,0.4,27.48,0,0,0.4,23.29,0.0,0.0,0.4,2.05,0.0,0.0,0.4,1.78,0.0,0.0,0.4,1.54,0.0,0.0,0.4,1.33,0.0,1.0,0.4,1.14,0.0,0.0,0.4,1.12,0.0,4.0,0.4,29.74,0.0,0.0,0.4,32.02,0.0,0.0,0.4,34.37,0.0,0.0,0.4,36.75,0.0,0.0,0.4,39.16,0.0,0.0,0.4,27.6,0.0,0.0,0.4,25.41,0.0,0.0,0.4,0.52,0.0,0.0,0.4,0.78,0.0,0.0,0.4,28.49,0.0,0.0,0.4,0.44,0.0,59.0,0.4,0.99,0.0,0.0,0.4,0.85,0.0,0.0,0.4,41.61,0.0,0.0,0.4,44.1,0.0,0.0,,,,,,,,,
2023-09-19 16:00:00,79.0,23.92,0,0,0.39,21.88,0,0,0.39,19.94,0,0,0.39,18.09,0,0,0.39,16.36,0,0,0.39,14.74,0,0,0.39,13.23,0,0,0.39,11.83,0,0,0.39,10.55,0,0,0.39,9.37,0,0,0.39,8.31,0,0,0.39,7.34,0,0,0.39,6.47,0,0,0.39,5.69,0,0,0.39,4.99,0,2,0.39,4.36,0,0,0.39,3.81,0,0,0.39,3.32,0,0,0.39,2.89,0,0,0.39,1.09,0,29,0.39,1.5,0,57,0.39,1.99,0,38,0.39,2.62,0,12,0.39,3.34,0,0,0.39,4.16,0,45,0.39,5.14,0,0,0.39,6.19,0,20,0.39,7.4,0,17,0.39,8.69,0,1,0.39,10.11,0,0,0.39,11.64,0,0,0.39,13.25,0,0,0.39,14.98,0,0,0.39,16.78,0,0,0.39,18.68,0,2,0.39,20.65,0,0,0.39,22.69,0,0,0.39,24.81,0,0,0.39,26.05,0.0,0.0,0.39,2.51,0.0,0.0,0.39,2.18,0.0,0.0,0.39,1.89,0.0,0.0,0.39,1.63,0.0,1.0,0.39,1.41,0.0,0.0,0.39,0.77,0.0,4.0,0.39,26.96,0.0,0.0,0.39,29.21,0.0,0.0,0.39,31.48,0.0,0.0,0.39,33.81,0.0,0.0,0.39,36.18,0.0,0.0,0.39,30.51,0.0,0.0,0.39,28.25,0.0,0.0,0.39,0.33,0.0,0.0,0.39,0.52,0.0,0.0,0.39,31.43,0.0,0.0,0.39,0.29,0.0,59.0,0.39,1.22,0.0,0.0,0.39,1.05,0.0,0.0,0.39,38.58,0.0,0.0,0.39,41.02,0.0,0.0,0.39,,,,,,,,
2023-09-20 16:00:00,79.1,23.98,0,0,0.39,21.93,0,0,0.39,19.98,0,0,0.39,18.13,0,0,0.39,16.38,0,0,0.39,14.75,0,0,0.39,13.23,0,0,0.39,11.83,0,0,0.39,10.54,0,0,0.39,9.36,0,0,0.39,8.29,0,0,0.39,7.32,0,0,0.39,6.44,0,0,0.39,5.66,0,0,0.39,4.96,0,2,0.39,4.33,0,0,0.39,3.78,0,0,0.39,3.29,0,0,0.39,2.86,0,0,0.39,1.06,0,29,0.39,1.45,0,57,0.39,1.95,0,38,0.39,2.56,0,12,0.39,3.27,0,0,0.39,4.09,0,45,0.39,5.05,0,0,0.39,6.09,0,20,0.39,7.3,0,17,0.39,8.59,0,1,0.39,10.0,0,0,0.39,11.52,0,0,0.39,13.14,0,0,0.39,14.86,0,0,0.39,16.66,0,0,0.39,18.56,0,2,0.39,20.53,0,0,0.39,22.57,0,0,0.39,24.69,0,0,0.39,26.11,0.0,0.0,0.39,2.48,0.0,0.0,0.39,2.15,0.0,0.0,0.39,1.86,0.0,0.0,0.39,1.61,0.0,1.0,0.39,1.38,0.0,0.0,0.39,0.74,0.0,4.0,0.39,26.84,0.0,0.0,0.39,29.09,0.0,0.0,0.39,31.36,0.0,0.0,0.39,33.69,0.0,0.0,0.39,36.07,0.0,0.0,0.39,30.59,0.0,0.0,0.39,28.32,0.0,0.0,0.39,0.32,0.0,0.0,0.39,0.5,0.0,0.0,0.39,31.51,0.0,0.0,0.39,0.28,0.0,59.0,0.39,1.19,0.0,0.0,0.39,1.03,0.0,0.0,0.39,38.47,0.0,0.0,0.39,40.92,0.0,0.0,0.39,,,,,,,,
2023-09-27 16:00:00,77.05,21.99,0,0,0.39,19.98,0,0,0.39,18.08,0,0,0.39,16.28,0,0,0.39,14.6,0,0,0.39,13.04,0,0,0.39,11.6,0,0,0.39,10.28,0,0,0.39,9.07,0,0,0.39,7.98,0,0,0.39,7.0,0,0,0.39,6.12,0,0,0.39,5.33,0,0,0.39,4.64,0,0,0.39,4.02,0,2,0.39,3.48,0,0,0.39,3.0,0,0,0.39,2.58,0,0,0.39,2.22,0,0,0.39,1.17,0,29,0.39,1.62,0,57,0.39,2.16,0,38,0.39,2.81,0,12,0.39,3.61,0,0,0.39,4.51,0,45,0.39,5.52,0,0,0.39,6.69,0,20,0.39,7.95,0,17,0.39,9.35,0,1,0.39,10.86,0,0,0.39,12.47,0,0,0.39,14.19,0,0,0.39,16.0,0,0,0.39,17.91,0,0,0.39,19.88,0,2,0.39,21.95,0,0,0.39,24.07,0,0,0.39,26.26,0,0,0.39,24.09,0.0,0.0,0.39,1.9,0.0,0.0,0.39,1.63,0.0,0.0,0.39,1.39,0.0,0.0,0.39,1.19,0.0,1.0,0.39,1.01,0.0,0.0,0.39,0.81,0.0,4.0,0.39,28.52,0.0,0.0,0.39,30.81,0.0,0.0,0.39,33.16,0.0,0.0,0.39,35.55,0.0,0.0,0.39,37.99,0.0,0.0,0.39,28.53,0.0,0.0,0.39,26.28,0.0,0.0,0.39,0.36,0.0,0.0,0.39,0.55,0.0,0.0,0.39,29.44,0.0,0.0,0.39,0.3,12.0,71.0,0.39,0.86,0.0,0.0,0.39,0.75,0.0,0.0,0.39,40.48,0.0,0.0,0.4,42.98,0.0,0.0,0.42,,,,,,,,
2023-09-28 16:00:00,74.65,19.96,0,0,0.4,18.05,0,0,0.4,16.25,0,0,0.4,14.56,0,0,0.4,13.0,0,0,0.4,11.56,0,0,0.4,10.24,0,0,0.4,9.03,0,0,0.4,7.95,0,0,0.4,6.96,0,0,0.4,6.09,0,0,0.4,5.46,24,24,0.41,4.75,15,15,0.41,4.12,0,0,0.4,3.46,9,11,0.4,2.98,0,0,0.4,2.57,0,0,0.4,2.21,0,0,0.4,1.89,0,0,0.4,1.6,0,29,0.4,2.15,0,57,0.4,2.82,0,38,0.4,3.64,0,12,0.4,4.43,0,0,0.4,5.44,0,45,0.4,6.61,0,0,0.4,7.86,0,20,0.4,9.27,0,17,0.4,10.78,0,1,0.4,12.39,0,0,0.4,14.11,0,0,0.4,15.92,0,0,0.4,17.83,0,0,0.4,19.81,0,0,0.4,21.87,0,2,0.4,24.0,0,0,0.4,26.18,0,0,0.4,28.44,0,0,0.4,21.98,0.0,0.0,0.4,1.62,0.0,0.0,0.4,1.39,0.0,0.0,0.4,1.19,0.0,0.0,0.4,1.01,0.0,1.0,0.4,0.86,0.0,0.0,0.4,1.12,0.0,4.0,0.4,30.73,0.0,0.0,0.4,33.08,0.0,0.0,0.4,35.47,0.0,0.0,0.4,37.89,0.0,0.0,0.4,40.35,0.0,0.0,,26.28,0.0,0.0,0.4,24.09,0.0,0.0,0.4,0.51,0.0,0.0,0.4,0.77,0.0,0.0,0.4,27.17,0.0,0.0,0.4,0.45,10.0,81.0,0.4,0.73,0.0,0.0,0.4,0.62,0.0,0.0,0.4,42.85,0.0,0.0,,45.35,0.0,0.0,,,,,,,,,
2023-11-15 16:00:00,81.75,25.75,0,0,0.41,23.54,0,0,0.41,21.41,0,0,0.41,19.38,0,0,0.41,17.45,0,0,0.41,15.9,0,0,0.43,13.94,0,0,0.41,12.36,0,0,0.41,10.97,0,0,0.41,9.57,0,90,0.41,8.31,45,75,0.4,7.33,15,63,0.41,6.28,25,31,0.4,5.39,0,15,0.4,4.61,0,11,0.4,3.93,0,0,0.4,3.36,0,1,0.4,2.96,0,1,0.41,2.52,0,0,0.41,0.51,0,44,0.41,0.77,0,80,0.41,1.11,0,82,0.41,1.58,75,70,0.41,2.13,31,52,0.41,2.79,61,65,0.41,3.61,0,70,0.41,4.53,0,10,0.41,5.57,0,17,0.42,6.75,0,1,0.42,7.93,0,0,0.41,9.29,0,0,0.41,10.81,0,0,0.41,12.5,5,7,0.41,14.19,0,0,0.41,16.01,0,1,0.41,17.97,0,0,0.41,19.96,0,0,0.41,22.07,0,0,0.41,28.02,0.0,0.0,0.41,2.13,0.0,0.0,0.41,1.8,0.0,0.0,0.41,1.52,0.0,0.0,0.41,1.28,0.0,1.0,0.41,1.08,0.0,0.0,0.41,0.33,0.0,4.0,0.41,24.21,0.0,0.0,0.41,26.45,0.0,0.0,0.41,28.71,0.0,0.0,0.41,31.05,0.0,0.0,0.41,33.41,0.0,0.0,0.41,32.73,0.0,0.0,0.41,30.35,0.0,0.0,0.41,0.12,0.0,0.0,0.41,0.2,0.0,0.0,0.41,33.69,0.0,0.0,0.41,0.09,0.0,82.0,0.41,0.9,0.0,0.0,0.41,0.76,0.0,0.0,0.41,35.82,0.0,0.0,0.41,38.27,0.0,0.0,0.41,34.65,0.0,0.0,0.41,0.08,0.0,2.0,0.41
2023-11-16 16:00:00,81.75,25.77,0,0,0.41,23.57,0,0,0.41,21.45,0,0,0.41,19.43,0,0,0.41,17.51,0,0,0.41,15.7,0,0,0.41,14.01,0,0,0.41,12.45,0,0,0.41,11.01,0,0,0.41,9.69,0,90,0.41,8.52,15,90,0.42,7.41,0,63,0.41,6.45,0,31,0.41,5.58,0,15,0.41,4.82,0,11,0.41,4.15,0,0,0.41,3.56,0,1,0.41,3.04,0,1,0.41,2.59,0,0,0.41,0.54,0,44,0.41,0.8,0,80,0.41,1.15,0,82,0.41,1.6,0,70,0.41,2.14,0,52,0.41,2.87,0,65,0.42,3.59,0,70,0.41,4.49,0,10,0.41,5.5,0,17,0.41,6.69,0,1,0.41,7.97,0,0,0.41,9.38,0,0,0.41,10.92,0,0,0.41,12.53,0,7,0.41,14.29,0,0,0.41,16.1,0,1,0.41,18.06,0,0,0.41,20.04,0,0,0.41,22.15,0,0,0.41,28.04,0.0,0.0,0.41,2.21,0.0,0.0,0.41,1.87,0.0,0.0,0.41,1.58,0.0,0.0,0.41,1.34,0.0,1.0,0.41,1.13,0.0,0.0,0.41,0.35,0.0,4.0,0.41,24.28,0.0,0.0,0.41,26.51,0.0,0.0,0.41,28.76,0.0,0.0,0.41,31.09,0.0,0.0,0.41,33.45,0.0,0.0,0.41,32.73,0.0,0.0,0.41,30.36,0.0,0.0,0.41,0.13,0.0,0.0,0.41,0.22,0.0,0.0,0.41,33.69,0.0,0.0,0.42,0.1,0.0,82.0,0.41,0.95,0.0,0.0,0.41,0.77,0.0,0.0,0.41,35.85,0.0,0.0,0.41,38.29,0.0,0.0,0.42,34.65,0.0,0.0,0.41,0.08,0.0,2.0,0.41
2023-11-17 16:00:00,81.15,25.14,0,0,0.4,22.93,0,0,0.4,20.81,0,0,0.4,18.79,0,0,0.4,16.87,0,0,0.4,15.07,0,0,0.4,13.39,0,0,0.4,11.83,0,0,0.4,10.41,0,0,0.4,9.11,0,90,0.4,8.05,0,90,0.41,6.89,0,63,0.4,5.95,0,31,0.4,5.12,0,15,0.4,4.39,0,11,0.4,3.75,0,0,0.4,3.19,0,1,0.4,2.7,0,1,0.4,2.29,0,0,0.4,0.51,0,44,0.4,0.77,0,80,0.4,1.12,0,82,0.4,1.56,0,70,0.4,2.11,0,52,0.4,2.75,0,65,0.4,3.57,0,70,0.4,4.49,0,10,0.4,5.52,0,17,0.4,6.73,0,1,0.4,8.04,0,0,0.4,9.46,0,0,0.4,11.04,0,0,0.4,12.69,0,7,0.4,14.48,0,0,0.4,16.35,0,1,0.4,18.32,0,0,0.4,20.36,0,0,0.4,22.48,0,0,0.4,27.41,0.0,0.0,0.4,1.93,0.0,0.0,0.4,1.62,0.0,0.0,0.4,1.36,0.0,0.0,0.4,1.14,0.0,1.0,0.4,0.95,0.0,0.0,0.4,0.33,0.0,4.0,0.4,24.67,0.0,0.0,0.4,26.91,0.0,0.0,0.4,29.21,0.0,0.0,0.4,31.57,0.0,0.0,0.41,33.95,0.0,0.0,0.4,32.11,0.0,0.0,0.4,29.74,0.0,0.0,0.4,0.11,0.0,0.0,0.4,0.2,0.0,0.0,0.4,33.07,0.0,0.0,0.4,0.09,0.0,82.0,0.4,0.79,0.0,0.0,0.4,0.67,0.0,0.0,0.41,36.39,0.0,0.0,0.4,38.85,0.0,0.0,,34.03,0.0,0.0,0.4,0.08,0.0,2.0,0.41
2023-11-21 16:00:00,81.75,25.66,0,0,0.41,23.44,0,0,0.41,21.3,0,0,0.41,19.25,0,0,0.41,17.31,0,0,0.41,15.47,0,0,0.41,13.77,0,0,0.41,12.18,0,0,0.41,10.73,0,0,0.41,9.4,0,90,0.41,8.03,0,105,0.4,7.12,0,63,0.41,6.15,0,31,0.41,5.3,0,15,0.41,4.54,0,11,0.41,3.88,0,0,0.41,3.3,0,1,0.41,2.8,0,1,0.41,2.37,0,0,0.41,0.47,0,44,0.41,0.71,0,80,0.41,1.04,0,82,0.41,1.45,0,70,0.41,1.96,0,52,0.41,2.69,0,65,0.41,3.38,0,70,0.41,4.27,0,10,0.41,5.27,0,17,0.41,6.45,0,1,0.41,7.72,0,0,0.41,9.13,0,0,0.41,10.67,0,0,0.41,12.29,0,7,0.41,14.07,0,0,0.41,15.9,0,1,0.41,17.86,0,0,0.41,19.87,0,0,0.41,21.98,0,0,0.41,27.95,0.0,0.0,0.41,2.0,0.0,0.0,0.41,1.68,0.0,0.0,0.41,1.41,0.0,0.0,0.41,1.18,0.0,1.0,0.41,0.99,0.0,0.0,0.41,0.3,0.0,4.0,0.41,24.15,0.0,0.0,0.41,26.39,0.0,0.0,0.41,28.67,0.0,0.0,0.41,31.01,0.0,0.0,0.41,33.38,0.0,0.0,0.41,32.67,0.0,0.0,0.41,30.29,0.0,0.0,0.41,0.1,0.0,0.0,0.41,0.18,0.0,0.0,0.41,33.64,0.0,0.0,0.41,0.08,0.0,82.0,0.41,0.82,0.0,0.0,0.41,0.66,15.0,15.0,0.4,35.81,0.0,0.0,0.41,38.26,0.0,0.0,0.41,34.6,0.0,0.0,0.41,0.07,0.0,2.0,0.41
2023-11-22 16:00:00,81.25,25.17,0,0,0.41,22.95,0,0,0.41,20.82,0,0,0.41,18.78,0,0,0.41,16.85,0,0,0.41,15.03,0,0,0.41,13.34,0,0,0.41,11.78,0,0,0.41,10.34,0,0,0.41,9.04,0,90,0.41,7.86,0,105,0.41,6.69,0,63,0.4,5.69,15,46,0.4,4.9,15,30,0.4,4.17,30,41,0.4,3.55,0,0,0.4,3.11,0,1,0.41,2.63,0,1,0.41,2.22,0,0,0.41,0.48,0,44,0.41,0.73,0,80,0.41,1.07,0,82,0.41,1.54,0,70,0.41,2.08,15,52,0.41,2.75,0,65,0.41,3.57,8,78,0.41,4.51,0,10,0.41,5.4,0,17,0.41,6.58,2,2,0.41,7.91,0,0,0.41,9.32,0,0,0.41,10.9,0,0,0.41,12.56,0,7,0.41,14.34,0,0,0.41,16.22,0,1,0.41,18.18,0,0,0.41,20.23,0,0,0.41,22.35,0,0,0.41,27.45,0.0,0.0,0.41,1.86,0.0,0.0,0.41,1.56,0.0,0.0,0.41,1.3,0.0,0.0,0.41,1.09,0.0,1.0,0.41,0.9,0.0,0.0,0.41,0.3,0.0,4.0,0.41,24.55,0.0,0.0,0.41,26.79,0.0,0.0,0.41,29.1,0.0,0.0,0.41,31.45,0.0,0.0,0.41,33.85,0.0,0.0,0.41,32.17,1.0,1.0,0.41,29.79,0.0,0.0,0.41,0.1,0.0,0.0,0.4,0.18,0.0,0.0,0.41,33.13,0.0,0.0,0.41,0.08,0.0,82.0,0.4,0.75,0.0,0.0,0.41,0.6,0.0,15.0,0.4,36.28,0.0,0.0,0.4,38.75,0.0,0.0,,34.1,0.0,0.0,0.41,0.07,0.0,2.0,0.41
2023-11-23 16:00:00,78.6,22.67,0,0,0.41,20.52,0,0,0.41,18.46,0,0,0.41,16.51,0,0,0.41,14.68,0,0,0.41,12.98,0,0,0.41,11.41,0,0,0.41,9.98,0,0,0.41,8.68,0,0,0.41,7.51,0,90,0.41,6.39,0,105,0.4,5.54,0,63,0.41,4.73,0,46,0.41,3.89,0,30,0.4,3.4,0,41,0.41,2.86,0,0,0.41,2.4,0,1,0.41,2.01,0,1,0.41,1.68,0,0,0.41,0.65,0,44,0.41,0.96,0,80,0.41,1.37,0,82,0.41,1.88,0,70,0.41,2.52,0,52,0.41,3.31,0,65,0.41,4.21,0,78,0.41,5.23,0,10,0.41,6.43,0,17,0.41,7.76,1,1,0.41,9.17,0,0,0.41,10.77,0,0,0.41,12.46,0,0,0.41,14.25,0,7,0.41,16.16,0,0,0.41,18.13,0,1,0.41,20.22,0,0,0.41,22.35,0,0,0.41,24.58,0,0,0.41,24.9,0.0,0.0,0.41,1.4,0.0,0.0,0.41,1.16,0.0,0.0,0.41,0.96,0.0,0.0,0.41,0.79,0.0,1.0,0.41,0.65,0.0,0.0,0.41,0.42,0.0,4.0,0.41,26.84,0.0,0.0,0.41,29.17,0.0,0.0,0.41,31.54,0.0,0.0,0.41,33.96,0.0,0.0,0.41,36.41,0.0,0.0,0.41,29.56,0.0,1.0,0.41,27.2,0.0,0.0,0.41,0.15,0.0,0.0,0.41,0.26,5.0,5.0,0.41,30.51,0.0,0.0,0.41,0.12,0.0,82.0,0.41,0.54,0.0,0.0,0.41,0.43,0.0,15.0,0.41,38.9,0.0,0.0,,41.4,0.0,0.0,,31.47,0.0,0.0,0.41,0.1,0.0,2.0,0.41
2023-11-28 16:00:00,80.8,24.68,0,0,0.41,22.46,0,0,0.41,20.33,0,0,0.41,18.3,0,0,0.41,16.38,0,0,0.41,14.57,0,0,0.41,12.9,0,0,0.41,11.35,0,0,0.41,9.94,0,0,0.41,8.65,0,90,0.41,7.47,0,105,0.41,6.47,0,63,0.41,5.55,0,46,0.41,4.74,24,58,0.41,4.04,0,41,0.41,3.42,0,0,0.41,2.89,0,1,0.41,2.43,0,1,0.41,2.04,0,0,0.41,0.48,0,44,0.41,0.74,0,88,0.41,1.08,0,82,0.41,1.52,0,70,0.41,2.06,0,52,0.41,2.71,0,65,0.41,3.52,0,78,0.41,4.46,0,10,0.41,5.51,0,17,0.41,6.71,1,1,0.41,8.06,0,0,0.41,9.5,0,0,0.41,11.1,0,0,0.41,12.79,0,7,0.41,14.59,0,0,0.41,16.5,0,1,0.41,18.47,0,0,0.41,20.56,0,0,0.41,22.69,0,0,0.41,26.96,0.0,0.0,0.41,1.71,0.0,0.0,0.41,1.42,0.0,0.0,0.41,1.18,0.0,0.0,0.41,0.98,0.0,1.0,0.41,0.81,0.0,0.0,0.41,0.3,0.0,4.0,0.41,24.91,0.0,0.0,0.41,27.17,0.0,0.0,0.41,29.5,0.0,0.0,0.41,31.86,0.0,0.0,0.41,34.28,0.0,0.0,0.41,31.68,0.0,1.0,0.41,29.3,0.0,0.0,0.41,0.1,0.0,0.0,0.41,0.18,0.0,5.0,0.41,32.64,0.0,0.0,0.41,0.08,0.0,82.0,0.41,0.67,0.0,0.0,0.41,0.54,0.0,15.0,0.41,36.72,0.0,0.0,0.41,39.2,0.0,0.0,,33.61,0.0,0.0,0.41,0.07,0.0,2.0,0.42
2023-11-29 16:00:00,79.95,23.92,0,0,0.42,21.74,0,0,0.42,19.65,0,0,0.42,17.66,0,0,0.42,15.79,0,0,0.42,14.03,0,0,0.42,12.41,0,0,0.42,10.91,0,0,0.42,9.55,0,0,0.42,8.31,0,90,0.42,7.02,79,184,0.41,6.22,0,63,0.42,5.34,0,46,0.42,4.43,4,58,0.41,3.89,0,41,0.42,3.31,0,0,0.42,2.8,0,1,0.42,2.36,0,1,0.42,1.98,0,0,0.42,0.59,0,44,0.42,0.87,0,88,0.42,1.24,0,82,0.42,1.73,0,70,0.42,2.33,0,52,0.42,3.05,0,65,0.42,3.88,0,78,0.42,4.88,0,10,0.42,6.0,0,17,0.42,7.26,0,1,0.42,8.63,0,0,0.42,10.13,0,0,0.42,11.74,0,0,0.42,13.49,0,7,0.42,15.3,0,0,0.42,17.25,0,1,0.42,19.25,0,0,0.42,21.35,0,0,0.42,23.5,0,0,0.42,26.17,0.0,0.0,0.42,1.66,0.0,0.0,0.42,1.39,0.0,0.0,0.42,1.16,0.0,0.0,0.42,0.96,0.0,1.0,0.42,0.8,0.0,0.0,0.42,0.38,0.0,4.0,0.42,25.74,0.0,0.0,0.42,28.01,0.0,0.0,0.42,30.34,0.0,0.0,0.42,32.71,0.0,0.0,0.42,35.13,0.0,0.0,0.42,30.85,0.0,1.0,0.42,28.49,0.0,0.0,0.42,0.13,0.0,0.0,0.42,0.23,0.0,5.0,0.42,31.81,0.0,0.0,0.42,0.1,0.0,82.0,0.42,0.66,0.0,0.0,0.42,0.53,0.0,15.0,0.42,37.57,0.0,0.0,0.42,40.05,0.0,0.0,,32.77,0.0,0.0,0.42,0.09,0.0,2.0,0.43
2023-12-14 16:00:00,87.15,30.63,0,0,0.42,28.28,0,0,0.42,25.99,0,0,0.42,23.75,0,0,0.42,21.59,0,0,0.42,19.53,0,0,0.42,18.09,0,0,0.47,16.18,0,0,0.46,14.39,0,0,0.45,12.48,0,158,0.43,11.0,75,229,0.43,9.8,138,119,0.44,8.52,44,104,0.43,7.21,31,79,0.42,6.21,47,79,0.42,5.34,47,53,0.42,4.56,177,166,0.42,3.88,19,26,0.42,3.35,28,128,0.42,0.19,0,29,0.43,0.31,0,94,0.43,0.48,0,67,0.42,0.7,0,138,0.42,1.05,23,157,0.43,1.46,55,179,0.43,1.97,0,139,0.43,2.62,30,50,0.43,3.39,45,90,0.43,4.27,42,108,0.43,5.19,9,39,0.42,6.23,50,50,0.42,7.32,62,42,0.41,8.95,42,42,0.42,10.44,0,0,0.42,11.87,0,1,0.41,13.57,0,0,0.41,15.4,0,0,0.41,17.32,0,0,0.41,33.02,0.0,0.0,0.42,2.85,0.0,0.0,0.43,2.4,0.0,0.0,0.42,1.99,0.0,0.0,0.42,1.66,0.0,1.0,0.42,1.38,0.0,0.0,0.42,0.11,0.0,4.0,0.43,19.3,0.0,0.0,0.4,21.4,0.0,0.0,0.4,23.57,0.0,0.0,0.4,26.05,0.0,0.0,0.42,28.32,0.0,0.0,0.42,38.06,0.0,1.0,0.56,35.44,0.0,0.0,0.42,0.03,0.0,0.0,0.42,0.06,0.0,5.0,0.43,38.86,0.0,0.0,0.43,0.02,0.0,82.0,0.42,1.15,0.0,0.0,0.42,0.98,4.0,24.0,0.42,30.65,0.0,0.0,0.42,33.02,0.0,0.0,0.42,39.84,0.0,0.0,0.43,0.01,0.0,2.0,0.4
2023-12-15 16:00:00,88.7,32.17,0,0,0.43,29.82,0,0,0.44,27.51,0,0,0.44,25.26,0,0,0.44,23.09,0,0,0.44,20.99,0,0,0.44,19.0,0,0,0.44,17.42,0,0,0.46,15.59,0,0,0.45,13.99,0,158,0.46,12.37,0,229,0.45,10.73,0,119,0.44,9.39,0,104,0.43,8.37,0,79,0.44,7.11,31,70,0.43,6.28,0,53,0.44,5.4,0,166,0.44,4.54,8,26,0.43,3.9,0,128,0.43,0.18,0,29,0.44,0.3,0,94,0.44,0.46,0,67,0.44,0.69,0,138,0.44,0.99,90,142,0.44,1.37,0,179,0.44,1.87,0,139,0.44,2.48,31,81,0.44,3.18,30,120,0.44,4.01,49,157,0.44,4.86,29,68,0.44,5.88,1,51,0.43,7.01,49,81,0.43,8.3,124,155,0.43,9.71,54,54,0.43,11.16,0,1,0.42,12.92,0,0,0.43,14.65,0,0,0.43,16.5,0,0,0.43,34.56,0.0,0.0,0.43,3.33,0.0,0.0,0.43,2.87,1.0,1.0,0.43,2.44,0.0,0.0,0.43,2.03,0.0,1.0,0.43,1.77,0.0,0.0,0.44,0.11,0.0,4.0,0.44,18.45,0.0,0.0,0.43,20.48,0.0,0.0,0.43,22.58,0.0,0.0,0.42,24.75,0.0,0.0,0.43,27.09,0.0,0.0,0.44,39.42,16.0,15.0,0.43,36.98,0.0,0.0,0.43,0.03,0.0,0.0,0.44,0.06,0.0,5.0,0.44,40.4,0.0,0.0,0.44,0.02,0.0,82.0,0.43,1.49,0.0,0.0,0.44,1.25,6.0,30.0,0.44,29.35,0.0,0.0,0.44,31.67,0.0,0.0,0.44,41.38,0.0,0.0,0.44,0.01,0.0,2.0,0.41
2023-12-18 16:00:00,91.9,35.31,0,0,0.45,32.94,0,0,0.45,30.6,0,0,0.45,28.31,0,0,0.45,26.08,0,0,0.45,23.93,0,0,0.45,21.85,0,0,0.45,20.34,0,0,0.49,18.42,0,0,0.49,16.6,0,158,0.48,14.88,0,229,0.47,13.27,10,129,0.47,11.74,0,104,0.46,10.39,0,79,0.46,9.11,42,62,0.46,7.96,4,57,0.45,6.95,50,187,0.45,6.01,31,45,0.45,5.22,15,143,0.45,0.15,0,29,0.46,0.23,0,94,0.45,0.35,0,67,0.45,0.54,0,138,0.45,0.81,63,152,0.46,1.13,45,224,0.46,1.53,15,154,0.46,2.04,30,111,0.46,2.67,30,150,0.46,3.37,168,257,0.46,4.22,45,113,0.46,5.19,1088,1138,0.46,6.22,15,81,0.46,7.3,15,140,0.46,8.49,46,64,0.45,9.84,10,11,0.45,11.3,18,18,0.45,12.91,0,0,0.45,14.61,0,0,0.44,37.72,0.0,0.0,0.45,4.48,15.0,15.0,0.45,3.88,30.0,30.0,0.45,3.34,115.0,115.0,0.45,2.88,0.0,1.0,0.45,2.47,15.0,15.0,0.45,0.09,0.0,4.0,0.46,16.39,0.0,0.0,0.44,18.27,0.0,0.0,0.44,20.24,0.0,0.0,0.44,22.28,0.0,0.0,0.44,24.4,0.0,0.0,0.44,42.59,15.0,2.0,0.44,40.15,0.0,0.0,0.45,0.03,0.0,0.0,0.47,0.05,0.0,5.0,0.46,43.58,0.0,0.0,0.46,0.02,0.0,82.0,0.46,2.12,0.0,0.0,0.45,1.81,4.0,34.0,0.45,26.74,0.0,0.0,0.45,28.97,0.0,0.0,0.45,44.56,0.0,0.0,0.46,0.01,0.0,2.0,0.44
2023-12-19 16:00:00,91.75,35.13,0,0,0.44,32.75,0,0,0.44,30.4,0,0,0.44,28.09,0,0,0.44,25.85,0,0,0.44,23.68,0,0,0.44,21.59,0,0,0.44,19.59,0,0,0.44,18.22,0,0,0.48,16.38,0,158,0.48,14.66,0,229,0.47,13.02,0,129,0.46,11.51,0,104,0.46,10.12,0,79,0.45,8.87,0,62,0.45,7.69,0,57,0.44,6.58,0,187,0.44,5.81,34,75,0.44,4.93,15,158,0.44,0.12,0,29,0.44,0.2,0,94,0.44,0.32,0,67,0.44,0.48,0,138,0.44,0.73,0,152,0.45,1.03,1,225,0.45,1.42,0,154,0.45,1.92,0,111,0.45,2.52,0,150,0.45,3.21,0,257,0.45,4.05,0,113,0.45,5.01,0,1138,0.45,6.01,0,81,0.45,7.11,0,140,0.44,8.22,57,106,0.43,9.55,0,11,0.43,11.13,0,18,0.43,12.73,0,0,0.43,14.44,0,0,0.43,37.55,0.0,0.0,0.44,4.26,22.0,37.0,0.44,3.65,7.0,37.0,0.44,3.15,0.0,115.0,0.44,2.67,0.0,1.0,0.44,2.27,0.0,15.0,0.44,0.07,0.0,4.0,0.45,16.24,0.0,0.0,0.43,18.15,0.0,0.0,0.43,20.14,0.0,0.0,0.43,22.17,0.0,0.0,0.42,24.3,0.0,0.0,0.42,42.43,0.0,2.0,0.43,39.98,0.0,0.0,0.44,0.02,0.0,0.0,0.45,0.04,0.0,5.0,0.45,43.41,0.0,0.0,0.42,0.01,0.0,82.0,0.43,1.93,0.0,0.0,0.44,1.65,0.0,34.0,0.44,26.73,0.0,0.0,0.44,28.96,0.0,0.0,0.44,44.4,0.0,0.0,0.45,0.01,0.0,2.0,0.44
2023-12-20 16:00:00,93.5,36.84,0,0,0.44,34.43,0,0,0.43,32.06,0,0,0.44,29.72,0,0,0.44,27.43,0,0,0.44,25.21,0,0,0.44,23.06,0,0,0.44,20.99,0,0,0.44,19.48,0,0,0.47,17.58,0,158,0.47,15.77,0,229,0.46,13.78,10,120,0.44,12.21,0,104,0.43,10.78,0,79,0.43,9.51,0,62,0.43,8.44,21,42,0.44,7.37,25,187,0.44,6.39,0,75,0.44,5.53,0,158,0.44,0.09,0,29,0.44,0.14,0,94,0.43,0.23,0,67,0.43,0.36,0,138,0.44,0.54,0,152,0.43,0.82,0,225,0.44,1.15,0,154,0.44,1.57,0,111,0.44,2.08,0,150,0.44,2.72,1,256,0.44,3.46,0,113,0.44,4.31,15,1138,0.44,5.27,0,81,0.44,6.28,0,140,0.44,7.45,32,113,0.44,8.72,10,21,0.43,10.11,0,18,0.43,11.6,0,0,0.43,13.28,0,0,0.43,39.27,0.0,0.0,0.44,4.79,0.0,37.0,0.44,4.11,0.0,37.0,0.43,3.53,0.0,115.0,0.44,2.99,0.0,1.0,0.43,2.54,0.0,15.0,0.43,0.05,0.0,4.0,0.44,14.98,0.0,0.0,0.43,16.87,0.0,0.0,0.43,18.78,0.0,0.0,0.43,20.79,0.0,0.0,0.43,22.88,0.0,0.0,0.42,44.17,0.0,2.0,0.44,41.71,0.0,0.0,0.43,0.02,0.0,0.0,0.46,0.03,0.0,5.0,0.45,45.15,0.0,0.0,0.42,0.01,0.0,82.0,0.44,2.16,0.0,0.0,0.43,1.84,1.0,35.0,0.43,25.02,0.0,0.0,0.42,27.38,0.0,0.0,0.44,46.14,0.0,0.0,0.45,0.01,0.0,2.0,0.46
2023-12-21 16:00:00,91.3,34.66,0,0,0.44,32.27,0,0,0.44,29.92,0,0,0.44,27.62,0,0,0.44,25.37,0,0,0.44,23.2,0,0,0.44,21.11,0,0,0.44,19.44,0,0,0.47,17.46,0,0,0.46,15.62,0,158,0.45,13.9,0,229,0.45,12.56,0,120,0.46,11.04,0,104,0.45,9.65,0,79,0.45,8.27,15,48,0.44,7.43,15,57,0.45,6.17,26,198,0.43,5.42,33,75,0.44,4.57,20,158,0.43,0.12,0,29,0.44,0.2,0,94,0.44,0.32,0,67,0.44,0.47,0,138,0.44,0.72,0,152,0.44,1.03,0,225,0.44,1.41,0,154,0.44,1.91,25,126,0.44,2.52,30,180,0.45,3.23,30,276,0.45,4.07,0,113,0.45,5.05,30,1138,0.45,6.12,7,81,0.45,7.27,2,140,0.45,8.53,0,113,0.44,9.92,0,21,0.44,11.28,0,18,0.43,13.07,0,0,0.44,14.82,0,0,0.44,37.08,0.0,0.0,0.44,3.93,50.0,67.0,0.43,3.36,91.0,79.0,0.43,2.87,0.0,115.0,0.43,2.44,0.0,1.0,0.43,2.07,0.0,15.0,0.44,0.07,0.0,4.0,0.45,16.67,0.0,0.0,0.44,18.65,0.0,0.0,0.44,20.67,0.0,0.0,0.45,22.75,0.0,0.0,0.44,25.01,0.0,0.0,0.45,41.97,0.0,2.0,0.45,39.52,0.0,0.0,0.44,0.02,0.0,0.0,0.45,0.04,0.0,5.0,0.45,42.95,0.0,0.0,0.44,0.01,0.0,82.0,0.43,1.75,0.0,0.0,0.44,1.48,0.0,35.0,0.44,27.05,0.0,0.0,0.44,29.3,0.0,0.0,0.44,43.93,0.0,0.0,0.42,0.01,0.0,2.0,0.45
2023-12-22 16:00:00,92.5,35.84,0,0,0.44,33.44,0,0,0.44,31.08,0,0,0.44,28.76,0,0,0.44,26.5,0,0,0.44,24.3,0,0,0.44,22.18,0,0,0.44,20.15,0,0,0.44,18.3,0,0,0.45,16.39,0,158,0.44,14.63,0,229,0.44,12.98,0,120,0.44,11.46,0,104,0.43,10.05,1,79,0.43,8.78,0,48,0.43,7.68,16,73,0.43,6.7,0,198,0.43,5.82,0,75,0.43,5.04,11,147,0.44,0.1,0,29,0.44,0.18,0,94,0.45,0.28,0,67,0.45,0.43,0,138,0.44,0.63,0,152,0.44,0.89,0,225,0.44,1.3,0,154,0.45,1.76,0,126,0.45,2.31,15,180,0.45,2.98,0,276,0.45,3.79,0,113,0.45,4.69,0,1138,0.45,5.73,15,96,0.45,6.91,0,140,0.46,8.16,0,113,0.46,9.52,23,44,0.45,11.0,0,18,0.45,12.59,0,0,0.45,14.3,0,0,0.46,38.27,0.0,0.0,0.45,4.35,54.0,69.0,0.44,3.74,36.0,58.0,0.44,3.21,0.0,115.0,0.44,2.74,0.0,1.0,0.44,2.41,0.0,15.0,0.44,0.06,0.0,4.0,0.45,16.1,0.0,0.0,0.46,18.0,0.0,0.0,0.46,19.99,0.0,0.0,0.46,22.06,0.0,0.0,0.46,24.19,0.0,0.0,0.47,43.16,0.0,2.0,0.45,40.71,0.0,0.0,0.45,0.02,0.0,0.0,0.46,0.03,0.0,5.0,0.44,44.14,0.0,0.0,0.43,0.01,0.0,82.0,0.44,2.05,0.0,0.0,0.44,1.73,0.0,35.0,0.44,26.06,0.0,0.0,0.44,28.28,0.0,0.0,0.44,45.13,0.0,0.0,0.46,0.01,0.0,2.0,0.46
2023-12-27 16:00:00,93.1,36.38,0,0,0.44,33.96,0,0,0.44,31.58,0,0,0.44,29.24,0,0,0.44,26.94,0,0,0.44,24.71,0,0,0.44,22.55,0,0,0.44,20.48,0,0,0.44,19.07,0,0,0.49,17.14,0,158,0.48,15.34,0,229,0.47,13.63,0,120,0.47,12.04,0,104,0.46,10.61,0,79,0.46,9.26,0,48,0.45,8.05,0,73,0.45,6.97,15,207,0.45,6.01,15,90,0.44,5.16,15,162,0.44,0.08,0,29,0.45,0.13,0,94,0.44,0.21,0,67,0.44,0.34,0,138,0.44,0.52,0,152,0.44,0.79,0,225,0.45,1.11,0,154,0.45,1.52,0,126,0.45,2.03,0,180,0.45,2.68,0,276,0.45,3.42,45,158,0.45,4.27,0,1138,0.45,5.26,0,96,0.45,6.28,1,140,0.44,7.41,3,110,0.44,8.69,0,44,0.44,10.31,0,18,0.45,11.65,0,0,0.43,13.3,0,0,0.43,38.81,0.0,0.0,0.44,4.33,79.0,128.0,0.44,3.69,0.0,58.0,0.44,3.15,0.0,115.0,0.44,2.71,0.0,1.0,0.44,2.3,0.0,15.0,0.44,0.05,0.0,4.0,0.45,15.09,0.0,0.0,0.43,16.96,0.0,0.0,0.43,18.91,0.0,0.0,0.43,20.91,0.0,0.0,0.42,23.02,0.0,0.0,0.42,43.72,0.0,2.0,0.44,41.26,0.0,0.0,0.44,0.01,0.0,0.0,0.44,0.03,0.0,5.0,0.46,44.71,0.0,0.0,0.46,0.01,0.0,82.0,0.46,1.94,0.0,0.0,0.44,1.67,0.0,35.0,0.44,25.43,0.0,0.0,0.44,27.65,0.0,0.0,0.44,45.69,0.0,0.0,0.43,0.01,0.0,2.0,0.47
2023-12-28 16:00:00,93.5,36.76,0,0,0.44,34.34,0,0,0.44,31.95,0,0,0.44,29.6,0,0,0.44,27.3,0,0,0.44,25.05,0,0,0.44,22.88,0,0,0.44,20.8,0,0,0.44,19.11,0,0,0.47,17.19,0,158,0.46,15.36,0,229,0.46,13.64,0,120,0.45,12.02,0,104,0.45,10.49,0,79,0.44,9.0,0,48,0.43,7.97,0,73,0.43,6.88,1,207,0.43,5.92,3,90,0.43,5.1,0,162,0.43,0.07,0,29,0.44,0.12,0,94,0.44,0.2,0,67,0.44,0.32,0,138,0.44,0.5,0,152,0.44,0.74,30,195,0.44,1.05,0,154,0.45,1.43,0,126,0.44,1.94,0,180,0.45,2.56,0,276,0.45,3.28,0,158,0.45,4.12,0,1138,0.45,5.02,0,96,0.44,6.03,54,190,0.44,7.2,0,110,0.44,8.68,0,44,0.45,10.0,0,18,0.44,11.4,0,0,0.43,13.04,0,0,0.43,39.2,0.0,0.0,0.44,4.38,15.0,143.0,0.43,3.75,15.0,73.0,0.43,3.2,0.0,115.0,0.44,2.72,0.0,1.0,0.44,2.3,0.0,15.0,0.44,0.04,0.0,4.0,0.45,14.8,0.0,0.0,0.43,16.67,0.0,0.0,0.43,18.62,0.0,0.0,0.43,20.66,0.0,0.0,0.43,22.78,0.0,0.0,0.43,44.11,0.0,2.0,0.43,41.65,0.0,0.0,0.43,0.01,0.0,0.0,0.45,0.02,0.0,5.0,0.45,45.1,0.0,0.0,0.45,0.01,0.0,82.0,0.46,1.94,0.0,0.0,0.44,1.64,0.0,35.0,0.44,25.06,0.0,0.0,0.44,27.29,0.0,0.0,0.44,46.08,0.0,0.0,0.32,0.01,0.0,2.0,0.48
2024-01-03 16:00:00,88.9,32.16,0,0,0.45,29.77,0,0,0.45,27.43,0,0,0.45,25.14,0,0,0.45,22.91,0,0,0.45,20.77,0,0,0.45,18.72,0,0,0.45,16.93,0,0,0.47,15.05,0,0,0.46,13.34,0,158,0.46,11.66,0,229,0.45,10.16,0,120,0.45,8.8,0,104,0.45,7.57,0,79,0.44,6.48,31,49,0.44,5.56,16,88,0.44,4.75,32,209,0.44,4.04,0,90,0.45,3.43,0,192,0.45,0.12,0,29,0.45,0.21,0,94,0.46,0.34,0,67,0.46,0.53,0,138,0.46,0.79,0,152,0.46,1.14,0,197,0.46,1.59,0,154,0.46,2.13,0,126,0.46,2.8,0,180,0.46,3.62,1,277,0.46,4.55,30,158,0.46,5.6,15,1138,0.46,6.82,82,154,0.46,8.11,30,190,0.46,9.41,0,130,0.46,10.93,0,52,0.45,12.62,0,18,0.46,14.39,0,0,0.46,16.22,0,0,0.45,34.58,0.0,0.0,0.46,2.89,0.0,173.0,0.45,2.43,0.0,73.0,0.45,2.03,0.0,115.0,0.45,1.7,10.0,1.0,0.45,1.45,0.0,15.0,0.45,0.07,0.0,4.0,0.46,18.24,0.0,0.0,0.46,20.29,0.0,0.0,0.46,22.42,0.0,0.0,0.46,24.54,0.0,0.0,0.45,26.77,0.0,0.0,0.45,39.47,15.0,17.0,0.45,37.02,0.0,0.0,0.46,0.02,0.0,0.0,0.46,0.04,0.0,5.0,0.46,40.46,0.0,0.0,0.47,0.01,0.0,82.0,0.45,1.21,0.0,0.0,0.45,1.0,0.0,35.0,0.45,29.07,0.0,0.0,0.45,31.4,0.0,0.0,0.45,41.44,0.0,0.0,0.44,0.01,0.0,2.0,0.46
2024-01-04 16:00:00,87.65,30.90,0,0,0.44,28.52,0,0,0.45,26.18,0,0,0.45,23.90,0,0,0.45,21.69,0,0,0.45,19.57,0,0,0.45,17.60,0,0,0.45,15.66,0,0,0.45,13.84,0,0,0.45,12.14,0,158,0.44,10.57,0,229,0.44,9.14,0,120,0.44,7.84,15,90,0.43,6.69,15,94,0.43,5.72,15,63,0.43,4.86,49,107,0.44,4.12,1,210,0.44,3.47,10,90,0.44,2.93,30,222,0.44,0.13,0,29,0.45,0.22,0,94,0.45,0.35,0,67,0.45,0.55,0,138,0.45,0.82,0,152,0.45,1.19,0,197,0.45,1.67,0,154,0.45,2.25,0,126,0.45,2.96,0,180,0.45,3.80,3,277,0.45,4.81,0,158,0.45,5.93,0,1138,0.46,7.15,15,169,0.46,8.50,0,190,0.45,10.00,5,125,0.45,11.61,0,52,0.45,13.35,0,18,0.45,15.20,0,0,0.46,17.15,0,0,0.46,33.32,0,0,0.44,2.43,0,173,0.44,2.02,0,73,0.44,1.67,0,115,0.44,1.38,0,1,0.44,1.17,0,15,0.45,0.07,0,4,0.45,19.19,0,0,0.46,21.31,0,0,0.46,23.28,0,0,0.45,25.51,0,0,0.45,27.80,0,0,0.45,38.15,0,17,,35.76,0,0,0.44,0.02,0,0,0.46,0.04,0,5,0.45,39.20,0,0,0.45,0.01,0,82,0.44,0.93,0,0,0.44,0.78,0,35,0.45,30.13,0,0,0.44,32.51,0,0,0.44,40.19,0,0,0.46,0.01,1,3,0.45
