time,close,C,C,C,C,C,C,C,C,C,C,C,C,C,C,C,C,C,C,C,C,C,C,C,C,C,C,C,C,C,C,C,C,C,C,C,C,C,C,C,C,C,C,C,C,C,C,C,C,C,C,C,C,C,C,C,C,C,C,C,C,C,C,C,C,C,C,C,C,C,C,C,C,C,C,C,C,P,P,P,P,P,P,P,P,P,P,P,P,P,P,P,P,P,P,P,P,P,P,P,P,P,P,P,P,P,P,P,P,P,P,P,P,P,P,P,P,P,P,P,P,P,P,P,P,P,P,P,P,P,P,P,P,P,P,P,P,P,P,P,P,P,P,P,P,P,P,P,P,P,P,P,P,C,C,C,C,C,C,C,C,P,P,P,P,P,P,P,P,C,C,C,C,P,P,P,P,C,C,C,C,P,P,P,P,C,C,C,C,P,P,P,P
time,close,15.00,15.00,15.00,15.00,15.50,15.50,15.50,15.50,16.00,16.00,16.00,16.00,16.50,16.50,16.50,16.50,17.00,17.00,17.00,17.00,17.50,17.50,17.50,17.50,18.00,18.00,18.00,18.00,18.50,18.50,18.50,18.50,19.00,19.00,19.00,19.00,19.50,19.50,19.50,19.50,20.00,20.00,20.00,20.00,21.00,21.00,21.00,21.00,22.00,22.00,22.00,22.00,23.00,23.00,23.00,23.00,24.00,24.00,24.00,24.00,25.00,25.00,25.00,25.00,26.00,26.00,26.00,26.00,27.00,27.00,27.00,27.00,28.00,28.00,28.00,28.00,15.00,15.00,15.00,15.00,15.50,15.50,15.50,15.50,16.00,16.00,16.00,16.00,16.50,16.50,16.50,16.50,17.00,17.00,17.00,17.00,17.50,17.50,17.50,17.50,18.00,18.00,18.00,18.00,18.50,18.50,18.50,18.50,19.00,19.00,19.00,19.00,19.50,19.50,19.50,19.50,20.00,20.00,20.00,20.00,21.00,21.00,21.00,21.00,22.00,22.00,22.00,22.00,23.00,23.00,23.00,23.00,24.00,24.00,24.00,24.00,25.00,25.00,25.00,25.00,26.00,26.00,26.00,26.00,27.00,27.00,27.00,27.00,28.00,28.00,28.00,28.00,14.50,14.50,14.50,14.50,29.00,29.00,29.00,29.00,14.50,14.50,14.50,14.50,29.00,29.00,29.00,29.00,30.00,30.00,30.00,30.00,30.00,30.00,30.00,30.00,14.00,14.00,14.00,14.00,14.00,14.00,14.00,14.00,13.50,13.50,13.50,13.50,13.50,13.50,13.50,13.50
time,close,settle,volume,oi,imp_vol,settle,volume,oi,imp_vol,settle,volume,oi,imp_vol,settle,volume,oi,imp_vol,settle,volume,oi,imp_vol,settle,volume,oi,imp_vol,settle,volume,oi,imp_vol,settle,volume,oi,imp_vol,settle,volume,oi,imp_vol,settle,volume,oi,imp_vol,settle,volume,oi,imp_vol,settle,volume,oi,imp_vol,settle,volume,oi,imp_vol,settle,volume,oi,imp_vol,settle,volume,oi,imp_vol,settle,volume,oi,imp_vol,settle,volume,oi,imp_vol,settle,volume,oi,imp_vol,settle,volume,oi,imp_vol,settle,volume,oi,imp_vol,settle,volume,oi,imp_vol,settle,volume,oi,imp_vol,settle,volume,oi,imp_vol,settle,volume,oi,imp_vol,settle,volume,oi,imp_vol,settle,volume,oi,imp_vol,settle,volume,oi,imp_vol,settle,volume,oi,imp_vol,settle,volume,oi,imp_vol,settle,volume,oi,imp_vol,settle,volume,oi,imp_vol,settle,volume,oi,imp_vol,settle,volume,oi,imp_vol,settle,volume,oi,imp_vol,settle,volume,oi,imp_vol,settle,volume,oi,imp_vol,settle,volume,oi,imp_vol,settle,volume,oi,imp_vol,settle,volume,oi,imp_vol,settle,volume,oi,imp_vol,settle,volume,oi,imp_vol,settle,volume,oi,imp_vol,settle,volume,oi,imp_vol,settle,volume,oi,imp_vol,settle,volume,oi,imp_vol,settle,volume,oi,imp_vol,settle,volume,oi,imp_vol,settle,volume,oi,imp_vol
2023-06-30 16:00:00,19.25,4.45,0,0,0.2,3.96,0,0,0.19,3.49,0,0,0.2,3.02,0,0,0.2,2.58,0,0,0.2,2.16,0,0,0.2,1.78,0,0,0.2,1.43,0,0,0.2,1.12,0,0,0.2,0.87,0,0,0.2,0.65,0,0,0.2,0.35,0,0,0.2,0.17,0,0,0.2,0.08,0,0,0.2,0.03,0,0,0.2,0.01,0,0,0.19,0.01,0,0,0.22,0.01,0,0,0.24,0.01,0,0,0.27,0.02,0,0,0.2,0.04,0,0,0.2,0.07,0,0,0.2,0.12,0,0,0.2,0.2,0,0,0.2,0.32,0,0,0.2,0.47,0,0,0.2,0.67,0,0,0.2,0.91,0,0,0.2,1.19,0,0,0.2,1.52,0,0,0.2,2.27,0,0,0.2,3.13,0,0,0.2,4.05,0,0,0.2,5.01,0,0,0.2,5.99,0,0,0.21,6.97,0,0,0.21,7.95,0,0,,8.94,0,0,0.22,,,,,,,,,,,,,,,,,,,,,,,,,,,,,,,,,,,,,,,,
2023-07-06 16:00:00,19.02,4.23,0,0,0.21,3.74,0,0,0.19,3.27,0,0,0.2,2.8,0,0,0.19,2.36,0,0,0.19,1.95,0,0,0.19,1.57,0,0,0.19,1.24,0,0,0.19,0.95,0,0,0.19,0.74,0,0,0.2,0.54,0,0,0.2,0.26,0,0,0.2,0.12,0,0,0.2,0.05,0,0,0.2,0.02,0,0,0.2,0.01,0,0,0.21,0.01,0,0,0.23,0.01,0,0,0.26,0.01,0,0,0.28,0.02,0,0,0.2,0.04,0,0,0.2,0.07,0,0,0.19,0.12,0,0,0.19,0.22,10,10,0.2,0.34,0,0,0.19,0.5,14,34,0.19,0.69,0,34,0.19,0.95,0,34,0.19,1.28,0,30,0.19,1.63,0,0,0.19,2.42,0,0,0.19,3.31,0,0,0.19,4.25,0,0,0.19,5.22,0,0,0.2,6.2,0,0,0.21,7.18,0,0,0.19,8.17,0,0,0.24,9.15,0,0,,4.72,0.0,0.0,0.22,0.01,0.0,0.0,0.31,0.01,0.0,0.0,0.2,10.14,0.0,0.0,0.26,,,,,,,,,,,,,,,,,,,,,,,,
2023-07-13 16:00:00,19.85,5.04,0,0,0.18,4.55,0,0,0.2,4.07,0,0,0.22,3.59,0,0,0.21,3.13,0,0,0.21,2.69,0,0,0.22,2.27,0,0,0.21,1.88,0,0,0.21,1.53,0,0,0.21,1.22,0,0,0.21,0.96,1,2,0.21,0.55,0,32,0.21,0.29,50,94,0.21,0.14,12,12,0.21,0.07,0,0,0.22,0.03,0,0,0.22,0.01,0,0,0.21,0.01,0,0,0.24,0.01,0,0,0.26,0.01,0,30,0.22,0.02,0,30,0.21,0.04,0,0,0.21,0.08,0,10,0.22,0.13,0,10,0.21,0.21,0,4,0.21,0.32,0,34,0.21,0.47,0,66,0.21,0.66,0,34,0.21,0.9,0,30,0.21,1.17,0,0,0.21,1.84,0,0,0.21,2.63,0,0,0.21,3.51,0,0,0.21,4.44,0,0,0.21,5.4,0,0,0.21,6.38,0,0,0.22,7.36,0,0,0.2,8.35,0,0,0.25,5.53,0.0,0.0,,0.01,0.0,0.0,0.29,0.01,0.0,0.0,0.24,9.33,0.0,0.0,,,,,,,,,,,,,,,,,,,,,,,,,
2023-07-18 16:00:00,19.51,4.69,0,0,,4.2,0,0,0.18,3.72,0,0,0.2,3.24,0,0,0.2,2.78,0,0,0.2,2.33,0,0,0.2,1.92,0,0,0.2,1.54,0,0,0.2,1.21,0,0,0.2,0.93,0,0,0.2,0.71,0,2,0.2,0.35,0,32,0.2,0.17,0,94,0.2,0.07,0,12,0.2,0.03,0,0,0.2,0.01,0,0,0.2,0.01,0,0,0.23,0.01,0,0,0.26,0.01,0,0,0.28,0.01,0,30,0.21,0.02,0,30,0.2,0.04,0,0,0.2,0.08,0,10,0.2,0.13,0,10,0.2,0.22,0,4,0.2,0.35,0,34,0.2,0.5,0,66,0.2,0.7,0,34,0.19,0.96,0,30,0.19,1.3,0,0,0.2,2.03,0,0,0.2,2.88,0,0,0.2,3.81,0,0,0.2,4.77,0,0,0.2,5.74,0,0,0.17,6.73,0,0,0.21,7.71,0,0,,8.7,0,0,,5.19,0.0,0.0,0.25,0.01,0.0,0.0,0.31,0.01,0.0,0.0,0.23,9.69,0.0,0.0,0.21,,,,,,,,,,,,,,,,,,,,,,,,
2023-07-19 16:00:00,19.44,4.62,0,0,0.18,4.13,0,0,0.19,3.65,0,0,0.21,3.17,0,0,0.2,2.71,0,0,0.2,2.27,0,0,0.2,1.86,0,0,0.2,1.49,0,0,0.2,1.16,0,0,0.2,0.88,0,0,0.2,0.67,0,2,0.2,0.34,0,32,0.2,0.15,0,94,0.2,0.07,0,12,0.2,0.03,0,0,0.21,0.01,0,0,0.21,0.01,0,0,0.23,0.01,0,0,0.26,0.01,0,0,0.29,0.01,0,30,0.21,0.02,0,30,0.2,0.04,0,0,0.2,0.08,0,10,0.2,0.14,0,10,0.2,0.23,0,4,0.2,0.36,0,34,0.2,0.51,2,68,0.19,0.73,0,34,0.19,0.99,0,30,0.19,1.33,0,0,0.2,2.08,0,0,0.2,2.94,0,0,0.19,3.87,0,0,0.19,4.84,0,0,0.2,5.82,0,0,0.21,6.8,0,0,0.18,7.79,0,0,0.23,8.78,0,0,0.27,5.11,0.0,0.0,,0.01,0.0,0.0,0.31,0.01,0.0,0.0,0.23,9.76,0.0,0.0,,,,,,,,,,,,,,,,,,,,,,,,,
2023-07-21 16:00:00,19.59,4.77,0,0,0.22,4.28,0,0,0.22,3.8,0,0,0.22,3.32,0,0,0.21,2.87,0,0,0.22,2.43,0,0,0.22,2.02,0,0,0.22,1.65,0,0,0.22,1.32,0,0,0.22,1.03,0,0,0.22,0.79,0,2,0.22,0.44,85,117,0.22,0.22,0,94,0.22,0.1,0,12,0.22,0.05,0,0,0.22,0.02,0,0,0.22,0.01,0,0,0.23,0.01,0,0,0.26,0.01,0,0,0.28,0.01,400,430,0.21,0.02,400,430,0.21,0.05,0,0,0.22,0.09,0,10,0.22,0.15,0,30,0.22,0.24,0,4,0.21,0.37,60,94,0.22,0.54,60,128,0.22,0.75,60,94,0.22,1.01,0,33,0.22,1.31,0,0,0.22,2.02,0,0,0.22,2.85,0,0,0.22,3.76,0,0,0.22,4.71,0,0,0.22,5.68,0,0,0.22,6.66,0,0,0.22,7.65,0,0,0.25,8.63,0,0,,5.26,0.0,0.0,0.18,0.01,0.0,0.0,0.31,0.01,0.0,0.0,0.24,9.62,0.0,0.0,,,,,,,,,,,,,,,,,,,,,,,,,
2023-07-24 16:00:00,19.16,4.34,0,0,0.24,3.85,0,0,0.22,3.38,0,0,0.23,2.92,0,0,0.23,2.48,0,0,0.23,2.07,0,0,0.23,1.69,0,0,0.23,1.35,0,0,0.22,1.06,0,0,0.23,0.81,0,0,0.22,0.61,0,2,0.23,0.32,0,117,0.23,0.15,0,94,0.22,0.07,0,12,0.23,0.03,0,0,0.23,0.01,0,0,0.22,0.01,0,0,0.25,0.01,0,0,0.28,0.01,0,0,0.31,0.03,0,430,0.24,0.05,0,430,0.23,0.09,0,0,0.23,0.15,0,10,0.23,0.23,50,80,0.22,0.36,0,4,0.23,0.52,0,94,0.22,0.73,0,128,0.23,0.98,0,94,0.23,1.28,0,33,0.23,1.61,0,0,0.23,2.38,0,0,0.22,3.25,0,0,0.23,4.18,0,0,0.23,5.14,0,0,0.23,6.12,0,0,0.24,7.1,0,0,0.22,8.09,0,0,0.26,9.08,0,0,0.29,4.83,0.0,0.0,0.25,0.01,0.0,0.0,0.33,0.01,0.0,0.0,0.23,10.06,0.0,0.0,,,,,,,,,,,,,,,,,,,,,,,,,
2023-07-25 16:00:00,19.92,5.09,0,0,0.23,4.59,0,0,,4.1,0,0,0.17,3.62,0,0,0.2,3.14,0,0,0.2,2.67,0,0,0.19,2.23,0,0,0.19,1.82,0,0,0.19,1.45,0,0,0.19,1.12,0,0,0.19,0.84,0,2,0.19,0.45,4,121,0.2,0.21,18,112,0.2,0.08,30,42,0.19,0.04,0,0,0.2,0.01,0,0,0.19,0.01,0,0,0.22,0.01,0,0,0.25,0.01,0,0,0.28,0.01,0,430,0.23,0.01,0,430,0.21,0.02,0,0,0.2,0.04,0,10,0.2,0.07,0,80,0.19,0.13,0,4,0.19,0.22,0,94,0.19,0.36,2,126,0.2,0.51,0,94,0.19,0.72,0,33,0.19,0.99,0,0,0.19,1.7,0,0,0.19,2.52,0,0,0.19,3.43,0,0,0.2,4.38,0,0,0.19,5.36,0,0,0.2,6.34,0,0,,7.33,0,0,0.18,8.32,0,0,0.23,5.58,0.0,0.0,,0.01,0.0,0.0,0.3,0.01,0.0,0.0,0.26,9.31,0.0,0.0,0.27,,,,,,,,,,,,,,,,,,,,,,,,
2023-07-26 16:00:00,19.86,5.03,0,0,0.24,4.53,0,0,,4.04,0,0,0.18,3.55,0,0,0.18,3.06,0,0,0.17,2.58,0,0,0.16,2.13,0,0,0.17,1.71,0,0,0.17,1.38,0,0,0.19,1.05,0,0,0.19,0.78,0,2,0.19,0.38,5,121,0.18,0.17,0,112,0.19,0.07,0,42,0.19,0.03,0,0,0.2,0.01,0,0,0.2,0.01,0,0,0.23,0.01,0,0,0.26,0.01,0,0,0.28,0.01,0,430,0.23,0.01,0,430,0.2,0.01,0,0,0.18,0.02,0,10,0.17,0.04,0,80,0.17,0.08,0,4,0.17,0.16,0,94,0.17,0.28,30,156,0.17,0.45,80,154,0.17,0.68,60,93,0.17,0.92,0,0,0.16,1.65,0,0,0.16,2.52,0,0,0.17,3.46,0,0,0.17,4.43,0,0,0.16,5.42,0,0,0.19,6.4,0,0,,7.39,0,0,,8.38,0,0,,5.52,0.0,0.0,0.2,0.01,0.0,0.0,0.31,0.01,0.0,0.0,0.26,9.37,0.0,0.0,,,,,,,,,,,,,,,,,,,,,,,,,
2023-07-27 16:00:00,20.12,5.28,0,0,,4.79,0,0,0.19,4.3,0,0,0.21,3.81,0,0,0.2,3.33,0,0,0.2,2.87,0,0,0.21,2.42,0,0,0.2,2.0,0,0,0.2,1.62,0,0,0.2,1.28,0,0,0.2,0.99,0,2,0.2,0.56,7,127,0.21,0.28,20,112,0.21,0.12,72,114,0.2,0.05,0,0,0.2,0.02,0,0,0.21,0.01,0,0,0.22,0.01,0,0,0.25,0.01,0,0,0.27,0.01,0,430,0.24,0.01,0,430,0.21,0.02,0,0,0.21,0.04,0,10,0.21,0.07,0,80,0.21,0.13,0,4,0.21,0.21,0,94,0.21,0.31,0,156,0.2,0.47,0,154,0.2,0.67,0,93,0.2,0.92,0,0,0.2,1.59,0,0,0.2,2.38,0,0,0.21,3.26,0,0,0.2,4.2,0,0,0.2,5.17,0,0,0.2,6.15,0,0,0.2,7.14,0,0,0.23,8.13,0,0,0.26,5.78,0.0,0.0,0.25,0.01,0.0,0.0,0.3,0.01,0.0,0.0,0.27,9.11,0.0,0.0,,,,,,,,,,,,,,,,,,,,,,,,,
2023-07-28 16:00:00,20.42,5.58,0,0,,5.09,0,0,0.22,4.6,0,0,0.23,4.11,0,0,0.21,3.62,0,0,0.2,3.15,0,0,0.2,2.7,0,0,0.21,2.27,0,0,0.21,1.86,0,0,0.21,1.5,0,0,0.21,1.18,0,2,0.21,0.7,20,147,0.21,0.37,2,114,0.21,0.17,33,147,0.21,0.08,0,0,0.21,0.03,0,0,0.21,0.02,0,0,0.23,0.01,0,0,0.24,0.01,0,0,0.26,0.01,0,430,0.25,0.01,0,430,0.23,0.01,0,0,0.2,0.03,0,10,0.21,0.06,0,80,0.22,0.1,0,4,0.21,0.17,0,94,0.21,0.26,10,156,0.21,0.39,20,174,0.2,0.57,2,95,0.2,0.79,100,100,0.2,1.4,0,0,0.21,2.14,0,0,0.21,3.0,0,0,0.21,3.92,0,0,0.21,4.88,0,0,0.21,5.86,0,0,0.22,6.84,0,0,0.18,7.83,0,0,0.22,6.08,0.0,0.0,0.28,0.01,0.0,0.0,0.29,0.01,0.0,0.0,0.28,8.82,0.0,0.0,0.26,,,,,,,,,,,,,,,,,,,,,,,,
2023-07-31 16:00:00,20.54,5.7,0,0,0.26,5.2,0,0,,4.71,0,0,0.21,4.22,0,0,0.21,3.74,0,0,0.22,3.27,0,0,0.22,2.81,0,0,0.22,2.37,0,0,0.21,1.97,0,0,0.22,1.65,0,0,0.23,1.31,0,2,0.23,0.77,10,157,0.22,0.42,28,142,0.22,0.2,20,167,0.22,0.09,0,0,0.22,0.04,0,0,0.22,0.02,0,0,0.23,0.01,0,0,0.24,0.01,0,0,0.26,0.01,0,430,0.26,0.01,0,430,0.24,0.02,0,0,0.23,0.03,0,10,0.22,0.06,0,80,0.22,0.1,0,4,0.22,0.16,0,94,0.22,0.26,0,156,0.22,0.38,0,174,0.21,0.54,29,124,0.21,0.75,0,100,0.21,1.34,0,0,0.21,2.07,0,0,0.22,2.91,0,0,0.22,3.82,0,0,0.22,4.77,0,0,0.21,5.75,0,0,0.22,6.73,0,0,0.19,7.72,0,0,0.22,6.19,0.0,0.0,,0.01,0.0,0.0,0.29,0.01,0.0,0.0,0.29,8.71,0.0,0.0,0.25,,,,,,,,,,,,,,,,,,,,,,,,
2023-08-01 16:00:00,20.54,5.7,0,0,0.27,5.2,0,0,,4.71,0,0,0.22,4.22,0,0,0.22,3.73,0,0,0.2,3.25,0,0,0.2,2.79,0,0,0.2,2.35,0,0,0.21,1.93,0,0,0.2,1.6,0,0,0.22,1.26,0,2,0.21,0.72,11,168,0.21,0.37,0,142,0.21,0.17,1,167,0.21,0.07,0,0,0.2,0.03,70,70,0.21,0.01,0,0,0.21,0.01,0,0,0.24,0.01,0,0,0.27,0.01,0,430,0.26,0.01,0,430,0.24,0.01,0,0,0.21,0.02,0,10,0.21,0.04,0,80,0.21,0.08,0,4,0.21,0.13,0,94,0.2,0.22,0,156,0.2,0.35,0,174,0.21,0.5,4,128,0.2,0.7,0,100,0.2,1.3,0,0,0.2,2.03,0,0,0.2,2.88,0,0,0.2,3.81,0,0,0.21,4.77,0,0,0.2,5.75,0,0,0.21,6.73,0,0,,7.72,0,0,,6.19,0.0,0.0,0.21,0.01,0.0,0.0,0.29,0.01,0.0,0.0,0.29,8.71,0.0,0.0,,0.01,0.0,0.0,0.32,9.7,0.0,0.0,,,,,,,,,,,,,,,,,
2023-08-02 16:00:00,19.99,5.15,0,0,,4.66,0,0,0.21,4.17,0,0,0.21,3.68,0,0,0.2,3.2,0,0,0.2,2.73,0,0,0.2,2.29,0,0,0.2,1.87,0,0,0.2,1.5,0,0,0.2,1.2,0,0,0.21,0.9,0,2,0.21,0.48,123,278,0.21,0.22,0,142,0.2,0.09,0,167,0.2,0.04,0,0,0.21,0.01,0,70,0.2,0.01,0,0,0.23,0.01,0,0,0.26,0.01,0,0,0.29,0.01,0,430,0.24,0.01,0,430,0.22,0.02,0,0,0.21,0.04,0,10,0.21,0.07,0,80,0.21,0.12,6,10,0.2,0.21,123,217,0.2,0.33,140,276,0.2,0.48,210,384,0.2,0.69,134,262,0.19,0.95,0,100,0.19,1.65,0,0,0.2,2.46,0,0,0.2,3.37,0,0,0.2,4.32,0,0,0.2,5.3,0,0,0.21,6.28,0,0,,7.27,0,0,0.21,8.26,0,0,0.25,5.65,0.0,0.0,0.27,0.01,0.0,0.0,0.31,0.01,0.0,0.0,0.27,9.25,0.0,0.0,0.28,0.01,0.0,0.0,0.34,10.24,0.0,0.0,0.31,,,,,,,,,,,,,,,,
2023-08-03 16:00:00,19.9,5.06,0,0,,4.57,0,0,0.22,4.08,0,0,0.22,3.59,0,0,0.2,3.11,0,0,0.2,2.64,0,0,0.2,2.2,0,0,0.2,1.79,0,0,0.2,1.41,0,0,0.2,1.12,0,0,0.21,0.84,0,2,0.21,0.43,51,328,0.2,0.19,0,142,0.2,0.08,0,167,0.2,0.03,0,0,0.2,0.01,0,70,0.2,0.01,0,0,0.24,0.01,0,0,0.27,0.01,0,0,0.29,0.01,0,430,0.24,0.01,0,430,0.21,0.02,0,0,0.21,0.04,0,10,0.21,0.07,0,80,0.2,0.13,0,10,0.2,0.22,2,219,0.2,0.35,0,276,0.2,0.52,2,386,0.2,0.72,16,278,0.19,0.99,4,104,0.19,1.71,0,0,0.2,2.54,0,0,0.2,3.45,0,0,0.2,4.41,0,0,0.2,5.39,0,0,0.2,6.37,0,0,,7.36,0,0,,8.35,0,0,,5.55,0.0,0.0,,0.01,0.0,0.0,0.32,0.01,0.0,0.0,0.27,9.34,0.0,0.0,,0.01,0.0,0.0,0.34,10.33,0.0,0.0,,,,,,,,,,,,,,,,,
2023-08-04 16:00:00,20.04,5.2,0,0,0.23,4.71,0,0,0.24,4.21,0,0,0.18,3.73,0,0,0.22,3.25,0,0,0.21,2.78,0,0,0.21,2.33,0,0,0.2,1.91,0,0,0.2,1.53,0,0,0.2,1.23,0,0,0.21,0.93,5,7,0.21,0.5,26,346,0.21,0.23,0,142,0.21,0.1,0,167,0.21,0.04,0,0,0.21,0.02,0,70,0.22,0.01,0,0,0.23,0.01,0,0,0.26,0.01,0,0,0.29,0.01,0,430,0.25,0.01,0,430,0.22,0.02,0,0,0.22,0.04,0,10,0.22,0.07,0,80,0.21,0.12,0,10,0.21,0.21,0,219,0.21,0.33,30,306,0.21,0.48,0,386,0.2,0.68,30,308,0.2,0.93,0,104,0.2,1.62,0,0,0.2,2.43,0,0,0.21,3.33,0,0,0.21,4.28,0,0,0.2,5.25,0,0,0.18,6.24,0,0,0.21,7.23,0,0,0.24,8.22,0,0,0.27,5.69,0.0,0.0,,0.01,0.0,0.0,0.32,0.01,0.0,0.0,0.28,9.2,0.0,0.0,,0.01,0.0,0.0,0.34,10.19,0.0,0.0,,,,,,,,,,,,,,,,,
2023-08-08 16:00:00,19.69,4.84,0,0,,4.35,0,0,0.22,3.86,0,0,0.21,3.37,0,0,0.2,2.89,0,0,0.2,2.42,0,0,0.19,1.98,0,0,0.19,1.58,0,0,0.19,1.25,0,0,0.2,0.94,0,0,0.2,0.68,0,7,0.2,0.32,2,346,0.2,0.13,6,142,0.2,0.05,0,167,0.2,0.02,0,0,0.21,0.01,0,70,0.22,0.01,0,0,0.25,0.01,0,0,0.28,0.01,0,0,0.31,0.01,0,430,0.24,0.01,0,430,0.21,0.02,0,0,0.21,0.04,0,10,0.2,0.07,0,80,0.2,0.13,6,16,0.19,0.23,10,259,0.19,0.38,10,346,0.2,0.56,15,401,0.19,0.78,31,349,0.19,1.08,80,184,0.18,1.85,0,0,0.19,2.72,0,0,0.2,3.66,0,0,0.2,4.63,0,0,0.2,5.61,0,0,0.16,6.6,0,0,0.19,7.59,0,0,0.22,8.58,0,0,0.25,5.34,0.0,0.0,0.27,0.01,0.0,0.0,0.34,0.01,0.0,0.0,0.27,9.57,0.0,0.0,0.27,0.01,0.0,0.0,0.36,10.56,0.0,0.0,0.3,,,,,,,,,,,,,,,,
2023-08-14 16:00:00,19.3,4.44,0,0,,3.95,0,0,0.22,3.46,0,0,0.21,2.98,0,0,0.21,2.52,0,0,0.22,2.08,0,0,0.22,1.67,0,0,0.21,1.34,0,0,0.23,1.02,0,0,0.22,0.75,0,0,0.22,0.53,30,37,0.22,0.24,276,712,0.21,0.1,7,339,0.22,0.04,0,179,0.22,0.01,0,0,0.21,0.01,0,70,0.25,0.01,0,0,0.28,0.01,0,0,0.31,0.01,0,0,0.34,0.01,0,430,0.23,0.02,0,430,0.23,0.04,0,0,0.22,0.07,0,10,0.21,0.13,0,80,0.21,0.23,40,56,0.22,0.35,281,557,0.21,0.53,96,622,0.21,0.79,8,623,0.21,1.08,7,384,0.21,1.42,4,188,0.21,2.21,0,0,0.21,3.1,0,0,0.21,4.06,0,0,0.22,5.03,0,0,0.19,6.02,0,0,0.21,7.01,0,0,0.23,8.0,0,0,0.24,8.99,0,0,,4.94,0.0,0.0,0.27,0.01,0.0,0.0,0.37,0.01,0.0,0.0,0.26,9.98,0.0,0.0,,0.01,0.0,0.0,0.4,10.97,0.0,0.0,,,,,,,,,,,,,,,,,
2023-08-15 16:00:00,19.11,4.25,0,0,0.21,3.76,0,0,0.22,3.27,0,0,0.21,2.79,0,0,0.2,2.32,0,0,0.2,1.88,0,0,0.2,1.48,0,0,0.2,1.16,0,0,0.21,0.85,0,0,0.21,0.6,30,30,0.21,0.41,425,462,0.2,0.17,276,982,0.2,0.06,0,339,0.2,0.02,0,179,0.21,0.01,0,0,0.22,0.01,0,70,0.26,0.01,0,0,0.29,0.01,0,0,0.32,0.01,0,0,0.35,0.01,0,430,0.22,0.02,0,430,0.22,0.04,0,0,0.21,0.07,0,10,0.2,0.13,0,80,0.2,0.24,226,282,0.2,0.37,454,1011,0.2,0.56,154,756,0.19,0.82,75,698,0.19,1.15,3,384,0.2,1.51,0,188,0.2,2.35,0,0,0.2,3.27,0,0,0.2,4.24,0,0,0.2,5.22,0,0,,6.21,0,0,,7.2,0,0,,8.19,0,0,,9.18,0,0,,4.74,0.0,0.0,,0.01,0.0,0.0,0.38,0.01,0.0,0.0,0.25,10.17,0.0,0.0,,0.01,0.0,0.0,0.41,11.16,0.0,0.0,,,,,,,,,,,,,,,,,
2023-08-16 16:00:00,18.85,3.99,0,0,0.22,3.5,0,0,0.22,3.01,0,0,0.2,2.53,0,0,0.19,2.08,0,0,0.2,1.65,0,0,0.2,1.27,0,0,0.2,0.97,0,0,0.21,0.69,150,150,0.2,0.47,210,240,0.2,0.31,270,732,0.2,0.12,0,982,0.2,0.04,0,339,0.2,0.01,0,179,0.2,0.01,0,0,0.24,0.01,0,70,0.27,0.01,0,0,0.31,0.01,0,0,0.34,0.01,0,0,0.37,0.01,0,430,0.21,0.02,0,430,0.2,0.05,0,0,0.21,0.09,20,30,0.2,0.17,104,184,0.2,0.3,360,642,0.2,0.47,240,1251,0.2,0.67,125,881,0.19,0.95,30,728,0.19,1.32,0,384,0.2,1.71,0,188,0.2,2.58,0,0,0.2,3.52,0,0,0.19,4.5,0,0,0.21,5.49,0,0,0.24,6.47,0,0,,7.47,0,0,0.29,8.46,0,0,0.31,9.45,0,0,0.33,4.48,0.0,0.0,,0.01,0.0,0.0,0.39,0.01,0.0,0.0,0.24,10.44,0.0,0.0,0.34,0.01,0.0,0.0,0.42,11.43,0.0,0.0,0.35,,,,,,,,,,,,,,,,
2023-08-17 16:00:00,18.88,4.02,0,0,0.24,3.52,0,0,0.18,3.04,0,0,0.21,2.56,0,0,0.2,2.11,0,0,0.21,1.69,0,0,0.21,1.31,0,0,0.21,1.01,10,10,0.22,0.73,60,210,0.21,0.51,410,600,0.21,0.34,278,1002,0.21,0.14,57,1025,0.21,0.05,0,339,0.21,0.02,0,179,0.22,0.01,0,0,0.24,0.01,0,70,0.27,0.01,0,0,0.31,0.01,0,0,0.34,0.01,0,0,0.37,0.01,0,430,0.22,0.03,0,430,0.22,0.05,0,0,0.21,0.1,0,30,0.21,0.18,90,274,0.21,0.31,489,1119,0.21,0.49,1011,2262,0.21,0.69,28,909,0.2,0.96,39,727,0.2,1.33,2,386,0.21,1.71,0,188,0.21,2.57,0,0,0.21,3.5,0,0,0.2,4.48,0,0,0.22,5.46,0,0,0.19,6.45,0,0,,7.44,0,0,,8.43,0,0,,9.42,0,0,,4.51,0.0,0.0,0.22,0.01,0.0,0.0,0.4,0.01,0.0,0.0,0.25,10.41,0.0,0.0,,0.01,0.0,0.0,0.42,11.41,0.0,0.0,0.4,,,,,,,,,,,,,,,,
2023-08-18 16:00:00,18.48,3.62,0,0,0.23,3.13,0,0,0.22,2.65,0,0,0.21,2.19,0,0,0.21,1.76,0,0,0.21,1.37,0,0,0.21,1.06,6,6,0.22,0.77,0,10,0.22,0.53,90,300,0.22,0.36,0,600,0.22,0.23,836,1833,0.21,0.09,140,1145,0.22,0.03,20,359,0.22,0.01,0,179,0.22,0.01,0,0,0.26,0.01,0,70,0.3,0.01,0,0,0.33,0.01,0,0,0.36,0.01,0,0,0.39,0.02,0,430,0.22,0.04,0,430,0.21,0.08,0,0,0.21,0.16,20,50,0.22,0.27,390,664,0.21,0.44,970,2077,0.21,0.64,572,2834,0.21,0.9,13,900,0.2,1.21,190,767,0.2,1.63,8,386,0.21,2.04,0,188,0.21,2.94,0,0,0.21,3.89,0,0,0.2,4.87,0,0,,5.86,0,0,,6.85,0,0,,7.84,0,0,,8.84,0,0,0.34,9.83,0,0,0.35,4.11,0.0,0.0,0.23,0.01,0.0,0.0,0.42,0.01,0.0,0.0,0.23,10.82,0.0,0.0,0.36,0.01,0.0,0.0,0.45,11.81,0.0,0.0,0.36,,,,,,,,,,,,,,,,
2023-08-21 16:00:00,18.15,3.28,0,0,0.2,2.8,0,0,0.21,2.33,0,0,0.21,1.89,0,0,0.22,1.48,0,0,0.22,1.16,0,0,0.23,0.84,0,6,0.22,0.59,2,12,0.22,0.4,30,330,0.22,0.26,2,602,0.22,0.16,390,1933,0.22,0.06,0,1145,0.22,0.02,200,559,0.23,0.01,0,179,0.24,0.01,0,0,0.28,0.01,0,70,0.32,0.01,0,0,0.35,0.01,0,0,0.38,0.01,0,0,0.42,0.03,0,430,0.22,0.06,9,439,0.22,0.12,0,0,0.22,0.22,76,116,0.22,0.37,149,813,0.22,0.57,62,2137,0.22,0.79,90,2924,0.21,1.1,13,903,0.21,1.49,0,767,0.22,1.9,0,386,0.22,2.33,0,188,0.22,3.26,0,0,0.22,4.23,0,0,0.23,5.21,0,0,0.19,6.2,0,0,,7.19,0,0,,8.18,0,0,,9.18,0,0,0.36,10.17,0,0,0.37,3.77,0.0,0.0,,0.01,0.0,0.0,0.44,0.01,0.0,0.0,0.22,11.16,0.0,0.0,0.37,0.01,0.0,0.0,0.47,12.15,0.0,0.0,,4.27,0.0,0.0,0.24,0.01,0.0,0.0,0.25,,,,,,,,
2023-08-22 16:00:00,18.32,3.45,0,0,0.22,2.96,0,0,0.21,2.49,0,0,0.22,2.03,0,0,0.21,1.61,0,0,0.21,1.23,0,0,0.21,0.93,0,6,0.22,0.66,0,12,0.22,0.45,60,390,0.22,0.29,90,692,0.22,0.18,0,1933,0.21,0.06,0,1145,0.21,0.02,0,559,0.22,0.01,9,170,0.24,0.01,0,0,0.28,0.01,0,70,0.31,0.01,0,0,0.35,0.01,0,0,0.38,0.01,0,0,0.41,0.02,0,430,0.22,0.05,0,439,0.22,0.09,20,20,0.21,0.17,0,116,0.21,0.31,15,813,0.22,0.49,120,2257,0.22,0.69,30,2954,0.2,0.98,15,915,0.2,1.32,0,767,0.2,1.75,0,386,0.21,2.17,0,188,0.21,3.09,0,0,0.21,4.06,0,0,0.21,5.04,0,0,,6.03,0,0,,7.03,0,0,0.3,8.02,0,0,0.31,9.01,0,0,0.31,10.0,0,0,,3.94,0.0,0.0,,0.01,0.0,0.0,0.44,0.01,0.0,0.0,0.23,10.99,0.0,0.0,,0.01,0.0,0.0,0.47,11.98,0.0,0.0,,4.44,0.0,0.0,0.27,0.01,0.0,0.0,0.26,4.93,0.0,0.0,,0.01,0.0,0.0,0.29
2023-08-23 16:00:00,18.41,3.54,0,0,0.23,3.05,0,0,0.22,2.57,0,0,0.21,2.1,0,0,0.2,1.67,0,0,0.21,1.32,0,0,0.22,0.97,0,6,0.22,0.68,0,12,0.21,0.46,0,390,0.21,0.3,0,692,0.21,0.18,20,1953,0.21,0.06,0,1145,0.21,0.02,0,559,0.21,0.01,0,170,0.23,0.01,0,0,0.27,0.01,0,70,0.31,0.01,0,0,0.34,0.01,0,0,0.38,0.01,0,0,0.41,0.02,0,430,0.22,0.04,0,439,0.22,0.07,0,20,0.21,0.15,2,118,0.21,0.26,0,813,0.21,0.43,0,2257,0.21,0.63,0,2954,0.2,0.9,113,1005,0.2,1.24,0,767,0.19,1.66,0,386,0.21,2.09,0,188,0.21,3.0,0,0,0.2,3.97,0,0,0.2,4.96,0,0,0.23,5.95,0,0,0.25,6.94,0,0,0.26,7.93,0,0,,8.92,0,0,,9.91,0,0,,4.03,0.0,0.0,0.22,0.01,0.0,0.0,0.44,0.01,0.0,0.0,0.23,10.91,0.0,0.0,0.41,0.01,0.0,0.0,0.47,11.9,0.0,0.0,0.41,4.52,0.0,0.0,,0.01,0.0,0.0,0.27,5.02,0.0,0.0,,0.01,0.0,0.0,0.3
2023-08-24 16:00:00,18.76,3.88,0,0,,3.39,0,0,0.21,2.9,0,0,0.2,2.42,0,0,0.2,1.96,0,0,0.19,1.54,0,0,0.2,1.19,0,6,0.21,0.86,2,12,0.21,0.59,40,430,0.2,0.39,68,760,0.2,0.24,5,1958,0.2,0.08,0,1145,0.2,0.03,0,559,0.21,0.01,0,170,0.22,0.01,0,0,0.26,0.01,0,70,0.3,0.01,0,0,0.33,0.01,0,0,0.36,0.01,0,0,0.39,0.01,0,430,0.22,0.02,0,439,0.21,0.04,0,20,0.2,0.08,0,118,0.2,0.16,0,813,0.2,0.29,0,2257,0.2,0.47,125,3079,0.2,0.69,12,1013,0.19,0.98,45,727,0.19,1.37,0,386,0.2,1.77,0,188,0.2,2.67,0,0,0.2,3.63,0,0,0.2,4.61,0,0,0.19,5.6,0,0,,6.59,0,0,,7.58,0,0,,8.58,0,0,0.34,9.57,0,0,0.35,4.38,0.0,0.0,0.26,0.01,0.0,0.0,0.42,0.01,0.0,0.0,0.25,10.56,0.0,0.0,0.34,0.01,0.0,0.0,0.45,11.55,0.0,0.0,,4.87,0.0,0.0,,0.01,0.0,0.0,0.28,5.37,0.0,0.0,0.29,0.01,0.0,0.0,0.32
2023-08-28 16:00:00,18.65,3.76,0,0,,3.27,0,0,0.19,2.78,0,0,0.19,2.31,0,0,0.2,1.86,0,0,0.21,1.44,0,0,0.2,1.1,0,6,0.21,0.78,10,12,0.21,0.53,0,490,0.21,0.34,0,760,0.21,0.21,0,1960,0.21,0.07,0,1147,0.21,0.02,0,559,0.21,0.01,0,170,0.23,0.01,0,0,0.27,0.01,0,70,0.31,0.01,0,0,0.35,0.01,0,0,0.38,0.01,0,0,0.41,0.01,0,430,0.22,0.02,0,439,0.21,0.05,0,20,0.21,0.1,100,414,0.21,0.18,0,813,0.2,0.32,1,2256,0.21,0.51,105,3207,0.2,0.75,0,1013,0.2,1.06,0,729,0.19,1.46,0,386,0.2,1.87,10,198,0.2,2.78,0,0,0.2,3.75,0,0,0.21,4.73,0,0,0.18,5.72,0,0,,6.71,0,0,,7.71,0,0,0.32,8.7,0,0,0.31,9.69,0,0,,4.26,0.0,0.0,0.19,0.01,0.0,0.0,0.44,0.01,0.0,0.0,0.25,10.68,0.0,0.0,,0.01,0.0,0.0,0.47,11.68,0.0,0.0,0.44,4.76,0.0,0.0,0.3,0.01,0.0,0.0,0.29,5.25,0.0,0.0,,0.01,0.0,0.0,0.32
2023-08-29 16:00:00,19.03,4.14,0,0,,3.65,0,0,0.23,3.16,0,0,0.22,2.67,0,0,0.2,2.2,0,0,0.2,1.76,0,0,0.21,1.35,0,6,0.2,1.03,0,12,0.22,0.73,0,490,0.21,0.49,2,762,0.21,0.32,10,1970,0.21,0.11,20,1147,0.2,0.04,0,559,0.21,0.01,0,170,0.21,0.01,0,0,0.25,0.01,0,70,0.29,0.01,0,0,0.33,0.01,0,0,0.36,0.01,0,0,0.4,0.01,0,430,0.24,0.01,0,439,0.21,0.03,0,20,0.21,0.06,50,414,0.21,0.12,15,813,0.21,0.22,4,2258,0.21,0.38,70,3277,0.21,0.56,13,1026,0.2,0.83,4,729,0.2,1.18,0,386,0.2,1.56,0,198,0.2,2.43,0,0,0.2,3.38,0,0,0.21,4.36,0,0,0.22,5.35,0,0,0.25,6.34,0,0,0.26,7.33,0,0,0.23,8.32,0,0,,9.31,0,0,,4.64,0.0,0.0,0.26,0.01,0.0,0.0,0.43,0.01,0.0,0.0,0.27,10.31,0.0,0.0,0.38,0.01,0.0,0.0,0.46,11.3,0.0,0.0,0.34,5.13,0.0,0.0,,0.01,0.0,0.0,0.31,5.63,0.0,0.0,,0.01,0.0,0.0,0.35
2023-08-30 16:00:00,19.0,4.11,0,0,,3.62,0,0,0.24,3.12,0,0,0.18,2.64,0,0,0.21,2.16,0,0,0.19,1.72,0,0,0.2,1.31,0,6,0.2,0.99,0,12,0.21,0.69,0,490,0.21,0.45,0,762,0.2,0.28,11,1981,0.2,0.1,72,1105,0.2,0.03,0,559,0.21,0.01,10,170,0.22,0.01,0,0,0.26,0.01,0,70,0.3,0.01,0,0,0.33,0.01,0,0,0.37,0.01,0,0,0.4,0.01,0,430,0.24,0.01,0,439,0.21,0.02,0,20,0.2,0.05,50,464,0.2,0.11,0,813,0.2,0.21,0,2258,0.2,0.36,5,3280,0.2,0.55,26,1012,0.19,0.82,162,829,0.19,1.18,0,386,0.2,1.57,0,198,0.2,2.45,0,0,0.2,3.41,0,0,0.21,4.39,0,0,0.21,5.38,0,0,0.23,6.37,0,0,,7.36,0,0,,8.36,0,0,0.35,9.35,0,0,0.34,4.61,0.0,0.0,0.28,0.01,0.0,0.0,0.43,0.01,0.0,0.0,0.28,10.34,0.0,0.0,,0.01,0.0,0.0,0.46,11.33,0.0,0.0,,5.1,0.0,0.0,,0.01,0.0,0.0,0.31,5.6,0.0,0.0,0.31,0.01,0.0,0.0,0.35
2023-08-31 16:00:00,18.93,4.04,0,0,0.23,3.54,0,0,,3.05,0,0,0.19,2.56,0,0,0.18,2.09,0,0,0.19,1.64,0,0,0.19,1.24,0,6,0.19,0.91,0,12,0.2,0.62,19,509,0.2,0.4,10,772,0.2,0.24,2,1981,0.19,0.08,35,1120,0.2,0.02,10,569,0.2,0.01,0,170,0.22,0.01,0,0,0.26,0.01,0,70,0.3,0.01,0,0,0.34,0.01,0,0,0.38,0.01,0,0,0.41,0.01,0,430,0.24,0.01,0,439,0.21,0.02,0,20,0.2,0.05,50,510,0.2,0.11,0,813,0.2,0.21,25,2283,0.2,0.37,0,3280,0.2,0.56,5,1017,0.18,0.84,151,860,0.18,1.21,0,386,0.19,1.61,0,198,0.19,2.51,0,0,0.19,3.47,0,0,0.18,4.46,0,0,0.2,5.45,0,0,,6.44,0,0,,7.44,0,0,0.32,8.43,0,0,0.31,9.42,0,0,,4.53,0.0,0.0,,0.01,0.0,0.0,0.44,0.01,0.0,0.0,0.27,10.41,0.0,0.0,,0.01,0.0,0.0,0.47,11.41,0.0,0.0,0.42,5.03,0.0,0.0,,0.01,0.0,0.0,0.31,5.53,0.0,0.0,0.34,0.01,0.0,0.0,0.35
2023-09-04 16:00:00,19.42,4.52,0,0,0.26,4.02,0,0,,3.53,0,0,0.23,3.03,0,0,0.17,2.55,0,0,0.2,2.08,0,0,0.2,1.64,0,6,0.2,1.24,0,12,0.2,0.92,0,509,0.21,0.63,0,772,0.21,0.41,26,2003,0.21,0.15,26,1140,0.21,0.05,0,569,0.21,0.01,0,170,0.2,0.01,0,0,0.25,0.01,0,70,0.29,0.01,0,0,0.33,0.01,0,0,0.37,0.01,0,0,0.4,0.01,0,430,0.27,0.01,0,439,0.24,0.01,0,20,0.21,0.03,0,510,0.21,0.06,0,813,0.2,0.12,0,2283,0.2,0.23,40,3320,0.2,0.38,6,1017,0.2,0.6,152,1003,0.2,0.87,0,386,0.19,1.25,0,198,0.2,2.08,0,0,0.2,3.01,0,0,0.2,3.99,0,0,0.21,4.98,0,0,0.23,5.97,0,0,,6.96,0,0,,7.96,0,0,0.32,8.95,0,0,,5.02,0.0,0.0,0.33,0.01,0.0,0.0,0.43,0.01,0.0,0.0,0.31,9.94,0.0,0.0,,0.01,0.0,0.0,0.46,10.94,0.0,0.0,0.41,5.51,0.0,0.0,,0.01,0.0,0.0,0.35,6.01,0.0,0.0,0.35,0.01,0.0,0.0,0.38
2023-09-05 16:00:00,19.02,4.12,0,0,0.27,3.62,0,0,0.18,3.13,0,0,0.22,2.64,0,0,0.21,2.16,0,0,0.2,1.7,0,0,0.19,1.28,0,6,0.19,0.94,0,12,0.2,0.64,0,509,0.2,0.41,34,806,0.2,0.24,0,2003,0.19,0.07,74,1072,0.19,0.02,0,569,0.2,0.01,0,170,0.23,0.01,0,0,0.27,0.01,0,70,0.31,0.01,0,0,0.35,0.01,0,0,0.39,0.01,0,0,0.42,0.01,0,430,0.26,0.01,0,439,0.22,0.02,30,50,0.21,0.04,0,510,0.2,0.08,10,823,0.19,0.18,10,2293,0.2,0.3,59,3329,0.19,0.51,310,1327,0.19,0.78,0,1003,0.19,1.14,0,386,0.19,1.54,0,198,0.19,2.43,0,0,0.19,3.4,0,0,0.19,4.39,0,0,0.21,5.38,0,0,,6.37,0,0,,7.37,0,0,0.32,8.36,0,0,,9.35,0,0,,4.61,0.0,0.0,,0.01,0.0,0.0,0.46,0.01,0.0,0.0,0.29,10.35,0.0,0.0,0.4,0.01,0.0,0.0,0.49,11.34,0.0,0.0,,5.11,0.0,0.0,,0.01,0.0,0.0,0.33,5.61,0.0,0.0,0.37,0.01,0.0,0.0,0.37
2023-09-07 16:00:00,18.79,3.88,0,0,,3.39,0,0,0.23,2.89,0,0,0.16,2.4,0,0,0.18,1.92,0,0,0.18,1.47,0,0,0.18,1.09,0,6,0.19,0.74,0,12,0.19,0.46,0,509,0.18,0.27,360,1166,0.18,0.15,9,2003,0.18,0.04,0,1072,0.19,0.01,0,569,0.2,0.01,0,170,0.25,0.01,0,0,0.29,0.01,0,70,0.33,0.01,0,0,0.37,0.01,0,0,0.41,0.01,0,0,0.44,0.01,0,430,0.25,0.01,0,439,0.21,0.02,0,50,0.2,0.04,0,510,0.19,0.09,46,879,0.18,0.19,125,2428,0.18,0.36,241,3576,0.18,0.57,162,1492,0.17,0.88,271,1108,0.17,1.24,0,386,0.16,1.71,4,202,0.18,2.65,0,0,0.18,3.63,30,30,0.17,4.62,0,0,,5.62,0,0,0.28,6.61,0,0,0.24,7.6,0,0,,8.6,0,0,0.37,9.59,0,0,,4.38,0.0,0.0,0.2,0.01,0.0,0.0,0.48,0.01,0.0,0.0,0.28,10.58,0.0,0.0,,0.01,0.0,0.0,0.51,11.58,0.0,0.0,0.43,4.88,0.0,0.0,0.33,0.01,0.0,0.0,0.32,5.37,0.0,0.0,,0.01,0.0,0.0,0.36
2023-09-11 16:00:00,18.72,3.81,0,0,0.28,3.31,0,0,0.22,2.81,0,0,,2.32,0,0,0.18,1.84,0,0,0.18,1.38,0,0,0.17,1.0,0,6,0.19,0.65,12,24,0.18,0.38,106,615,0.17,0.2,234,1376,0.17,0.1,65,2014,0.17,0.02,0,1072,0.18,0.01,0,569,0.21,0.01,0,170,0.26,0.01,0,0,0.31,0.01,0,70,0.35,0.01,0,0,0.39,0.01,0,0,0.43,0.01,0,0,0.47,0.01,0,430,0.25,0.01,0,439,0.21,0.01,0,50,0.18,0.03,0,510,0.18,0.08,45,834,0.18,0.18,284,2712,0.17,0.35,217,3738,0.17,0.57,3,1495,0.16,0.9,140,1228,0.16,1.28,0,386,0.14,1.77,0,202,0.17,2.72,0,0,0.16,3.71,0,30,,4.7,0,0,,5.7,0,0,0.25,6.69,0,0,,7.69,0,0,0.35,8.68,0,0,,9.68,0,0,0.43,4.3,0.0,0.0,,0.01,0.0,0.0,0.5,0.01,0.0,0.0,0.29,10.67,0.0,0.0,,0.01,0.0,0.0,0.54,11.66,0.0,0.0,,4.8,0.0,0.0,0.28,0.01,0.0,0.0,0.33,5.3,0.0,0.0,0.38,0.01,0.0,0.0,0.37
2023-09-12 16:00:00,18.66,3.74,0,0,,3.25,0,0,0.23,2.75,150,150,0.17,2.26,0,0,0.18,1.77,0,0,0.16,1.31,0,0,0.16,0.93,0,6,0.18,0.58,0,24,0.17,0.32,0,615,0.16,0.16,35,1411,0.16,0.08,300,2014,0.17,0.01,34,1072,0.16,0.01,0,569,0.22,0.01,0,170,0.27,0.01,0,0,0.32,0.01,0,70,0.36,0.01,0,0,0.4,0.01,0,0,0.44,0.01,0,0,0.48,0.01,0,430,0.25,0.01,0,439,0.21,0.01,0,50,0.18,0.03,10,520,0.17,0.07,0,834,0.16,0.17,0,2712,0.16,0.35,23,3745,0.17,0.58,52,1547,0.15,0.92,80,1308,0.15,1.32,0,386,0.13,1.81,0,202,0.16,2.78,0,0,0.14,3.77,0,30,,4.77,0,0,0.24,5.76,0,0,,6.76,0,0,0.33,7.75,0,0,,8.75,0,0,0.42,9.74,0,0,0.37,4.24,0.0,0.0,,0.01,0.0,0.0,0.51,0.01,0.0,0.0,0.29,10.73,0.0,0.0,,0.01,0.0,0.0,0.54,11.73,0.0,0.0,0.47,4.74,0.0,0.0,0.32,0.01,0.0,0.0,0.33,5.24,0.0,0.0,0.39,0.01,0.0,0.0,0.37
2023-09-13 16:00:00,18.65,3.73,0,0,,3.23,0,0,,2.74,200,350,0.19,2.24,0,0,0.12,1.76,0,0,0.16,1.31,0,0,0.17,0.93,0,6,0.18,0.59,60,84,0.18,0.33,32,646,0.17,0.17,240,1651,0.17,0.08,0,2014,0.17,0.02,0,1072,0.19,0.01,0,569,0.22,0.01,0,170,0.27,0.01,0,0,0.32,0.01,0,70,0.37,0.01,0,0,0.41,0.01,0,0,0.45,0.01,0,0,0.48,0.01,0,430,0.25,0.01,0,439,0.21,0.01,0,50,0.18,0.03,0,520,0.17,0.08,0,834,0.17,0.19,10,2722,0.17,0.36,442,4175,0.17,0.6,90,1637,0.16,0.94,120,1428,0.16,1.34,160,546,0.14,1.83,0,202,0.17,2.8,0,0,0.19,3.79,0,30,0.22,4.78,0,0,,5.77,0,0,,6.77,0,0,0.29,7.76,0,0,,8.76,0,0,0.38,9.75,0,0,,4.23,0.0,0.0,0.27,0.01,0.0,0.0,0.52,0.01,0.0,0.0,0.29,10.75,0.0,0.0,0.46,0.01,0.0,0.0,0.55,11.74,0.0,0.0,,4.73,0.0,0.0,0.35,0.01,0.0,0.0,0.33,5.22,0.0,0.0,,0.01,0.0,0.0,0.37
2023-09-15 16:00:00,18.8,3.88,0,0,0.26,3.38,0,0,,2.88,0,350,,2.39,0,0,0.18,1.89,0,0,0.12,1.42,0,0,0.15,1.01,0,6,0.17,0.62,0,84,0.16,0.34,106,722,0.15,0.16,92,1719,0.15,0.07,17,2061,0.15,0.01,0,1072,0.16,0.01,0,569,0.22,0.01,0,170,0.27,0.01,0,0,0.32,0.01,0,70,0.36,0.01,0,0,0.41,0.01,0,0,0.45,0.01,0,0,0.48,0.01,0,430,0.27,0.01,0,439,0.23,0.01,0,50,0.19,0.01,0,520,0.15,0.04,0,850,0.15,0.11,24,2756,0.15,0.24,87,4200,0.15,0.47,25,1624,0.15,0.79,1,1458,0.14,1.18,32,578,0.12,1.68,0,202,0.16,2.65,0,0,0.16,3.64,0,30,,4.64,0,0,0.26,5.63,0,0,,6.63,0,0,0.35,7.62,0,0,,8.61,0,0,,9.61,0,0,0.37,4.38,0.0,0.0,0.33,0.01,0.0,0.0,0.52,0.01,0.0,0.0,0.31,10.6,0.0,0.0,,0.01,0.0,0.0,0.56,11.6,0.0,0.0,0.45,4.87,0.0,0.0,,0.01,0.0,0.0,0.35,5.37,0.0,0.0,,0.01,0.0,0.0,0.39
2023-09-18 16:00:00,18.54,3.61,0,0,,3.11,0,0,,2.62,0,350,0.2,2.12,0,0,0.13,1.64,0,0,0.17,1.18,0,0,0.16,0.81,0,6,0.18,0.48,120,204,0.17,0.26,140,842,0.17,0.12,0,1719,0.17,0.05,54,2084,0.17,0.01,0,1072,0.19,0.01,0,569,0.24,0.01,0,170,0.3,0.01,0,0,0.35,0.01,0,70,0.4,0.01,0,0,0.44,0.01,0,0,0.48,0.01,0,0,0.52,0.01,0,430,0.26,0.01,0,439,0.22,0.01,0,50,0.18,0.03,0,520,0.17,0.08,52,902,0.17,0.18,270,3026,0.16,0.37,371,4571,0.16,0.65,9,1633,0.16,1.01,60,1518,0.15,1.43,15,578,0.11,1.94,0,202,0.17,2.92,0,0,0.19,3.91,0,30,,4.91,0,0,0.29,5.9,0,0,,6.9,0,0,0.37,7.89,0,0,,8.89,0,0,0.44,9.88,0,0,,4.11,0.0,0.0,0.24,0.01,0.0,0.0,0.56,0.01,0.0,0.0,0.3,10.88,0.0,0.0,0.51,0.01,0.0,0.0,0.59,11.87,0.0,0.0,,4.61,0.0,0.0,0.35,0.01,0.0,0.0,0.34,5.11,0.0,0.0,0.42,0.01,0.0,0.0,0.39
2023-09-19 16:00:00,18.63,3.7,0,0,,3.2,0,0,,2.71,0,350,0.22,2.21,0,0,0.16,1.72,0,0,0.16,1.26,0,0,0.17,0.87,0,6,0.18,0.53,289,483,0.17,0.28,91,933,0.17,0.13,0,1719,0.17,0.06,0,2084,0.17,0.01,0,1072,0.18,0.01,0,569,0.24,0.01,0,170,0.3,0.01,0,0,0.35,0.01,0,70,0.39,0.01,0,0,0.44,0.01,0,0,0.48,0.01,0,0,0.52,0.01,0,430,0.27,0.01,0,439,0.23,0.01,0,50,0.19,0.02,0,520,0.17,0.07,0,902,0.17,0.16,90,3116,0.17,0.33,236,4807,0.16,0.59,60,1693,0.16,0.94,110,1518,0.15,1.35,90,668,0.12,1.85,0,202,0.16,2.83,0,0,0.17,3.82,0,30,,4.82,0,0,0.26,5.81,0,0,,6.81,0,0,0.33,7.8,0,0,,8.8,0,0,0.39,9.79,0,0,,4.2,0.0,0.0,0.3,0.01,0.0,0.0,0.56,0.01,0.0,0.0,0.31,10.79,0.0,0.0,0.43,0.01,0.0,0.0,0.59,11.78,0.0,0.0,,4.7,0.0,0.0,0.37,0.01,0.0,0.0,0.35,5.19,0.0,0.0,,0.01,0.0,0.0,0.4
2023-09-20 16:00:00,18.51,3.58,0,0,0.25,3.08,0,0,,2.58,0,350,,2.09,0,0,0.17,1.6,0,0,0.16,1.14,0,0,0.16,0.76,10,16,0.17,0.43,10,473,0.16,0.21,93,1026,0.16,0.09,60,1779,0.16,0.04,0,2084,0.17,0.01,0,1072,0.19,0.01,0,569,0.25,0.01,0,170,0.31,0.01,0,0,0.36,0.01,0,70,0.41,0.01,0,0,0.45,0.01,0,0,0.49,0.01,0,0,0.53,0.01,0,430,0.26,0.01,0,439,0.22,0.01,0,50,0.18,0.02,0,520,0.16,0.07,20,902,0.16,0.18,0,3116,0.16,0.36,495,5296,0.15,0.64,145,1806,0.15,1.02,40,1538,0.14,1.45,0,668,,1.97,0,202,0.17,2.95,0,0,,3.95,0,30,0.25,4.94,0,0,,5.94,0,0,0.34,6.93,0,0,,7.93,0,0,0.41,8.92,0,0,,9.92,0,0,0.47,4.08,0.0,0.0,0.32,0.01,0.0,0.0,0.57,0.01,0.0,0.0,0.31,10.91,0.0,0.0,,0.01,0.0,0.0,0.61,11.91,0.0,0.0,0.52,4.57,0.0,0.0,,0.01,0.0,0.0,0.35,5.07,0.0,0.0,,0.01,0.0,0.0,0.39
2023-09-22 16:00:00,18.7,3.77,0,0,0.31,3.27,0,0,0.25,2.77,0,350,0.17,2.27,0,0,,1.79,0,0,0.18,1.32,0,0,0.18,0.93,8,24,0.19,0.57,5,411,0.18,0.32,65,1145,0.18,0.15,2,1781,0.18,0.07,0,2084,0.18,0.01,0,1072,0.18,0.01,0,569,0.25,0.01,0,170,0.3,0.01,0,0,0.36,0.01,0,70,0.41,0.01,0,0,0.45,0.01,0,0,0.5,0.01,0,0,0.54,0.01,0,430,0.28,0.01,0,439,0.24,0.01,0,50,0.2,0.02,0,520,0.18,0.06,20,932,0.18,0.15,10,3233,0.18,0.31,6,5560,0.17,0.56,5,1804,0.17,0.89,251,1774,0.16,1.3,0,668,0.14,1.79,0,202,0.17,2.77,0,10,0.19,3.76,0,30,,4.76,0,0,0.29,5.75,0,0,,6.75,0,0,0.36,7.74,0,0,,8.74,0,0,0.41,9.73,0,0,,4.26,0.0,0.0,,0.01,0.0,0.0,0.58,0.01,0.0,0.0,0.33,10.73,0.0,0.0,0.41,0.01,0.0,0.0,0.61,11.73,0.0,0.0,0.57,4.76,0.0,0.0,,0.01,0.0,0.0,0.37,5.26,0.0,0.0,0.38,0.01,0.0,0.0,0.42
2023-09-25 16:00:00,18.34,3.4,0,0,0.24,2.9,0,0,,2.4,0,350,,1.91,0,0,0.17,1.42,0,0,0.15,0.96,0,0,0.15,0.59,0,24,0.16,0.3,0,411,0.16,0.13,150,1195,0.16,0.05,17,1781,0.16,0.02,0,2084,0.17,0.01,0,1072,0.22,0.01,0,569,0.29,0.01,0,170,0.34,0.01,0,0,0.4,0.01,0,70,0.45,0.01,0,0,0.5,0.01,0,0,0.54,0.01,0,0,0.59,0.01,0,430,0.27,0.01,0,439,0.22,0.01,0,50,0.18,0.02,100,620,0.16,0.07,0,932,0.15,0.2,64,3297,0.16,0.41,43,5603,0.15,0.74,42,1846,0.14,1.15,124,1898,0.11,1.6,0,668,,2.14,0,202,0.15,3.13,0,10,,4.13,0,30,0.22,5.13,0,0,0.33,6.12,0,0,,7.12,0,0,0.4,8.11,0,0,,9.11,0,0,0.42,10.11,0,0,0.55,3.9,0.0,0.0,0.32,0.01,0.0,0.0,0.63,0.01,0.0,0.0,0.31,11.1,0.0,0.0,,0.01,0.0,0.0,0.66,12.1,0.0,0.0,0.59,4.4,0.0,0.0,0.39,0.01,0.0,0.0,0.36,4.89,0.0,0.0,,0.01,0.0,0.0,0.41
2023-09-26 16:00:00,18.09,3.15,0,0,0.26,2.65,0,0,0.18,2.15,0,350,,1.66,0,0,0.16,1.2,0,0,0.18,0.8,0,0,0.19,0.46,12,16,0.18,0.23,80,479,0.18,0.1,5,1200,0.18,0.04,120,1901,0.18,0.01,10,2094,0.17,0.01,34,1038,0.24,0.01,0,569,0.31,0.01,0,170,0.37,0.01,0,0,0.42,0.01,0,70,0.48,0.01,0,0,0.52,0.01,0,0,0.57,0.01,0,0,0.61,0.01,0,430,0.25,0.01,0,439,0.21,0.02,0,50,0.19,0.06,17,627,0.18,0.15,152,1084,0.17,0.32,155,3452,0.17,0.6,401,5294,0.17,0.96,3,1849,0.15,1.39,414,2307,,1.85,100,768,,2.39,14,216,0.13,3.39,2,12,0.24,4.38,0,30,,5.38,0,0,0.32,6.37,0,0,,7.37,0,0,,8.37,0,0,0.48,9.36,0,0,,10.36,0,0,0.51,3.65,0.0,0.0,0.33,0.01,0.0,0.0,0.65,0.01,0.0,0.0,0.3,11.35,0.0,0.0,,0.01,0.0,0.0,0.69,12.35,0.0,0.0,,4.14,0.0,0.0,,0.01,0.0,0.0,0.35,4.64,0.0,0.0,,0.01,0.0,0.0,0.4
2023-09-27 16:00:00,18.25,3.31,0,0,0.3,2.81,0,0,0.24,2.31,0,350,0.17,1.82,0,0,0.19,1.34,0,0,0.18,0.93,0,0,0.2,0.56,10,16,0.19,0.29,138,617,0.18,0.13,5,1205,0.18,0.05,3,1904,0.18,0.02,8,2094,0.19,0.01,0,1038,0.24,0.01,0,569,0.3,0.01,0,170,0.36,0.01,0,0,0.42,0.01,0,70,0.47,0.01,0,0,0.52,0.01,0,0,0.57,0.01,0,0,0.61,0.01,0,430,0.27,0.01,0,439,0.22,0.01,0,50,0.18,0.04,0,627,0.18,0.12,4,1088,0.18,0.26,10,3462,0.17,0.51,226,5518,0.17,0.84,131,1980,0.16,1.25,68,2375,0.13,1.7,4,771,,2.24,0,216,0.19,3.23,2,14,0.19,4.23,0,30,0.29,5.22,0,0,,6.22,0,0,0.36,7.21,0,0,,8.21,0,0,,9.21,0,0,0.51,10.2,0,0,,3.8,0.0,0.0,,0.01,0.0,0.0,0.65,0.01,0.0,0.0,0.32,11.2,0.0,0.0,0.51,0.01,0.0,0.0,0.69,12.2,0.0,0.0,0.64,4.3,0.0,0.0,,0.01,0.0,0.0,0.36,4.8,0.0,0.0,0.25,0.01,0.0,0.0,0.41
2023-09-28 16:00:00,18.0,3.05,0,0,,2.56,0,0,0.24,2.06,0,350,0.18,1.57,0,0,0.18,1.1,0,0,0.17,0.7,0,0,0.18,0.38,0,16,0.17,0.17,514,1131,0.17,0.07,175,1340,0.17,0.02,10,1894,0.17,0.01,5,2094,0.19,0.01,0,1038,0.26,0.01,0,569,0.33,0.01,0,170,0.39,0.01,0,0,0.45,0.01,0,70,0.5,0.01,0,0,0.55,0.01,0,0,0.59,0.01,0,0,0.64,0.01,0,430,0.25,0.01,0,439,0.21,0.02,0,50,0.18,0.06,40,627,0.17,0.16,42,1100,0.17,0.34,620,4082,0.16,0.64,461,5970,0.16,1.02,56,2016,0.13,1.46,104,2279,,1.93,0,771,,2.49,2,218,0.2,3.48,0,14,,4.48,0,30,0.29,5.47,0,0,,6.47,0,0,,7.47,0,0,0.44,8.46,0,0,,9.46,0,0,0.4,10.46,0,0,0.58,3.55,0.0,0.0,,0.01,0.0,0.0,0.68,0.01,0.0,0.0,0.3,11.45,0.0,0.0,,0.01,0.0,0.0,0.72,12.45,0.0,0.0,0.58,4.05,0.0,0.0,,0.01,0.0,0.0,0.35,4.55,0.0,0.0,0.39,0.01,0.0,0.0,0.4
2023-09-29 16:00:00,18.44,3.49,0,0,,2.99,0,0,,2.5,0,350,0.23,2.0,0,0,0.18,1.51,0,0,0.17,1.04,0,0,0.16,0.66,6,20,0.18,0.34,293,1424,0.17,0.15,1099,2414,0.17,0.05,525,2419,0.16,0.02,361,2455,0.17,0.01,22,1038,0.23,0.01,0,569,0.3,0.01,0,170,0.36,0.01,0,0,0.42,0.01,0,70,0.47,0.01,0,0,0.52,0.01,0,0,0.57,0.01,0,0,0.62,0.01,0,430,0.29,0.01,0,439,0.25,0.01,0,50,0.2,0.02,0,627,0.17,0.06,0,1100,0.17,0.17,81,4055,0.16,0.36,168,5948,0.15,0.67,208,1815,0.15,1.07,16,2295,0.12,1.52,9,762,,2.05,0,218,0.15,3.04,0,14,,4.04,0,30,,5.04,0,0,0.33,6.03,0,0,,7.03,0,0,,8.03,0,0,0.47,9.02,0,0,,10.02,0,0,0.47,3.99,0.0,0.0,,0.01,0.0,0.0,0.66,0.01,0.0,0.0,0.34,11.02,0.0,0.0,0.6,0.01,0.0,0.0,0.7,12.01,0.0,0.0,,4.49,0.0,0.0,0.37,0.01,0.0,0.0,0.39,4.99,0.0,0.0,0.45,0.01,0.0,0.0,0.44
2023-10-03 16:00:00,17.94,2.98,0,0,,2.49,0,0,0.26,1.99,0,350,0.2,1.49,0,0,0.13,1.02,0,0,0.17,0.62,3,3,0.18,0.3,0,20,0.17,0.12,70,1374,0.17,0.04,75,2339,0.17,0.01,0,2419,0.17,0.01,0,2455,0.21,0.01,0,1038,0.29,0.01,0,569,0.37,0.01,0,170,0.43,0.01,0,0,0.49,0.01,0,70,0.55,0.01,0,0,0.6,0.01,0,0,0.65,0.01,0,0,0.7,0.01,0,430,0.27,0.01,0,439,0.22,0.01,0,50,0.17,0.05,74,637,0.17,0.15,50,1149,0.17,0.36,399,4452,0.17,0.66,139,6001,0.15,1.07,38,1841,0.11,1.52,50,2265,,2.0,0,762,,2.56,0,218,0.19,3.56,0,14,0.29,4.55,0,30,,5.55,0,0,0.34,6.55,0,0,0.45,7.54,0,0,,8.54,0,0,,9.54,0,0,0.58,10.53,0,0,,3.48,0.0,0.0,,0.01,0.0,0.0,0.75,0.01,0.0,0.0,0.32,11.53,0.0,0.0,,0.01,0.0,0.0,0.79,12.53,0.0,0.0,0.67,3.98,0.0,0.0,,0.01,0.0,0.0,0.38,4.48,0.0,0.0,,0.01,0.0,0.0,0.43
2023-10-04 16:00:00,17.81,2.85,0,0,,2.35,0,0,,1.86,0,350,0.21,1.37,0,0,0.19,0.95,0,0,0.22,0.56,20,23,0.2,0.28,42,52,0.19,0.12,90,1444,0.19,0.04,106,2375,0.19,0.02,40,2379,0.21,0.01,0,2455,0.23,0.01,0,1038,0.31,0.01,0,569,0.38,0.01,0,170,0.45,0.01,0,0,0.51,0.01,0,70,0.57,0.01,0,0,0.63,0.01,0,0,0.68,0.01,0,0,0.73,0.01,0,430,0.26,0.01,0,439,0.21,0.03,33,83,0.2,0.09,62,699,0.19,0.23,143,1218,0.19,0.46,287,4710,0.19,0.79,31,5997,0.17,1.2,1,1840,0.12,1.66,4,2265,,2.13,0,762,,2.69,0,218,,3.69,0,14,0.26,4.69,0,30,0.36,5.68,0,0,,6.68,0,0,,7.68,0,0,0.5,8.67,0,0,,9.67,0,0,,10.67,0,0,0.59,3.35,0.0,0.0,,0.01,0.0,0.0,0.77,0.01,0.0,0.0,0.32,11.67,0.0,0.0,0.7,0.01,0.0,0.0,0.82,12.66,0.0,0.0,,3.85,0.0,0.0,0.35,0.01,0.0,0.0,0.37,4.35,0.0,0.0,0.44,0.01,0.0,0.0,0.43
2023-10-06 16:00:00,18.14,3.18,0,0,0.31,2.68,0,0,0.23,2.18,0,350,,1.69,0,0,0.21,1.21,0,0,0.2,0.8,0,23,0.21,0.44,0,52,0.2,0.21,28,1445,0.2,0.08,811,2903,0.2,0.03,4,2379,0.2,0.01,6,2455,0.21,0.01,38,1000,0.29,0.01,0,569,0.37,0.01,0,170,0.44,0.01,0,0,0.51,0.01,0,70,0.57,0.01,0,0,0.63,0.01,0,0,0.68,0.01,0,0,0.73,0.01,0,430,0.31,0.01,0,439,0.25,0.01,0,83,0.2,0.04,0,699,0.19,0.13,7,1211,0.2,0.28,29,4718,0.18,0.56,41,6004,0.18,0.92,2,1840,0.16,1.35,0,2265,,1.82,0,762,,2.37,0,218,0.21,3.36,0,14,,4.36,0,30,,5.36,0,0,0.36,6.36,0,0,0.46,7.35,0,0,,8.35,0,0,,9.35,0,0,0.56,10.35,0,0,0.67,3.68,0.0,0.0,0.39,0.01,0.0,0.0,0.78,0.01,0.0,0.0,0.36,11.34,0.0,0.0,,0.01,0.0,0.0,0.82,12.34,0.0,0.0,,4.18,0.0,0.0,0.46,0.01,0.0,0.0,0.42,4.67,0.0,0.0,,0.01,0.0,0.0,0.48
2023-10-10 16:00:00,18.32,3.35,0,0,,2.85,0,0,,2.35,0,350,,1.86,0,0,0.24,1.37,0,0,0.21,0.9,4,27,0.19,0.53,2,52,0.21,0.25,105,1590,0.2,0.1,811,3633,0.2,0.03,148,2336,0.2,0.01,0,2455,0.21,0.01,0,1000,0.31,0.01,0,569,0.39,0.01,0,170,0.47,0.01,0,0,0.54,0.01,0,70,0.61,0.01,0,0,0.67,0.01,0,0,0.73,0.01,0,0,0.79,0.01,0,430,0.35,0.01,0,439,0.29,0.01,0,83,0.23,0.02,2,699,0.2,0.08,20,1198,0.2,0.2,218,4516,0.19,0.43,165,5819,0.19,0.77,135,1772,0.17,1.19,5,2270,,1.65,0,762,,2.2,0,218,0.21,3.19,0,14,,4.19,0,30,,5.19,0,0,,6.19,0,0,0.46,7.19,0,0,0.56,8.18,0,0,,9.18,0,0,,10.18,0,0,0.57,3.85,0.0,0.0,,0.01,0.0,0.0,0.84,0.01,0.0,0.0,0.41,11.18,0.0,0.0,0.73,0.01,0.0,0.0,0.89,12.18,0.0,0.0,0.82,4.35,0.0,0.0,0.44,0.01,0.0,0.0,0.47,4.85,0.0,0.0,0.54,0.01,0.0,0.0,0.54
2023-10-11 16:00:00,18.55,3.58,0,0,0.36,3.08,0,0,,2.58,0,350,,2.08,0,0,,1.59,0,0,0.22,1.1,0,27,0.18,0.69,0,52,0.21,0.35,408,1695,0.2,0.14,345,3962,0.19,0.04,5,2341,0.19,0.01,0,2455,0.19,0.01,0,1000,0.29,0.01,0,569,0.38,0.01,0,170,0.46,0.01,0,0,0.53,0.01,0,70,0.6,0.01,0,0,0.67,0.01,0,0,0.73,0.01,0,0,0.79,0.01,0,430,0.38,0.01,0,439,0.32,0.01,0,83,0.26,0.01,0,699,0.2,0.04,2,1196,0.2,0.12,9,4508,0.19,0.29,133,5756,0.18,0.59,491,2173,0.17,0.99,13,2257,0.15,1.44,0,762,,1.97,0,218,0.16,2.97,0,14,0.27,3.97,0,30,0.36,4.96,0,0,,5.96,0,0,,6.96,0,0,0.46,7.96,0,0,0.58,8.96,0,0,0.68,9.95,0,0,,4.08,0.0,0.0,0.45,0.01,0.0,0.0,0.84,0.01,0.0,0.0,0.45,10.95,0.0,0.0,,0.01,0.0,0.0,0.89,11.95,0.0,0.0,0.69,4.58,0.0,0.0,0.53,0.01,0.0,0.0,0.51,5.08,0.0,0.0,0.62,0.01,0.0,0.0,0.57
2023-10-12 16:00:00,18.86,3.89,0,0,0.46,3.39,0,0,0.38,2.89,0,350,0.3,2.39,0,0,,1.89,0,0,,1.39,0,27,,0.92,5,52,0.18,0.51,28,1703,0.18,0.22,292,4186,0.18,0.07,145,2416,0.18,0.02,321,2467,0.18,0.01,0,1000,0.27,0.01,0,569,0.36,0.01,0,170,0.44,0.01,0,0,0.52,0.01,0,70,0.59,0.01,0,0,0.66,0.01,0,0,0.72,0.01,0,0,0.78,0.01,0,430,0.43,0.01,0,439,0.36,0.01,0,83,0.3,0.01,0,699,0.24,0.01,20,1176,0.18,0.04,35,4487,0.17,0.14,131,5745,0.17,0.36,81,2164,0.16,0.71,161,2282,0.15,1.14,1,763,,1.66,0,218,,2.66,0,14,,3.66,0,30,0.31,4.66,0,0,0.41,5.65,0,0,,6.65,0,0,,7.65,0,0,,8.65,0,0,0.58,9.65,0,0,0.69,4.39,0.0,0.0,0.53,0.01,0.0,0.0,0.84,0.01,0.0,0.0,0.49,10.65,0.0,0.0,0.78,0.01,0.0,0.0,0.89,11.64,0.0,0.0,,4.89,0.0,0.0,0.61,0.01,0.0,0.0,0.55,5.38,0.0,0.0,,0.01,0.0,0.0,0.62
2023-10-13 16:00:00,18.44,3.47,0,0,,2.97,0,0,,2.47,0,350,,1.98,0,0,0.25,1.49,0,0,0.23,1.04,10,37,0.24,0.62,0,52,0.21,0.34,300,1703,0.22,0.16,331,4167,0.23,0.06,100,2496,0.23,0.02,20,2467,0.23,0.01,0,1000,0.3,0.01,0,569,0.39,0.01,0,170,0.47,0.01,0,0,0.55,0.01,0,70,0.63,0.01,0,0,0.69,0.01,0,0,0.76,0.01,0,0,0.82,0.01,0,430,0.4,0.01,0,439,0.33,0.01,0,83,0.27,0.02,0,699,0.23,0.07,101,1277,0.23,0.18,210,4685,0.22,0.39,160,5884,0.22,0.75,81,2161,0.25,1.14,10,2282,0.23,1.6,0,763,0.24,2.08,0,218,0.21,3.08,0,14,0.32,4.07,0,30,,5.07,0,0,,6.07,0,0,0.47,7.07,0,0,0.58,8.06,0,0,,9.06,0,0,,10.06,0,0,,3.97,0.0,0.0,0.34,0.01,0.0,0.0,0.88,0.01,0.0,0.0,0.46,11.06,0.0,0.0,0.75,0.01,0.0,0.0,0.93,12.06,0.0,0.0,0.86,4.47,0.0,0.0,0.47,0.01,0.0,0.0,0.53,4.97,0.0,0.0,0.56,0.01,0.0,0.0,0.6
2023-10-16 16:00:00,18.27,3.3,0,0,0.45,2.8,0,0,0.37,2.3,0,350,0.3,1.8,0,0,0.22,1.32,0,0,0.25,0.88,0,37,0.25,0.5,0,52,0.24,0.25,243,1612,0.24,0.1,2,4165,0.24,0.04,0,2496,0.25,0.01,0,2467,0.24,0.01,0,1000,0.35,0.01,0,569,0.45,0.01,0,170,0.54,0.01,0,0,0.63,0.01,0,70,0.71,0.01,0,0,0.78,0.01,0,0,0.85,0.01,0,0,0.92,0.01,0,430,0.42,0.01,0,439,0.34,0.01,0,83,0.27,0.03,0,699,0.26,0.09,1,1276,0.25,0.24,460,5145,0.25,0.48,260,6087,0.24,0.87,10,2161,0.26,1.28,10,2282,0.23,1.76,0,763,0.22,2.26,0,218,0.28,3.25,0,14,,4.25,0,30,,5.25,0,0,0.42,6.25,0,0,0.56,7.25,0,0,0.67,8.24,0,0,,9.24,0,0,,10.24,0,0,,3.79,0.0,0.0,,0.01,0.0,0.0,0.99,0.01,0.0,0.0,0.49,11.24,0.0,0.0,0.79,0.01,0.0,0.0,1.05,12.24,0.0,0.0,0.93,4.29,0.0,0.0,,0.01,0.0,0.0,0.56,4.79,0.0,0.0,,0.01,0.0,0.0,0.64
2023-10-19 16:00:00,17.91,2.93,0,0,,2.43,0,0,,1.93,0,350,,1.43,0,0,,0.95,0,0,0.21,0.53,2,39,0.21,0.23,0,47,0.21,0.08,0,1604,0.22,0.02,302,4173,0.22,0.01,0,2496,0.26,0.01,0,2467,0.33,0.01,0,1000,0.45,0.01,0,569,0.56,0.01,0,170,0.66,0.01,0,0,0.76,0.01,0,70,0.85,0.01,0,0,0.93,0.01,0,0,1.01,0.01,0,0,1.08,0.01,0,430,0.42,0.01,6,433,0.34,0.01,0,83,0.26,0.03,0,699,0.22,0.12,9,1280,0.22,0.33,184,5241,0.21,0.67,379,6371,0.19,1.14,0,2160,0.22,1.63,0,2257,0.25,2.12,0,763,,2.62,0,218,,3.62,0,14,,4.62,0,30,0.44,5.62,0,0,0.58,6.62,0,0,0.7,7.62,0,0,0.81,8.61,0,0,,9.61,0,0,,10.61,0,0,,3.43,0.0,0.0,0.44,0.01,0.0,0.0,1.16,0.01,0.0,0.0,0.5,11.61,0.0,0.0,,0.01,0.0,0.0,1.23,12.61,0.0,0.0,1.03,3.93,0.0,0.0,0.54,0.01,0.0,0.0,0.59,4.43,0.0,0.0,0.64,0.01,0.0,0.0,0.67
2023-10-20 16:00:00,17.79,2.81,0,0,0.42,2.31,0,0,0.33,1.81,0,350,0.24,1.31,0,0,,0.84,0,0,0.22,0.43,0,39,0.21,0.17,390,407,0.22,0.05,67,1537,0.22,0.01,12,4161,0.22,0.01,0,2496,0.3,0.01,0,2467,0.36,0.01,0,1000,0.49,0.01,0,569,0.6,0.01,0,170,0.71,0.01,0,0,0.81,0.01,0,70,0.9,0.01,0,0,0.99,0.01,0,0,1.07,0.01,0,0,1.15,0.01,0,430,0.42,0.01,0,433,0.33,0.01,0,83,0.25,0.04,10,689,0.23,0.15,74,1354,0.22,0.39,105,5225,0.21,0.79,87,6439,0.22,1.25,0,2160,0.19,1.75,0,2257,0.26,2.25,0,763,0.33,2.74,0,218,,3.74,0,14,,4.74,0,30,,5.74,0,0,,6.74,0,0,0.57,7.74,0,0,0.77,8.74,0,0,0.89,9.74,0,0,1.0,10.73,0,0,,3.31,0.0,0.0,0.51,0.01,0.0,0.0,1.23,0.01,0.0,0.0,0.51,11.73,0.0,0.0,,0.01,0.0,0.0,1.31,12.73,0.0,0.0,,3.81,0.0,0.0,0.6,0.01,0.0,0.0,0.6,4.31,0.0,0.0,0.7,0.01,0.0,0.0,0.69
2023-10-24 16:00:00,17.6,2.61,0,0,,2.11,0,0,,1.61,0,350,,1.11,0,0,,0.64,0,0,0.23,0.27,0,39,0.24,0.07,36,443,0.23,0.01,17,1530,0.23,0.01,9,4155,0.33,0.01,0,2496,0.42,0.01,0,2467,0.51,0.01,0,1000,0.67,0.01,0,569,0.82,0.01,0,170,0.95,0.01,0,0,1.08,0.01,0,70,1.2,0.01,0,0,1.32,0.01,0,0,1.42,0.01,0,0,1.53,0.01,0,430,0.51,0.01,0,433,0.39,0.01,0,83,0.28,0.04,41,689,0.24,0.17,197,1551,0.22,0.49,235,5199,0.21,0.98,40,6467,0.32,1.45,0,2160,0.29,1.95,0,2257,0.38,2.45,0,763,0.46,2.94,0,218,,3.94,0,14,,4.94,0,30,,5.94,0,0,,6.94,0,0,,7.94,0,0,,8.94,0,0,,9.94,0,0,1.07,10.94,0,0,1.26,3.11,0.0,0.0,,0.01,0.0,0.0,1.62,0.01,0.0,0.0,0.62,11.94,0.0,0.0,1.4,0.01,0.0,0.0,1.72,12.94,0.0,0.0,1.53,3.61,0.0,0.0,,0.01,0.0,0.0,0.74,4.11,0.0,0.0,0.66,0.01,0.0,0.0,0.85
2023-10-25 16:00:00,17.74,2.75,0,0,0.54,2.25,0,0,0.43,1.75,0,350,0.31,1.25,0,0,,0.76,0,0,0.23,0.32,43,72,0.2,0.07,0,443,0.2,0.01,0,1530,0.22,0.01,90,4080,0.33,0.01,0,2496,0.43,0.01,0,2467,0.53,0.01,1,999,0.71,0.01,0,569,0.87,0.01,0,170,1.02,0.01,0,0,1.16,0.01,0,70,1.29,0.01,0,0,1.42,0.01,0,0,1.53,0.01,0,0,1.65,0.01,0,430,0.59,0.01,0,433,0.46,0.01,0,83,0.34,0.01,0,689,0.21,0.1,77,1581,0.22,0.38,89,5167,0.22,0.81,406,6873,0.17,1.31,0,2160,0.26,1.81,250,2007,0.35,2.31,1,763,0.44,2.81,0,218,0.52,3.81,0,14,0.69,4.81,0,30,0.84,5.81,0,0,0.99,6.8,0,0,,7.8,0,0,,8.8,0,0,,9.8,0,0,,10.8,0,0,,3.25,0.0,0.0,0.66,0.01,0.0,0.0,1.75,0.01,0.0,0.0,0.71,11.8,0.0,0.0,,0.01,0.0,0.0,1.86,12.8,0.0,0.0,,3.75,0.0,0.0,0.78,0.01,0.0,0.0,0.83,4.25,0.0,0.0,0.91,0.01,0.0,0.0,0.96
2023-10-26 16:00:00,17.69,2.7,0,0,0.67,2.2,0,0,0.54,1.7,350,200,0.42,1.2,0,0,0.3,0.7,0,0,0.18,0.26,0,72,0.19,0.04,360,388,0.19,0.01,0,1530,0.26,0.01,0,4080,0.38,0.01,0,2496,0.5,0.01,0,2467,0.6,0.01,0,999,0.8,0.01,0,569,0.98,0.01,0,170,1.15,0.01,0,0,1.31,0.01,0,70,1.46,0.01,0,0,1.59,0.01,0,0,1.72,0.01,0,0,1.85,0.01,0,430,0.65,0.01,0,433,0.51,0.01,0,83,0.37,0.01,0,689,0.23,0.09,90,1664,0.21,0.4,169,5105,0.23,0.85,30,6845,,1.39,400,1760,0.53,1.85,18,1989,,2.35,124,661,,2.85,0,218,0.44,3.85,0,14,0.65,4.85,0,30,0.83,5.85,0,0,1.0,6.85,0,0,1.16,7.85,0,0,1.31,8.85,0,0,1.45,9.85,0,0,1.59,10.85,0,0,1.73,3.2,0.0,0.0,0.8,0.01,0.0,0.0,1.97,0.01,0.0,0.0,0.79,11.85,0.0,0.0,1.86,0.01,0.0,0.0,2.09,12.85,0.0,0.0,1.98,3.7,0.0,0.0,0.94,0.01,0.0,0.0,0.92,4.2,0.0,0.0,1.08,0.01,0.0,0.0,1.07
2023-10-27 16:00:00,18.08,3.09,0,0,0.92,2.59,0,0,0.77,2.09,0,0,0.63,1.59,0,0,0.48,1.09,0,0,0.34,0.59,3,39,0.2,0.19,240,62,0.22,0.02,10,1520,0.21,0.01,0,4080,0.33,0.01,84,2412,0.46,0.01,0,2467,0.59,0.01,0,999,0.82,0.01,0,569,1.03,0.01,0,170,1.23,0.01,0,0,1.41,0.01,0,70,1.59,0.01,0,0,1.75,0.01,0,0,1.9,0.01,0,0,2.04,0.01,0,430,0.85,0.01,0,433,0.69,0.01,0,83,0.54,0.01,0,689,0.38,0.02,110,1554,0.26,0.12,364,5043,0.21,0.5,653,6855,0.28,0.96,14,1748,,1.46,20,1969,,1.96,0,661,,2.46,2,216,,3.46,0,14,,4.46,0,30,,5.46,0,0,,6.46,0,0,,7.46,0,0,,8.46,0,0,,9.46,0,0,1.36,10.46,0,0,1.61,3.59,0.0,0.0,1.08,0.01,0.0,0.0,2.18,0.01,0.0,0.0,1.01,11.46,0.0,0.0,1.78,0.01,0.0,0.0,2.32,12.46,0.0,0.0,1.95,4.09,0.0,0.0,1.23,0.01,0.0,0.0,1.17,4.58,0.0,0.0,,0.01,0.0,0.0,1.33
2023-10-30 16:00:00,17.53,2.53,0,0,,2.03,0,0,,1.53,0,0,,1.03,0,0,,0.53,0,0,,0.03,0,39,,0.00,0,62,,0.00,0,1520,,0.00,0,4080,,0.00,0,2412,,0.00,0,2467,,0.00,0,999,,0.00,0,569,,0.00,0,170,,0.00,0,0,,0.00,0,70,,0.00,0,0,,0.00,0,0,,0.00,0,0,,0.00,0,430,,0.00,0,433,,0.00,0,83,,0.00,0,689,,0.00,1,1553,,0.00,942,4246,,0.47,701,0,,0.97,191,0,,1.47,58,0,,1.97,23,0,,2.47,24,0,,3.47,10,0,,4.47,0,0,,5.47,0,0,,6.47,0,0,,7.47,0,0,,8.47,0,0,,9.47,0,0,,10.47,0,0,,3.03,0,0,,0.00,0,0,,0.00,0,0,,11.47,0,0,,0.00,0,0,,12.47,0,0,,3.53,0,0,,0.00,0,0,,4.03,0,0,,0.00,0,0,
