time,close,C,C,C,C,C,C,C,C,C,C,C,C,C,C,C,C,C,C,C,C,C,C,C,C,C,C,C,C,C,C,C,C,C,C,C,C,C,C,C,C,C,C,C,C,C,C,C,C,C,C,C,C,C,C,C,C,C,C,C,C,C,C,C,C,C,C,C,C,C,C,C,C,C,C,C,C,C,C,C,C,C,C,C,C,C,C,C,C,C,C,C,C,C,C,C,C,C,C,C,C,P,P,P,P,P,P,P,P,P,P,P,P,P,P,P,P,P,P,P,P,P,P,P,P,P,P,P,P,P,P,P,P,P,P,P,P,P,P,P,P,P,P,P,P,P,P,P,P,P,P,P,P,P,P,P,P,P,P,P,P,P,P,P,P,P,P,P,P,P,P,P,P,P,P,P,P,P,P,P,P,P,P,P,P,P,P,P,P,P,P,P,P,P,P,P,P,P,P,P,P,C,C,C,C,P,P,P,P
time,close,225.00,225.00,225.00,225.00,230.00,230.00,230.00,230.00,235.00,235.00,235.00,235.00,240.00,240.00,240.00,240.00,245.00,245.00,245.00,245.00,250.00,250.00,250.00,250.00,255.00,255.00,255.00,255.00,260.00,260.00,260.00,260.00,265.00,265.00,265.00,265.00,270.00,270.00,270.00,270.00,275.00,275.00,275.00,275.00,280.00,280.00,280.00,280.00,285.00,285.00,285.00,285.00,290.00,290.00,290.00,290.00,295.00,295.00,295.00,295.00,300.00,300.00,300.00,300.00,310.00,310.00,310.00,310.00,320.00,320.00,320.00,320.00,330.00,330.00,330.00,330.00,340.00,340.00,340.00,340.00,350.00,350.00,350.00,350.00,360.00,360.00,360.00,360.00,370.00,370.00,370.00,370.00,380.00,380.00,380.00,380.00,390.00,390.00,390.00,390.00,225.00,225.00,225.00,225.00,230.00,230.00,230.00,230.00,235.00,235.00,235.00,235.00,240.00,240.00,240.00,240.00,245.00,245.00,245.00,245.00,250.00,250.00,250.00,250.00,255.00,255.00,255.00,255.00,260.00,260.00,260.00,260.00,265.00,265.00,265.00,265.00,270.00,270.00,270.00,270.00,275.00,275.00,275.00,275.00,280.00,280.00,280.00,280.00,285.00,285.00,285.00,285.00,290.00,290.00,290.00,290.00,295.00,295.00,295.00,295.00,300.00,300.00,300.00,300.00,310.00,310.00,310.00,310.00,320.00,320.00,320.00,320.00,330.00,330.00,330.00,330.00,340.00,340.00,340.00,340.00,350.00,350.00,350.00,350.00,360.00,360.00,360.00,360.00,370.00,370.00,370.00,370.00,380.00,380.00,380.00,380.00,390.00,390.00,390.00,390.00,400.00,400.00,400.00,400.00,400.00,400.00,400.00,400.00
time,close,settle,volume,oi,imp_vol,settle,volume,oi,imp_vol,settle,volume,oi,imp_vol,settle,volume,oi,imp_vol,settle,volume,oi,imp_vol,settle,volume,oi,imp_vol,settle,volume,oi,imp_vol,settle,volume,oi,imp_vol,settle,volume,oi,imp_vol,settle,volume,oi,imp_vol,settle,volume,oi,imp_vol,settle,volume,oi,imp_vol,settle,volume,oi,imp_vol,settle,volume,oi,imp_vol,settle,volume,oi,imp_vol,settle,volume,oi,imp_vol,settle,volume,oi,imp_vol,settle,volume,oi,imp_vol,settle,volume,oi,imp_vol,settle,volume,oi,imp_vol,settle,volume,oi,imp_vol,settle,volume,oi,imp_vol,settle,volume,oi,imp_vol,settle,volume,oi,imp_vol,settle,volume,oi,imp_vol,settle,volume,oi,imp_vol,settle,volume,oi,imp_vol,settle,volume,oi,imp_vol,settle,volume,oi,imp_vol,settle,volume,oi,imp_vol,settle,volume,oi,imp_vol,settle,volume,oi,imp_vol,settle,volume,oi,imp_vol,settle,volume,oi,imp_vol,settle,volume,oi,imp_vol,settle,volume,oi,imp_vol,settle,volume,oi,imp_vol,settle,volume,oi,imp_vol,settle,volume,oi,imp_vol,settle,volume,oi,imp_vol,settle,volume,oi,imp_vol,settle,volume,oi,imp_vol,settle,volume,oi,imp_vol,settle,volume,oi,imp_vol,settle,volume,oi,imp_vol,settle,volume,oi,imp_vol,settle,volume,oi,imp_vol,settle,volume,oi,imp_vol,settle,volume,oi,imp_vol,settle,volume,oi,imp_vol,settle,volume,oi,imp_vol,settle,volume,oi,imp_vol
2023-01-10 16:00:00,293.6,78.11,0,0,0.52,74.23,0,0,0.52,70.45,0,0,0.52,67.57,0,0,0.54,63.89,0,0,0.54,60.33,0,0,0.53,56.88,0,0,0.53,53.36,0,0,0.52,50.31,0,0,0.52,47.39,0,0,0.52,44.59,0,0,0.52,41.92,0,0,0.52,38.96,0,0,0.52,36.36,0,0,0.51,34.2,0,10,0.52,32.03,10,35,0.52,28.03,0,0,0.52,24.5,0,15,0.52,21.33,0,0,0.52,18.75,0,0,0.52,16.39,13,13,0.53,13.93,0,0,0.52,11.99,0,0,0.52,10.3,0,0,0.52,8.83,0,0,0.52,6.28,0,6,0.52,7.32,0,1,0.52,8.45,0,0,0.52,9.79,0,0,0.52,11.14,0,5,0.52,12.68,0,0,0.52,14.38,0,0,0.52,16.56,0,0,0.53,18.56,0,0,0.53,20.69,0,0,0.53,22.77,0,0,0.53,25.06,0,4,0.53,27.38,0,0,0.53,29.83,0,21,0.53,32.54,0,15,0.53,35.33,0,0,0.53,40.69,0,0,0.52,47.15,0,0,0.52,54.54,0,0,0.53,61.87,0,0,0.54,69.57,0,0,0.54,77.6,0,0,0.55,85.91,0,0,0.55,94.46,0,0,0.56,103.22,0,0,0.56,,,,,,,,
2023-01-12 16:00:00,285.0,70.25,0,0,0.51,66.81,0,0,0.52,63.02,0,0,0.52,59.4,0,0,0.52,55.9,0,0,0.51,52.66,0,0,0.51,49.53,0,0,0.51,46.52,0,0,0.51,43.65,0,0,0.51,40.92,0,0,0.51,37.63,0,0,0.5,35.14,0,0,0.5,32.72,8,8,0.5,30.58,0,0,0.5,28.35,15,25,0.5,26.39,0,35,0.5,22.93,0,0,0.51,19.8,18,33,0.51,17.15,0,0,0.51,14.96,0,0,0.52,12.75,0,13,0.51,10.87,0,0,0.51,9.24,0,0,0.51,7.84,0,0,0.51,6.64,0,0,0.51,7.07,0,6,0.51,8.23,0,1,0.51,9.57,0,0,0.51,10.92,0,0,0.51,12.54,0,5,0.51,14.65,0,0,0.52,16.42,0,4,0.52,18.55,0,0,0.52,20.68,0,0,0.53,22.88,0,0,0.53,25.33,0,0,0.53,27.81,0,4,0.53,30.38,0,0,0.53,33.08,0,21,0.52,35.37,0,15,0.51,38.26,0,0,0.51,44.67,0,0,0.51,52.23,0,0,0.53,59.55,0,0,0.53,67.28,0,0,0.54,75.34,0,0,0.54,83.71,0,0,0.55,92.28,0,0,0.55,101.11,0,0,0.56,108.17,0,0,0.51,,,,,,,,
2023-01-20 16:00:00,303.6,84.94,0,0,0.48,80.7,2,2,0.48,76.57,0,0,0.48,72.54,0,0,0.48,68.62,0,15,0.48,64.56,0,15,0.48,60.8,0,0,0.48,57.6,0,0,0.48,54.18,0,0,0.48,50.89,0,0,0.48,47.73,0,0,0.48,44.71,0,0,0.48,41.83,0,8,0.48,39.08,0,16,0.48,35.72,0,40,0.47,33.17,0,51,0.47,28.56,0,16,0.47,24.59,2,35,0.47,21.06,30,109,0.47,18.01,0,0,0.47,15.38,0,32,0.48,13.17,50,50,0.48,11.29,0,0,0.48,9.49,0,0,0.48,7.96,0,0,0.48,3.33,0,6,0.48,4.08,0,1,0.48,4.84,0,0,0.48,5.8,0,0,0.48,6.82,0,15,0.48,7.95,0,4,0.48,9.27,0,4,0.48,10.59,0,0,0.48,12.56,1,1,0.49,14.27,0,0,0.49,16.04,0,0,0.49,18.15,0,4,0.49,20.25,0,10,0.49,22.49,0,21,0.49,25.0,0,25,0.5,27.52,19,36,0.5,32.9,15,15,0.5,38.9,0,0,0.5,44.36,0,0,0.48,51.17,0,0,0.48,59.98,0,0,0.51,67.8,0,0,0.52,75.97,0,0,0.52,84.44,0,0,0.53,93.18,0,0,0.54,,,,,,,,
2023-01-26 16:00:00,310.6,90.62,0,0,0.47,85.78,0,2,0.45,81.87,0,0,0.47,77.64,0,0,0.47,73.51,0,15,0.47,69.49,0,15,0.47,65.58,0,0,0.47,61.36,0,0,0.46,58.14,0,0,0.47,54.62,0,0,0.47,51.22,0,0,0.47,47.97,0,0,0.47,44.85,0,8,0.47,41.87,0,16,0.47,37.92,0,40,0.45,35.25,0,51,0.45,30.41,0,16,0.45,26.1,0,35,0.46,22.28,0,109,0.46,18.92,0,0,0.46,15.99,0,32,0.46,13.46,0,50,0.46,11.38,0,0,0.46,9.7,0,0,0.47,8.06,0,0,0.47,2.21,0,6,0.47,2.74,0,1,0.47,3.34,0,0,0.47,4.08,0,0,0.47,4.83,0,15,0.47,5.83,0,4,0.47,6.84,0,4,0.47,8.03,0,0,0.47,9.34,0,1,0.47,11.02,2,2,0.48,12.72,0,0,0.48,14.42,0,4,0.48,16.33,0,10,0.48,18.42,0,21,0.48,20.52,0,25,0.48,22.93,7,29,0.48,27.95,0,15,0.48,33.69,0,0,0.48,38.77,0,0,0.47,45.24,0,0,0.47,52.32,0,0,0.47,61.3,0,0,0.5,69.31,0,0,0.5,77.81,0,0,0.52,86.33,0,0,0.52,,,,,,,,
2023-01-30 16:00:00,292.6,73.52,0,0,0.46,69.32,0,8,0.46,65.22,0,0,0.46,61.26,0,0,0.46,57.42,0,15,0.46,53.72,0,15,0.46,50.16,0,0,0.46,46.74,0,0,0.46,43.48,0,0,0.46,40.37,0,0,0.46,37.41,0,0,0.46,34.6,0,0,0.46,31.84,0,8,0.46,29.44,0,16,0.46,26.96,0,40,0.46,24.72,0,51,0.46,20.72,0,33,0.46,17.2,21,41,0.46,14.29,13,122,0.46,11.77,15,15,0.46,9.85,0,32,0.46,7.98,15,65,0.46,6.48,0,0,0.46,5.24,0,0,0.46,4.22,0,0,0.46,3.25,1,6,0.46,3.99,0,1,0.46,4.85,0,0,0.46,5.85,0,0,0.46,6.93,0,15,0.46,8.23,0,4,0.46,9.83,0,4,0.47,11.51,1,1,0.47,13.21,0,1,0.47,15.15,0,2,0.47,17.19,0,0,0.47,19.27,0,4,0.47,21.51,0,10,0.47,23.92,0,21,0.47,26.42,0,25,0.46,29.27,0,29,0.47,35.07,0,15,0.46,41.52,0,0,0.46,48.65,0,0,0.46,56.14,0,0,0.46,64.55,0,0,0.47,72.96,0,0,0.48,81.7,0,0,0.48,89.84,0,0,0.46,98.98,0,0,0.46,3.39,0.0,0.0,0.46,108.33,0.0,0.0,0.46
2023-02-15 16:00:00,291.4,70.16,0,0,0.45,65.79,0,8,0.45,61.54,0,0,0.45,57.41,0,0,0.45,53.42,0,15,0.45,49.58,0,15,0.45,45.89,0,0,0.45,42.36,0,0,0.45,39.0,0,0,0.45,35.81,0,0,0.45,32.8,0,0,0.45,29.96,0,0,0.45,26.54,0,43,0.43,24.99,0,34,0.45,22.63,0,52,0.45,20.45,0,102,0.45,16.63,15,32,0.45,13.4,0,30,0.45,10.77,0,152,0.45,8.6,0,15,0.45,6.78,0,46,0.45,5.12,10,90,0.45,3.96,0,0,0.45,3.05,0,0,0.45,2.33,0,1,0.45,2.19,0,6,0.45,2.76,0,1,0.45,3.5,0,0,0.45,4.32,10,44,0.45,5.33,0,15,0.45,6.44,0,8,0.45,7.75,0,26,0.45,9.44,1,1,0.45,11.13,2,3,0.46,12.79,0,9,0.45,14.67,0,0,0.45,16.71,0,10,0.45,18.99,0,24,0.45,21.44,0,30,0.45,24.1,0,88,0.45,27.85,0,68,0.46,33.23,0,15,0.45,39.99,0,0,0.45,47.27,0,0,0.45,55.09,0,0,0.45,63.37,0,0,0.45,71.97,0,0,0.45,80.85,0,0,0.45,90.07,0,0,0.45,99.47,0,0,0.45,1.77,0.0,0.0,0.45,109.04,0.0,0.0,0.45
2023-02-16 16:00:00,298.0,76.16,0,0,0.44,71.66,0,8,0.44,67.26,0,0,0.44,62.98,0,0,0.44,58.81,0,15,0.44,53.14,0,15,0.39,49.37,0,0,0.4,45.74,0,0,0.4,42.27,0,0,0.41,38.96,0,0,0.41,35.82,0,0,0.42,32.84,0,0,0.42,30.03,0,43,0.42,27.56,0,34,0.43,24.99,27,64,0.43,22.62,66,141,0.43,18.48,66,96,0.43,14.98,12,39,0.43,12.15,0,152,0.44,9.77,15,30,0.44,7.83,0,46,0.44,6.26,10,100,0.45,4.72,0,0,0.44,3.64,0,0,0.44,2.79,0,1,0.44,1.58,0,6,0.44,2.07,0,1,0.44,2.61,0,0,0.44,3.33,30,74,0.44,4.08,0,15,0.44,5.09,0,8,0.44,6.11,0,26,0.44,7.41,0,1,0.44,8.99,0,3,0.45,10.69,0,9,0.45,12.4,0,0,0.45,14.45,0,10,0.45,16.54,0,24,0.45,18.92,0,30,0.45,21.42,27,115,0.45,24.0,88,156,0.45,29.87,100,107,0.46,36.55,0,0,0.46,43.75,0,0,0.47,51.46,0,0,0.48,59.61,0,0,0.48,68.24,0,0,0.5,74.99,0,0,0.44,83.98,0,0,0.44,93.24,0,0,0.44,2.13,0.0,0.0,0.44,102.72,0.0,0.0,0.44
2023-02-20 16:00:00,290.0,68.39,0,0,0.44,63.99,0,8,0.44,59.69,0,0,0.44,55.53,0,0,0.44,51.51,0,15,0.44,47.99,0,15,0.45,44.14,0,0,0.45,40.52,0,0,0.45,37.07,0,0,0.44,33.8,0,0,0.44,30.71,0,0,0.44,27.83,0,0,0.44,24.93,0,43,0.43,22.46,0,34,0.43,20.18,0,64,0.43,18.11,0,141,0.43,14.47,0,96,0.44,11.5,2,37,0.44,9.1,0,152,0.44,7.18,0,30,0.44,5.51,0,46,0.44,4.2,0,120,0.44,3.18,0,0,0.44,2.39,0,1,0.44,1.78,0,1,0.44,1.92,0,6,0.44,2.46,0,1,0.44,3.18,0,0,0.44,3.94,0,74,0.44,4.94,0,15,0.44,6.01,0,8,0.44,7.53,0,26,0.45,8.97,0,2,0.45,10.67,0,3,0.45,12.48,0,0,0.45,14.54,0,0,0.45,16.65,0,10,0.45,18.98,0,24,0.45,21.5,0,30,0.45,24.22,0,115,0.45,27.22,0,156,0.45,33.28,0,107,0.45,40.3,0,0,0.45,47.9,0,0,0.45,55.99,0,0,0.46,64.49,0,0,0.46,72.62,0,0,0.44,81.7,0,0,0.44,91.0,0,0,0.44,100.53,0,0,0.44,1.32,0.0,0.0,0.44,110.23,0.0,0.0,0.44
2023-02-21 16:00:00,284.2,63.0,0,0,0.44,58.69,0,8,0.44,54.52,0,0,0.44,50.48,0,0,0.44,46.93,0,15,0.45,43.14,0,15,0.45,39.52,0,0,0.45,36.08,0,0,0.45,32.81,0,0,0.44,29.74,0,0,0.44,27.05,0,0,0.45,24.41,0,0,0.44,21.86,0,43,0.44,19.59,0,34,0.44,17.5,0,64,0.44,15.61,15,141,0.44,12.38,15,81,0.44,9.66,0,37,0.44,7.59,0,152,0.45,5.91,0,30,0.45,4.39,0,46,0.44,3.31,0,120,0.44,2.47,1,1,0.44,1.83,0,1,0.44,1.35,0,1,0.44,2.34,0,6,0.44,3.03,0,1,0.44,3.77,0,0,0.44,4.77,0,74,0.44,6.0,0,15,0.45,7.34,0,8,0.45,8.79,0,26,0.45,10.49,0,2,0.45,12.31,0,3,0.45,14.21,0,0,0.45,16.3,0,0,0.45,18.61,0,10,0.45,21.17,0,24,0.45,23.83,15,39,0.44,26.83,0,115,0.45,29.95,0,156,0.45,36.71,0,107,0.45,44.11,0,0,0.45,52.06,0,0,0.46,60.47,0,0,0.46,68.66,0,0,0.44,77.64,0,0,0.44,86.89,0,0,0.44,96.4,0,0,0.44,106.07,0,0,0.44,0.99,0.0,0.0,0.45,115.87,0.0,0.0,0.44
2023-02-22 16:00:00,282.6,61.38,0,0,0.44,57.08,0,8,0.44,52.92,0,0,0.44,50.06,0,0,0.48,46.12,0,15,0.47,42.33,0,15,0.47,38.72,0,0,0.46,35.28,0,0,0.46,32.03,0,0,0.46,28.97,0,0,0.45,26.08,0,0,0.45,23.45,29,24,0.45,20.97,6,43,0.45,18.73,18,28,0.44,16.65,12,52,0.44,15.05,0,141,0.45,11.75,0,81,0.45,9.09,0,37,0.44,7.04,0,152,0.45,5.36,0,30,0.45,3.91,0,46,0.44,2.92,1,121,0.44,2.16,0,1,0.44,1.58,0,1,0.44,1.15,0,1,0.44,2.33,0,6,0.44,3.04,0,1,0.44,3.81,0,0,0.44,4.81,0,74,0.44,6.09,0,15,0.45,7.43,15,23,0.45,8.94,0,26,0.45,10.5,0,2,0.45,12.23,2,3,0.44,14.11,0,0,0.44,16.26,0,0,0.44,18.53,17,12,0.43,21.3,12,36,0.44,24.0,12,30,0.43,26.93,0,115,0.43,30.06,0,156,0.43,36.86,0,107,0.43,44.31,0,0,0.43,52.32,0,0,0.43,60.78,0,0,0.43,69.83,0,0,0.44,78.93,0,0,0.44,88.27,0,0,0.44,97.83,0,0,0.44,107.57,0,0,0.44,0.83,0.0,0.0,0.44,117.43,0.0,0.0,0.44
2023-02-23 16:00:00,290.6,68.71,0,0,0.44,64.26,0,8,0.44,59.92,0,0,0.44,55.71,0,0,0.44,51.64,0,15,0.44,48.72,0,15,0.47,44.87,0,0,0.47,41.17,0,0,0.46,37.65,0,0,0.46,34.3,0,0,0.46,31.15,0,0,0.45,28.19,0,24,0.45,25.53,0,43,0.45,22.82,0,28,0.45,20.46,0,52,0.44,18.29,0,141,0.44,14.59,0,81,0.44,11.52,0,37,0.44,9.02,0,152,0.45,7.06,0,30,0.45,5.39,35,32,0.45,3.96,0,121,0.44,2.97,0,1,0.44,2.21,0,1,0.44,1.63,0,1,0.44,1.69,0,6,0.44,2.22,0,1,0.44,2.86,0,0,0.44,3.6,0,74,0.44,4.54,0,15,0.44,5.7,0,23,0.45,7.02,0,26,0.45,8.37,0,2,0.45,10.06,0,3,0.45,11.72,0,0,0.45,13.56,0,0,0.44,15.58,0,12,0.44,17.83,0,36,0.44,20.18,12,39,0.44,22.88,0,115,0.44,25.72,0,156,0.44,32.0,0,107,0.44,38.95,0,0,0.44,46.5,0,0,0.44,54.57,0,0,0.44,63.05,0,0,0.44,71.85,0,0,0.44,80.96,0,0,0.44,90.31,0,0,0.44,99.85,0,0,0.44,1.19,0.0,0.0,0.44,109.59,0.0,0.0,0.44
2023-02-24 16:00:00,278.2,57.49,0,0,0.45,53.31,0,8,0.45,49.27,0,0,0.45,46.29,0,0,0.48,42.39,0,15,0.48,38.76,0,15,0.47,35.31,0,0,0.47,32.05,0,0,0.46,28.98,0,0,0.46,26.13,0,0,0.46,23.88,12,12,0.47,21.25,0,24,0.46,18.99,0,43,0.46,16.94,0,28,0.46,15.07,12,40,0.46,13.35,15,141,0.46,10.44,0,81,0.46,8.16,0,37,0.46,6.23,0,152,0.46,4.58,0,30,0.45,3.43,0,32,0.45,2.55,0,121,0.45,1.88,0,1,0.45,1.37,0,1,0.45,1.0,0,1,0.45,2.92,0,6,0.45,3.67,0,1,0.45,4.66,0,0,0.45,5.89,0,74,0.46,7.24,0,15,0.46,8.71,0,23,0.46,10.25,0,26,0.46,11.96,0,2,0.46,13.88,15,18,0.45,15.99,10,10,0.45,18.32,0,0,0.45,20.87,0,12,0.45,23.62,12,34,0.45,26.58,0,39,0.45,29.86,0,115,0.45,33.2,0,156,0.45,40.37,0,107,0.45,48.12,0,0,0.45,56.36,0,0,0.45,64.94,0,0,0.46,73.81,0,0,0.45,83.04,0,0,0.45,92.5,0,0,0.45,102.12,0,0,0.45,111.9,0,0,0.45,0.72,0.0,0.0,0.45,121.81,0.0,0.0,0.45
2023-02-27 16:00:00,275.8,55.1,0,0,0.46,50.95,0,8,0.46,47.49,0,0,0.48,43.59,0,0,0.47,39.85,0,15,0.47,36.29,0,15,0.47,32.92,0,0,0.46,29.74,0,0,0.46,26.77,0,0,0.46,23.95,0,0,0.45,21.4,51,39,0.45,19.04,20,39,0.45,16.92,15,43,0.45,14.99,0,28,0.45,13.26,15,25,0.45,11.72,14,127,0.45,9.07,14,67,0.45,6.95,0,37,0.46,5.24,0,152,0.46,3.91,0,30,0.46,2.89,0,32,0.46,2.11,0,121,0.46,1.53,0,1,0.46,1.1,0,1,0.46,0.79,0,1,0.46,3.0,0,6,0.46,3.8,0,1,0.46,4.94,0,0,0.46,6.12,10,84,0.46,7.46,0,15,0.46,9.04,0,23,0.46,10.74,0,26,0.46,12.66,0,2,0.46,14.68,0,18,0.46,16.93,12,22,0.46,19.42,48,48,0.46,22.04,65,72,0.46,24.87,0,34,0.46,27.93,0,39,0.46,31.19,0,115,0.46,34.63,0,156,0.46,42.01,0,107,0.46,49.98,0,0,0.47,58.43,0,0,0.47,66.76,0,0,0.46,75.82,0,0,0.46,85.13,0,0,0.46,94.67,0,0,0.46,104.39,0,0,0.46,114.24,0,0,0.46,0.56,0.0,0.0,0.46,124.2,0.0,0.0,
2023-03-06 16:00:00,310.0,86.6,0,0,0.47,82.89,0,8,0.55,77.18,0,0,0.47,72.58,0,0,0.47,68.07,0,15,0.47,63.67,0,15,0.47,59.38,0,0,0.47,55.22,0,0,0.47,51.2,0,0,0.47,48.43,0,0,0.5,44.63,0,54,0.5,40.98,0,37,0.49,37.51,0,56,0.49,34.22,3,28,0.48,31.02,0,31,0.48,28.12,0,177,0.48,22.96,7,43,0.47,18.57,3,78,0.47,14.76,15,182,0.47,11.83,0,19,0.47,9.23,57,76,0.47,7.13,35,156,0.47,5.46,0,1,0.47,4.14,157,167,0.47,3.02,1,2,0.47,0.61,0,24,0.47,0.86,0,1,0.47,1.16,0,0,0.47,1.54,2,94,0.47,2.03,0,32,0.47,2.57,0,23,0.47,3.3,0,26,0.47,4.09,0,18,0.47,5.24,0,33,0.47,6.36,0,37,0.47,7.71,0,61,0.47,9.07,0,98,0.47,10.6,0,39,0.47,12.26,0,93,0.47,14.16,0,71,0.46,16.26,6,150,0.46,21.08,0,107,0.46,26.75,0,0,0.46,32.93,0,0,0.46,39.91,0,0,0.46,47.48,0,0,0.46,55.55,0,0,0.46,64.04,0,0,0.47,72.88,0,0,0.47,81.95,0,0,0.47,2.25,0.0,0.0,0.47,91.23,0.0,0.0,0.47
2023-03-07 16:00:00,314.4,90.57,0,0,0.41,85.7,0,8,0.41,80.87,0,0,0.41,76.09,0,0,0.41,71.38,0,15,0.41,66.74,0,15,0.41,62.2,0,0,0.41,57.76,0,0,0.41,53.45,0,0,0.41,49.28,0,0,0.41,45.26,0,54,0.41,42.65,0,37,0.45,38.87,0,56,0.44,35.28,4,31,0.44,31.9,0,31,0.43,28.61,0,177,0.43,22.79,66,33,0.42,17.99,56,78,0.42,14.07,116,185,0.42,10.75,55,53,0.42,8.09,32,102,0.42,6.0,0,156,0.42,4.39,0,1,0.42,3.17,0,167,0.42,2.19,0,2,0.41,0.21,0,24,0.41,0.31,0,1,0.41,0.47,0,0,0.41,0.67,0,94,0.41,0.92,0,32,0.41,1.28,0,23,0.41,1.72,4,22,0.41,2.25,0,18,0.41,2.95,0,33,0.41,3.74,19,37,0.41,4.87,35,66,0.42,6.04,0,98,0.42,7.23,0,39,0.41,8.66,0,93,0.41,10.23,0,71,0.41,12.07,1,150,0.41,16.4,0,107,0.4,21.62,57,15,0.4,27.67,0,0,0.4,33.93,0,0,0.39,41.36,0,0,0.39,49.38,0,0,0.39,57.93,0,0,0.38,67.59,0,0,0.41,76.79,0,0,0.41,1.55,0.0,0.0,0.41,86.25,0.0,0.0,0.41
2023-03-08 16:00:00,297.4,73.86,0,0,0.41,69.11,0,8,0.41,64.43,0,0,0.41,59.85,0,0,0.41,55.38,0,15,0.41,51.04,0,15,0.41,46.83,0,0,0.41,43.22,0,0,0.43,39.27,0,0,0.42,35.59,0,0,0.42,32.04,0,54,0.42,28.7,0,37,0.42,25.6,0,56,0.41,22.91,7,28,0.42,20.25,0,31,0.42,17.86,31,154,0.42,13.68,41,55,0.42,10.37,15,93,0.42,7.75,30,214,0.42,5.64,77,94,0.42,4.04,141,191,0.42,2.85,30,156,0.42,1.92,0,1,0.41,1.32,0,167,0.41,0.89,0,2,0.41,0.51,0,24,0.41,0.75,0,1,0.41,1.06,0,0,0.41,1.44,0,94,0.41,1.97,0,32,0.41,2.62,0,23,0.41,3.36,0,22,0.41,4.35,1,19,0.41,5.63,0,33,0.42,6.96,0,37,0.42,8.46,0,66,0.42,10.11,10,108,0.42,11.94,0,39,0.41,14.07,43,89,0.41,16.41,28,43,0.41,18.97,88,198,0.41,24.91,0,107,0.41,31.72,0,15,0.41,39.18,0,0,0.42,47.25,0,0,0.42,55.78,0,0,0.42,64.38,0,0,0.41,73.6,0,0,0.41,83.1,0,0,0.41,92.8,0,0,0.41,0.6,0.0,0.0,0.41,102.64,0.0,0.0,0.41
2023-03-09 16:00:00,283.4,60.33,0,0,0.41,55.75,0,8,0.41,51.3,0,0,0.41,46.98,0,0,0.41,42.82,0,15,0.41,39.77,0,15,0.44,35.88,0,0,0.44,32.18,0,0,0.43,28.71,0,0,0.43,25.47,0,0,0.42,22.48,0,54,0.42,19.79,0,37,0.42,17.28,0,56,0.42,14.95,28,50,0.41,12.99,15,36,0.42,11.26,14,154,0.42,8.26,2,57,0.42,5.93,0,93,0.42,4.17,45,244,0.41,2.8,61,121,0.41,1.9,15,191,0.41,1.27,0,156,0.41,0.84,0,1,0.41,0.54,0,167,0.41,0.35,0,2,0.41,1.02,0,24,0.41,1.41,0,1,0.41,1.94,0,0,0.41,2.62,0,94,0.41,3.54,0,32,0.41,4.55,0,23,0.41,5.82,0,22,0.42,7.16,0,19,0.41,8.67,0,33,0.41,10.43,0,37,0.41,12.42,0,66,0.41,14.6,32,108,0.4,17.18,63,52,0.4,20.0,45,56,0.4,22.92,43,86,0.4,26.15,1,198,0.4,33.23,0,107,0.4,41.03,1,14,0.4,49.45,0,0,0.4,58.44,0,0,0.41,67.63,0,0,0.41,77.11,0,0,0.41,86.79,0,0,0.41,96.64,0,0,0.41,106.6,0,0,,0.22,0.0,0.0,0.41,116.6,0.0,0.0,
2023-03-10 16:00:00,280.0,57.33,0,0,0.43,52.87,0,8,0.43,48.55,0,0,0.43,44.38,0,0,0.43,40.84,0,15,0.45,36.97,0,15,0.45,33.28,0,0,0.44,29.79,0,0,0.44,26.53,0,0,0.44,23.62,15,15,0.44,20.82,0,54,0.43,18.22,0,37,0.43,15.88,43,94,0.43,13.75,0,50,0.43,11.9,15,51,0.43,10.22,14,154,0.43,7.5,4,61,0.43,5.47,0,93,0.43,3.79,0,244,0.43,2.73,0,121,0.43,1.88,2,189,0.43,1.27,0,156,0.43,0.85,0,1,0.43,0.56,0,167,0.43,0.37,0,2,0.43,1.43,0,24,0.43,1.96,0,1,0.43,2.63,0,0,0.43,3.53,4,98,0.44,4.55,17,49,0.44,5.78,0,23,0.44,7.14,9,31,0.44,8.83,3,16,0.44,10.57,15,48,0.44,12.49,15,29,0.43,14.68,30,36,0.43,17.11,45,63,0.43,19.79,30,73,0.43,22.74,4,60,0.43,25.86,0,86,0.43,29.2,0,198,0.43,36.5,0,107,0.43,44.51,0,14,0.43,52.94,0,0,0.43,61.81,0,0,0.43,71.03,0,0,0.43,80.52,0,0,0.43,90.21,0,0,0.43,100.05,0,0,0.43,110.0,0,0,,0.24,0.0,0.0,0.43,120.0,0.0,0.0,
2023-03-13 16:00:00,294.2,70.86,0,0,0.46,66.95,0,8,0.52,61.63,0,0,0.46,57.17,0,0,0.46,52.84,0,15,0.46,48.64,0,15,0.46,45.95,0,0,0.51,41.96,0,0,0.5,38.17,0,0,0.49,34.58,0,15,0.49,31.19,0,54,0.48,28.02,0,37,0.48,24.81,45,56,0.47,22.01,15,35,0.47,19.49,0,51,0.47,17.18,1,153,0.46,13.18,133,139,0.46,9.91,0,93,0.46,7.45,0,244,0.46,5.59,0,121,0.46,4.11,78,194,0.46,2.95,0,156,0.46,2.03,3,3,0.46,1.42,0,167,0.46,1.01,119,121,0.46,0.82,0,24,0.46,1.15,0,1,0.46,1.55,0,0,0.46,2.08,0,98,0.46,2.74,0,49,0.46,3.49,0,23,0.46,4.62,0,31,0.46,5.76,0,16,0.46,7.1,2,50,0.47,8.67,0,29,0.47,10.28,15,21,0.46,12.04,27,69,0.46,14.06,15,88,0.46,16.28,80,64,0.45,18.73,43,103,0.45,21.45,13,185,0.45,27.25,0,107,0.44,34.04,0,14,0.44,41.55,0,0,0.44,49.66,0,0,0.44,58.85,0,0,0.46,67.76,0,0,0.46,76.97,0,0,0.46,86.45,0,0,0.46,96.12,0,0,0.46,0.68,0.0,0.0,0.46,105.91,0.0,0.0,0.46
2023-03-14 16:00:00,293.4,70.07,0,0,0.46,65.42,0,8,0.46,60.86,0,0,0.46,56.41,0,0,0.46,52.09,0,15,0.46,47.92,0,15,0.46,44.34,0,0,0.48,40.46,0,0,0.48,36.74,0,0,0.47,33.2,0,15,0.47,29.85,0,54,0.47,26.72,0,37,0.47,23.72,0,56,0.46,21.04,15,29,0.46,18.54,13,64,0.46,16.64,28,163,0.47,12.47,104,229,0.46,9.38,15,78,0.46,6.99,0,244,0.46,5.17,0,121,0.46,3.82,17,194,0.46,2.74,0,156,0.46,1.94,2,3,0.46,1.35,0,167,0.46,0.93,0,121,0.46,0.84,0,24,0.46,1.18,0,1,0.46,1.6,0,0,0.46,2.13,0,98,0.46,2.82,0,49,0.46,3.6,0,23,0.46,4.73,0,31,0.47,5.91,15,31,0.47,7.26,0,50,0.47,8.87,0,29,0.47,10.58,0,21,0.47,12.66,15,69,0.47,14.67,30,118,0.47,16.88,45,109,0.46,19.57,30,123,0.47,22.38,41,226,0.47,28.49,41,148,0.47,35.43,0,14,0.47,43.07,0,0,0.47,51.29,0,0,0.47,59.52,0,0,0.46,68.47,0,0,0.46,77.72,0,0,0.46,87.2,0,0,0.46,96.89,0,0,0.46,0.64,0.0,0.0,0.46,106.7,0.0,0.0,0.46
2023-03-16 16:00:00,288.4,65.28,0,0,0.48,62.51,0,8,0.59,56.24,0,0,0.48,51.9,0,0,0.48,47.7,0,15,0.48,44.98,0,15,0.53,41.0,0,0,0.52,37.21,0,0,0.51,33.63,0,0,0.51,30.27,0,15,0.5,27.12,0,54,0.5,24.14,0,37,0.49,21.38,13,56,0.49,18.84,26,70,0.49,16.52,13,31,0.48,14.48,210,101,0.48,10.88,28,242,0.48,8.14,15,48,0.48,5.97,3,244,0.48,4.35,0,121,0.48,3.1,15,179,0.48,2.19,1,157,0.48,1.53,0,3,0.48,1.05,0,167,0.48,0.72,0,121,0.48,1.1,0,24,0.48,1.49,0,1,0.48,2.02,0,1,0.48,2.68,0,98,0.48,3.42,2,51,0.48,4.55,0,23,0.48,5.7,30,61,0.48,7.05,0,31,0.48,8.61,0,50,0.48,10.11,45,74,0.48,12.04,6,139,0.48,14.06,0,69,0.47,16.31,0,118,0.47,18.75,48,76,0.47,21.28,28,121,0.46,24.18,18,227,0.46,30.55,0,163,0.45,37.6,0,14,0.44,45.32,0,0,0.43,53.75,0,0,0.42,63.83,0,0,0.48,72.99,0,0,0.48,82.4,0,0,0.48,92.01,0,0,0.48,101.76,0,0,0.47,0.49,0.0,0.0,0.48,111.63,0.0,0.0,0.47
2023-03-17 16:00:00,299.2,75.49,0,0,0.46,70.73,0,8,0.46,66.05,0,0,0.46,61.46,0,0,0.46,56.98,0,15,0.46,52.61,0,15,0.46,48.39,0,0,0.46,43.8,0,0,0.44,39.9,0,0,0.44,36.17,0,15,0.44,32.63,0,54,0.45,29.28,0,37,0.45,26.13,15,64,0.44,23.2,26,70,0.44,20.61,67,64,0.45,18.24,78,164,0.45,14.09,1,242,0.45,10.7,5,49,0.45,7.99,3,244,0.46,5.88,0,121,0.46,4.26,20,199,0.46,3.04,0,157,0.46,2.21,0,3,0.46,1.53,0,167,0.46,1.05,0,121,0.46,0.51,0,24,0.46,0.75,0,1,0.46,1.05,0,1,0.46,1.42,0,98,0.46,1.95,0,51,0.46,2.57,0,23,0.46,3.31,0,61,0.46,4.4,0,31,0.47,5.49,0,50,0.47,6.83,60,128,0.47,8.36,0,139,0.47,10.06,15,69,0.47,12.06,44,162,0.47,14.15,66,92,0.47,16.63,14,135,0.48,19.19,15,240,0.48,25.09,0,163,0.48,31.69,0,14,0.49,39.03,0,0,0.49,47.02,0,0,0.5,54.26,0,0,0.46,63.07,0,0,0.46,72.21,0,0,0.46,81.61,0,0,0.46,91.21,0,0,0.46,0.71,0.0,0.0,0.46,100.96,0.0,0.0,0.46
2023-03-20 16:00:00,281.4,58.77,0,0,0.51,55.97,0,8,0.61,50.06,0,0,0.51,47.06,0,0,0.56,43.04,0,15,0.56,39.17,0,15,0.55,35.47,0,0,0.54,31.96,0,0,0.54,28.63,0,0,0.53,25.51,0,15,0.52,22.79,4,50,0.53,20.16,40,14,0.52,17.68,12,73,0.52,15.46,30,98,0.51,13.33,22,86,0.51,11.62,6,160,0.51,8.51,2,242,0.5,6.29,6,46,0.5,4.58,15,229,0.5,3.39,15,121,0.51,2.41,0,199,0.51,1.69,0,157,0.51,1.17,0,3,0.51,0.8,0,167,0.51,0.54,0,121,0.51,1.66,0,24,0.51,2.14,6,7,0.51,2.93,0,1,0.51,3.89,1,99,0.52,4.92,15,66,0.52,6.19,17,39,0.52,7.57,0,61,0.52,9.27,0,31,0.52,10.96,0,50,0.52,12.86,0,128,0.51,14.82,2,139,0.5,17.18,21,75,0.5,19.7,26,171,0.5,22.56,3,91,0.5,25.56,6,134,0.49,28.78,0,240,0.49,35.8,0,163,0.49,43.53,0,14,0.49,51.83,0,0,0.48,61.23,0,0,0.51,70.29,0,0,0.51,79.62,0,0,0.51,89.15,0,0,0.51,98.85,0,0,0.51,108.69,0,0,0.51,0.36,0.0,0.0,0.51,118.61,0.0,0.0,0.51
2023-03-21 16:00:00,291.2,67.77,0,0,0.5,64.56,0,8,0.61,58.6,0,0,0.5,54.17,0,0,0.5,49.88,0,15,0.5,46.31,0,15,0.52,42.47,0,0,0.53,38.6,0,0,0.52,34.91,0,0,0.52,31.41,0,15,0.51,28.11,0,50,0.51,25.02,0,14,0.5,21.86,54,84,0.49,19.53,41,136,0.5,17.06,0,86,0.49,14.87,42,202,0.49,11.21,277,155,0.49,8.36,0,46,0.49,6.16,0,229,0.49,4.47,0,121,0.49,3.19,0,199,0.49,2.32,0,157,0.5,1.62,0,3,0.5,1.11,0,167,0.5,0.76,0,121,0.5,0.87,0,24,0.5,1.23,0,7,0.5,1.68,0,1,0.5,2.22,2,101,0.5,2.95,0,66,0.5,3.79,0,39,0.5,4.94,0,61,0.5,6.21,0,31,0.5,7.59,2,50,0.5,9.29,47,168,0.51,11.14,0,139,0.51,13.04,38,111,0.5,15.2,0,171,0.5,17.57,40,130,0.5,20.17,13,147,0.5,22.94,0,240,0.49,29.26,0,163,0.49,36.35,0,14,0.49,44.11,0,0,0.49,52.44,0,0,0.49,61.33,0,0,0.5,70.41,0,0,0.5,79.75,0,0,0.5,89.31,0,0,0.5,99.02,0,0,0.5,0.51,0.0,0.0,0.5,108.87,0.0,0.0,0.5
2023-03-22 16:00:00,300.0,75.94,0,0,0.44,71.1,0,8,0.45,66.31,0,0,0.45,61.6,0,0,0.45,56.98,0,15,0.45,52.47,0,15,0.45,48.09,0,0,0.45,43.87,0,0,0.45,40.37,0,0,0.47,36.44,0,15,0.46,32.69,0,50,0.46,29.14,0,14,0.46,25.81,2,84,0.45,22.67,0,136,0.45,19.71,39,73,0.44,17.11,75,189,0.44,12.88,16,155,0.44,9.38,4,47,0.44,6.77,0,229,0.44,4.77,2,121,0.44,3.31,0,199,0.44,2.29,3,160,0.45,1.51,1,4,0.45,0.99,0,167,0.45,0.63,10,131,0.45,0.26,0,24,0.44,0.41,0,7,0.45,0.61,0,1,0.45,0.88,0,101,0.45,1.24,0,66,0.45,1.74,0,39,0.45,2.34,0,61,0.45,3.17,0,31,0.45,4.16,0,50,0.45,5.31,126,250,0.45,6.64,0,139,0.45,8.28,19,124,0.45,10.08,15,186,0.45,12.15,35,115,0.46,14.22,73,194,0.45,16.7,189,384,0.45,22.2,28,191,0.45,28.41,0,14,0.44,35.99,0,0,0.44,44.42,0,0,0.46,52.59,0,0,0.45,61.56,0,0,0.45,70.86,0,0,0.45,80.41,0,0,0.45,90.15,0,0,0.45,0.4,0.0,0.0,0.45,100.03,0.0,0.0,0.45
2023-03-23 16:00:00,299.8,75.66,0,0,0.43,70.79,0,8,0.43,65.98,0,0,0.43,61.23,0,0,0.43,56.56,0,15,0.43,52.01,0,15,0.43,47.58,0,0,0.43,43.3,0,0,0.43,39.55,0,0,0.45,35.56,0,15,0.44,31.76,0,50,0.44,28.17,0,14,0.44,24.78,0,84,0.43,21.63,17,153,0.43,18.81,54,71,0.43,16.24,80,187,0.43,11.9,63,118,0.42,8.57,1,48,0.43,6.04,0,229,0.43,4.18,4,121,0.43,2.85,0,199,0.43,1.94,5,163,0.43,1.23,1,4,0.43,0.78,1,167,0.43,0.49,2,129,0.43,0.2,0,24,0.43,0.32,0,7,0.43,0.48,0,1,0.43,0.72,0,101,0.43,1.06,0,66,0.43,1.49,0,39,0.43,2.02,0,61,0.43,2.83,15,31,0.44,3.75,30,50,0.44,4.83,15,265,0.44,6.15,0,139,0.44,7.73,0,124,0.44,9.49,0,186,0.44,11.55,65,125,0.44,13.74,0,194,0.44,16.17,54,412,0.44,21.85,0,191,0.44,28.44,0,14,0.44,35.88,0,0,0.44,44.08,0,0,0.45,52.37,0,0,0.43,61.44,0,0,0.43,70.83,0,0,0.43,80.47,0,0,0.43,90.27,0,0,0.43,0.3,0.0,0.0,0.43,100.2,0.0,0.0,
2023-03-24 16:00:00,294.0,69.92,0,0,0.44,64.23,0,8,,60.32,0,0,0.43,55.65,0,0,0.44,51.07,0,15,0.43,46.63,0,15,0.44,42.33,0,0,0.43,38.34,0,0,0.44,34.36,0,0,0.44,30.57,0,15,0.43,27.01,0,50,0.43,23.69,0,14,0.43,20.89,0,84,0.44,18.03,88,222,0.43,15.51,109,140,0.43,13.26,4,184,0.43,9.48,11,109,0.43,6.64,18,45,0.43,4.61,1,229,0.43,3.13,0,121,0.43,2.09,3,199,0.44,1.31,0,163,0.43,0.82,0,4,0.43,0.51,26,141,0.44,0.31,0,129,0.44,0.27,0,24,0.43,0.43,0,7,0.43,0.66,0,1,0.43,0.97,0,101,0.43,1.38,0,66,0.43,1.9,0,39,0.43,2.7,0,61,0.44,3.61,0,31,0.44,4.68,0,50,0.44,6.0,20,270,0.44,7.59,4,139,0.44,9.37,20,109,0.44,11.43,34,184,0.44,13.52,45,138,0.44,16.03,52,220,0.44,18.67,13,425,0.43,25.18,15,176,0.44,32.39,0,14,0.45,40.37,0,0,0.45,48.44,0,0,0.43,57.41,0,0,0.44,66.73,0,0,0.43,76.32,0,0,0.44,86.1,0,0,0.44,96.01,0,0,0.44,0.18,0.0,0.0,0.43,106.0,0.0,0.0,
2023-03-27 16:00:00,281.6,57.82,0,0,0.46,53.15,0,8,0.46,48.58,0,0,0.46,44.15,1,1,0.46,39.89,0,15,0.46,36.4,0,15,0.49,32.47,0,0,0.48,28.74,0,0,0.47,25.25,0,0,0.47,22.01,0,15,0.47,18.97,0,50,0.46,16.0,43,41,0.45,13.85,39,84,0.46,11.6,61,207,0.45,9.76,3,139,0.45,8.1,2,186,0.45,5.55,4,109,0.45,3.72,2,45,0.45,2.44,5,228,0.45,1.59,0,121,0.46,0.99,0,199,0.46,0.6,0,163,0.46,0.36,0,4,0.46,0.21,0,141,0.46,0.12,0,129,0.46,0.64,0,24,0.46,0.96,10,17,0.46,1.38,0,1,0.46,1.92,0,101,0.46,2.66,0,66,0.46,3.69,4,39,0.46,4.84,0,61,0.46,6.19,2,33,0.46,7.86,0,50,0.47,9.79,15,270,0.47,11.93,42,166,0.47,14.13,2,111,0.46,16.75,1,185,0.46,19.55,15,150,0.46,22.62,0,220,0.45,25.98,0,425,0.45,33.37,0,176,0.45,41.56,0,14,0.46,50.29,0,0,0.46,59.42,0,0,0.46,68.89,0,0,0.46,78.62,0,0,0.46,88.62,0,0,0.51,98.62,0,0,0.55,108.62,0,0,0.58,0.07,0.0,0.0,0.46,118.62,0.0,0.0,0.62
2023-03-28 16:00:00,282.4,58.43,0,0,0.44,53.99,0,8,0.48,49.05,0,0,0.44,44.54,0,1,0.44,40.18,0,15,0.44,36.0,0,15,0.44,32.26,0,0,0.45,28.45,0,0,0.45,24.87,0,0,0.44,21.57,0,15,0.44,18.58,15,35,0.44,15.81,78,41,0.44,13.44,54,73,0.44,11.31,0,207,0.44,9.43,40,179,0.44,7.84,0,186,0.44,5.31,5,114,0.44,3.57,45,88,0.45,2.26,49,273,0.45,1.39,47,166,0.44,0.84,255,430,0.44,0.48,0,163,0.44,0.27,0,4,0.44,0.15,0,141,0.44,0.08,0,129,0.44,0.46,0,24,0.44,0.7,60,76,0.44,1.06,0,1,0.44,1.55,0,101,0.44,2.19,0,66,0.44,3.08,17,39,0.45,4.1,215,230,0.45,5.42,0,33,0.45,6.98,0,50,0.45,8.78,15,270,0.45,10.77,18,167,0.45,13.05,13,124,0.45,15.59,57,198,0.44,18.46,14,136,0.45,21.62,0,220,0.45,24.96,0,425,0.44,32.55,0,176,0.45,40.85,0,14,0.46,49.21,0,0,0.44,58.44,0,0,0.44,68.04,0,0,0.45,78.04,0,0,0.5,88.04,0,0,0.54,98.04,0,0,0.59,108.04,0,0,0.63,0.05,0.0,0.0,0.45,118.04,0.0,0.0,0.67
2023-03-29 16:00:00,281.8,57.74,0,0,0.43,53.22,0,8,0.46,48.32,0,0,0.43,43.78,0,1,0.43,39.4,0,15,0.43,35.19,0,15,0.43,31.46,0,0,0.45,27.61,0,0,0.44,24.0,0,0,0.44,20.67,0,15,0.43,17.43,30,65,0.42,14.96,165,65,0.43,12.34,142,38,0.42,10.32,452,565,0.42,8.55,46,149,0.42,7.02,22,177,0.43,4.62,17,131,0.43,3.04,30,118,0.43,1.93,50,302,0.44,1.12,0,166,0.43,0.67,0,430,0.44,0.37,0,163,0.43,0.2,0,4,0.43,0.11,0,141,0.43,0.06,0,129,0.44,0.4,0,24,0.44,0.64,0,76,0.44,0.98,0,1,0.44,1.45,60,161,0.44,2.08,0,66,0.44,2.87,58,65,0.44,3.88,33,248,0.44,5.18,5,38,0.44,6.73,15,35,0.44,8.41,33,273,0.44,10.43,25,167,0.44,12.72,13,137,0.43,15.29,64,210,0.43,18.22,0,136,0.43,21.34,0,220,0.43,24.96,4,429,0.44,32.49,0,176,0.44,40.64,0,14,0.43,49.54,0,0,0.43,58.84,0,0,0.43,68.46,0,0,0.44,78.46,0,0,0.48,88.46,0,0,0.53,98.45,0,0,0.57,108.45,0,0,0.61,0.03,0.0,0.0,0.43,118.45,0.0,0.0,0.64
2023-03-30 16:00:00,284.0,59.77,0,0,0.42,54.94,0,8,0.42,50.18,0,0,0.42,45.54,0,1,0.42,41.02,0,15,0.42,36.67,0,15,0.42,32.35,0,0,0.41,28.38,0,0,0.41,24.65,0,0,0.41,21.19,0,15,0.41,18.15,36,75,0.41,15.13,79,61,0.4,12.68,51,26,0.4,10.54,73,563,0.41,8.7,43,108,0.41,7.11,15,162,0.41,4.64,19,150,0.41,2.93,15,118,0.42,1.8,0,302,0.42,1.05,60,200,0.42,0.59,0,430,0.42,0.31,0,163,0.42,0.17,0,4,0.42,0.08,0,141,0.41,0.04,0,129,0.41,0.24,0,24,0.42,0.39,0,76,0.42,0.63,0,1,0.42,0.97,0,161,0.42,1.45,0,66,0.42,2.16,42,95,0.42,3.03,49,263,0.42,4.11,0,38,0.42,5.44,0,35,0.42,7.1,127,198,0.42,9.05,32,151,0.43,11.19,57,86,0.42,13.86,95,201,0.43,16.72,18,151,0.43,19.73,0,220,0.43,23.01,0,429,0.43,30.71,0,176,0.44,39.11,0,14,0.45,47.24,0,0,0.42,56.56,0,0,0.42,66.19,0,0,0.42,76.03,0,0,0.42,86.0,0,0,,96.0,0,0,,106.0,0,0,,0.02,0.0,0.0,0.42,116.0,0.0,0.0,
2023-04-13 16:00:00,282.8,58.09,0,0,0.38,53.1,0,8,0.36,48.12,0,0,0.36,43.17,0,1,0.36,38.26,0,15,0.36,33.43,0,8,0.36,28.74,0,0,0.36,24.24,0,0,0.36,20.3,0,0,0.38,16.37,15,0,0.37,12.91,60,45,0.37,9.89,17,53,0.37,7.36,30,29,0.37,5.07,198,568,0.35,3.65,100,117,0.36,2.56,73,159,0.37,1.08,70,188,0.36,0.4,12,333,0.36,0.13,10,335,0.36,0.04,5,215,0.36,0.02,0,430,0.39,0.01,0,223,0.4,0.01,0,3,0.45,0.01,0,141,0.49,0.01,0,129,0.53,0.01,0,27,0.4,0.01,0,76,0.36,0.03,0,1,0.37,0.07,0,156,0.36,0.15,0,66,0.36,0.33,0,99,0.36,0.63,0,323,0.36,1.15,0,50,0.36,1.96,50,107,0.37,3.11,52,199,0.37,4.69,100,181,0.37,6.8,36,262,0.37,9.0,26,232,0.36,12.25,0,162,0.37,15.63,0,233,0.37,19.59,10,399,0.38,27.98,0,191,0.36,37.38,0,14,0.36,47.21,0,0,0.37,57.2,0,0,,67.2,0,0,,77.2,0,0,,87.2,0,0,,97.2,0,0,,107.2,0,0,,0.01,0.0,50.0,0.56,117.2,0.0,0.0,
2023-04-17 16:00:00,287.2,62.4,0,0,,57.41,0,8,0.41,52.41,0,0,,47.42,0,1,0.34,42.44,0,15,0.36,37.47,0,8,0.35,32.56,0,0,0.35,27.73,0,0,0.35,23.07,0,0,0.35,18.66,0,0,0.35,14.58,0,45,0.35,10.94,94,48,0.35,7.95,210,74,0.35,5.47,69,506,0.34,3.85,66,74,0.36,2.46,17,152,0.36,0.87,1,187,0.36,0.25,10,333,0.35,0.07,25,326,0.36,0.02,10,205,0.37,0.01,0,430,0.4,0.01,0,223,0.45,0.01,0,3,0.5,0.01,0,141,0.55,0.01,0,129,0.6,0.01,0,27,0.5,0.01,0,76,0.46,0.01,0,1,0.42,0.01,0,154,0.38,0.02,0,66,0.36,0.05,0,95,0.35,0.13,0,323,0.36,0.31,0,50,0.36,0.65,0,105,0.35,1.26,65,229,0.36,2.26,769,661,0.36,3.72,31,296,0.36,5.78,45,201,0.36,8.41,15,147,0.36,11.65,30,203,0.37,15.34,0,399,0.38,23.45,0,191,0.35,32.9,0,14,0.35,42.8,0,0,,52.8,0,0,,62.8,0,0,,72.8,0,0,,82.8,0,0,,92.8,0,0,,102.8,0,0,,0.01,0.0,50.0,0.64,112.8,0.0,0.0,
2023-04-18 16:00:00,288.4,63.58,0,0,,58.59,0,8,0.45,53.59,0,0,,48.6,0,1,0.38,43.6,0,15,0.31,38.62,0,8,0.34,33.66,0,0,0.34,28.76,0,0,0.34,23.97,0,0,0.34,19.39,0,0,0.34,14.8,0,45,0.31,11.01,0,48,0.31,7.89,105,89,0.32,5.38,144,496,0.33,3.47,239,102,0.33,2.15,84,163,0.33,0.71,15,202,0.34,0.18,5,328,0.34,0.04,0,326,0.34,0.01,5,200,0.36,0.01,0,430,0.41,0.01,0,223,0.47,0.01,0,3,0.52,0.01,0,141,0.57,0.01,0,129,0.62,0.01,0,27,0.54,0.01,0,76,0.49,0.01,0,1,0.45,0.01,0,154,0.41,0.01,0,66,0.37,0.02,3,93,0.35,0.06,0,323,0.34,0.15,0,50,0.34,0.36,0,105,0.34,0.79,20,220,0.34,1.58,120,720,0.34,2.81,134,286,0.34,4.64,165,141,0.35,7.15,30,147,0.35,10.26,0,203,0.36,14.0,0,399,0.37,22.12,0,191,0.34,31.66,0,14,0.34,41.6,0,0,,51.6,0,0,,61.6,0,0,,71.6,0,0,,81.6,0,0,,91.6,0,0,,101.6,0,0,,0.01,0.0,50.0,0.67,111.6,0.0,0.0,
2023-04-19 16:00:00,294.0,69.16,0,0,,64.17,0,8,0.52,59.17,0,0,0.42,54.17,0,1,,49.18,0,15,0.39,44.18,0,8,,39.2,0,0,0.35,34.23,0,0,0.35,29.3,0,0,0.34,24.48,0,0,0.34,19.84,5,40,0.34,15.05,0,48,0.29,11.28,50,89,0.32,8.07,38,462,0.33,5.47,248,128,0.33,3.51,605,269,0.33,1.21,96,251,0.34,0.35,0,328,0.34,0.08,0,326,0.35,0.02,0,200,0.36,0.01,0,430,0.4,0.01,0,223,0.46,0.01,0,3,0.51,0.01,0,141,0.57,0.01,0,129,0.62,0.01,0,27,0.61,0.01,0,76,0.56,0.01,0,1,0.52,0.01,0,154,0.47,0.01,0,66,0.43,0.01,2,93,0.38,0.01,0,323,0.34,0.04,0,50,0.35,0.11,18,102,0.34,0.29,3,217,0.34,0.67,15,720,0.35,1.36,60,346,0.35,2.49,237,243,0.35,4.2,528,182,0.35,6.59,261,75,0.35,9.7,75,354,0.36,17.07,0,191,0.34,26.2,0,14,0.34,36.0,0,0,,46.0,0,0,,56.0,0,0,,66.0,0,0,,76.0,0,0,,86.0,0,0,,96.0,0,0,,0.01,0.0,50.0,0.67,106.0,0.0,0.0,
2023-04-20 16:00:00,291.6,66.74,0,0,,61.75,0,8,0.55,56.75,0,0,0.46,51.75,0,1,,46.75,0,15,,41.76,0,8,0.34,36.77,0,0,0.34,31.79,0,0,0.33,26.85,0,0,0.33,22.0,0,0,0.32,17.36,0,40,0.32,12.81,0,48,0.3,9.03,15,104,0.3,6.12,51,471,0.32,3.75,271,188,0.32,2.16,329,221,0.32,0.6,23,228,0.33,0.11,30,303,0.32,0.02,0,326,0.33,0.01,0,200,0.38,0.01,0,430,0.44,0.01,0,223,0.51,0.01,0,3,0.57,0.01,0,141,0.62,0.01,0,129,0.68,0.01,0,27,0.63,0.01,0,76,0.58,0.01,0,1,0.53,0.01,0,154,0.49,0.01,0,66,0.44,0.01,0,93,0.39,0.01,0,323,0.34,0.03,0,50,0.34,0.08,0,102,0.32,0.24,0,217,0.33,0.6,43,699,0.33,1.34,5,341,0.33,2.6,50,288,0.33,4.48,348,176,0.33,7.14,195,69,0.33,10.7,15,345,0.34,18.85,0,191,0.32,28.43,0,14,0.32,38.4,0,0,,48.4,0,0,,58.4,0,0,,68.4,0,0,,78.4,0,0,,88.4,0,0,,98.4,0,0,,0.01,0.0,50.0,0.73,108.4,0.0,0.0,
2023-04-21 16:00:00,286.6,61.72,0,0,,56.72,0,8,,51.73,0,0,0.48,46.73,0,1,0.36,41.73,0,15,,36.74,0,8,0.35,31.75,0,0,0.33,26.79,0,0,0.33,21.91,0,0,0.33,17.2,0,0,0.33,12.45,0,40,0.29,8.73,77,105,0.31,5.7,295,138,0.32,3.43,579,502,0.33,1.93,330,158,0.33,0.97,32,226,0.33,0.19,30,198,0.33,0.03,0,303,0.34,0.01,0,326,0.38,0.01,0,200,0.45,0.01,0,430,0.52,0.01,0,223,0.59,0.01,0,3,0.65,0.01,0,141,0.72,0.01,0,129,0.78,0.01,0,27,0.64,0.01,0,76,0.59,0.01,0,1,0.53,0.01,0,154,0.48,0.01,0,66,0.43,0.01,0,93,0.38,0.02,0,323,0.35,0.05,0,50,0.34,0.16,0,102,0.33,0.47,20,197,0.34,1.12,75,729,0.34,2.33,267,402,0.34,4.26,550,211,0.34,7.01,285,146,0.35,10.51,16,75,0.36,14.26,0,345,0.33,23.5,0,191,0.34,33.4,0,14,,43.4,0,0,,53.4,0,0,,63.4,0,0,,73.4,0,0,,83.4,0,0,,93.4,0,0,,103.4,0,0,,0.01,0.0,50.0,0.83,113.4,0.0,0.0,
2023-04-24 16:00:00,284.4,59.59,0,0,1.17,54.59,0,8,1.07,49.6,0,0,0.98,44.6,1,1,0.89,39.6,0,15,0.79,34.61,0,8,0.7,29.62,0,0,0.62,24.66,0,0,0.54,19.74,0,0,0.48,14.97,0,0,0.44,10.65,0,40,0.43,6.57,90,75,0.38,3.76,76,92,0.39,1.91,138,470,0.39,0.82,172,251,0.39,0.3,65,226,0.38,0.03,115,120,0.39,0.01,300,257,0.46,0.01,0,326,0.57,0.01,0,200,0.67,0.01,0,430,0.77,0.01,0,223,0.86,0.01,0,3,0.95,0.01,0,141,1.04,0.01,0,129,1.13,0.01,0,27,0.88,0.01,0,76,0.81,0.01,0,1,0.73,0.01,0,154,0.66,0.01,0,66,0.58,0.01,0,93,0.51,0.01,0,323,0.44,0.02,0,50,0.39,0.08,0,102,0.39,0.3,15,198,0.38,0.9,198,729,0.39,2.18,161,424,0.39,4.23,249,103,0.38,7.54,52,132,0.4,10.99,0,75,0.32,15.84,0,345,0.38,25.6,0,191,,35.6,0,14,,45.6,0,0,,55.6,0,0,,65.6,0,0,,75.6,0,0,,85.6,0,0,,95.6,0,0,,105.6,0,0,,0.01,0.0,50.0,1.21,115.6,0.0,0.0,
2023-04-25 16:00:00,274.0,49.04,0,0,,44.04,0,8,,39.04,0,0,,34.04,0,1,,29.04,0,15,,24.05,0,8,0.43,19.08,0,0,0.42,14.09,0,0,0.33,9.68,0,0,0.42,5.68,151,46,0.4,2.95,175,60,0.41,1.36,294,125,0.43,0.49,60,92,0.43,0.13,37,450,0.42,0.04,0,251,0.44,0.01,0,226,0.45,0.01,0,120,0.59,0.01,0,257,0.73,0.01,0,326,0.86,0.01,0,200,0.98,0.01,0,430,1.1,0.01,0,223,1.21,0.01,0,3,1.32,0.01,0,141,1.43,0.01,0,129,1.53,0.01,0,27,0.93,0.01,0,76,0.83,0.01,0,1,0.74,0.01,0,154,0.64,0.01,0,66,0.55,0.01,0,93,0.46,0.04,0,323,0.44,0.18,70,120,0.43,0.67,10,102,0.43,1.87,202,186,0.43,4.12,520,616,0.44,7.5,239,500,0.46,11.67,0,103,0.48,16.47,1,132,0.57,21.3,0,75,0.63,26.36,0,345,0.77,36.32,0,156,0.96,46.35,0,14,1.18,56.35,0,0,1.36,66.32,0,0,1.51,76.32,0,0,1.68,86.34,0,0,1.86,96.34,0,0,2.01,106.32,0,0,2.14,116.32,0,0,2.27,0.01,0.0,50.0,1.63,126.31,0.0,0.0,2.4
2023-04-26 16:00:00,278.8,54.23,0,0,2.26,49.23,0,8,2.06,44.23,0,0,1.87,39.23,0,1,1.67,34.24,0,15,1.49,29.24,0,8,1.3,23.93,0,0,0.86,18.96,0,0,0.73,14.01,0,0,0.59,9.14,16,31,0.47,5.07,210,50,0.47,1.98,369,71,0.43,0.62,15,107,0.44,0.13,0,450,0.44,0.02,5,246,0.45,0.01,0,226,0.52,0.01,0,120,0.73,0.01,0,257,0.92,0.01,0,326,1.11,0.01,0,200,1.29,0.01,0,430,1.46,0.01,0,223,1.62,0.01,0,3,1.77,0.01,0,141,1.93,0.01,0,129,2.07,0.01,0,27,1.41,0.01,0,76,1.28,0.01,0,1,1.15,0.01,0,154,1.02,0.01,0,66,0.89,0.01,0,93,0.76,0.01,0,323,0.63,0.01,0,120,0.51,0.04,0,102,0.45,0.25,30,201,0.44,1.12,108,586,0.44,3.28,206,530,0.45,6.82,30,88,0.45,11.22,15,122,0.35,16.21,15,0,0.45,21.2,0,75,,31.2,0,0,,41.2,0,10,,51.2,0,0,,61.2,0,0,,71.2,0,0,,81.2,0,0,,91.2,0,0,,101.2,0,0,,111.2,0,0,,0.01,0.0,50.0,2.21,121.2,0.0,0.0,
2023-04-27 16:00:00,276.6,51.60,0,0,,46.60,8,0,,41.60,0,0,,36.60,0,0,,31.60,0,0,,26.60,0,0,,21.60,0,0,,16.60,0,0,,11.60,0,0,,6.60,23,0,,1.60,145,0,,0.00,30,71,,0.00,0,107,,0.00,0,450,,0.00,0,246,,0.00,0,226,,0.00,0,120,,0.00,0,257,,0.00,0,326,,0.00,0,200,,0.00,0,430,,0.00,0,223,,0.00,0,3,,0.00,0,141,,0.00,0,129,,0.00,0,27,,0.00,0,76,,0.00,0,1,,0.00,0,154,,0.00,0,66,,0.00,0,93,,0.00,0,323,,0.00,0,120,,0.00,0,102,,0.00,26,175,,0.00,355,581,,3.40,192,0,,8.40,0,0,,13.40,21,0,,18.40,0,0,,23.40,0,0,,33.40,0,0,,43.40,0,0,,53.40,0,0,,63.40,0,0,,73.40,0,0,,83.40,0,0,,93.40,0,0,,103.40,0,0,,113.40,0,0,,0.00,0,50,,123.40,0,0,
