time,close,C,C,C,C,C,C,C,C,C,C,C,C,C,C,C,C,C,C,C,C,C,C,C,C,C,C,C,C,C,C,C,C,C,C,C,C,C,C,C,C,C,C,C,C,C,C,C,C,C,C,C,C,C,C,C,C,C,C,C,C,C,C,C,C,C,C,C,C,C,C,C,C,C,C,C,C,C,C,C,C,C,C,C,C,C,C,C,C,C,C,C,C,C,C,C,C,C,C,C,C,C,C,C,C,P,P,P,P,P,P,P,P,P,P,P,P,P,P,P,P,P,P,P,P,P,P,P,P,P,P,P,P,P,P,P,P,P,P,P,P,P,P,P,P,P,P,P,P,P,P,P,P,P,P,P,P,P,P,P,P,P,P,P,P,P,P,P,P,P,P,P,P,P,P,P,P,P,P,P,P,P,P,P,P,P,P,P,P,P,P,P,P,P,P,P,P,P,P,P,P,P,P,P,P,P,P,P,P,C,C,C,C,P,P,P,P,C,C,C,C,P,P,P,P,C,C,C,C,P,P,P,P,C,C,C,C,P,P,P,P
time,close,1.75,1.75,1.75,1.75,1.80,1.80,1.80,1.80,1.85,1.85,1.85,1.85,1.90,1.90,1.90,1.90,1.95,1.95,1.95,1.95,2.00,2.00,2.00,2.00,2.10,2.10,2.10,2.10,2.20,2.20,2.20,2.20,2.30,2.30,2.30,2.30,2.40,2.40,2.40,2.40,2.50,2.50,2.50,2.50,2.60,2.60,2.60,2.60,2.70,2.70,2.70,2.70,2.80,2.80,2.80,2.80,2.90,2.90,2.90,2.90,3.00,3.00,3.00,3.00,3.10,3.10,3.10,3.10,3.20,3.20,3.20,3.20,3.30,3.30,3.30,3.30,3.40,3.40,3.40,3.40,3.50,3.50,3.50,3.50,3.60,3.60,3.60,3.60,3.70,3.70,3.70,3.70,3.80,3.80,3.80,3.80,3.90,3.90,3.90,3.90,4.00,4.00,4.00,4.00,1.75,1.75,1.75,1.75,1.80,1.80,1.80,1.80,1.85,1.85,1.85,1.85,1.90,1.90,1.90,1.90,1.95,1.95,1.95,1.95,2.00,2.00,2.00,2.00,2.10,2.10,2.10,2.10,2.20,2.20,2.20,2.20,2.30,2.30,2.30,2.30,2.40,2.40,2.40,2.40,2.50,2.50,2.50,2.50,2.60,2.60,2.60,2.60,2.70,2.70,2.70,2.70,2.80,2.80,2.80,2.80,2.90,2.90,2.90,2.90,3.00,3.00,3.00,3.00,3.10,3.10,3.10,3.10,3.20,3.20,3.20,3.20,3.30,3.30,3.30,3.30,3.40,3.40,3.40,3.40,3.50,3.50,3.50,3.50,3.60,3.60,3.60,3.60,3.70,3.70,3.70,3.70,3.80,3.80,3.80,3.80,3.90,3.90,3.90,3.90,4.00,4.00,4.00,4.00,1.70,1.70,1.70,1.70,1.70,1.70,1.70,1.70,1.65,1.65,1.65,1.65,1.65,1.65,1.65,1.65,4.10,4.10,4.10,4.10,4.10,4.10,4.10,4.10,4.20,4.20,4.20,4.20,4.20,4.20,4.20,4.20
time,close,settle,volume,oi,imp_vol,settle,volume,oi,imp_vol,settle,volume,oi,imp_vol,settle,volume,oi,imp_vol,settle,volume,oi,imp_vol,settle,volume,oi,imp_vol,settle,volume,oi,imp_vol,settle,volume,oi,imp_vol,settle,volume,oi,imp_vol,settle,volume,oi,imp_vol,settle,volume,oi,imp_vol,settle,volume,oi,imp_vol,settle,volume,oi,imp_vol,settle,volume,oi,imp_vol,settle,volume,oi,imp_vol,settle,volume,oi,imp_vol,settle,volume,oi,imp_vol,settle,volume,oi,imp_vol,settle,volume,oi,imp_vol,settle,volume,oi,imp_vol,settle,volume,oi,imp_vol,settle,volume,oi,imp_vol,settle,volume,oi,imp_vol,settle,volume,oi,imp_vol,settle,volume,oi,imp_vol,settle,volume,oi,imp_vol,settle,volume,oi,imp_vol,settle,volume,oi,imp_vol,settle,volume,oi,imp_vol,settle,volume,oi,imp_vol,settle,volume,oi,imp_vol,settle,volume,oi,imp_vol,settle,volume,oi,imp_vol,settle,volume,oi,imp_vol,settle,volume,oi,imp_vol,settle,volume,oi,imp_vol,settle,volume,oi,imp_vol,settle,volume,oi,imp_vol,settle,volume,oi,imp_vol,settle,volume,oi,imp_vol,settle,volume,oi,imp_vol,settle,volume,oi,imp_vol,settle,volume,oi,imp_vol,settle,volume,oi,imp_vol,settle,volume,oi,imp_vol,settle,volume,oi,imp_vol,settle,volume,oi,imp_vol,settle,volume,oi,imp_vol,settle,volume,oi,imp_vol,settle,volume,oi,imp_vol,settle,volume,oi,imp_vol,settle,volume,oi,imp_vol,settle,volume,oi,imp_vol,settle,volume,oi,imp_vol,settle,volume,oi,imp_vol,settle,volume,oi,imp_vol,settle,volume,oi,imp_vol,settle,volume,oi,imp_vol,settle,volume,oi,imp_vol,settle,volume,oi,imp_vol
2023-08-02 16:00:00,2.71,0.986,0,0,,0.937,0,0,,0.888,0,0,0.24,0.839,0,0,0.24,0.789,0,0,,0.74,0,0,,0.642,0,0,0.18,0.545,0,0,0.19,0.451,0,0,0.19,0.362,0,0,0.19,0.287,0,0,0.21,0.213,0,0,0.2,0.151,0,0,0.2,0.103,0,0,0.2,0.067,0,3,0.2,0.042,0,0,0.2,0.025,0,0,0.19,0.014,0,0,0.19,0.008,0,0,0.19,0.004,0,0,0.19,0.003,0,0,0.2,0.001,0,0,0.19,0.001,0,0,0.21,0.001,0,0,0.23,0.001,0,0,0.24,0.001,0,0,0.26,0.001,0,0,0.32,0.001,0,0,0.3,0.001,0,0,0.28,0.001,0,0,0.27,0.001,0,0,0.25,0.001,0,0,0.23,0.001,0,0,0.2,0.003,0,0,0.2,0.007,0,0,0.19,0.016,10,10,0.19,0.032,0,0,0.19,0.058,2,2,0.19,0.097,2,4,0.19,0.152,0,14,0.19,0.22,0,9,0.19,0.3,0,0,0.19,0.392,0,0,0.19,0.49,0,0,,0.59,0,0,,0.69,0,0,,0.79,0,0,,0.89,0,0,,0.99,0,0,,1.09,0,0,,1.19,0,0,,1.29,0,0,,,,,,,,,,,,,,,,,,,,,,,,,,,,,,,,,
2023-08-03 16:00:00,2.72,0.996,0,0,,0.947,0,0,0.26,0.898,0,0,0.26,0.848,0,0,,0.799,0,0,,0.75,0,0,0.2,0.652,0,0,0.2,0.555,0,0,0.19,0.461,0,0,0.2,0.372,0,0,0.2,0.291,0,0,0.2,0.217,0,0,0.2,0.156,0,0,0.2,0.109,0,0,0.2,0.072,0,3,0.2,0.045,0,0,0.2,0.029,0,0,0.2,0.017,0,0,0.2,0.01,0,0,0.2,0.006,0,0,0.21,0.003,0,0,0.2,0.001,0,0,0.19,0.001,0,0,0.21,0.001,0,0,0.23,0.001,0,0,0.24,0.001,0,0,0.26,0.001,0,0,0.33,0.001,0,0,0.31,0.001,0,0,0.29,0.001,0,0,0.27,0.001,0,0,0.25,0.001,0,0,0.24,0.001,0,0,0.2,0.003,0,0,0.2,0.008,0,0,0.2,0.017,0,10,0.2,0.035,5,5,0.2,0.059,0,2,0.2,0.1,0,4,0.2,0.153,0,14,0.2,0.221,0,9,0.2,0.303,0,0,0.22,0.384,0,0,0.2,0.48,0,0,,0.58,0,0,,0.68,0,0,,0.78,0,0,,0.88,0,0,,0.98,0,0,,1.08,0,0,,1.18,0,0,,1.28,0,0,,,,,,,,,,,,,,,,,,,,,,,,,,,,,,,,,
2023-08-08 16:00:00,2.7,0.975,0,0,0.24,0.926,0,0,0.27,0.876,0,0,,0.827,0,0,,0.778,0,0,0.21,0.729,0,0,0.22,0.631,0,0,0.2,0.534,0,0,0.2,0.439,0,0,0.19,0.35,0,0,0.19,0.267,0,0,0.19,0.195,0,0,0.19,0.137,3,3,0.19,0.092,0,0,0.19,0.06,0,3,0.2,0.036,0,0,0.19,0.021,0,0,0.19,0.012,0,0,0.2,0.006,0,0,0.19,0.004,0,0,0.2,0.002,0,0,0.2,0.001,0,0,0.2,0.001,0,0,0.22,0.001,0,0,0.24,0.001,0,0,0.25,0.001,0,0,0.27,0.001,0,0,0.33,0.001,0,0,0.31,0.001,0,0,0.29,0.001,0,0,0.27,0.001,0,0,0.25,0.001,0,0,0.24,0.001,0,0,0.2,0.003,0,0,0.2,0.007,0,0,0.2,0.016,0,10,0.19,0.034,0,5,0.19,0.063,25,27,0.2,0.103,0,4,0.19,0.162,0,14,0.2,0.234,0,9,0.21,0.309,0,0,0.19,0.401,0,0,0.19,0.5,0,0,,0.6,0,0,,0.7,0,0,,0.8,0,0,,0.9,0,0,,1.0,0,0,,1.1,0,0,,1.2,0,0,,1.3,0,0,,,,,,,,,,,,,,,,,,,,,,,,,,,,,,,,,
2023-08-14 16:00:00,2.63,0.904,0,0,0.28,0.854,0,0,,0.805,0,0,0.18,0.756,0,0,0.23,0.707,0,0,0.23,0.657,0,0,,0.56,0,0,0.2,0.464,0,0,0.2,0.372,0,0,0.2,0.288,0,0,0.2,0.215,0,0,0.2,0.152,0,0,0.2,0.102,10,13,0.2,0.063,11,65,0.2,0.04,0,43,0.2,0.023,0,25,0.2,0.013,0,0,0.2,0.007,0,0,0.2,0.004,0,0,0.21,0.002,0,0,0.21,0.001,0,0,0.21,0.001,0,0,0.23,0.001,0,0,0.24,0.001,0,0,0.26,0.001,0,0,0.28,0.001,0,0,0.29,0.001,0,0,0.32,0.001,0,0,0.3,0.001,0,0,0.28,0.001,0,0,0.26,0.001,0,0,0.24,0.001,0,0,0.23,0.002,0,0,0.21,0.005,0,0,0.2,0.012,0,0,0.2,0.027,0,10,0.2,0.049,0,5,0.2,0.087,19,86,0.2,0.138,0,4,0.2,0.205,0,14,0.2,0.286,0,9,0.21,0.381,0,0,0.24,0.47,0,0,,0.57,0,0,,0.67,0,0,,0.77,0,0,,0.87,0,0,,0.97,0,0,,1.07,0,0,,1.17,0,0,,1.27,0,0,,1.37,0,0,,,,,,,,,,,,,,,,,,,,,,,,,,,,,,,,,
2023-08-16 16:00:00,2.58,0.853,0,0,,0.804,0,0,0.23,0.755,0,0,0.25,0.705,0,0,,0.656,0,0,0.19,0.607,0,0,0.19,0.511,0,0,0.21,0.417,0,0,0.21,0.328,0,0,0.21,0.25,0,0,0.21,0.179,0,0,0.21,0.123,0,0,0.21,0.082,0,13,0.21,0.049,1,132,0.2,0.031,0,43,0.21,0.018,0,25,0.21,0.01,0,0,0.21,0.005,0,0,0.21,0.003,0,0,0.21,0.002,0,0,0.22,0.001,0,0,0.22,0.001,0,0,0.24,0.001,0,0,0.26,0.001,0,0,0.28,0.001,0,0,0.29,0.001,0,0,0.31,0.001,0,0,0.31,0.001,0,0,0.29,0.001,0,0,0.27,0.001,0,0,0.25,0.001,0,0,0.23,0.001,0,0,0.21,0.003,0,0,0.21,0.008,0,0,0.21,0.019,0,0,0.21,0.039,0,10,0.21,0.068,0,5,0.21,0.114,0,86,0.21,0.175,0,4,0.21,0.248,0,14,0.22,0.327,0,9,0.21,0.427,0,0,0.25,0.52,0,0,,0.62,0,0,,0.72,0,0,,0.82,0,0,,0.92,0,0,,1.02,0,0,,1.12,0,0,,1.22,0,0,,1.32,0,0,,1.42,0,0,,0.903,0.0,0.0,0.3,0.001,0.0,0.0,0.33,,,,,,,,,,,,,,,,,,,,,,,,
2023-08-17 16:00:00,2.56,0.833,0,0,0.21,0.784,0,0,0.25,0.734,0,0,,0.685,0,0,0.18,0.636,0,0,0.2,0.588,0,0,0.23,0.492,0,0,0.22,0.399,0,0,0.22,0.313,0,0,0.22,0.238,0,0,0.22,0.173,0,0,0.22,0.118,0,0,0.22,0.076,0,13,0.21,0.05,0,132,0.22,0.031,0,43,0.22,0.018,0,25,0.22,0.01,0,0,0.22,0.006,0,0,0.22,0.003,0,0,0.22,0.002,0,0,0.23,0.001,0,0,0.23,0.001,0,0,0.25,0.001,0,0,0.27,0.001,0,0,0.28,0.001,0,0,0.3,0.001,0,0,0.32,0.001,0,0,0.3,0.001,0,0,0.28,0.001,0,0,0.27,0.001,0,0,0.25,0.001,0,0,0.23,0.002,0,0,0.23,0.005,0,0,0.23,0.011,0,0,0.22,0.024,0,0,0.22,0.047,0,10,0.22,0.081,0,5,0.22,0.128,0,86,0.22,0.191,0,4,0.22,0.271,0,14,0.24,0.347,0,9,0.22,0.449,0,0,0.26,0.54,0,0,,0.64,0,0,,0.74,0,0,,0.84,0,0,,0.94,0,0,,1.04,0,0,,1.14,0,0,,1.24,0,0,,1.34,0,0,,1.44,0,0,,0.882,0.0,0.0,,0.001,0.0,0.0,0.33,,,,,,,,,,,,,,,,,,,,,,,,
2023-08-18 16:00:00,2.55,0.823,0,0,0.26,0.774,0,0,0.27,0.724,0,0,,0.675,0,0,0.21,0.626,0,0,0.21,0.578,0,0,0.23,0.482,0,0,0.22,0.391,0,0,0.22,0.306,0,0,0.22,0.235,0,0,0.23,0.168,0,0,0.23,0.115,0,0,0.22,0.077,0,13,0.22,0.047,0,132,0.22,0.031,0,43,0.23,0.018,0,25,0.23,0.01,0,0,0.22,0.006,0,0,0.23,0.003,0,0,0.23,0.002,0,0,0.23,0.001,0,0,0.23,0.001,0,0,0.25,0.001,0,0,0.27,0.001,0,0,0.29,0.001,0,0,0.3,0.001,0,0,0.32,0.001,0,0,0.3,0.001,0,0,0.28,0.001,0,0,0.26,0.001,0,0,0.25,0.001,0,0,0.23,0.002,0,0,0.23,0.005,0,0,0.22,0.013,0,0,0.23,0.027,0,0,0.22,0.052,0,10,0.23,0.087,0,5,0.22,0.136,0,86,0.22,0.199,0,4,0.22,0.278,0,14,0.24,0.357,0,9,0.22,0.451,0,0,0.23,0.55,0,0,,0.65,0,0,,0.75,0,0,,0.85,0,0,,0.95,0,0,,1.05,0,0,,1.15,0,0,,1.25,0,0,,1.35,0,0,,1.45,0,0,,0.872,0.0,0.0,,0.001,0.0,0.0,0.32,,,,,,,,,,,,,,,,,,,,,,,,
2023-08-21 16:00:00,2.51,0.782,0,0,,0.733,0,0,0.24,0.684,0,0,0.24,0.635,0,0,0.24,0.586,0,0,0.23,0.538,0,0,0.23,0.445,0,0,0.24,0.356,0,0,0.24,0.283,0,0,0.26,0.208,0,0,0.24,0.145,0,0,0.23,0.098,0,0,0.23,0.064,0,13,0.23,0.041,0,132,0.23,0.026,0,43,0.24,0.015,0,25,0.24,0.009,0,0,0.24,0.005,0,0,0.24,0.003,0,0,0.24,0.001,0,0,0.23,0.001,0,0,0.25,0.001,0,0,0.27,0.001,0,0,0.29,0.001,0,0,0.3,0.001,0,0,0.32,0.001,0,0,0.34,0.001,0,0,0.3,0.001,0,0,0.28,0.001,0,0,0.26,0.001,0,0,0.24,0.002,0,0,0.24,0.003,0,0,0.24,0.009,0,0,0.24,0.019,0,0,0.24,0.038,30,30,0.24,0.066,30,40,0.23,0.109,0,5,0.24,0.16,0,86,0.23,0.222,0,4,0.22,0.308,0,14,0.24,0.395,0,9,0.23,0.49,0,0,,0.59,0,0,,0.69,0,0,,0.79,0,0,,0.89,0,0,,0.99,0,0,,1.09,0,0,,1.19,0,0,,1.29,0,0,,1.39,0,0,,1.49,0,0,,0.832,0.0,0.0,0.29,0.001,0.0,0.0,0.32,0.881,0.0,0.0,0.28,0.001,0.0,0.0,0.34,,,,,,,,,,,,,,,,
2023-08-23 16:00:00,2.54,0.812,0,0,0.27,0.762,0,0,,0.713,0,0,0.21,0.664,0,0,0.23,0.615,0,0,0.22,0.566,0,0,0.22,0.47,0,0,0.22,0.378,0,0,0.22,0.293,0,0,0.22,0.224,0,0,0.23,0.157,0,0,0.22,0.104,30,70,0.22,0.065,30,43,0.21,0.041,17,132,0.22,0.025,30,43,0.22,0.014,30,30,0.22,0.008,0,0,0.22,0.004,30,30,0.22,0.002,0,0,0.22,0.001,0,0,0.22,0.001,0,0,0.24,0.001,0,0,0.26,0.001,0,0,0.28,0.001,0,0,0.3,0.001,0,0,0.31,0.001,0,0,0.33,0.001,0,0,0.31,0.001,0,0,0.29,0.001,0,0,0.27,0.001,0,0,0.25,0.001,0,0,0.23,0.002,0,0,0.23,0.005,10,10,0.23,0.012,30,30,0.22,0.026,0,30,0.22,0.051,0,40,0.22,0.087,30,35,0.22,0.136,14,100,0.22,0.2,0,4,0.22,0.277,0,14,0.22,0.364,0,9,0.22,0.46,0,0,,0.56,0,0,,0.66,0,0,,0.76,0,0,,0.86,0,0,,0.96,0,0,,1.06,0,0,,1.16,0,0,,1.26,0,0,,1.36,0,0,,1.46,0,0,,0.861,0.0,0.0,,0.001,0.0,0.0,0.33,0.91,0.0,0.0,,0.001,0.0,0.0,0.35,,,,,,,,,,,,,,,,
2023-08-28 16:00:00,2.6,0.871,0,0,0.3,0.821,0,0,,0.772,0,0,0.25,0.722,0,0,,0.673,0,0,0.19,0.624,0,0,0.21,0.527,0,0,0.22,0.432,0,0,0.22,0.341,0,0,0.21,0.267,0,0,0.23,0.192,0,0,0.22,0.131,0,70,0.22,0.086,0,43,0.22,0.052,0,132,0.21,0.032,0,43,0.22,0.018,0,30,0.22,0.01,0,0,0.22,0.005,0,30,0.22,0.003,0,0,0.22,0.002,0,0,0.23,0.001,0,0,0.23,0.001,0,0,0.25,0.001,0,0,0.27,0.001,0,0,0.29,0.001,0,0,0.31,0.001,0,0,0.32,0.001,0,0,0.33,0.001,0,0,0.31,0.001,0,0,0.29,0.001,0,0,0.27,0.001,0,0,0.25,0.001,0,0,0.23,0.002,0,19,0.21,0.006,0,30,0.21,0.015,0,244,0.21,0.033,0,40,0.22,0.058,0,35,0.21,0.099,0,100,0.21,0.155,0,4,0.21,0.227,0,14,0.21,0.31,0,9,0.21,0.401,0,0,0.21,0.5,0,0,,0.601,0,0,0.28,0.7,0,0,,0.8,0,0,,0.9,0,0,,1.0,0,0,,1.1,0,0,,1.2,0,0,,1.3,0,0,,1.4,0,0,,0.92,0.0,0.0,0.25,0.001,0.0,0.0,0.35,0.969,0.0,0.0,,0.001,0.0,0.0,0.38,,,,,,,,,,,,,,,,
2023-08-29 16:00:00,2.67,0.94,0,0,,0.891,0,0,0.25,0.842,0,0,0.29,0.792,0,0,,0.743,0,0,0.24,0.693,0,0,,0.595,0,0,0.2,0.498,0,0,0.2,0.404,0,0,0.21,0.316,0,0,0.21,0.241,0,0,0.22,0.171,0,70,0.21,0.114,400,413,0.21,0.072,5,132,0.2,0.045,100,133,0.21,0.027,0,30,0.21,0.015,38,38,0.21,0.008,0,30,0.21,0.004,30,30,0.21,0.002,0,0,0.21,0.001,0,0,0.21,0.001,0,0,0.23,0.001,0,0,0.25,0.001,0,0,0.27,0.001,0,0,0.29,0.001,0,0,0.31,0.001,0,0,0.35,0.001,0,0,0.33,0.001,0,0,0.31,0.001,0,0,0.29,0.001,0,0,0.27,0.001,0,0,0.25,0.001,30,49,0.22,0.003,0,30,0.21,0.008,28,269,0.21,0.019,34,74,0.21,0.039,13,48,0.21,0.072,0,100,0.21,0.117,30,34,0.21,0.177,10,10,0.21,0.253,0,9,0.21,0.336,0,0,0.21,0.433,0,0,0.23,0.533,0,0,0.27,0.633,0,0,0.3,0.733,0,0,0.34,0.833,0,0,0.37,0.933,0,0,0.4,1.033,0,0,0.42,1.133,0,0,0.45,1.233,0,0,0.48,1.333,0,0,0.5,0.99,0.0,0.0,0.32,0.001,0.0,0.0,0.38,1.039,0.0,0.0,,0.001,0.0,0.0,0.4,,,,,,,,,,,,,,,,
2023-08-30 16:00:00,2.66,0.93,0,0,,0.881,0,0,0.29,0.831,0,0,,0.782,0,0,0.24,0.732,0,0,,0.683,0,0,,0.585,0,0,0.21,0.488,0,0,0.21,0.394,0,0,0.2,0.305,0,0,0.2,0.232,0,0,0.22,0.163,0,70,0.21,0.108,0,413,0.21,0.068,0,132,0.21,0.039,0,133,0.2,0.022,0,30,0.2,0.012,0,38,0.2,0.006,0,30,0.2,0.003,0,30,0.2,0.002,0,0,0.22,0.001,0,0,0.22,0.001,0,0,0.24,0.001,0,0,0.26,0.001,0,0,0.28,0.001,0,0,0.29,0.001,0,0,0.31,0.001,0,0,0.35,0.001,0,0,0.33,0.001,0,0,0.31,0.001,0,0,0.29,0.001,0,0,0.27,0.001,0,0,0.25,0.001,0,49,0.21,0.003,0,30,0.21,0.008,0,269,0.21,0.018,0,74,0.2,0.039,0,48,0.21,0.069,0,100,0.2,0.115,0,34,0.2,0.176,0,10,0.19,0.254,0,9,0.2,0.343,0,0,0.2,0.44,0,0,,0.54,0,0,,0.64,0,0,,0.74,0,0,,0.84,0,0,,0.94,0,0,,1.04,0,0,,1.14,0,0,,1.24,0,0,,1.34,0,0,,0.98,0.0,0.0,0.34,0.001,0.0,0.0,0.37,1.029,0.0,0.0,0.28,0.001,0.0,0.0,0.4,,,,,,,,,,,,,,,,
2023-08-31 16:00:00,2.69,0.96,0,0,0.28,0.91,0,0,,0.861,0,0,,0.812,0,0,0.27,0.762,0,0,,0.713,0,0,0.22,0.614,0,0,0.17,0.516,0,0,0.19,0.421,0,0,0.2,0.33,0,0,0.2,0.254,0,0,0.22,0.18,0,70,0.21,0.119,0,413,0.2,0.075,6,126,0.2,0.042,82,215,0.19,0.025,0,30,0.2,0.013,0,38,0.2,0.007,0,30,0.2,0.003,0,30,0.2,0.002,0,0,0.21,0.001,0,0,0.21,0.001,0,0,0.23,0.001,0,0,0.25,0.001,0,0,0.27,0.001,0,0,0.29,0.001,0,0,0.31,0.001,0,0,0.36,0.001,0,0,0.34,0.001,0,0,0.32,0.001,0,0,0.3,0.001,0,0,0.28,0.001,0,0,0.26,0.001,0,49,0.22,0.002,0,30,0.21,0.005,0,269,0.2,0.013,0,74,0.2,0.03,0,48,0.2,0.058,0,100,0.2,0.097,0,34,0.19,0.152,0,10,0.19,0.226,0,9,0.19,0.315,0,0,0.2,0.41,0,0,,0.51,0,0,,0.61,0,0,,0.71,0,0,,0.81,0,0,,0.91,0,0,,1.01,0,0,,1.11,0,0,,1.21,0,0,,1.31,0,0,,1.009,0.0,0.0,,0.001,0.0,0.0,0.39,1.059,0.0,0.0,0.35,0.001,0.0,0.0,0.41,,,,,,,,,,,,,,,,
2023-09-04 16:00:00,2.78,1.049,0,0,0.35,0.999,0,0,,0.95,0,0,0.3,0.9,0,0,,0.851,0,0,0.26,0.801,0,0,,0.703,0,0,0.23,0.604,0,0,0.2,0.507,0,0,0.21,0.412,0,0,0.2,0.322,0,0,0.2,0.243,0,70,0.21,0.171,0,413,0.2,0.114,0,126,0.2,0.073,0,215,0.2,0.042,10,40,0.2,0.025,0,38,0.2,0.014,0,30,0.2,0.007,0,30,0.2,0.004,0,0,0.21,0.002,30,30,0.21,0.001,0,0,0.21,0.001,0,0,0.23,0.001,0,0,0.25,0.001,0,0,0.27,0.001,0,0,0.29,0.001,0,0,0.4,0.001,0,0,0.37,0.001,0,0,0.35,0.001,0,0,0.33,0.001,0,0,0.31,0.001,0,0,0.29,0.001,0,49,0.25,0.001,60,30,0.22,0.003,0,269,0.21,0.007,0,74,0.21,0.016,0,48,0.2,0.035,41,130,0.2,0.066,11,44,0.2,0.109,70,70,0.2,0.169,0,9,0.2,0.247,0,0,0.22,0.326,0,0,0.2,0.42,0,0,,0.52,0,0,,0.62,0,0,,0.72,0,0,,0.82,0,0,,0.92,0,0,,1.02,0,0,,1.12,0,0,,1.22,0,0,,1.098,0.0,0.0,,0.001,0.0,0.0,0.42,1.148,0.0,0.0,0.39,0.001,0.0,0.0,0.44,,,,,,,,,,,,,,,,
2023-09-06 16:00:00,2.76,1.028,0,0,,0.979,0,0,0.31,0.929,0,0,,0.88,0,0,0.27,0.83,0,0,,0.781,0,0,0.23,0.682,0,0,0.19,0.584,0,0,0.21,0.487,0,0,0.21,0.392,0,0,0.2,0.304,0,0,0.2,0.231,0,70,0.22,0.162,0,413,0.21,0.107,2,128,0.21,0.066,1,216,0.2,0.039,2,42,0.2,0.022,10,38,0.2,0.012,0,30,0.21,0.006,0,30,0.21,0.003,0,19,0.21,0.002,0,30,0.22,0.001,0,0,0.22,0.001,0,0,0.24,0.001,0,0,0.26,0.001,0,0,0.28,0.001,0,0,0.3,0.001,0,0,0.39,0.001,0,0,0.37,0.001,0,0,0.35,0.001,0,0,0.33,0.001,0,0,0.31,0.001,0,0,0.29,0.001,0,49,0.25,0.001,0,30,0.21,0.003,9,278,0.21,0.008,0,74,0.21,0.019,0,48,0.21,0.038,3,130,0.2,0.069,0,44,0.2,0.116,0,100,0.2,0.175,0,9,0.19,0.251,0,0,0.19,0.344,0,0,0.2,0.44,0,0,,0.54,0,0,,0.64,0,0,,0.74,0,0,,0.84,0,0,,0.94,0,0,,1.04,0,0,,1.14,0,0,,1.24,0,0,,1.078,0.0,0.0,0.36,0.001,0.0,0.0,0.42,1.127,0.0,0.0,,0.001,0.0,0.0,0.44,,,,,,,,,,,,,,,,
2023-09-11 16:00:00,2.78,1.047,0,0,,0.998,0,0,0.34,0.948,0,0,,0.899,0,0,0.3,0.849,0,0,,0.8,0,0,0.27,0.701,0,0,0.23,0.602,0,0,0.2,0.504,0,0,0.2,0.409,0,0,0.2,0.319,0,0,0.2,0.234,0,70,0.19,0.169,0,413,0.21,0.109,23,129,0.2,0.067,30,246,0.2,0.04,0,75,0.2,0.023,13,51,0.2,0.012,0,30,0.2,0.006,0,30,0.2,0.003,0,19,0.21,0.002,0,30,0.22,0.001,0,0,0.22,0.001,0,0,0.24,0.001,0,0,0.26,0.001,0,0,0.28,0.001,0,0,0.3,0.001,0,0,0.41,0.001,0,0,0.39,0.001,0,0,0.37,0.001,0,0,0.34,0.001,0,0,0.32,0.001,0,0,0.3,0.001,0,49,0.26,0.001,0,30,0.23,0.002,0,278,0.21,0.006,0,74,0.21,0.015,0,48,0.2,0.033,0,130,0.21,0.063,0,44,0.21,0.107,0,100,0.2,0.165,0,9,0.2,0.241,0,0,0.21,0.325,0,0,0.2,0.42,0,0,,0.52,0,0,,0.62,0,0,,0.72,0,0,,0.82,0,0,,0.92,0,0,,1.02,0,0,,1.12,0,0,,1.22,0,0,,1.097,0.0,0.0,0.38,0.001,0.0,0.0,0.44,1.146,0.0,0.0,,0.001,0.0,0.0,0.46,,,,,,,,,,,,,,,,
2023-09-13 16:00:00,2.73,0.997,0,0,0.35,0.947,0,0,,0.898,0,0,0.31,0.848,0,0,,0.799,0,0,0.28,0.749,0,0,,0.65,0,0,,0.552,0,0,0.21,0.454,0,0,0.19,0.36,0,0,0.2,0.272,0,0,0.2,0.195,0,70,0.2,0.129,0,413,0.19,0.08,6,133,0.19,0.047,0,246,0.2,0.026,0,75,0.2,0.014,0,70,0.2,0.007,0,30,0.2,0.003,0,30,0.2,0.002,0,19,0.21,0.001,0,30,0.22,0.001,0,0,0.24,0.001,0,0,0.26,0.001,0,0,0.28,0.001,0,0,0.3,0.001,0,0,0.32,0.001,0,0,0.4,0.001,0,0,0.38,0.001,0,0,0.36,0.001,0,0,0.33,0.001,0,0,0.31,0.001,0,0,0.29,0.001,0,49,0.25,0.001,0,30,0.21,0.003,0,308,0.21,0.008,0,74,0.2,0.019,0,48,0.2,0.042,0,130,0.2,0.079,0,44,0.2,0.131,0,100,0.2,0.201,0,9,0.21,0.278,0,0,0.2,0.371,0,0,0.2,0.47,0,0,,0.57,0,0,,0.67,0,0,,0.77,0,0,,0.87,0,0,,0.97,0,0,,1.07,0,0,,1.17,0,0,,1.27,0,0,,1.046,0.0,0.0,,0.001,0.0,0.0,0.43,1.096,0.0,0.0,0.38,0.001,0.0,0.0,0.45,,,,,,,,,,,,,,,,
2023-09-14 16:00:00,2.74,1.007,0,0,0.37,0.957,0,0,,0.907,0,0,,0.858,0,0,0.25,0.808,0,0,,0.759,0,0,0.23,0.66,0,0,0.21,0.561,0,0,0.18,0.464,0,0,0.2,0.369,0,0,0.2,0.28,0,0,0.2,0.201,0,70,0.2,0.134,0,413,0.19,0.084,0,133,0.19,0.048,0,246,0.19,0.028,0,75,0.2,0.014,0,70,0.2,0.007,0,30,0.2,0.003,0,30,0.2,0.002,0,19,0.21,0.001,0,30,0.22,0.001,0,0,0.24,0.001,0,0,0.26,0.001,0,0,0.28,0.001,0,0,0.3,0.001,0,0,0.32,0.001,0,0,0.41,0.001,0,0,0.39,0.001,0,0,0.36,0.001,0,0,0.34,0.001,0,0,0.32,0.001,0,0,0.3,0.001,0,49,0.26,0.001,0,30,0.22,0.002,2,308,0.2,0.007,0,74,0.2,0.017,0,48,0.2,0.038,0,130,0.2,0.072,0,44,0.2,0.123,0,100,0.2,0.192,0,9,0.21,0.269,0,0,0.2,0.361,0,0,0.2,0.46,0,0,,0.56,0,0,,0.66,0,0,,0.76,0,0,,0.86,0,0,,0.96,0,0,,1.06,0,0,,1.16,0,0,,1.26,0,0,,1.056,0.0,0.0,,0.001,0.0,0.0,0.43,1.106,0.0,0.0,0.41,0.001,0.0,0.0,0.46,,,,,,,,,,,,,,,,
2023-09-20 16:00:00,2.85,1.115,0,0,,1.066,0,0,0.38,1.016,0,0,,0.967,0,0,0.35,0.917,0,0,0.25,0.867,0,0,,0.768,0,0,,0.669,0,0,,0.571,0,0,0.22,0.473,0,0,0.2,0.378,0,0,0.2,0.289,0,70,0.2,0.216,0,413,0.22,0.148,0,133,0.21,0.091,0,246,0.2,0.055,0,75,0.2,0.032,0,70,0.21,0.015,0,30,0.2,0.008,0,40,0.2,0.004,0,19,0.21,0.002,64,30,0.21,0.001,0,0,0.21,0.001,0,0,0.24,0.001,0,0,0.26,0.001,0,0,0.28,0.001,0,0,0.3,0.001,0,0,0.46,0.001,0,0,0.43,0.001,0,0,0.41,0.001,0,0,0.39,0.001,0,0,0.36,0.001,0,0,0.34,0.001,0,49,0.3,0.001,0,30,0.26,0.001,0,309,0.22,0.003,52,44,0.22,0.007,0,48,0.21,0.017,2,130,0.2,0.038,2,34,0.21,0.071,0,100,0.2,0.12,2,7,0.2,0.186,0,0,0.21,0.266,0,0,0.21,0.352,0,0,0.2,0.45,0,0,,0.55,0,0,,0.65,0,0,,0.75,0,0,,0.85,0,0,,0.95,0,0,,1.05,0,0,,1.15,0,0,,1.165,0.0,0.0,0.41,0.001,0.0,0.0,0.48,1.214,0.0,0.0,,0.001,0.0,0.0,0.51,0.001,0.0,0.0,0.32,1.25,0.0,0.0,,,,,,,,,
2023-09-22 16:00:00,2.92,1.185,0,0,0.41,1.135,0,0,,1.086,0,0,0.39,1.036,0,0,,0.986,0,0,,0.937,0,0,0.28,0.838,0,0,0.28,0.739,0,0,0.25,0.64,0,0,0.23,0.542,0,0,0.22,0.447,0,0,0.23,0.356,0,70,0.23,0.266,0,413,0.21,0.193,0,133,0.21,0.138,0,246,0.22,0.089,0,75,0.22,0.055,0,70,0.22,0.033,1,31,0.22,0.019,0,40,0.22,0.011,0,19,0.23,0.006,0,30,0.23,0.003,0,0,0.23,0.001,0,0,0.22,0.001,0,0,0.24,0.001,0,0,0.26,0.001,0,0,0.28,0.001,0,0,0.48,0.001,0,0,0.46,0.001,0,0,0.44,0.001,0,0,0.41,0.001,0,0,0.39,0.001,0,0,0.37,0.001,0,49,0.32,0.001,0,30,0.28,0.001,0,309,0.24,0.002,0,44,0.23,0.006,0,48,0.23,0.014,0,130,0.23,0.029,5,121,0.22,0.054,0,100,0.22,0.096,30,37,0.23,0.154,0,0,0.23,0.223,0,0,0.24,0.296,0,0,0.23,0.384,0,0,0.22,0.48,0,0,,0.58,0,0,,0.68,0,0,,0.78,0,0,,0.88,0,0,,0.98,0,0,,1.08,0,0,,1.234,0.0,0.0,,0.001,0.0,0.0,0.51,1.284,0.0,0.0,0.4,0.001,0.0,0.0,0.53,0.001,0.0,0.0,0.3,1.18,0.0,0.0,,,,,,,,,
2023-09-26 16:00:00,2.85,1.114,0,0,0.36,1.064,0,0,,1.015,0,0,0.37,0.965,0,0,,0.916,0,0,0.35,0.866,0,0,0.27,0.767,0,0,0.27,0.668,0,0,0.25,0.569,0,0,0.22,0.472,0,0,0.22,0.378,0,0,0.22,0.29,0,70,0.22,0.205,0,413,0.2,0.143,0,133,0.21,0.093,0,246,0.22,0.056,0,75,0.22,0.033,0,70,0.22,0.018,0,31,0.22,0.01,0,40,0.23,0.005,80,99,0.23,0.002,0,30,0.22,0.001,0,0,0.23,0.001,0,0,0.25,0.001,0,0,0.27,0.001,0,0,0.29,0.001,0,0,0.32,0.001,0,0,0.48,0.001,0,0,0.45,0.001,0,0,0.43,0.001,0,0,0.4,0.001,0,0,0.38,0.001,0,0,0.36,0.001,0,49,0.31,0.001,60,90,0.27,0.001,17,310,0.23,0.003,0,44,0.23,0.008,0,48,0.22,0.02,0,130,0.22,0.042,30,212,0.22,0.077,0,283,0.23,0.126,0,78,0.22,0.194,0,0,0.23,0.269,0,0,0.23,0.358,0,0,0.24,0.458,0,0,0.29,0.556,0,0,0.31,0.656,0,0,0.35,0.756,0,0,0.39,0.856,0,0,0.42,0.956,0,0,0.46,1.055,0,0,0.48,1.155,0,0,0.51,1.164,0.0,0.0,0.46,0.001,0.0,0.0,0.5,1.213,0.0,0.0,,0.001,0.0,0.0,0.53,0.001,0.0,0.0,0.34,1.255,0.0,0.0,0.54,,,,,,,,
2023-09-28 16:00:00,2.86,1.124,0,0,0.45,1.074,0,0,0.37,1.024,0,0,,0.975,0,0,0.37,0.925,0,0,,0.875,0,0,,0.776,0,0,,0.677,0,0,0.19,0.578,0,0,0.2,0.48,0,0,0.21,0.385,0,0,0.21,0.295,0,70,0.21,0.21,0,413,0.2,0.148,3,133,0.22,0.092,0,246,0.21,0.055,8,83,0.21,0.031,4,70,0.21,0.017,0,31,0.22,0.008,0,40,0.21,0.004,0,99,0.22,0.002,0,30,0.22,0.001,0,0,0.23,0.001,0,0,0.25,0.001,0,0,0.27,0.001,0,0,0.3,0.001,0,0,0.32,0.001,0,0,0.49,0.001,0,0,0.46,0.001,0,0,0.44,0.001,0,0,0.41,0.001,0,0,0.39,0.001,0,0,0.37,0.001,0,49,0.32,0.001,0,90,0.28,0.001,0,310,0.24,0.002,0,44,0.22,0.006,0,48,0.21,0.016,3,142,0.22,0.036,30,242,0.22,0.069,0,283,0.22,0.118,0,78,0.22,0.183,0,0,0.23,0.256,0,0,0.22,0.343,0,0,0.21,0.44,0,0,,0.54,0,0,,0.64,0,0,,0.74,0,0,,0.84,0,0,,0.94,0,0,,1.04,0,0,,1.14,0,0,,1.173,0.0,0.0,,0.001,0.0,0.0,0.51,1.223,0.0,0.0,0.47,0.001,0.0,0.0,0.54,0.001,0.0,0.0,0.34,1.24,0.0,0.0,,,,,,,,,
2023-09-29 16:00:00,2.92,1.183,0,0,,1.134,0,0,0.43,1.084,0,0,,1.034,0,0,,0.985,0,0,0.34,0.935,0,0,,0.836,0,0,0.26,0.737,0,0,0.26,0.638,0,0,0.24,0.539,0,0,0.21,0.442,0,0,0.21,0.348,0,70,0.21,0.262,0,413,0.21,0.191,0,133,0.22,0.127,0,246,0.22,0.079,0,83,0.21,0.046,4,70,0.21,0.024,0,31,0.21,0.013,0,40,0.21,0.006,0,99,0.21,0.003,0,30,0.22,0.002,0,0,0.23,0.001,0,0,0.23,0.001,0,0,0.26,0.001,0,0,0.28,0.001,0,0,0.3,0.001,0,0,0.51,0.001,0,0,0.48,0.001,0,0,0.46,0.001,0,0,0.44,0.001,0,0,0.41,0.001,0,0,0.39,0.001,0,49,0.34,0.001,0,90,0.3,0.001,0,310,0.26,0.001,0,44,0.22,0.003,0,48,0.21,0.009,1,142,0.21,0.022,4,242,0.21,0.044,0,283,0.21,0.081,0,78,0.2,0.133,0,0,0.2,0.2,0,0,0.19,0.289,0,0,0.21,0.381,0,0,0.21,0.48,0,0,,0.58,0,0,,0.68,0,0,,0.78,0,0,,0.88,0,0,,0.98,0,0,,1.08,0,0,,1.233,0.0,0.0,0.42,0.001,0.0,0.0,0.54,1.283,0.0,0.0,0.52,0.001,0.0,0.0,0.56,0.001,0.0,0.0,0.32,1.18,0.0,0.0,,,,,,,,,
2023-10-03 16:00:00,2.77,1.032,0,0,,0.983,0,0,0.39,0.933,0,0,,0.883,0,0,,0.834,0,0,0.31,0.784,0,0,,0.685,0,0,0.24,0.586,0,0,0.23,0.488,0,0,0.23,0.393,0,0,0.24,0.303,0,0,0.24,0.222,0,70,0.23,0.149,0,413,0.22,0.096,30,163,0.23,0.059,0,246,0.23,0.033,0,83,0.23,0.019,52,122,0.24,0.01,0,31,0.24,0.005,0,40,0.24,0.002,0,99,0.24,0.001,0,30,0.24,0.001,0,0,0.27,0.001,0,0,0.29,0.001,0,0,0.32,0.001,0,0,0.34,0.001,0,0,0.36,0.001,0,0,0.48,0.001,0,0,0.45,0.001,0,0,0.43,0.001,0,0,0.4,0.001,0,0,0.38,0.001,0,0,0.35,0.001,0,49,0.3,0.001,0,90,0.26,0.002,1,311,0.24,0.006,0,44,0.24,0.016,0,48,0.24,0.035,49,191,0.24,0.067,90,212,0.24,0.115,0,283,0.24,0.178,30,108,0.25,0.255,0,0,0.25,0.335,0,0,0.23,0.43,0,0,,0.53,0,0,,0.63,0,0,,0.73,0,0,,0.83,0,0,,0.93,0,0,,1.03,0,0,,1.13,0,0,,1.23,0,0,,1.082,0.0,0.0,,0.001,0.0,0.0,0.51,1.132,0.0,0.0,0.47,0.001,0.0,0.0,0.54,0.001,0.0,0.0,0.38,1.33,0.0,0.0,,,,,,,,,
2023-10-04 16:00:00,2.8,1.062,0,0,0.34,1.012,0,0,,0.963,0,0,0.39,0.913,0,0,,0.863,0,0,,0.814,0,0,0.32,0.714,0,0,,0.615,0,0,,0.517,0,0,0.23,0.421,0,0,0.24,0.33,0,0,0.24,0.243,0,70,0.23,0.17,0,413,0.23,0.114,30,163,0.23,0.072,31,216,0.24,0.043,20,83,0.24,0.024,0,122,0.24,0.013,0,31,0.24,0.007,0,40,0.25,0.003,0,99,0.24,0.002,0,30,0.26,0.001,0,0,0.26,0.001,0,0,0.28,0.001,0,0,0.31,0.001,0,0,0.33,0.001,0,0,0.36,0.001,0,0,0.5,0.001,0,0,0.47,0.001,0,0,0.44,0.001,0,0,0.41,0.001,0,0,0.39,0.001,0,0,0.36,0.001,0,49,0.32,0.001,0,90,0.27,0.002,0,311,0.25,0.005,0,44,0.24,0.014,0,48,0.25,0.03,58,249,0.24,0.059,60,250,0.25,0.103,0,283,0.25,0.162,0,108,0.25,0.235,0,0,0.26,0.311,0,0,0.24,0.402,0,0,0.24,0.5,0,0,,0.6,0,0,,0.7,0,0,,0.8,0,0,,0.9,0,0,,1.0,0,0,,1.1,0,0,,1.2,0,0,,1.112,0.0,0.0,0.46,0.001,0.0,0.0,0.52,1.161,0.0,0.0,,0.001,0.0,0.0,0.55,0.001,0.0,0.0,0.38,1.3,0.0,0.0,,,,,,,,,
2023-10-11 16:00:00,2.88,1.14,0,0,,1.091,0,0,0.44,1.041,0,0,,0.991,0,0,,0.942,0,0,0.39,0.892,0,0,0.27,0.793,0,0,0.33,0.693,0,0,,0.594,0,0,0.23,0.496,0,0,0.24,0.399,0,0,0.23,0.308,0,70,0.23,0.218,0,413,0.21,0.149,30,217,0.22,0.095,60,246,0.22,0.057,0,84,0.23,0.031,30,92,0.23,0.016,150,194,0.23,0.008,0,40,0.23,0.004,0,99,0.24,0.002,0,30,0.24,0.001,0,0,0.25,0.001,0,0,0.28,0.001,0,0,0.3,0.001,0,0,0.33,0.001,0,0,0.35,0.001,0,0,0.55,0.001,0,0,0.53,0.001,0,0,0.5,0.001,0,0,0.47,0.001,0,0,0.44,0.001,0,0,0.42,0.001,0,49,0.37,0.001,0,90,0.32,0.001,0,311,0.27,0.002,0,44,0.25,0.005,0,48,0.24,0.013,0,387,0.24,0.03,32,434,0.24,0.06,10,283,0.24,0.106,0,109,0.24,0.168,0,0,0.24,0.246,0,0,0.26,0.325,0,0,0.23,0.42,0,0,,0.52,0,0,,0.62,0,0,,0.72,0,0,,0.82,0,0,,0.92,0,0,,1.02,0,0,,1.12,0,0,,1.19,0.0,0.0,,0.001,0.0,0.0,0.58,1.24,0.0,0.0,0.49,0.001,0.0,0.0,0.61,0.001,0.0,0.0,0.38,1.22,0.0,0.0,,,,,,,,,
2023-10-12 16:00:00,3.01,1.27,0,0,,1.221,0,0,0.52,1.171,0,0,0.44,1.121,0,0,,1.071,0,0,,1.022,0,0,0.4,0.922,0,0,,0.823,0,0,0.28,0.724,0,0,0.29,0.624,0,0,,0.526,0,0,0.24,0.43,0,70,0.24,0.338,3,410,0.24,0.251,0,217,0.23,0.18,0,246,0.24,0.119,202,226,0.24,0.074,98,143,0.24,0.044,21,215,0.24,0.025,0,40,0.24,0.014,0,99,0.25,0.007,0,30,0.25,0.003,0,0,0.24,0.002,0,0,0.26,0.001,0,0,0.26,0.001,0,0,0.29,0.001,0,0,0.31,0.001,0,0,0.6,0.001,0,0,0.57,0.001,0,0,0.55,0.001,0,0,0.52,0.001,0,0,0.49,0.001,0,0,0.47,0.001,0,49,0.41,0.001,0,90,0.37,0.001,0,311,0.32,0.001,0,44,0.27,0.002,0,48,0.26,0.005,21,387,0.25,0.013,65,471,0.25,0.028,19,288,0.24,0.056,43,119,0.25,0.097,122,92,0.25,0.152,377,313,0.24,0.227,0,0,0.26,0.302,0,0,0.24,0.393,0,0,0.24,0.49,0,0,,0.59,0,0,,0.69,0,0,,0.79,0,0,,0.89,0,0,,0.99,0,0,,1.32,0.0,0.0,0.44,0.001,0.0,0.0,0.63,1.37,0.0,0.0,0.58,0.001,0.0,0.0,0.66,0.001,0.0,0.0,0.34,1.09,0.0,0.0,,,,,,,,,
2023-10-13 16:00:00,2.97,1.23,0,0,,1.18,0,0,,1.131,0,0,0.48,1.081,0,0,0.39,1.031,0,0,,0.982,0,0,0.42,0.882,0,0,,0.783,0,0,0.31,0.683,0,0,,0.584,0,0,0.22,0.487,0,0,0.25,0.392,0,70,0.25,0.302,0,410,0.24,0.219,0,217,0.24,0.151,0,246,0.24,0.098,6,232,0.24,0.06,30,143,0.24,0.034,0,215,0.24,0.019,0,40,0.25,0.01,0,99,0.25,0.005,0,30,0.25,0.003,9,9,0.26,0.001,0,0,0.25,0.001,0,0,0.28,0.001,120,120,0.3,0.001,0,0,0.33,0.001,0,0,0.6,0.001,0,0,0.57,0.001,0,0,0.54,0.001,0,0,0.51,0.001,0,0,0.48,0.001,0,0,0.46,0.001,0,49,0.41,0.001,0,90,0.36,0.001,0,311,0.31,0.001,0,44,0.26,0.003,0,48,0.26,0.007,0,387,0.25,0.017,8,471,0.25,0.037,20,288,0.25,0.07,79,154,0.25,0.119,0,92,0.25,0.18,0,313,0.25,0.259,0,0,0.27,0.337,0,0,0.24,0.431,0,0,0.24,0.53,0,0,,0.63,0,0,,0.73,0,0,,0.83,0,0,,0.93,0,0,,1.03,0,0,,1.28,0.0,0.0,0.53,0.001,0.0,0.0,0.62,1.329,0.0,0.0,,0.001,0.0,0.0,0.66,0.001,0.0,0.0,0.35,1.13,0.0,0.0,,0.001,0.0,0.0,0.38,1.23,0.0,0.0,
2023-10-24 16:00:00,2.83,1.088,0,0,0.55,1.038,0,0,0.45,0.988,0,0,,0.938,0,0,,0.889,0,0,0.45,0.839,0,0,0.39,0.739,0,0,,0.64,0,0,0.3,0.54,0,0,,0.442,0,0,0.25,0.345,0,0,0.24,0.255,0,70,0.24,0.176,0,410,0.25,0.108,1,217,0.24,0.061,0,262,0.24,0.032,44,249,0.24,0.016,2,168,0.25,0.007,0,215,0.25,0.003,80,120,0.25,0.001,0,99,0.25,0.001,0,30,0.28,0.001,0,9,0.31,0.001,0,0,0.35,0.001,0,0,0.38,0.001,0,120,0.41,0.001,0,0,0.43,0.001,0,0,0.63,0.001,0,0,0.59,0.001,0,0,0.56,0.001,0,0,0.53,0.001,0,0,0.5,0.001,0,0,0.47,0.001,0,49,0.41,0.001,0,90,0.35,0.001,0,311,0.3,0.002,0,44,0.27,0.005,91,244,0.25,0.014,0,537,0.25,0.034,0,668,0.25,0.071,71,567,0.25,0.124,1,237,0.25,0.196,40,135,0.26,0.277,0,313,0.24,0.371,0,0,0.25,0.47,0,0,,0.57,0,0,,0.67,0,0,,0.77,0,0,,0.87,0,0,,0.97,0,0,,1.07,0,0,,1.17,0,0,,1.137,0.0,0.0,,0.001,0.0,0.0,0.66,1.187,0.0,0.0,,0.001,0.0,0.0,0.7,0.001,0.0,0.0,0.46,1.27,0.0,0.0,,0.001,0.0,0.0,0.49,1.37,0.0,0.0,
2023-10-25 16:00:00,2.82,1.078,0,0,0.58,1.028,0,0,0.52,0.978,0,0,0.43,0.928,0,0,,0.878,0,0,,0.829,0,0,0.42,0.729,0,0,,0.629,0,0,,0.53,0,0,0.23,0.431,0,0,0.23,0.335,0,0,0.24,0.244,0,70,0.24,0.163,1,411,0.23,0.099,0,217,0.23,0.055,50,252,0.23,0.027,101,293,0.23,0.013,30,176,0.24,0.006,0,215,0.25,0.002,0,120,0.24,0.001,0,99,0.26,0.001,0,30,0.29,0.001,0,9,0.32,0.001,0,0,0.36,0.001,0,0,0.39,0.001,0,120,0.42,0.001,0,0,0.44,0.001,0,0,0.63,0.001,0,0,0.6,0.001,0,0,0.56,0.001,0,0,0.53,0.001,0,0,0.5,0.001,0,0,0.47,0.001,0,49,0.41,0.001,0,90,0.35,0.001,0,311,0.3,0.001,0,44,0.24,0.005,0,244,0.25,0.014,0,537,0.24,0.035,13,668,0.24,0.073,0,567,0.25,0.129,62,299,0.25,0.204,1,136,0.26,0.285,0,313,0.24,0.38,0,0,,0.48,0,0,,0.58,0,0,,0.68,0,0,,0.78,0,0,,0.88,0,0,,0.98,0,0,,1.08,0,0,,1.18,0,0,,1.127,0.0,0.0,,0.001,0.0,0.0,0.67,1.177,0.0,0.0,,0.001,0.0,0.0,0.7,0.001,0.0,0.0,0.47,1.28,0.0,0.0,,0.001,0.0,0.0,0.5,1.38,0.0,0.0,
2023-10-26 16:00:00,2.86,1.117,0,0,,1.067,0,0,,1.018,0,0,0.51,0.968,0,0,0.43,0.918,0,0,,0.868,0,0,,0.769,0,0,0.37,0.669,0,0,,0.57,0,0,0.28,0.471,0,0,0.26,0.373,0,0,0.24,0.28,0,70,0.24,0.202,0,411,0.27,0.13,176,291,0.26,0.073,53,252,0.24,0.04,117,359,0.25,0.019,107,238,0.25,0.009,0,215,0.25,0.004,1,121,0.26,0.002,0,99,0.27,0.001,0,30,0.28,0.001,0,9,0.31,0.001,0,0,0.34,0.001,0,0,0.38,0.001,0,120,0.41,0.001,0,0,0.43,0.001,0,0,0.66,0.001,0,0,0.62,0.001,0,0,0.59,0.001,0,0,0.56,0.001,0,0,0.52,0.001,0,0,0.49,0.001,0,49,0.43,0.001,0,90,0.37,0.001,0,311,0.32,0.001,0,44,0.26,0.003,0,244,0.25,0.01,34,571,0.25,0.026,0,668,0.25,0.057,361,635,0.25,0.104,338,523,0.25,0.169,5,141,0.24,0.25,0,313,0.24,0.345,0,0,0.28,0.441,0,0,0.29,0.54,0,0,,0.64,0,0,,0.74,0,0,,0.84,0,0,,0.94,0,0,,1.04,0,0,,1.14,0,0,,1.167,0.0,0.0,,0.001,0.0,0.0,0.69,1.217,0.0,0.0,0.59,0.001,0.0,0.0,0.73,0.001,0.0,0.0,0.46,1.24,0.0,0.0,,0.001,0.0,0.0,0.49,1.34,0.0,0.0,
2023-10-27 16:00:00,2.92,1.177,0,0,,1.127,0,0,,1.077,0,0,,1.028,0,0,0.52,0.978,0,0,0.45,0.928,0,0,,0.828,0,0,,0.729,0,0,0.32,0.629,0,0,,0.53,0,0,0.25,0.431,0,0,0.23,0.334,0,70,0.23,0.247,41,452,0.25,0.168,0,291,0.25,0.1,64,290,0.23,0.055,189,389,0.23,0.027,138,330,0.23,0.013,68,259,0.24,0.005,0,121,0.24,0.002,0,99,0.24,0.001,0,30,0.25,0.001,0,9,0.29,0.001,0,0,0.32,0.001,0,0,0.36,0.001,0,120,0.39,0.001,0,0,0.42,0.001,0,0,0.69,0.001,0,0,0.66,0.001,0,0,0.62,0.001,0,0,0.59,0.001,0,0,0.56,0.001,0,0,0.52,0.001,0,49,0.46,0.001,0,90,0.4,0.001,0,311,0.35,0.001,0,44,0.29,0.001,30,244,0.24,0.004,393,803,0.24,0.013,284,792,0.24,0.033,691,1130,0.24,0.07,60,512,0.24,0.128,21,142,0.24,0.202,0,313,0.25,0.285,0,0,0.24,0.384,0,0,0.29,0.484,0,0,0.34,0.584,0,0,0.39,0.684,0,0,0.44,0.784,0,0,0.48,0.884,0,0,0.52,0.984,0,0,0.57,1.084,0,0,0.6,1.227,0.0,0.0,0.59,0.001,0.0,0.0,0.73,1.277,0.0,0.0,0.68,0.001,0.0,0.0,0.76,0.001,0.0,0.0,0.45,1.184,0.0,0.0,0.64,0.001,0.0,0.0,0.47,1.284,0.0,0.0,0.68
2023-10-30 16:00:00,2.87,1.126,0,0,,1.077,0,0,0.6,1.027,0,0,0.53,0.977,0,0,0.41,0.927,0,0,,0.877,0,0,,0.778,0,0,0.4,0.678,0,0,,0.578,0,0,,0.479,0,0,0.23,0.38,0,0,0.22,0.285,0,70,0.23,0.202,0,452,0.26,0.126,33,291,0.24,0.07,54,340,0.24,0.033,51,406,0.23,0.015,74,320,0.24,0.006,13,272,0.24,0.002,3,124,0.24,0.001,0,99,0.25,0.001,0,30,0.29,0.001,0,9,0.33,0.001,0,0,0.36,0.001,0,0,0.4,0.001,0,120,0.43,0.001,0,0,0.46,0.001,0,0,0.7,0.001,0,0,0.67,0.001,0,0,0.63,0.001,0,0,0.6,0.001,0,0,0.56,0.001,0,0,0.53,0.001,0,49,0.46,0.001,0,90,0.4,0.001,30,311,0.34,0.001,8,44,0.28,0.002,130,344,0.25,0.006,260,1063,0.24,0.018,231,843,0.23,0.045,455,1525,0.24,0.089,61,543,0.23,0.154,1,143,0.23,0.237,0,313,0.23,0.331,0,0,0.24,0.43,0,0,,0.53,0,0,,0.63,0,0,,0.73,0,0,,0.83,0,0,,0.93,0,0,,1.03,0,0,,1.13,0,0,,1.176,0.0,0.0,,0.001,0.0,0.0,0.74,1.226,0.0,0.0,,0.001,0.0,0.0,0.78,0.001,0.0,0.0,0.49,1.23,0.0,0.0,,0.001,0.0,0.0,0.52,1.33,0.0,0.0,
2023-10-31 16:00:00,2.89,1.146,0,0,,1.096,0,0,,1.047,0,0,0.59,0.997,0,0,0.53,0.947,0,0,0.44,0.897,0,0,,0.797,0,0,,0.698,0,0,0.34,0.598,0,0,,0.499,0,0,0.27,0.399,0,0,0.18,0.302,0,70,0.22,0.215,0,452,0.24,0.134,30,291,0.23,0.071,52,392,0.21,0.036,211,596,0.22,0.015,27,302,0.22,0.006,1,273,0.23,0.002,0,124,0.23,0.001,0,99,0.25,0.001,0,30,0.29,0.001,0,9,0.32,0.001,0,0,0.36,0.001,0,0,0.39,0.001,0,120,0.43,0.001,0,0,0.46,0.001,0,0,0.72,0.001,0,0,0.69,0.001,0,0,0.65,0.001,0,0,0.62,0.001,0,0,0.58,0.001,0,0,0.55,0.001,265,305,0.48,0.001,196,286,0.42,0.001,0,311,0.36,0.001,0,44,0.3,0.001,101,354,0.24,0.004,310,1263,0.23,0.012,5,843,0.22,0.034,261,1658,0.22,0.077,31,543,0.23,0.141,3,146,0.24,0.217,0,313,0.22,0.31,0,0,,0.41,0,0,,0.51,0,0,,0.61,0,0,,0.71,0,0,,0.81,0,0,,0.91,0,0,,1.01,0,0,,1.11,0,0,,1.196,0.0,0.0,,0.001,0.0,0.0,0.76,1.246,0.0,0.0,0.65,0.001,0.0,0.0,0.8,0.001,0.0,0.0,0.49,1.21,0.0,0.0,,0.001,0.0,0.0,0.52,1.31,0.0,0.0,
2023-11-06 16:00:00,2.9,1.155,0,0,,1.105,0,0,,1.056,0,0,0.67,1.006,0,0,0.61,0.956,0,0,0.54,0.906,0,0,0.41,0.806,0,0,,0.707,0,0,0.42,0.607,0,0,0.32,0.507,0,0,,0.408,0,0,0.25,0.309,0,70,0.22,0.215,0,482,0.22,0.135,0,291,0.23,0.071,322,481,0.22,0.031,350,816,0.22,0.01,5,307,0.21,0.004,0,275,0.23,0.001,0,124,0.23,0.001,0,99,0.27,0.001,0,30,0.32,0.001,0,9,0.36,0.001,0,0,0.4,0.001,0,0,0.44,0.001,0,120,0.48,0.001,0,0,0.51,0.001,0,0,0.82,0.001,0,0,0.78,0.001,0,0,0.74,0.001,0,0,0.7,0.001,0,0,0.66,0.001,0,0,0.62,0.001,0,305,0.54,0.001,0,286,0.47,0.001,0,311,0.4,0.001,0,44,0.34,0.001,0,372,0.27,0.002,0,1293,0.24,0.007,1,854,0.22,0.024,235,1768,0.22,0.06,279,809,0.21,0.119,75,215,0.2,0.205,0,313,0.22,0.3,0,0,,0.4,0,0,,0.5,0,0,,0.6,0,0,,0.7,0,0,,0.8,0,0,,0.9,0,0,,1.0,0,0,,1.1,0,0,,1.205,0.0,0.0,,0.001,0.0,0.0,0.86,1.255,0.0,0.0,0.69,0.001,0.0,0.0,0.9,0.001,0.0,0.0,0.55,1.2,0.0,0.0,,0.001,0.0,0.0,0.58,1.3,0.0,0.0,
2023-11-10 16:00:00,2.79,1.044,0,0,,0.994,0,0,,0.945,0,0,0.68,0.895,0,0,0.61,0.845,0,0,0.55,0.795,0,0,0.46,0.695,0,0,,0.595,0,0,,0.496,0,0,0.33,0.396,0,0,0.22,0.297,0,0,0.23,0.2,0,70,0.2,0.119,1,481,0.23,0.054,0,291,0.21,0.019,55,446,0.21,0.005,71,746,0.21,0.001,23,307,0.21,0.001,0,275,0.27,0.001,0,124,0.32,0.001,0,99,0.37,0.001,0,30,0.42,0.001,0,9,0.46,0.001,0,0,0.51,0.001,0,0,0.55,0.001,0,120,0.59,0.001,0,0,0.63,0.001,0,0,0.84,0.001,0,0,0.8,0.001,0,0,0.75,0.001,0,0,0.7,0.001,0,0,0.66,0.001,0,0,0.62,0.001,0,305,0.54,0.001,0,286,0.46,0.001,0,311,0.38,0.001,0,44,0.31,0.001,300,372,0.23,0.004,1042,592,0.21,0.018,656,858,0.21,0.056,1453,1111,0.21,0.123,20,799,0.21,0.211,0,215,0.21,0.31,0,13,,0.41,0,0,,0.51,0,0,,0.61,0,0,,0.71,0,0,,0.81,0,0,,0.91,0,0,,1.01,0,0,,1.11,0,0,,1.21,0,0,,1.094,0.0,0.0,,0.001,0.0,0.0,0.89,1.144,0.0,0.0,,0.001,0.0,0.0,0.93,0.001,0.0,0.0,0.66,1.31,0.0,0.0,,0.001,0.0,0.0,0.7,1.41,0.0,0.0,
2023-11-15 16:00:00,2.93,1.183,0,0,,1.133,0,0,,1.083,0,0,,1.033,0,0,,0.984,0,0,0.78,0.934,0,0,0.72,0.834,0,0,0.59,0.734,0,0,,0.634,0,0,,0.534,0,0,,0.435,0,0,0.33,0.335,0,70,0.24,0.236,0,521,0.21,0.142,1,351,0.2,0.068,260,673,0.21,0.025,135,636,0.21,0.006,10,307,0.21,0.002,0,275,0.24,0.001,0,124,0.28,0.001,0,99,0.33,0.001,0,30,0.39,0.001,0,9,0.45,0.001,0,0,0.5,0.001,0,0,0.55,0.001,0,120,0.59,0.001,0,0,0.64,0.001,0,0,1.06,0.001,0,0,1.01,0.001,0,0,0.96,0.001,0,0,0.91,0.001,0,0,0.86,0.001,0,0,0.81,0.001,0,305,0.72,0.001,0,286,0.62,0.001,0,311,0.54,0.001,0,44,0.45,0.001,0,372,0.37,0.001,54,552,0.29,0.002,130,967,0.24,0.01,260,872,0.23,0.037,184,693,0.23,0.094,10,205,0.23,0.179,0,13,0.27,0.27,0,0,,0.37,0,0,,0.47,0,0,,0.57,0,0,,0.67,0,0,,0.77,0,0,,0.87,0,0,,0.97,0,0,,1.07,0,0,,1.233,0.0,0.0,,0.001,0.0,0.0,1.12,1.283,0.0,0.0,,0.001,0.0,0.0,1.17,0.001,0.0,0.0,0.68,1.17,0.0,0.0,,0.001,0.0,0.0,0.73,1.27,0.0,0.0,
2023-11-28 16:00:00,2.88,1.13,0,0,,1.08,0,0,,1.03,0,0,,0.98,0,0,,0.93,0,0,,0.88,0,0,,0.78,0,0,,0.68,0,0,,0.58,0,0,,0.48,0,0,,0.38,0,0,,0.28,0,70,,0.184,1,520,0.83,0.084,0,351,0.44,0.013,275,655,0.35,0.001,0,732,0.43,0.001,0,307,0.7,0.001,0,275,0.95,0.001,0,124,1.19,0.001,0,99,1.41,0.001,0,30,1.62,0.001,0,9,1.82,0.001,0,0,2.01,0.001,0,0,2.19,0.001,0,120,2.37,0.001,0,0,2.54,0.001,0,0,3.87,0.001,0,0,3.67,0.001,0,0,3.48,0.001,0,0,3.29,0.001,0,0,3.11,0.001,0,0,2.92,0.001,0,305,2.56,0.001,0,286,2.22,0.001,0,311,1.89,0.001,0,44,1.58,0.001,0,372,1.26,0.001,0,552,0.95,0.001,0,967,0.64,0.002,0,839,0.38,0.034,155,615,0.37,0.123,0,76,0.56,0.222,0,0,0.81,0.322,0,0,1.09,0.422,0,0,1.35,0.522,0,0,1.59,0.622,0,0,1.82,0.722,0,0,2.04,0.822,0,0,2.24,0.922,0,0,2.45,1.022,0,0,2.65,1.122,0,0,2.83,1.18,0.0,0.0,,0.001,0.0,0.0,4.07,1.23,0.0,0.0,,0.001,0.0,0.0,4.28,0.001,0.0,0.0,2.7,1.222,0.0,0.0,3.01,0.001,0.0,0.0,2.86,1.322,0.0,0.0,3.18
2023-11-29 16:00:00,2.86,1.110,0,0,,1.060,0,0,,1.010,0,0,,0.960,0,0,,0.910,0,0,,0.860,0,0,,0.760,0,0,,0.660,0,0,,0.560,0,0,,0.460,0,0,,0.360,0,0,,0.260,0,0,,0.160,70,0,,0.060,56,0,,0.000,77,655,,0.000,0,732,,0.000,0,307,,0.000,0,275,,0.000,0,124,,0.000,0,99,,0.000,0,30,,0.000,0,9,,0.000,0,0,,0.000,0,0,,0.000,0,120,,0.000,0,0,,0.000,0,0,,0.000,0,0,,0.000,0,0,,0.000,0,0,,0.000,0,0,,0.000,0,0,,0.000,0,305,,0.000,0,286,,0.000,0,311,,0.000,0,44,,0.000,0,372,,0.000,0,552,,0.000,0,967,,0.000,1,838,,0.040,124,0,,0.140,0,0,,0.240,0,0,,0.340,0,0,,0.440,0,0,,0.540,0,0,,0.640,0,0,,0.740,0,0,,0.840,0,0,,0.940,0,0,,1.040,0,0,,1.140,0,0,,1.160,0,0,,0.000,0,0,,1.210,0,0,,0.000,0,0,,0.000,0,0,,1.240,0,0,,0.000,0,0,,1.340,0,0,
