time,total_put_volume,total_call_volume,total_put_oi,total_call_oi,total_put_exercise,total_call_exercise,dom1,dom1_c_40d_put_iv,dom1_c_40d_call_iv,dom1_c_atm_put_iv,dom1_c_atm_call_iv,dom1_c_25d_put_iv,dom1_c_25d_call_iv,dom1_c_10d_put_iv,dom1_c_10d_call_iv,dom1_c_5d_put_iv,dom1_c_5d_call_iv,dom1_put_volume,dom1_call_volume,dom1_put_oi,dom1_call_oi,dom1_put_exercise,dom1_call_exercise,dom1_put_volume_max1,dom1_put_volume_max1_strike,dom1_put_volume_max2,dom1_put_volume_max2_strike,dom1_put_volume_max3,dom1_put_volume_max3_strike,dom1_put_volume_max4,dom1_put_volume_max4_strike,dom1_put_volume_max5,dom1_put_volume_max5_strike,dom1_call_volume_max1,dom1_call_volume_max1_strike,dom1_call_volume_max2,dom1_call_volume_max2_strike,dom1_call_volume_max3,dom1_call_volume_max3_strike,dom1_call_volume_max4,dom1_call_volume_max4_strike,dom1_call_volume_max5,dom1_call_volume_max5_strike,dom1_put_oi_max1,dom1_put_oi_max1_strike,dom1_put_oi_max2,dom1_put_oi_max2_strike,dom1_put_oi_max3,dom1_put_oi_max3_strike,dom1_put_oi_max4,dom1_put_oi_max4_strike,dom1_put_oi_max5,dom1_put_oi_max5_strike,dom1_call_oi_max1,dom1_call_oi_max1_strike,dom1_call_oi_max2,dom1_call_oi_max2_strike,dom1_call_oi_max3,dom1_call_oi_max3_strike,dom1_call_oi_max4,dom1_call_oi_max4_strike,dom1_call_oi_max5,dom1_call_oi_max5_strike,dom2,dom2_c_40d_put_iv,dom2_c_40d_call_iv,dom2_c_atm_put_iv,dom2_c_atm_call_iv,dom2_c_25d_put_iv,dom2_c_25d_call_iv,dom2_c_10d_put_iv,dom2_c_10d_call_iv,dom2_c_5d_put_iv,dom2_c_5d_call_iv,dom2_put_volume,dom2_call_volume,dom2_put_oi,dom2_call_oi,dom2_put_exercise,dom2_call_exercise,dom2_put_volume_max1,dom2_put_volume_max1_strike,dom2_put_volume_max2,dom2_put_volume_max2_strike,dom2_put_volume_max3,dom2_put_volume_max3_strike,dom2_put_volume_max4,dom2_put_volume_max4_strike,dom2_put_volume_max5,dom2_put_volume_max5_strike,dom2_call_volume_max1,dom2_call_volume_max1_strike,dom2_call_volume_max2,dom2_call_volume_max2_strike,dom2_call_volume_max3,dom2_call_volume_max3_strike,dom2_call_volume_max4,dom2_call_volume_max4_strike,dom2_call_volume_max5,dom2_call_volume_max5_strike,dom2_put_oi_max1,dom2_put_oi_max1_strike,dom2_put_oi_max2,dom2_put_oi_max2_strike,dom2_put_oi_max3,dom2_put_oi_max3_strike,dom2_put_oi_max4,dom2_put_oi_max4_strike,dom2_put_oi_max5,dom2_put_oi_max5_strike,dom2_call_oi_max1,dom2_call_oi_max1_strike,dom2_call_oi_max2,dom2_call_oi_max2_strike,dom2_call_oi_max3,dom2_call_oi_max3_strike,dom2_call_oi_max4,dom2_call_oi_max4_strike,dom2_call_oi_max5,dom2_call_oi_max5_strike,dom3,dom3_c_40d_put_iv,dom3_c_40d_call_iv,dom3_c_atm_put_iv,dom3_c_atm_call_iv,dom3_c_25d_put_iv,dom3_c_25d_call_iv,dom3_c_10d_put_iv,dom3_c_10d_call_iv,dom3_c_5d_put_iv,dom3_c_5d_call_iv,dom3_put_volume,dom3_call_volume,dom3_put_oi,dom3_call_oi,dom3_put_exercise,dom3_call_exercise,dom3_put_volume_max1,dom3_put_volume_max1_strike,dom3_put_volume_max2,dom3_put_volume_max2_strike,dom3_put_volume_max3,dom3_put_volume_max3_strike,dom3_put_volume_max4,dom3_put_volume_max4_strike,dom3_put_volume_max5,dom3_put_volume_max5_strike,dom3_call_volume_max1,dom3_call_volume_max1_strike,dom3_call_volume_max2,dom3_call_volume_max2_strike,dom3_call_volume_max3,dom3_call_volume_max3_strike,dom3_call_volume_max4,dom3_call_volume_max4_strike,dom3_call_volume_max5,dom3_call_volume_max5_strike,dom3_put_oi_max1,dom3_put_oi_max1_strike,dom3_put_oi_max2,dom3_put_oi_max2_strike,dom3_put_oi_max3,dom3_put_oi_max3_strike,dom3_put_oi_max4,dom3_put_oi_max4_strike,dom3_put_oi_max5,dom3_put_oi_max5_strike,dom3_call_oi_max1,dom3_call_oi_max1_strike,dom3_call_oi_max2,dom3_call_oi_max2_strike,dom3_call_oi_max3,dom3_call_oi_max3_strike,dom3_call_oi_max4,dom3_call_oi_max4_strike,dom3_call_oi_max5,dom3_call_oi_max5_strike
2023-09-18,289.0,743.0,201.0,402.0,0.0,0.0,SH405,0.2813890272373541,0.238518910891089,0.31583,0.238814,0.27584203539823,0.179409898785425,0.1089302507192766,0.0525432128397917,0.0505784217016029,0.0102543175245806,283.0,727.0,199.0,387.0,0.0,0.0,107.0,2960,67.0,2600,31.0,2720,21.0,2880,17.0,2840,529.0,3240,73.0,3000,37.0,2880,18.0,3040,17.0,3200,105.0,2960,39.0,2600,11.0,2920,10.0,2840,9.0,2720,246.0,3240,60.0,3000,28.0,2880,15.0,3040,11.0,3200,SH406,0.2793554335071708,,0.0050049999999999,-0.0050549999999999,0.2793896577574967,0.1681963254113345,0.1111259564164649,0.0678032723948811,0.0544713962873285,0.0343389213893967,6.0,16.0,2.0,15.0,0.0,0.0,5.0,3080,1.0,2560,0.0,2840,0.0,2600,0.0,2640,16.0,3200,0.0,2880,0.0,2600,0.0,2640,0.0,2680,1.0,2560,1.0,3080,0.0,2840,0.0,2600,0.0,2640,15.0,3200,0.0,2880,0.0,2600,0.0,2640,0.0,2680,,,,,,,,,,,,,,,,,,,,,,,,,,,,,,,,,,,,,,,,,,,,,,,,,,,,,,,,,
2023-09-19,1008.0,2982.0,555.0,1200.0,0.0,0.0,SH405,0.311,0.2475770290344362,0.31889,0.27284,0.3000160714285714,0.1424318568534773,0.1644113974287311,0.0372866846725185,0.0753616489659027,0.0022382939455323,898.0,2809.0,458.0,1042.0,0.0,0.0,486.0,2600,154.0,2560,58.0,2960,41.0,2640,28.0,2720,2247.0,3240,115.0,3160,100.0,3000,74.0,3040,73.0,3200,160.0,2600,117.0,2960,53.0,2560,18.0,2920,15.0,2640,757.0,3240,71.0,3000,49.0,3160,33.0,3200,28.0,3040,SH406,0.2921864864864865,0.2416144410006641,0.047474,0.227983,0.2901227450980392,0.1394072238211202,0.1595252934600335,0.0372000066415762,0.0780496087199553,0.0031309342483949,110.0,173.0,97.0,158.0,0.0,0.0,14.0,2520,14.0,2600,14.0,2800,12.0,2840,11.0,2960,62.0,3200,42.0,3160,27.0,3120,12.0,3080,9.0,3040,11.0,2520,11.0,2960,11.0,2800,9.0,2840,9.0,2560,65.0,3200,33.0,3160,21.0,3120,12.0,3080,9.0,3040,,,,,,,,,,,,,,,,,,,,,,,,,,,,,,,,,,,,,,,,,,,,,,,,,,,,,,,,,
2023-09-20,641.0,2188.0,844.0,1602.0,0.0,0.0,SH405,0.3264661352657004,0.29479,0.33517175,0.2838259999999999,0.3327996256684492,0.29479,0.1937237129012719,0.29479,0.0919550878255602,0.29479,572.0,2038.0,693.0,1336.0,0.0,0.0,164.0,3040,135.0,2600,59.0,2880,52.0,2560,45.0,3000,1138.0,3240,549.0,3360,156.0,3120,59.0,3080,29.0,3160,200.0,2600,126.0,2960,98.0,3040,73.0,2560,53.0,2880,680.0,3240,206.0,3360,121.0,3120,71.0,3000,55.0,3160,SH406,0.3035975238095238,0.260385820229993,0.305319,-0.0051465,0.3138644693094629,0.1631692044121098,0.1910348145933014,0.0659525885942267,0.1032746471291866,0.0335470499882656,69.0,150.0,151.0,266.0,0.0,0.0,42.0,2520,9.0,2560,3.0,3160,3.0,3120,3.0,3080,53.0,3240,49.0,3320,36.0,3280,12.0,3200,0.0,2880,44.0,2520,15.0,2560,11.0,2800,11.0,2960,9.0,2840,68.0,3200,38.0,3240,37.0,3320,33.0,3160,30.0,3280,,,,,,,,,,,,,,,,,,,,,,,,,,,,,,,,,,,,,,,,,,,,,,,,,,,,,,,,,
2023-09-21,723.0,1289.0,1039.0,1772.0,0.0,0.0,SH405,0.3027288636363636,0.285066,0.305938,0.275086,0.310531923076923,0.1978168798842257,0.1726483813747228,0.0587011056439942,0.0841672283813747,0.0123291808972503,723.0,1286.0,888.0,1503.0,0.0,0.0,161.0,2600,91.0,2960,87.0,3040,63.0,2560,63.0,2760,624.0,3240,261.0,3360,157.0,3440,77.0,3000,33.0,3120,234.0,2600,129.0,2960,84.0,2560,77.0,3040,57.0,2880,721.0,3240,224.0,3360,114.0,3120,93.0,3440,73.0,3000,SH406,-0.0126555084067253,0.27035,0.005101,-0.005181,-0.0075018855084067,0.1943862218370883,-0.002348262610088,0.0767952339688041,-0.0006303883106485,0.0375982380127094,0.0,3.0,151.0,269.0,0.0,0.0,0.0,3400,0.0,2960,0.0,2600,0.0,2640,0.0,2680,3.0,3400,0.0,2960,0.0,2600,0.0,2640,0.0,2680,44.0,2520,15.0,2560,11.0,2800,11.0,2960,9.0,2840,68.0,3200,38.0,3240,37.0,3320,33.0,3160,30.0,3280,,,,,,,,,,,,,,,,,,,,,,,,,,,,,,,,,,,,,,,,,,,,,,,,,,,,,,,,,
2023-09-22,353.0,1102.0,1178.0,1940.0,0.0,0.0,SH405,0.3043564601769911,0.27047864,0.30796,0.2598574999999999,0.3046566367713004,0.1891317329462989,0.1956670224378411,0.0596048824383163,0.1134262704669496,0.0164292656023222,338.0,1078.0,1020.0,1659.0,0.0,0.0,108.0,2600,81.0,2560,56.0,3000,19.0,2800,19.0,2920,537.0,3240,279.0,3440,113.0,3360,40.0,3000,26.0,3400,279.0,2600,132.0,2560,126.0,2960,77.0,3040,61.0,2920,741.0,3240,226.0,3360,162.0,3440,117.0,3120,108.0,3000,SH406,0.2041588712011577,0.2586039436619718,0.00506825,-0.005192,0.2630535890014472,0.1874616666666667,0.1710595590828924,0.0755866666666666,0.0841312815990594,0.038295,15.0,24.0,158.0,281.0,0.0,0.0,15.0,2520,0.0,3400,0.0,2960,0.0,2600,0.0,2640,9.0,3400,3.0,3320,3.0,3280,3.0,3200,3.0,3160,51.0,2520,15.0,2560,11.0,2800,11.0,2960,9.0,2840,68.0,3200,38.0,3240,37.0,3320,33.0,3160,30.0,3280,,,,,,,,,,,,,,,,,,,,,,,,,,,,,,,,,,,,,,,,,,,,,,,,,,,,,,,,,
2023-09-25,1493.0,1721.0,1583.0,2030.0,0.0,0.0,SH405,0.301372,0.2623436708860759,0.30120625,0.25087125,0.2998161538461539,0.2484816230366492,0.2970413014827018,0.079981249065071,0.2944716968698517,0.0238144577412116,1493.0,1721.0,1425.0,1749.0,0.0,0.0,371.0,2600,123.0,2640,118.0,2760,115.0,2960,109.0,2680,734.0,3240,380.0,3440,138.0,3360,65.0,3400,57.0,3080,380.0,2600,175.0,2960,133.0,2560,114.0,2640,83.0,3040,629.0,3240,258.0,3440,215.0,3360,124.0,3120,120.0,3000,SH406,-0.0186382888021615,0.0186977181745396,0.005064,-0.00518,-0.0123128610027018,0.0123596477181745,-0.0059874332032422,0.0060215772618094,-0.003878957270089,0.0039088871096877,0.0,0.0,158.0,281.0,0.0,0.0,0.0,3400,0.0,2960,0.0,2600,0.0,2640,0.0,2680,0.0,3400,0.0,2960,0.0,2600,0.0,2640,0.0,2680,51.0,2520,15.0,2560,11.0,2800,11.0,2960,9.0,2840,68.0,3200,38.0,3240,37.0,3320,33.0,3160,30.0,3280,,,,,,,,,,,,,,,,,,,,,,,,,,,,,,,,,,,,,,,,,,,,,,,,,,,,,,,,,
2023-09-26,1120.0,1783.0,1751.0,2227.0,0.0,0.0,SH405,0.2968,0.2541746959459459,0.2967525,0.2500305,0.2812456914893617,0.2638244055944056,0.3007755693733236,0.0914481343283582,0.3020862253108998,0.0294871061359867,1120.0,1783.0,1593.0,1946.0,0.0,0.0,360.0,2600,119.0,2960,79.0,2560,78.0,3000,77.0,2880,494.0,3240,188.0,3360,149.0,3280,148.0,3320,134.0,3440,473.0,2600,150.0,2960,144.0,2560,119.0,2640,85.0,3040,562.0,3240,368.0,3440,242.0,3360,137.0,3120,88.0,3000,SH406,-0.02030848994296,0.020413618895116,0.0050875,-0.00519875,-0.0133406124287,0.0134195236188951,-0.0063727349144401,0.0064254283426741,-0.0040501090763534,0.0040940632506004,0.0,0.0,158.0,281.0,0.0,0.0,0.0,3400,0.0,2960,0.0,2600,0.0,2640,0.0,2680,0.0,3400,0.0,2960,0.0,2600,0.0,2640,0.0,2680,51.0,2520,15.0,2560,11.0,2800,11.0,2960,9.0,2840,68.0,3200,38.0,3240,37.0,3320,33.0,3160,30.0,3280,,,,,,,,,,,,,,,,,,,,,,,,,,,,,,,,,,,,,,,,,,,,,,,,,,,,,,,,,
2023-09-27,867.0,890.0,1831.0,2244.0,0.0,0.0,SH405,0.2933101612903225,0.2584125,0.293764,0.2447,0.2904492727272727,0.2677170629370629,0.1142353233404711,0.0930392482150357,0.0478712976445396,0.028455039899202,867.0,890.0,1673.0,1963.0,0.0,0.0,355.0,2600,224.0,2560,83.0,2800,40.0,2840,37.0,2720,546.0,3240,105.0,3440,61.0,3200,52.0,3360,22.0,2880,527.0,2600,151.0,2960,149.0,2560,119.0,2640,91.0,2680,519.0,3240,362.0,3440,249.0,3360,140.0,3120,93.0,3200,SH406,-0.0194773178542834,0.0195903002101471,0.0051639999999999,-0.0052135,-0.0117641473178542,0.0118403752626838,-0.0040509767814251,0.0040904503152206,-0.0014799199359487,0.0015071419993995,0.0,0.0,158.0,281.0,0.0,0.0,0.0,3400,0.0,2960,0.0,2600,0.0,2640,0.0,2680,0.0,3400,0.0,2960,0.0,2600,0.0,2640,0.0,2680,51.0,2520,15.0,2560,11.0,2800,11.0,2960,9.0,2840,68.0,3200,38.0,3240,37.0,3320,33.0,3160,30.0,3280,,,,,,,,,,,,,,,,,,,,,,,,,,,,,,,,,,,,,,,,,,,,,,,,,,,,,,,,,
2023-09-28,812.0,719.0,1912.0,2382.0,0.0,0.0,SH405,0.2901082954545454,0.2794651836734693,0.29101,0.28042,0.2709650151057401,0.2737563386727689,0.2830036336485814,0.1292339416058394,0.2823080139372823,0.0519346715328467,800.0,713.0,1745.0,2095.0,0.0,0.0,350.0,2600,82.0,2800,79.0,2960,58.0,2440,45.0,2840,330.0,3240,102.0,3440,62.0,2920,37.0,3320,28.0,3120,619.0,2600,145.0,2560,140.0,2960,122.0,2640,91.0,2680,600.0,3240,362.0,3440,246.0,3360,155.0,3120,101.0,3200,SH406,0.2051499291309213,0.2181823150357995,0.0051484999999999,-0.005198,0.2468974114136516,0.2822753937947494,0.1337945869676757,0.1226429856584093,0.0668063878912262,0.0604461147327249,12.0,6.0,167.0,287.0,0.0,0.0,12.0,2400,0.0,2480,0.0,3000,0.0,2600,0.0,2640,3.0,3400,3.0,3360,0.0,2480,0.0,3000,0.0,2600,51.0,2520,15.0,2560,11.0,2960,11.0,2800,9.0,2400,68.0,3200,38.0,3240,37.0,3320,33.0,3160,30.0,3280,,,,,,,,,,,,,,,,,,,,,,,,,,,,,,,,,,,,,,,,,,,,,,,,,,,,,,,,,
2023-10-09,929.0,1326.0,2248.0,2622.0,0.0,0.0,SH405,0.2994606037735848,0.2506382653061224,0.29808625,0.23900775,0.2912625409836065,0.2716082511210762,0.29049,0.2805644407008086,0.2904899999999999,0.2778146933962264,925.0,1326.0,2080.0,2335.0,0.0,0.0,435.0,2440,109.0,2600,86.0,2560,59.0,2960,42.0,2760,475.0,3440,310.0,3240,105.0,3320,99.0,3280,83.0,3000,587.0,2600,356.0,2440,183.0,2560,123.0,2640,105.0,2960,699.0,3240,286.0,3440,260.0,3360,162.0,3120,154.0,3320,SH406,0.2938499999999999,,,,0.2938499999999999,,0.29385,,0.29385,,4.0,0.0,168.0,287.0,0.0,0.0,4.0,2360,0.0,3040,0.0,2600,0.0,2640,0.0,2680,0.0,2360,0.0,3040,0.0,2600,0.0,2640,0.0,2680,51.0,2520,15.0,2560,11.0,2960,11.0,2800,9.0,2400,68.0,3200,38.0,3240,37.0,3320,33.0,3160,30.0,3280,,,,,,,,,,,,,,,,,,,,,,,,,,,,,,,,,,,,,,,,,,,,,,,,,,,,,,,,,
2023-10-10,1915.0,2421.0,2594.0,3164.0,0.0,0.0,SH405,0.3078994941634241,0.2665721794871795,0.3006,0.26448,0.2991666818181818,0.2827240136054422,0.31148,,0.31148,,1896.0,2421.0,2409.0,2877.0,0.0,0.0,758.0,2440,352.0,2400,251.0,2600,104.0,2360,97.0,2560,519.0,3240,416.0,3440,252.0,2880,155.0,3160,131.0,3000,557.0,2600,485.0,2440,194.0,2560,148.0,2400,123.0,2640,845.0,3240,425.0,3440,202.0,3360,159.0,3320,154.0,3120,SH406,0.2942099999999999,,,,0.29421,,0.2942099999999999,,0.29421,,19.0,0.0,185.0,287.0,0.0,0.0,19.0,2320,0.0,2360,0.0,2600,0.0,2640,0.0,2680,0.0,2320,0.0,2360,0.0,2600,0.0,2640,0.0,2680,51.0,2520,17.0,2320,15.0,2560,11.0,2800,11.0,2960,68.0,3200,38.0,3240,37.0,3320,33.0,3160,30.0,3280,,,,,,,,,,,,,,,,,,,,,,,,,,,,,,,,,,,,,,,,,,,,,,,,,,,,,,,,,
2023-10-11,1235.0,1614.0,2867.0,3499.0,0.0,0.0,SH405,0.313221216730038,0.2638786363636364,0.317868,0.24258,0.299698,0.271566,0.3021116556914393,,0.3022715804327375,,1235.0,1614.0,2682.0,3212.0,0.0,0.0,271.0,2600,216.0,2280,156.0,2400,116.0,2440,84.0,2560,394.0,3240,177.0,3440,124.0,2880,119.0,3360,87.0,2760,600.0,2600,481.0,2440,193.0,2560,167.0,2400,141.0,2280,997.0,3240,414.0,3440,172.0,3320,169.0,3360,165.0,3120,SH406,,,,,,,,,,,0.0,0.0,185.0,287.0,0.0,0.0,0.0,2280,0.0,3080,0.0,2600,0.0,2640,0.0,2680,0.0,2280,0.0,3080,0.0,2600,0.0,2640,0.0,2680,51.0,2520,17.0,2320,15.0,2560,11.0,2800,11.0,2960,68.0,3200,38.0,3240,37.0,3320,33.0,3160,30.0,3280,,,,,,,,,,,,,,,,,,,,,,,,,,,,,,,,,,,,,,,,,,,,,,,,,,,,,,,,,
2023-10-12,634.0,1143.0,2945.0,3406.0,0.0,0.0,SH405,0.3092422988505747,0.2891010344827588,0.30382775,0.251972,0.2966807531380753,0.2780681818181819,0.3000693140071385,,0.3003766179159049,,634.0,1143.0,2760.0,3119.0,0.0,0.0,140.0,2600,111.0,2440,104.0,2400,91.0,2280,50.0,2720,451.0,3240,181.0,3440,83.0,3120,76.0,3000,59.0,2880,574.0,2600,510.0,2440,192.0,2560,172.0,2400,158.0,2280,849.0,3240,448.0,3440,173.0,3360,172.0,3320,158.0,3000,SH406,,,,,,,,,,,0.0,0.0,185.0,287.0,0.0,0.0,0.0,2280,0.0,3080,0.0,2600,0.0,2640,0.0,2680,0.0,2280,0.0,3080,0.0,2600,0.0,2640,0.0,2680,51.0,2520,17.0,2320,15.0,2560,11.0,2800,11.0,2960,68.0,3200,38.0,3240,37.0,3320,33.0,3160,30.0,3280,,,,,,,,,,,,,,,,,,,,,,,,,,,,,,,,,,,,,,,,,,,,,,,,,,,,,,,,,
2023-10-13,521.0,1375.0,2953.0,3523.0,0.0,0.0,SH405,0.2957626388888889,0.2731539074550129,0.3006615,0.2614729999999999,0.2906509876543209,0.28303005,0.290582169086251,,0.2906611614005124,,521.0,1369.0,2768.0,3239.0,0.0,0.0,176.0,2600,81.0,2440,62.0,2280,33.0,2400,29.0,2360,403.0,3240,252.0,3440,123.0,3120,99.0,3000,92.0,3360,546.0,2600,525.0,2440,199.0,2560,163.0,2400,160.0,2280,919.0,3240,493.0,3440,184.0,3360,169.0,3000,156.0,3320,SH406,,,,,,,,,,,0.0,6.0,185.0,284.0,0.0,0.0,0.0,2280,0.0,3080,0.0,2600,0.0,2640,0.0,2680,6.0,3400,0.0,2280,0.0,3080,0.0,2600,0.0,2640,51.0,2520,17.0,2320,15.0,2560,11.0,2800,11.0,2960,68.0,3200,38.0,3240,37.0,3320,33.0,3160,30.0,3280,,,,,,,,,,,,,,,,,,,,,,,,,,,,,,,,,,,,,,,,,,,,,,,,,,,,,,,,,
2023-10-16,1089.0,1528.0,3060.0,3718.0,0.0,0.0,SH405,0.2980883450704225,0.2708604054054054,0.30152,0.265164,0.2976667829457364,0.2848021739130435,0.29749388593605,,0.2976309820298659,,1089.0,1516.0,2875.0,3432.0,0.0,0.0,243.0,2400,195.0,2600,154.0,2280,81.0,2440,78.0,2360,333.0,3240,309.0,3440,200.0,3000,110.0,3120,75.0,3360,533.0,2440,497.0,2600,236.0,2400,216.0,2280,206.0,2560,982.0,3240,542.0,3440,197.0,3000,179.0,3120,175.0,3360,SH406,,,,,,,,,,,0.0,12.0,185.0,286.0,0.0,0.0,0.0,2280,0.0,3080,0.0,2600,0.0,2640,0.0,2680,9.0,3400,3.0,3360,0.0,2280,0.0,3040,0.0,2600,51.0,2520,17.0,2320,15.0,2560,11.0,2800,11.0,2960,68.0,3200,38.0,3240,37.0,3320,33.0,3160,30.0,3280,,,,,,,,,,,,,,,,,,,,,,,,,,,,,,,,,,,,,,,,,,,,,,,,,,,,,,,,,
2023-10-17,2061.0,2204.0,3693.0,4531.0,0.0,0.0,SH405,0.3000386476868327,0.2728318587360595,0.30840175,0.26558325,0.3001337743190662,0.2919079391891892,0.30537,,0.30537,,2061.0,2139.0,3508.0,4208.0,0.0,0.0,451.0,2600,289.0,2400,279.0,2280,273.0,2240,141.0,2440,512.0,3240,215.0,3440,212.0,2800,207.0,3000,193.0,3080,621.0,2600,575.0,2440,309.0,2280,304.0,2400,214.0,2560,1201.0,3240,640.0,3440,264.0,3000,201.0,3120,171.0,2880,SH406,,,,,,,,,,,0.0,65.0,185.0,323.0,0.0,0.0,0.0,2240,0.0,2280,0.0,2600,0.0,2640,0.0,2680,21.0,3360,20.0,3400,18.0,3320,6.0,3280,0.0,2960,51.0,2520,17.0,2320,15.0,2560,11.0,2960,11.0,2800,68.0,3200,49.0,3320,38.0,3240,33.0,3280,33.0,3160,,,,,,,,,,,,,,,,,,,,,,,,,,,,,,,,,,,,,,,,,,,,,,,,,,,,,,,,,
2023-10-18,933.0,1867.0,3823.0,5149.0,0.0,0.0,SH405,0.3027563667820069,0.2663595986622074,0.303858,0.260108,0.2986294366197182,0.2767893193717278,0.30133,,0.30133,,933.0,1866.0,3638.0,4825.0,0.0,0.0,148.0,2440,142.0,2200,97.0,2280,90.0,2600,88.0,2760,481.0,3000,332.0,3240,147.0,3440,125.0,2840,121.0,2920,622.0,2600,559.0,2440,323.0,2280,270.0,2400,213.0,2560,1236.0,3240,683.0,3440,404.0,3000,221.0,2880,211.0,3120,SH406,,,,,,,,,,,0.0,1.0,185.0,324.0,0.0,0.0,0.0,2200,0.0,3120,0.0,2600,0.0,2640,0.0,2680,1.0,3120,0.0,2200,0.0,2600,0.0,2640,0.0,2680,51.0,2520,17.0,2320,15.0,2560,11.0,2960,11.0,2800,68.0,3200,49.0,3320,38.0,3240,33.0,3280,33.0,3160,,,,,,,,,,,,,,,,,,,,,,,,,,,,,,,,,,,,,,,,,,,,,,,,,,,,,,,,,
2023-10-19,2112.0,2881.0,4168.0,5694.0,0.0,0.0,SH405,0.3001046204620462,0.277825197044335,0.29477925,0.2569114999999999,0.2953813043478261,0.2807344705882353,0.29946,0.2978949462365591,0.2994599999999999,,2111.0,2881.0,3982.0,5370.0,0.0,0.0,461.0,2200,263.0,2280,237.0,2520,177.0,2440,168.0,2160,688.0,3240,558.0,3000,236.0,3440,173.0,2520,133.0,2920,599.0,2600,533.0,2440,340.0,2280,271.0,2400,215.0,2560,1360.0,3240,726.0,3440,510.0,3000,231.0,2880,212.0,3120,SH406,0.18989,,,,0.18989,,0.18989,,0.18989,,1.0,0.0,186.0,324.0,0.0,0.0,1.0,2160,0.0,2200,0.0,2600,0.0,2640,0.0,2680,0.0,2160,0.0,2200,0.0,2600,0.0,2640,0.0,2680,51.0,2520,17.0,2320,15.0,2560,11.0,2800,11.0,2960,68.0,3200,49.0,3320,38.0,3240,33.0,3160,33.0,3280,,,,,,,,,,,,,,,,,,,,,,,,,,,,,,,,,,,,,,,,,,,,,,,,,,,,,,,,,
2023-10-20,681.0,1583.0,4183.0,5968.0,0.0,0.0,SH405,0.2930134426229508,0.2693561538461538,0.30120275,0.25530775,0.2937865567765568,0.2766259930313589,0.29647,0.2948456603773584,0.29647,0.2960803380049464,680.0,1562.0,3997.0,5644.0,0.0,0.0,103.0,2440,93.0,2120,77.0,2200,65.0,2360,58.0,2600,371.0,3240,365.0,3440,200.0,3000,111.0,2920,92.0,2800,587.0,2600,563.0,2440,347.0,2280,267.0,2400,206.0,2360,1471.0,3240,751.0,3440,555.0,3000,248.0,2880,216.0,2800,SH406,,,,,,,,,,,1.0,21.0,186.0,324.0,0.0,0.0,1.0,2160,0.0,2880,0.0,3120,0.0,3080,0.0,3040,6.0,3200,6.0,3360,3.0,3240,3.0,3280,3.0,3160,51.0,2520,17.0,2320,15.0,2560,11.0,2960,11.0,2800,62.0,3200,49.0,3320,41.0,3240,33.0,3280,30.0,3160,,,,,,,,,,,,,,,,,,,,,,,,,,,,,,,,,,,,,,,,,,,,,,,,,,,,,,,,,
2023-10-23,868.0,1742.0,4202.0,6121.0,0.0,0.0,SH405,0.2988715384615384,0.2631390909090909,0.30594125,0.25670875,0.2984085333333333,0.2794443529411765,0.29085,0.3005861538461538,0.29085,0.2987518032786885,867.0,1739.0,4016.0,5794.0,0.0,0.0,182.0,2200,105.0,2440,85.0,2280,70.0,2240,69.0,2160,467.0,3240,242.0,3000,152.0,3440,145.0,2800,104.0,2600,581.0,2600,557.0,2440,338.0,2280,273.0,2400,200.0,2200,1529.0,3240,749.0,3440,557.0,3000,252.0,2880,232.0,2800,SH406,,,,,,,,,,,1.0,3.0,186.0,327.0,0.0,0.0,1.0,2160,0.0,2880,0.0,3120,0.0,3080,0.0,3040,3.0,3320,0.0,2120,0.0,2880,0.0,3080,0.0,3040,51.0,2520,17.0,2320,15.0,2560,11.0,2960,11.0,2800,62.0,3200,52.0,3320,41.0,3240,33.0,3280,30.0,3160,,,,,,,,,,,,,,,,,,,,,,,,,,,,,,,,,,,,,,,,,,,,,,,,,,,,,,,,,
2023-10-24,828.0,2033.0,4194.0,6274.0,0.0,0.0,SH405,0.295280099009901,0.2618655555555556,0.29507475,0.25044025,0.2970838028169014,0.2714185234899329,0.29332,0.2943351904243743,0.2933200000000001,0.29121359085963,825.0,2033.0,4005.0,5947.0,0.0,0.0,148.0,2600,122.0,2320,72.0,2200,72.0,2360,61.0,2240,733.0,3240,236.0,3440,133.0,3000,101.0,2720,90.0,2800,572.0,2600,546.0,2440,329.0,2280,272.0,2400,193.0,2200,1505.0,3240,785.0,3440,560.0,3000,243.0,2880,237.0,3120,SH406,0.28858,,,,0.28858,,0.28858,,0.28858,,3.0,0.0,189.0,327.0,0.0,0.0,3.0,2120,0.0,3160,0.0,2600,0.0,2640,0.0,2680,0.0,2120,0.0,3160,0.0,2600,0.0,2640,0.0,2680,51.0,2520,17.0,2320,15.0,2560,11.0,2800,11.0,2960,62.0,3200,52.0,3320,41.0,3240,33.0,3280,30.0,3160,,,,,,,,,,,,,,,,,,,,,,,,,,,,,,,,,,,,,,,,,,,,,,,,,,,,,,,,,
2023-10-25,773.0,1459.0,4252.0,6264.0,0.0,0.0,SH405,0.284572188449848,0.270653379501385,0.28950525,,0.2823927272727272,0.2790020087336244,0.28642,0.3084118885672938,0.28642,0.3062858936324167,770.0,1459.0,4060.0,5937.0,0.0,0.0,139.0,2440,87.0,2200,85.0,2240,80.0,2120,80.0,2600,584.0,3240,245.0,3440,110.0,2960,97.0,3000,81.0,2920,606.0,2600,534.0,2440,331.0,2280,296.0,2400,189.0,2560,1474.0,3240,793.0,3440,545.0,3000,250.0,2800,249.0,2920,SH406,,,,,,,,,,,3.0,0.0,192.0,327.0,0.0,0.0,3.0,2200,0.0,2120,0.0,2840,0.0,3080,0.0,3040,0.0,2120,0.0,3160,0.0,2600,0.0,2640,0.0,2680,51.0,2520,17.0,2320,15.0,2560,11.0,2800,11.0,2960,62.0,3200,52.0,3320,41.0,3240,33.0,3280,30.0,3160,,,,,,,,,,,,,,,,,,,,,,,,,,,,,,,,,,,,,,,,,,,,,,,,,,,,,,,,,
2023-10-26,1136.0,1720.0,4350.0,6689.0,0.0,0.0,SH405,0.2852910410094637,0.2545622282608696,0.291524,0.248752,0.2824622509225092,0.2590377327935222,0.28414,0.2881166265060241,0.28414,,1118.0,1698.0,4143.0,6357.0,0.0,0.0,183.0,2280,124.0,2600,115.0,2360,113.0,2160,111.0,2200,576.0,3240,227.0,3440,189.0,2960,89.0,3000,78.0,2800,608.0,2600,526.0,2440,337.0,2280,307.0,2400,189.0,2560,1708.0,3240,797.0,3440,588.0,3000,272.0,2920,269.0,2800,SH406,0.2834660569456428,,,,0.2840225711820535,,0.28124,,0.28124,,18.0,22.0,207.0,332.0,0.0,0.0,15.0,2120,3.0,2200,0.0,2840,0.0,3080,0.0,3040,10.0,3400,9.0,3360,3.0,3280,0.0,2120,0.0,3120,51.0,2520,17.0,2320,15.0,2120,15.0,2560,11.0,2800,62.0,3200,52.0,3320,41.0,3240,33.0,3280,30.0,3360,,,,,,,,,,,,,,,,,,,,,,,,,,,,,,,,,,,,,,,,,,,,,,,,,,,,,,,,,
2023-10-27,1020.0,1756.0,4394.0,7145.0,0.0,0.0,SH405,0.2717500900900901,0.2450263126843657,0.276564,0.23430825,0.2668218835616438,0.2561407017543859,0.27045,0.2809951764705882,0.27045,0.2852384615384615,979.0,1705.0,4147.0,6805.0,0.0,0.0,162.0,2160,150.0,2600,140.0,2200,78.0,2400,66.0,2280,371.0,3240,244.0,3440,181.0,2960,141.0,2800,125.0,2920,606.0,2600,513.0,2440,317.0,2400,296.0,2280,218.0,2200,1813.0,3240,888.0,3440,625.0,3000,302.0,2920,296.0,2960,SH406,0.285828323488752,,,,0.2859829043609401,,0.2852099999999999,,0.2852099999999999,,41.0,51.0,247.0,340.0,0.0,0.0,14.0,2120,12.0,2200,9.0,2160,6.0,2240,0.0,2840,39.0,3400,3.0,3240,3.0,3280,3.0,3320,3.0,3360,51.0,2520,28.0,2120,18.0,2200,17.0,2320,15.0,2560,62.0,3200,55.0,3320,44.0,3240,36.0,3280,30.0,3360,,,,,,,,,,,,,,,,,,,,,,,,,,,,,,,,,,,,,,,,,,,,,,,,,,,,,,,,,
2023-10-30,2155.0,3005.0,4693.0,7908.0,0.0,0.0,SH405,0.2780212765957447,0.2486532236842105,0.276402,0.239974,0.2786428275862069,0.2640949019607843,0.26965,0.2883586956521738,0.26965,0.284100306122449,2155.0,3005.0,4446.0,7568.0,0.0,0.0,589.0,2200,308.0,2160,184.0,2120,157.0,2360,146.0,2240,548.0,3240,459.0,2800,250.0,2720,246.0,2960,243.0,2880,609.0,2600,503.0,2440,318.0,2280,301.0,2400,278.0,2200,2053.0,3240,914.0,3440,569.0,3000,388.0,2920,384.0,2960,SH406,,,,,,,,,,,0.0,0.0,247.0,340.0,0.0,0.0,0.0,2120,0.0,3160,0.0,2600,0.0,2640,0.0,2680,0.0,2120,0.0,3160,0.0,2600,0.0,2640,0.0,2680,51.0,2520,28.0,2120,18.0,2200,17.0,2320,15.0,2560,62.0,3200,55.0,3320,44.0,3240,36.0,3280,30.0,3360,,,,,,,,,,,,,,,,,,,,,,,,,,,,,,,,,,,,,,,,,,,,,,,,,,,,,,,,,
2023-10-31,1327.0,2419.0,4999.0,7324.0,0.0,0.0,SH405,0.2789633850931677,0.2586257605177993,0.28121775,0.247743,0.271972262295082,0.2648097872340426,0.28251,0.285001615245009,0.28251,0.2800419963702359,1327.0,2410.0,4752.0,6981.0,0.0,0.0,360.0,2200,223.0,2120,148.0,2160,99.0,2600,91.0,2280,612.0,3240,306.0,3000,210.0,2640,171.0,2800,157.0,2960,594.0,2600,497.0,2440,451.0,2200,325.0,2120,308.0,2400,1926.0,3240,912.0,3440,510.0,3000,340.0,2800,312.0,2920,SH406,,,,,,,,,,,0.0,9.0,247.0,343.0,0.0,0.0,0.0,2120,0.0,3160,0.0,2600,0.0,2640,0.0,2680,6.0,3360,3.0,3400,0.0,2120,0.0,2880,0.0,3040,51.0,2520,28.0,2120,18.0,2200,17.0,2320,15.0,2560,62.0,3200,55.0,3320,44.0,3240,36.0,3280,30.0,3360,,,,,,,,,,,,,,,,,,,,,,,,,,,,,,,,,,,,,,,,,,,,,,,,,,,,,,,,,
2023-11-01,1920.0,3084.0,5157.0,7516.0,0.0,0.0,SH405,0.2739778443113772,0.2471654687499999,0.2746755,0.2409395,0.2723468813559322,0.2563206741573034,0.27687,0.2726542857142857,0.27687,,1920.0,3063.0,4910.0,7182.0,0.0,0.0,397.0,2200,262.0,2280,253.0,2120,183.0,2240,131.0,2600,783.0,3000,497.0,3240,352.0,2920,233.0,2800,206.0,3440,581.0,2600,554.0,2200,526.0,2440,332.0,2120,317.0,2280,1941.0,3240,891.0,3440,623.0,3000,359.0,2800,357.0,2920,SH406,,,,,,,,,,,0.0,21.0,247.0,334.0,0.0,0.0,0.0,2120,0.0,3160,0.0,2600,0.0,2640,0.0,2680,3.0,3200,3.0,3160,3.0,3240,3.0,3280,3.0,3320,51.0,2520,28.0,2120,18.0,2200,17.0,2320,15.0,2560,59.0,3200,55.0,3320,44.0,3240,36.0,3280,27.0,3360,,,,,,,,,,,,,,,,,,,,,,,,,,,,,,,,,,,,,,,,,,,,,,,,,,,,,,,,,
2023-11-02,1050.0,1991.0,5120.0,7592.0,0.0,0.0,SH405,0.2705236176470588,0.2350030081300813,0.2693562499999999,0.227796,0.2689361829652996,0.2440117543859649,0.27018,0.2627907339449541,0.27018,,1044.0,1958.0,4879.0,7270.0,0.0,0.0,512.0,2200,142.0,2240,81.0,2120,53.0,2320,52.0,2560,525.0,3240,282.0,3000,226.0,2800,186.0,2960,160.0,3440,594.0,2600,535.0,2440,425.0,2200,347.0,2120,315.0,2400,1961.0,3240,912.0,3440,670.0,3000,334.0,2800,328.0,2920,SH406,0.26663,,,,0.26663,,0.26663,0.2591030693069307,0.26663,,6.0,33.0,241.0,322.0,0.0,0.0,6.0,2120,0.0,3160,0.0,2600,0.0,2640,0.0,2680,9.0,3360,6.0,3400,6.0,3240,3.0,3200,3.0,3160,51.0,2520,22.0,2120,18.0,2200,17.0,2320,15.0,2560,59.0,3200,52.0,3320,41.0,3240,33.0,3280,28.0,3400,,,,,,,,,,,,,,,,,,,,,,,,,,,,,,,,,,,,,,,,,,,,,,,,,,,,,,,,,
2023-11-03,1730.0,2060.0,5297.0,7496.0,0.0,1.0,SH405,0.2642712209302326,0.2476558823529411,0.26495,0.229675,0.2622012631578947,0.2404574475524475,0.2665409523809524,0.2598804,0.26603,,1730.0,2051.0,5056.0,7171.0,0.0,1.0,489.0,2160,460.0,2200,130.0,2240,120.0,2600,105.0,2120,467.0,3240,282.0,2920,193.0,2960,186.0,3440,180.0,3000,586.0,2600,532.0,2440,527.0,2200,413.0,2120,311.0,2400,1948.0,3240,948.0,3440,680.0,3000,352.0,2800,275.0,2920,SH406,,,,,,0.2408667743902439,,,,,0.0,9.0,241.0,325.0,0.0,0.0,0.0,2120,0.0,3160,0.0,2600,0.0,2640,0.0,2680,6.0,3400,3.0,3000,0.0,2120,0.0,2880,0.0,3080,51.0,2520,22.0,2120,18.0,2200,17.0,2320,15.0,2560,59.0,3200,52.0,3320,41.0,3240,33.0,3280,31.0,3400,,,,,,,,,,,,,,,,,,,,,,,,,,,,,,,,,,,,,,,,,,,,,,,,,,,,,,,,,
2023-11-06,3177.0,2518.0,5070.0,7576.0,0.0,0.0,SH405,0.264543671641791,0.2298816507936508,0.2688919999999999,0.227456,0.2605352823920266,0.2389610344827586,0.2633866331658291,0.2649868337419414,0.26637,0.2529419776627622,3150.0,2480.0,4838.0,7256.0,0.0,0.0,1227.0,2200,297.0,2440,290.0,2240,284.0,2280,263.0,2600,654.0,3000,530.0,3240,298.0,3440,151.0,2800,127.0,3120,682.0,2200,499.0,2600,411.0,2120,341.0,2440,295.0,2280,1947.0,3240,1022.0,3440,786.0,3000,359.0,2800,268.0,2920,SH406,0.2694556797104727,,,,0.2687295996380909,,0.27046,,0.27236,,27.0,38.0,232.0,320.0,0.0,0.0,18.0,2120,6.0,2160,3.0,2200,0.0,2600,0.0,2640,12.0,3280,6.0,3200,6.0,3240,4.0,3400,4.0,3160,51.0,2520,18.0,2200,17.0,2320,16.0,2120,15.0,2560,56.0,3200,52.0,3320,41.0,3240,33.0,3280,31.0,3400,,,,,,,,,,,,,,,,,,,,,,,,,,,,,,,,,,,,,,,,,,,,,,,,,,,,,,,,,
2023-11-07,2348.0,3392.0,5055.0,7848.0,0.0,0.0,SH405,0.2657183667621776,0.2293758356164383,0.2657834999999999,0.224773,0.2564166666666666,0.2351690812720848,0.2662138613861386,0.252746976744186,0.26874,,2343.0,3391.0,4822.0,7527.0,0.0,0.0,692.0,2240,377.0,2280,219.0,2320,200.0,2120,130.0,2200,589.0,3000,559.0,3240,428.0,3440,387.0,3040,230.0,2840,666.0,2200,471.0,2600,406.0,2120,326.0,2440,291.0,2400,1957.0,3240,1089.0,3440,697.0,3000,392.0,2800,280.0,2920,SH406,0.2335787699316628,,,,0.2479637357630979,,0.262348701594533,,0.26302,,5.0,1.0,233.0,321.0,0.0,0.0,3.0,2120,2.0,2600,0.0,3160,0.0,2640,0.0,2680,1.0,3080,0.0,2120,0.0,3160,0.0,2600,0.0,2640,51.0,2520,18.0,2200,17.0,2320,16.0,2120,15.0,2560,56.0,3200,52.0,3320,41.0,3240,33.0,3280,31.0,3400,,,,,,,,,,,,,,,,,,,,,,,,,,,,,,,,,,,,,,,,,,,,,,,,,,,,,,,,,
2023-11-08,827.0,1586.0,4985.0,7831.0,0.0,0.0,SH405,0.2614543965517241,0.22472825,0.2553999999999999,0.21200625,0.2594239372822299,0.2336108661417322,0.2671321428571428,0.2566639786856128,0.2666,,786.0,1577.0,4739.0,7512.0,0.0,0.0,316.0,2280,90.0,2320,78.0,2200,57.0,2360,52.0,2400,283.0,3240,174.0,3000,140.0,2880,128.0,3440,127.0,2840,642.0,2200,469.0,2600,399.0,2120,326.0,2440,286.0,2400,1894.0,3240,1123.0,3440,711.0,3000,385.0,2800,259.0,2920,SH406,0.2683603082470629,,,,0.2677478853088286,,0.269022972972973,,0.27081,,41.0,9.0,246.0,319.0,0.0,0.0,26.0,2120,6.0,2200,6.0,2160,3.0,2240,0.0,2840,6.0,3400,3.0,3200,0.0,2880,0.0,3080,0.0,3040,51.0,2520,24.0,2200,20.0,2120,17.0,2320,15.0,2560,57.0,3200,52.0,3320,41.0,3240,33.0,3280,28.0,3160,,,,,,,,,,,,,,,,,,,,,,,,,,,,,,,,,,,,,,,,,,,,,,,,,,,,,,,,,
2023-11-09,1744.0,3322.0,5121.0,7740.0,0.0,0.0,SH405,0.2593049856733525,0.2298011254019292,0.2704459999999999,0.2271265,0.2604471384615384,0.2415619230769231,0.2707160330578512,0.2597805511811024,0.26302,,1744.0,3309.0,4875.0,7418.0,0.0,0.0,493.0,2240,231.0,2280,217.0,2320,126.0,2120,94.0,2600,969.0,3000,495.0,3240,246.0,2960,244.0,3040,208.0,3440,636.0,2200,463.0,2600,391.0,2120,345.0,2440,296.0,2240,1980.0,3240,1129.0,3440,452.0,3000,395.0,2800,319.0,3040,SH406,,,,,,,,,,,0.0,13.0,246.0,322.0,0.0,0.0,0.0,2120,0.0,3160,0.0,2600,0.0,2640,0.0,2680,3.0,3400,3.0,3280,3.0,3320,3.0,3360,1.0,3160,51.0,2520,24.0,2200,20.0,2120,17.0,2320,15.0,2560,57.0,3200,52.0,3320,41.0,3240,33.0,3280,28.0,3160,,,,,,,,,,,,,,,,,,,,,,,,,,,,,,,,,,,,,,,,,,,,,,,,,,,,,,,,,
2023-11-10,5319.0,12543.0,5228.0,8288.0,0.0,0.0,SH405,0.2820124179104478,0.2512565172413793,0.2800299999999999,0.2471755,0.2816635,0.2604520855614973,0.2776972020725389,0.274105852601156,0.27121,0.2616464956647399,5316.0,12528.0,4979.0,7961.0,0.0,0.0,716.0,2240,562.0,2280,530.0,2400,425.0,2440,410.0,2360,4132.0,3240,1774.0,3440,1185.0,3000,774.0,2880,598.0,2800,628.0,2200,426.0,2120,393.0,2600,296.0,2400,296.0,2440,1890.0,3240,1345.0,3440,514.0,3000,472.0,2800,347.0,3040,SH406,0.263,,,,0.263,,0.263,,0.263,,3.0,15.0,249.0,327.0,0.0,0.0,3.0,2120,0.0,3160,0.0,2600,0.0,2640,0.0,2680,15.0,3400,0.0,2120,0.0,2880,0.0,3080,0.0,3040,51.0,2520,24.0,2200,23.0,2120,17.0,2320,15.0,2560,57.0,3200,52.0,3320,41.0,3240,33.0,3280,33.0,3400,,,,,,,,,,,,,,,,,,,,,,,,,,,,,,,,,,,,,,,,,,,,,,,,,,,,,,,,,
2023-11-13,1901.0,4638.0,5081.0,8898.0,0.0,0.0,SH405,0.2703961428571428,0.2449013119533527,0.2726425,0.2383124999999999,0.2710753105590062,0.255335,0.2732957894736842,0.2652362162162162,0.2717799999999999,0.2730727886126259,1901.0,4634.0,4832.0,8571.0,0.0,0.0,348.0,2280,160.0,2320,143.0,2600,142.0,2360,134.0,2400,987.0,3240,774.0,3000,615.0,3440,347.0,3080,299.0,3040,627.0,2200,446.0,2120,364.0,2600,261.0,2280,253.0,2440,2045.0,3240,1319.0,3440,615.0,3000,534.0,2800,416.0,3080,SH406,,,,,,,,,,,0.0,4.0,249.0,327.0,0.0,0.0,0.0,2120,0.0,3160,0.0,2600,0.0,2640,0.0,2680,4.0,3200,0.0,3160,0.0,2600,0.0,2640,0.0,2680,51.0,2520,24.0,2200,23.0,2120,17.0,2320,15.0,2560,57.0,3200,52.0,3320,41.0,3240,33.0,3280,33.0,3400,,,,,,,,,,,,,,,,,,,,,,,,,,,,,,,,,,,,,,,,,,,,,,,,,,,,,,,,,
2023-11-14,859.0,1614.0,5056.0,9079.0,0.0,0.0,SH405,0.2742048520710059,0.2424506853582554,0.274182,0.234546,0.270185078125,0.2496305809128631,0.2805611764705882,0.2690452,0.27153,0.2602578025187078,859.0,1614.0,4807.0,8752.0,0.0,0.0,364.0,2280,139.0,2320,76.0,2120,45.0,2520,45.0,2600,492.0,3240,332.0,3000,271.0,3440,162.0,3080,54.0,3040,626.0,2200,446.0,2120,365.0,2600,299.0,2280,253.0,2440,2033.0,3240,1404.0,3440,675.0,3000,533.0,2800,477.0,3080,SH406,,,,,,,,,,,0.0,0.0,249.0,327.0,0.0,0.0,0.0,2120,0.0,3160,0.0,2600,0.0,2640,0.0,2680,0.0,2120,0.0,3160,0.0,2600,0.0,2640,0.0,2680,51.0,2520,24.0,2200,23.0,2120,17.0,2320,15.0,2560,57.0,3200,52.0,3320,41.0,3240,33.0,3280,33.0,3400,,,,,,,,,,,,,,,,,,,,,,,,,,,,,,,,,,,,,,,,,,,,,,,,,,,,,,,,,
2023-11-15,1809.0,4505.0,5043.0,10157.0,0.0,0.0,SH405,0.2718921492537313,0.2449348973607038,0.2729237499999999,0.22876,0.2710333333333333,0.2517380459770115,0.2696719277108433,0.2812664548343169,0.27024,0.2684816159782116,1806.0,4484.0,4794.0,9815.0,0.0,0.0,503.0,2240,348.0,2280,300.0,2200,149.0,2320,111.0,2360,1578.0,3440,1194.0,3240,432.0,3000,306.0,3040,168.0,3400,482.0,2200,446.0,2120,369.0,2600,301.0,2280,289.0,2400,2161.0,3240,1951.0,3440,749.0,3000,577.0,2800,472.0,3080,SH406,0.26594,,,,0.26594,,0.26594,,0.26594,,3.0,21.0,249.0,342.0,0.0,0.0,3.0,2120,0.0,3160,0.0,2600,0.0,2640,0.0,2680,12.0,3360,9.0,3400,0.0,2120,0.0,2880,0.0,3040,51.0,2520,24.0,2200,23.0,2120,17.0,2320,15.0,2560,57.0,3200,52.0,3320,41.0,3240,39.0,3400,33.0,3280,,,,,,,,,,,,,,,,,,,,,,,,,,,,,,,,,,,,,,,,,,,,,,,,,,,,,,,,,
2023-11-16,1213.0,2437.0,5171.0,10632.0,0.0,0.0,SH405,0.2708225806451613,0.2393776693766937,0.28168775,0.223214,0.2728313422818791,0.2421515637860082,0.2724313559322034,,0.27034,,1213.0,2413.0,4922.0,10285.0,0.0,0.0,511.0,2280,211.0,2320,79.0,2800,67.0,2360,53.0,2840,758.0,3440,417.0,3240,242.0,3000,141.0,2880,128.0,3040,482.0,2200,456.0,2120,372.0,2600,287.0,2280,287.0,2400,2278.0,3440,2098.0,3240,780.0,3000,593.0,2800,503.0,3080,SH406,,,,,,,,,,,0.0,24.0,249.0,347.0,0.0,0.0,0.0,2120,0.0,3160,0.0,2600,0.0,2640,0.0,2680,24.0,3400,0.0,2120,0.0,2880,0.0,3080,0.0,3040,51.0,2520,24.0,2200,23.0,2120,17.0,2320,15.0,2560,57.0,3200,52.0,3320,44.0,3400,41.0,3240,33.0,3280,,,,,,,,,,,,,,,,,,,,,,,,,,,,,,,,,,,,,,,,,,,,,,,,,,,,,,,,,
2023-11-17,2091.0,3260.0,5039.0,10725.0,0.0,0.0,SH405,0.2736748275862069,0.239881135734072,0.274275,0.2286834999999999,0.2658109677419354,0.2439007751937984,0.2686252380952381,0.262905,0.27394,,2084.0,3260.0,4785.0,10378.0,0.0,0.0,977.0,2280,180.0,2240,177.0,2320,175.0,2120,115.0,2200,1397.0,3440,686.0,3240,222.0,3000,163.0,3400,141.0,2800,456.0,2200,428.0,2120,381.0,2600,351.0,2280,289.0,2400,2355.0,3440,2078.0,3240,786.0,3000,620.0,2800,533.0,3080,SH406,0.2673863235618249,,,,0.2672954044522812,,0.2672044853427374,,0.26775,,7.0,0.0,254.0,347.0,0.0,0.0,4.0,2160,3.0,2120,0.0,2600,0.0,2640,0.0,2680,0.0,2120,0.0,3160,0.0,2600,0.0,2640,0.0,2680,51.0,2520,26.0,2120,24.0,2200,17.0,2320,15.0,2560,57.0,3200,52.0,3320,44.0,3400,41.0,3240,33.0,3280,,,,,,,,,,,,,,,,,,,,,,,,,,,,,,,,,,,,,,,,,,,,,,,,,,,,,,,,,
2023-11-20,1338.0,1647.0,5014.0,11015.0,0.0,0.0,SH405,0.2707456195965417,0.2361284507042253,0.27578275,0.2226845,0.2626323561643835,0.2488532371794871,0.2675242176870748,0.2715213559322034,0.27612,,1314.0,1647.0,4742.0,10668.0,0.0,0.0,678.0,2280,216.0,2320,95.0,2600,76.0,2400,64.0,2360,585.0,3440,251.0,3240,199.0,3000,115.0,3080,70.0,3040,456.0,2200,430.0,2120,357.0,2600,314.0,2280,299.0,2400,2426.0,3440,2101.0,3240,803.0,3000,616.0,2800,601.0,3080,SH406,0.2637145091075724,,,,0.2627556363844655,,0.2674403405572755,,0.26755,,24.0,0.0,272.0,347.0,0.0,0.0,12.0,2120,9.0,2160,3.0,2240,0.0,2600,0.0,2640,0.0,2120,0.0,3160,0.0,2600,0.0,2640,0.0,2680,51.0,2520,35.0,2120,24.0,2200,18.0,2160,17.0,2320,57.0,3200,52.0,3320,44.0,3400,41.0,3240,33.0,3280,,,,,,,,,,,,,,,,,,,,,,,,,,,,,,,,,,,,,,,,,,,,,,,,,,,,,,,,,
2023-11-21,2099.0,3396.0,4943.0,11370.0,0.0,0.0,SH405,0.2720922535211267,0.241677541436464,0.273322,0.2354009999999999,0.2688935973597359,0.2484148221343873,0.2762352747252747,0.2640863846153846,0.27665,,2069.0,3374.0,4647.0,11013.0,0.0,0.0,581.0,2280,289.0,2120,181.0,2600,177.0,2320,116.0,2360,568.0,3440,462.0,3240,365.0,3000,278.0,3080,276.0,2640,458.0,2200,402.0,2120,394.0,2280,324.0,2600,281.0,2400,2443.0,3440,2241.0,3240,804.0,3000,653.0,3080,587.0,2800,SH406,0.2679581304197017,,,,0.2675401630246271,,0.26955,0.2608110909090909,0.2696299999999999,,30.0,22.0,296.0,357.0,0.0,0.0,15.0,2160,12.0,2120,3.0,2200,0.0,2600,0.0,2640,18.0,3400,4.0,3360,0.0,2120,0.0,2880,0.0,3040,51.0,2520,47.0,2120,33.0,2160,21.0,2200,17.0,2320,57.0,3200,53.0,3400,52.0,3320,41.0,3240,33.0,3280,,,,,,,,,,,,,,,,,,,,,,,,,,,,,,,,,,,,,,,,,,,,,,,,,,,,,,,,,
2023-11-22,2216.0,3720.0,5129.0,12004.0,0.0,0.0,SH405,0.2815833815028902,0.2372905013192612,0.28403,0.2277445,0.2834635380116959,0.2435117529880477,0.2758962992125984,0.2683274698795181,0.27411,,2216.0,3715.0,4833.0,11644.0,0.0,0.0,329.0,2280,252.0,2240,236.0,2600,218.0,2120,179.0,2440,553.0,3440,502.0,3000,375.0,3240,307.0,3040,255.0,2800,461.0,2200,445.0,2120,344.0,2280,320.0,2600,308.0,2400,2554.0,3440,2372.0,3240,883.0,3000,649.0,3040,630.0,3080,SH406,,,,,,,,,,,0.0,5.0,296.0,360.0,0.0,0.0,0.0,2120,0.0,3160,0.0,2600,0.0,2640,0.0,2680,5.0,3360,0.0,2120,0.0,2880,0.0,3080,0.0,3040,51.0,2520,47.0,2120,33.0,2160,21.0,2200,17.0,2320,57.0,3200,53.0,3400,52.0,3320,41.0,3240,34.0,3360,,,,,,,,,,,,,,,,,,,,,,,,,,,,,,,,,,,,,,,,,,,,,,,,,,,,,,,,,
2023-11-23,5312.0,5461.0,6043.0,12728.0,0.0,0.0,SH405,0.2772669886363637,0.2417223529411764,0.275043,0.229684,0.273480684039088,0.2519155284552845,0.284982421875,0.2714065217391304,0.28321,,5309.0,5401.0,5744.0,12326.0,0.0,0.0,1339.0,2200,576.0,2280,527.0,2320,514.0,2240,387.0,2360,1060.0,3240,760.0,3440,668.0,3000,537.0,2800,463.0,2960,752.0,2200,466.0,2280,443.0,2120,423.0,2400,363.0,2320,2672.0,3240,2589.0,3440,1038.0,3000,653.0,3040,618.0,3080,SH406,0.27199,,,,0.27199,,0.27199,0.2608996666666666,0.27199,,3.0,60.0,299.0,402.0,0.0,0.0,3.0,2120,0.0,3160,0.0,2600,0.0,2640,0.0,2680,21.0,3360,21.0,3400,18.0,3320,0.0,2120,0.0,3120,51.0,2520,50.0,2120,33.0,2160,21.0,2200,17.0,2320,71.0,3400,61.0,3320,57.0,3200,49.0,3360,41.0,3240,,,,,,,,,,,,,,,,,,,,,,,,,,,,,,,,,,,,,,,,,,,,,,,,,,,,,,,,,
2023-11-24,2841.0,2765.0,6279.0,12869.0,0.0,0.0,SH405,0.2740166853932584,0.241797625,0.27642225,0.2349885,0.2703577215189873,0.251990652173913,0.2775311764705882,0.273708275862069,0.27907,,2841.0,2759.0,5980.0,12467.0,0.0,0.0,810.0,2200,386.0,2240,351.0,2120,299.0,2280,160.0,2320,444.0,3000,412.0,3440,280.0,3240,218.0,2960,166.0,3080,802.0,2200,478.0,2120,453.0,2280,424.0,2400,370.0,2320,2682.0,3440,2643.0,3240,1054.0,3000,662.0,3040,555.0,3080,SH406,,,,,,,,0.259,,,0.0,6.0,299.0,402.0,0.0,0.0,0.0,2120,0.0,3160,0.0,2600,0.0,2640,0.0,2680,3.0,3360,3.0,3400,0.0,2120,0.0,2880,0.0,3040,51.0,2520,50.0,2120,33.0,2160,21.0,2200,17.0,2320,71.0,3400,61.0,3320,57.0,3200,49.0,3360,41.0,3240,,,,,,,,,,,,,,,,,,,,,,,,,,,,,,,,,,,,,,,,,,,,,,,,,,,,,,,,,
2023-11-27,4844.0,4966.0,5930.0,13072.0,0.0,0.0,SH405,0.2849587142857143,0.259055504587156,0.28389,0.2498409999999999,0.2784682084690553,0.2652837593984962,0.28851,0.286322064516129,0.28851,,4820.0,4966.0,5628.0,12670.0,0.0,0.0,882.0,2200,720.0,2280,589.0,2320,571.0,2240,407.0,2360,781.0,3440,726.0,3000,487.0,2800,458.0,3240,384.0,2840,749.0,2200,462.0,2120,358.0,2400,336.0,2280,324.0,2480,2775.0,3440,2513.0,3240,1237.0,3000,663.0,3040,582.0,2800,SH406,0.2699104162142599,,,,0.2696480202678248,,0.27096,,0.27096,,24.0,0.0,302.0,402.0,0.0,0.0,15.0,2240,3.0,2120,3.0,2200,3.0,2160,0.0,2840,0.0,2120,0.0,3160,0.0,2600,0.0,2640,0.0,2680,53.0,2120,51.0,2520,36.0,2160,18.0,2200,17.0,2320,71.0,3400,61.0,3320,57.0,3200,49.0,3360,41.0,3240,,,,,,,,,,,,,,,,,,,,,,,,,,,,,,,,,,,,,,,,,,,,,,,,,,,,,,,,,
2023-11-28,1577.0,2128.0,6016.0,13102.0,0.0,0.0,SH405,0.2808885635359116,0.2589676132930514,0.279595,0.240868,0.2835831097560976,0.2635453790613719,0.29491,0.2822150955414013,0.2949099999999999,,1478.0,2112.0,5693.0,12689.0,0.0,0.0,630.0,2200,169.0,2240,165.0,2280,149.0,2120,50.0,2320,490.0,3440,436.0,3000,338.0,3240,195.0,2960,97.0,2920,790.0,2200,423.0,2120,350.0,2400,334.0,2280,329.0,2480,2739.0,3440,2584.0,3240,1315.0,3000,634.0,3040,573.0,2800,SH406,,,,,,,,0.2666254794520548,,,99.0,16.0,323.0,413.0,0.0,0.0,60.0,2200,39.0,2160,0.0,2840,0.0,3080,0.0,3040,9.0,3400,6.0,3360,1.0,3080,0.0,2880,0.0,3040,53.0,2120,51.0,2520,45.0,2160,30.0,2200,17.0,2320,77.0,3400,61.0,3320,57.0,3200,55.0,3360,41.0,3240,,,,,,,,,,,,,,,,,,,,,,,,,,,,,,,,,,,,,,,,,,,,,,,,,,,,,,,,,
2023-11-29,4652.0,7582.0,6719.0,12955.0,0.0,0.0,SH405,0.2932714714714715,0.2617008358208955,0.2945522499999999,0.2513735,0.2917395317725752,0.2681245161290322,0.2979291208791209,0.2950588888888888,0.29765,,4646.0,7517.0,6396.0,12527.0,0.0,0.0,1385.0,2200,591.0,2280,577.0,2240,278.0,2120,237.0,2600,2006.0,3440,1270.0,3000,1144.0,3240,458.0,3120,429.0,2960,1115.0,2200,503.0,2120,407.0,2240,374.0,2400,358.0,2440,2817.0,3440,2311.0,3240,1214.0,3000,645.0,3040,641.0,2800,SH406,,,,,,,,,,,6.0,65.0,323.0,428.0,0.0,0.0,6.0,2200,0.0,2120,0.0,2840,0.0,3080,0.0,3040,36.0,3320,16.0,3280,13.0,3400,0.0,2120,0.0,3120,53.0,2120,51.0,2520,45.0,2160,30.0,2200,17.0,2320,86.0,3400,70.0,3320,57.0,3200,55.0,3360,41.0,3240,,,,,,,,,,,,,,,,,,,,,,,,,,,,,,,,,,,,,,,,,,,,,,,,,,,,,,,,,
2023-11-30,1581.0,3367.0,6990.0,13129.0,0.0,0.0,SH405,0.2830629166666666,0.2633083174603174,0.29158525,0.2567205,0.287383468013468,0.2702445491803278,0.2991415666666666,,0.30322,,1581.0,3364.0,6667.0,12698.0,0.0,0.0,440.0,2240,300.0,2280,141.0,2320,82.0,2360,77.0,2440,814.0,3440,506.0,3000,427.0,3240,330.0,3120,287.0,3040,1069.0,2200,506.0,2120,432.0,2240,423.0,2400,386.0,2440,2853.0,3440,2314.0,3240,1246.0,3000,731.0,3040,655.0,2800,SH406,,,,,,,,,,,0.0,3.0,323.0,431.0,0.0,0.0,0.0,2120,0.0,3160,0.0,2600,0.0,2640,0.0,2680,3.0,2960,0.0,2120,0.0,3160,0.0,2600,0.0,2640,53.0,2120,51.0,2520,45.0,2160,30.0,2200,17.0,2320,86.0,3400,70.0,3320,57.0,3200,55.0,3360,41.0,3240,,,,,,,,,,,,,,,,,,,,,,,,,,,,,,,,,,,,,,,,,,,,,,,,,,,,,,,,,
2023-12-01,4756.0,4822.0,7178.0,12995.0,0.0,0.0,SH405,0.2903706422018348,0.2559368271954674,0.2856355,0.244772,0.2892178873239436,0.2648739705882352,0.2975303240740741,0.2850993023255814,0.3013499999999999,,4756.0,4822.0,6855.0,12564.0,0.0,0.0,1349.0,2240,1227.0,2280,499.0,2320,431.0,2400,358.0,2360,1226.0,3240,897.0,3440,661.0,3040,503.0,3000,339.0,2960,1005.0,2200,513.0,2120,483.0,2240,469.0,2400,417.0,2440,2822.0,3440,2445.0,3240,1232.0,3000,718.0,3040,556.0,2800,SH406,,,,,,,,,,,0.0,0.0,323.0,431.0,0.0,0.0,0.0,2120,0.0,3160,0.0,2600,0.0,2640,0.0,2680,0.0,2120,0.0,3160,0.0,2600,0.0,2640,0.0,2680,53.0,2120,51.0,2520,45.0,2160,30.0,2200,17.0,2320,86.0,3400,70.0,3320,57.0,3200,55.0,3360,41.0,3240,,,,,,,,,,,,,,,,,,,,,,,,,,,,,,,,,,,,,,,,,,,,,,,,,,,,,,,,,
2023-12-04,2064.0,6030.0,7024.0,13642.0,0.0,0.0,SH405,0.2863059206798867,0.2622334782608695,0.28750025,0.25454525,0.2853981609195402,0.2654585542168675,0.2975822077922078,0.28424140625,0.29979,,2064.0,6026.0,6701.0,13207.0,0.0,0.0,733.0,2280,271.0,2320,212.0,2240,145.0,2600,138.0,2360,1348.0,3440,1301.0,3000,1163.0,3240,515.0,3040,370.0,2960,1017.0,2200,467.0,2120,453.0,2400,441.0,2240,394.0,2280,3169.0,3440,2660.0,3240,1403.0,3000,688.0,3040,588.0,3080,SH406,,,,,,,,,,,0.0,4.0,323.0,435.0,0.0,0.0,0.0,2120,0.0,3160,0.0,2600,0.0,2640,0.0,2680,4.0,3400,0.0,2120,0.0,2880,0.0,3080,0.0,3040,53.0,2120,51.0,2520,45.0,2160,30.0,2200,17.0,2320,90.0,3400,70.0,3320,57.0,3200,55.0,3360,41.0,3240,,,,,,,,,,,,,,,,,,,,,,,,,,,,,,,,,,,,,,,,,,,,,,,,,,,,,,,,,
2023-12-05,3043.0,5200.0,6675.0,14043.0,0.0,0.0,SH405,0.2893385955056179,0.2629592920353982,0.28695875,0.26297125,0.2872602941176471,0.268459375,0.29039,0.2873382352941176,0.29039,,3043.0,5200.0,6352.0,13608.0,0.0,0.0,850.0,2240,506.0,2280,272.0,2320,240.0,2480,210.0,2360,729.0,3240,720.0,3440,672.0,3000,442.0,3040,432.0,2960,1038.0,2200,446.0,2120,399.0,2240,391.0,2400,366.0,2440,3543.0,3440,2654.0,3240,1425.0,3000,682.0,3040,604.0,3080,SH406,,,,,,,,,,,0.0,0.0,323.0,435.0,0.0,0.0,0.0,2120,0.0,3160,0.0,2600,0.0,2640,0.0,2680,0.0,2120,0.0,3160,0.0,2600,0.0,2640,0.0,2680,53.0,2120,51.0,2520,45.0,2160,30.0,2200,17.0,2320,90.0,3400,70.0,3320,57.0,3200,55.0,3360,41.0,3240,,,,,,,,,,,,,,,,,,,,,,,,,,,,,,,,,,,,,,,,,,,,,,,,,,,,,,,,,
2023-12-06,1429.0,3266.0,6608.0,13654.0,0.0,0.0,SH405,0.2958668208092485,0.2611954545454545,0.292745,0.26164,0.2932001904761904,0.2745709489051094,0.2936554385964912,0.2865156962025316,0.29336,,1429.0,3262.0,6285.0,13215.0,0.0,0.0,511.0,2200,184.0,2240,125.0,2600,86.0,2560,85.0,2480,656.0,3000,326.0,3440,287.0,3240,285.0,2960,219.0,2800,1160.0,2200,446.0,2120,378.0,2400,351.0,2240,344.0,2280,3541.0,3440,2660.0,3240,1382.0,3000,677.0,3040,604.0,3080,SH406,,0.4485020042257773,,,,0.3636589616661636,,0.27881591910655,,,0.0,4.0,323.0,439.0,0.0,0.0,0.0,2120,0.0,3160,0.0,2600,0.0,2640,0.0,2680,3.0,3400,1.0,2920,0.0,2120,0.0,2880,0.0,3080,53.0,2120,51.0,2520,45.0,2160,30.0,2200,17.0,2320,93.0,3400,70.0,3320,57.0,3200,55.0,3360,41.0,3240,,,,,,,,,,,,,,,,,,,,,,,,,,,,,,,,,,,,,,,,,,,,,,,,,,,,,,,,,
2023-12-07,3597.0,5038.0,6554.0,14336.0,1.0,0.0,SH405,0.2960702272727273,0.2723157055214724,0.295526,0.267354,0.2987632110091743,0.2819321276595745,0.30929,0.30817,0.30929,,3431.0,5001.0,6137.0,13865.0,1.0,0.0,1240.0,2200,308.0,2280,280.0,2240,218.0,2400,213.0,2320,981.0,3240,966.0,3440,564.0,3000,296.0,2800,285.0,2960,1232.0,2200,408.0,2240,394.0,2120,347.0,2400,332.0,2280,3546.0,3440,2793.0,3240,1447.0,3000,687.0,3040,598.0,3080,SH406,0.3162379863481229,0.230263014084507,0.318847,0.2175389999999999,0.3102253435114503,0.2519411725352113,0.2996,0.275608426056338,0.2996,,166.0,37.0,417.0,471.0,0.0,0.0,28.0,2280,28.0,2320,17.0,2120,16.0,2200,13.0,2160,9.0,2640,4.0,2680,3.0,2560,3.0,2600,3.0,2720,57.0,2520,53.0,2120,52.0,2160,37.0,2200,34.0,2320,93.0,3400,70.0,3320,57.0,3200,55.0,3360,41.0,3240,,,,,,,,,,,,,,,,,,,,,,,,,,,,,,,,,,,,,,,,,,,,,,,,,,,,,,,,,
2023-12-08,3899.0,17478.0,7424.0,14766.0,0.0,0.0,SH405,0.3170762162162162,0.3052037454545454,0.313949,0.2853965,0.3193087455197133,0.3247855868544601,0.3276681818181818,0.3399236450432765,0.32793,0.3363575702685821,3765.0,17030.0,6975.0,14038.0,0.0,0.0,1354.0,2200,714.0,2160,268.0,2280,242.0,2240,224.0,2120,6081.0,3440,3219.0,3240,3096.0,3000,675.0,2960,655.0,2800,1761.0,2200,420.0,2120,397.0,2240,341.0,2400,336.0,2160,3755.0,3440,2557.0,3240,1209.0,3000,829.0,2800,666.0,3040,SH406,0.2953650203327171,0.3013073558648111,,0.35870925,0.2780837499999999,0.3061814673913043,0.31305,,0.31305,,134.0,448.0,449.0,728.0,0.0,0.0,30.0,2120,18.0,2160,14.0,2840,12.0,2800,12.0,2280,35.0,3360,29.0,3320,27.0,3160,25.0,3080,24.0,3200,59.0,2120,57.0,2520,55.0,2160,31.0,2320,31.0,2200,100.0,3400,77.0,3320,70.0,3360,63.0,3200,56.0,3240,,,,,,,,,,,,,,,,,,,,,,,,,,,,,,,,,,,,,,,,,,,,,,,,,,,,,,,,,
2023-12-11,3589.0,7375.0,7395.0,15017.0,0.0,0.0,SH405,0.3233054088050314,0.3057325083612039,0.3196205,0.30926975,0.3253644680851064,0.3113723076923077,0.33875,0.3380752802989856,0.33875,0.3227082221035772,3575.0,7240.0,6945.0,14198.0,0.0,0.0,552.0,2280,536.0,2320,415.0,2200,402.0,2360,344.0,2400,2583.0,3440,1342.0,3000,817.0,3240,370.0,2800,321.0,3040,1480.0,2200,459.0,2240,420.0,2400,417.0,2120,367.0,2440,4005.0,3440,2460.0,3240,1304.0,3000,844.0,2800,605.0,3080,SH406,0.314614363327674,0.2971896183206107,,,0.3140829541595926,0.301434071146245,0.31674,,0.31674,,14.0,135.0,450.0,819.0,0.0,0.0,11.0,2120,3.0,2160,0.0,2600,0.0,2640,0.0,2680,20.0,3080,17.0,2880,17.0,2960,16.0,3040,16.0,2920,60.0,2120,57.0,2520,55.0,2160,31.0,2320,31.0,2200,105.0,3400,77.0,3320,73.0,3360,63.0,3200,56.0,3240,,,,,,,,,,,,,,,,,,,,,,,,,,,,,,,,,,,,,,,,,,,,,,,,,,,,,,,,,
2023-12-12,3495.0,9942.0,7089.0,15423.0,0.0,1.0,SH405,0.3249098780487805,0.3095595317725752,0.32432,0.29238,0.3231759550561798,0.3111127804878049,0.3356995238095238,,0.33523,,3457.0,9862.0,6616.0,14596.0,0.0,1.0,1106.0,2200,486.0,2240,308.0,2320,289.0,2280,272.0,2360,4185.0,3440,1541.0,3000,761.0,3240,727.0,3040,510.0,2800,1010.0,2200,446.0,2240,419.0,2400,416.0,2120,373.0,2480,4304.0,3440,2385.0,3240,1525.0,3000,846.0,2800,601.0,3040,SH406,,0.295560352112676,,,0.3189117216117216,0.30693,,,,,38.0,80.0,473.0,827.0,0.0,0.0,17.0,2400,6.0,2320,6.0,2440,6.0,2560,3.0,2360,27.0,3280,9.0,2880,9.0,2960,8.0,3040,6.0,3120,60.0,2120,57.0,2520,55.0,2160,37.0,2320,31.0,2200,107.0,3400,77.0,3320,73.0,3360,63.0,3200,56.0,3240,,,,,,,,,,,,,,,,,,,,,,,,,,,,,,,,,,,,,,,,,,,,,,,,,,,,,,,,,
2023-12-13,732.0,4728.0,7074.0,15495.0,0.0,0.0,SH405,0.3270409523809523,0.2888875581395349,0.332595,0.285035,0.331594964028777,0.3042424193548387,0.3343635658914728,,0.33722,,732.0,4728.0,6601.0,14668.0,0.0,0.0,150.0,2200,94.0,2520,72.0,2280,58.0,2360,57.0,2320,2177.0,3440,991.0,3000,479.0,3240,175.0,2800,144.0,3040,974.0,2200,447.0,2240,428.0,2400,405.0,2120,371.0,2480,4482.0,3440,2366.0,3240,1494.0,3000,772.0,2800,591.0,3040,SH406,,,,,,,,,,,0.0,0.0,473.0,827.0,0.0,0.0,0.0,2120,0.0,3160,0.0,2600,0.0,2640,0.0,2680,0.0,2120,0.0,3160,0.0,2600,0.0,2640,0.0,2680,60.0,2120,57.0,2520,55.0,2160,37.0,2320,31.0,2200,107.0,3400,77.0,3320,73.0,3360,63.0,3200,56.0,3240,,,,,,,,,,,,,,,,,,,,,,,,,,,,,,,,,,,,,,,,,,,,,,,,,,,,,,,,,
2023-12-14,856.0,5683.0,6966.0,15520.0,0.0,0.0,SH405,0.3204284403669725,0.3015147492625368,0.31929,0.2988775,0.3322471729957806,0.31092601010101,0.33008059602649,,0.33227,,844.0,5680.0,6502.0,14696.0,0.0,0.0,140.0,2120,64.0,2360,62.0,2480,60.0,2640,59.0,2680,2724.0,3440,1167.0,3000,671.0,3240,170.0,2800,168.0,3040,993.0,2200,460.0,2120,443.0,2240,432.0,2400,364.0,2480,4767.0,3440,2181.0,3240,1536.0,3000,703.0,2800,598.0,3040,SH406,,,,,,,,,,,12.0,3.0,464.0,824.0,0.0,0.0,6.0,2520,3.0,2560,3.0,2600,0.0,2880,0.0,3080,3.0,3160,0.0,2120,0.0,2600,0.0,2640,0.0,2680,60.0,2120,55.0,2160,51.0,2520,37.0,2320,31.0,2200,107.0,3400,77.0,3320,73.0,3360,63.0,3200,56.0,3240,,,,,,,,,,,,,,,,,,,,,,,,,,,,,,,,,,,,,,,,,,,,,,,,,,,,,,,,,
2023-12-15,942.0,4475.0,7144.0,15633.0,0.0,0.0,SH405,0.3203724458204334,0.2865382352941176,0.32106975,0.2763227499999999,0.3211906479859894,0.2957423076923077,0.3239527397260274,,0.32844,,941.0,4451.0,6679.0,14806.0,0.0,0.0,364.0,2400,121.0,2120,109.0,2320,91.0,2680,59.0,2360,2443.0,3440,789.0,3000,490.0,3240,114.0,3040,81.0,3080,986.0,2200,508.0,2120,502.0,2400,444.0,2240,365.0,2480,4986.0,3440,2017.0,3240,1567.0,3000,705.0,2800,603.0,3080,SH406,0.31433,0.2555592230315644,,,0.31433,0.2904967880679848,0.31433,,0.31433,,1.0,24.0,465.0,827.0,0.0,0.0,1.0,2120,0.0,3160,0.0,2600,0.0,2640,0.0,2680,6.0,3400,6.0,3160,3.0,2720,3.0,3240,3.0,3280,61.0,2120,55.0,2160,51.0,2520,37.0,2320,31.0,2200,107.0,3400,77.0,3320,76.0,3360,63.0,3200,53.0,3240,,,,,,,,,,,,,,,,,,,,,,,,,,,,,,,,,,,,,,,,,,,,,,,,,,,,,,,,,
2023-12-18,1348.0,3606.0,6949.0,15855.0,0.0,0.0,SH405,0.3163180780780781,0.2774681305637982,0.312704,0.27099,0.3117113725490196,0.2870385887096774,0.3223562043795621,,0.32334,,1338.0,3606.0,6476.0,15028.0,0.0,0.0,259.0,2320,164.0,2400,155.0,2280,155.0,2360,131.0,2120,2116.0,3440,440.0,3000,349.0,3240,91.0,2800,80.0,3120,976.0,2200,561.0,2120,465.0,2400,434.0,2240,344.0,2480,5374.0,3440,1919.0,3240,1650.0,3000,705.0,2800,588.0,3080,SH406,0.3121553057738299,,,,0.3115591322172873,,0.3134534905660377,,0.31454,,10.0,0.0,473.0,827.0,0.0,0.0,7.0,2200,3.0,2120,0.0,2840,0.0,3080,0.0,3040,0.0,2120,0.0,3160,0.0,2600,0.0,2640,0.0,2680,64.0,2120,55.0,2160,51.0,2520,37.0,2320,36.0,2200,107.0,3400,77.0,3320,76.0,3360,63.0,3200,53.0,3240,,,,,,,,,,,,,,,,,,,,,,,,,,,,,,,,,,,,,,,,,,,,,,,,,,,,,,,,,
2023-12-19,964.0,3977.0,7079.0,16185.0,0.0,0.0,SH405,0.3093964411764706,0.2777633724340176,0.307386,0.272452,0.3046534589041096,0.288949865470852,0.3099535955056179,0.3185311538461538,0.3149600000000001,,951.0,3977.0,6599.0,15358.0,0.0,0.0,231.0,2520,103.0,2400,95.0,2120,92.0,2200,70.0,2320,1720.0,3440,933.0,3000,295.0,2800,183.0,3240,155.0,3080,970.0,2200,627.0,2120,495.0,2400,434.0,2240,368.0,2520,5640.0,3440,1907.0,3240,1641.0,3000,734.0,2800,621.0,3080,SH406,0.3093238183718499,,,,0.3083047729648124,,0.3125444155844156,,0.3134,,13.0,0.0,480.0,827.0,0.0,0.0,3.0,2120,3.0,2200,3.0,2240,3.0,2160,1.0,3000,0.0,2120,0.0,3160,0.0,2600,0.0,2640,0.0,2680,64.0,2120,55.0,2160,51.0,2520,39.0,2200,37.0,2320,107.0,3400,77.0,3320,76.0,3360,63.0,3200,53.0,3240,,,,,,,,,,,,,,,,,,,,,,,,,,,,,,,,,,,,,,,,,,,,,,,,,,,,,,,,,
2023-12-20,1364.0,4895.0,7262.0,17328.0,0.0,0.0,SH405,0.3011166850828729,0.273635421686747,0.306839,0.264571,0.2975531715210356,0.2842329045643154,0.3063283333333333,,0.32138,,1364.0,4895.0,6782.0,16501.0,0.0,0.0,181.0,2560,156.0,2320,137.0,2200,122.0,2120,121.0,2400,1781.0,3440,850.0,2800,623.0,3240,606.0,3000,287.0,3080,971.0,2200,711.0,2120,516.0,2400,417.0,2240,393.0,2520,5912.0,3440,2128.0,3240,1735.0,3000,1172.0,2800,716.0,3080,SH406,,,,,,,,,,,0.0,0.0,480.0,827.0,0.0,0.0,0.0,2120,0.0,3160,0.0,2600,0.0,2640,0.0,2680,0.0,2120,0.0,3160,0.0,2600,0.0,2640,0.0,2680,64.0,2120,55.0,2160,51.0,2520,39.0,2200,37.0,2320,107.0,3400,77.0,3320,76.0,3360,63.0,3200,53.0,3240,,,,,,,,,,,,,,,,,,,,,,,,,,,,,,,,,,,,,,,,,,,,,,,,,,,,,,,,,
2023-12-21,2935.0,8266.0,7466.0,17861.0,0.0,0.0,SH405,0.3081279289940828,0.262794598540146,0.313012,0.270142,0.2963345993031359,0.2762744915254237,0.3222566447368421,,0.32474,,2915.0,8254.0,6982.0,17028.0,0.0,0.0,341.0,2600,315.0,2400,284.0,2280,212.0,2320,194.0,2680,2851.0,3440,1161.0,3000,948.0,3240,625.0,2800,487.0,3080,969.0,2200,814.0,2120,479.0,2400,417.0,2240,408.0,2520,5966.0,3440,2241.0,3240,1858.0,3000,1219.0,2800,850.0,3080,SH406,0.3204624635332253,,,,0.3081366936790923,,0.2978708695652173,,0.2985,,20.0,12.0,484.0,833.0,0.0,0.0,12.0,2120,3.0,2200,3.0,2160,1.0,2240,1.0,3000,9.0,3400,3.0,3320,0.0,2120,0.0,2880,0.0,3040,67.0,2120,55.0,2160,51.0,2520,39.0,2200,37.0,2320,110.0,3400,80.0,3320,76.0,3360,63.0,3200,53.0,3240,,,,,,,,,,,,,,,,,,,,,,,,,,,,,,,,,,,,,,,,,,,,,,,,,,,,,,,,,
2023-12-22,7389.0,28711.0,8940.0,16803.0,0.0,4.0,SH405,0.3237813745704467,0.3038103745318352,0.3299435,0.288786,0.3035867272727273,0.3191943888888888,0.3080428455284553,,0.31584,,7342.0,28469.0,8418.0,15873.0,0.0,4.0,1313.0,2120,967.0,2440,471.0,2320,470.0,2600,456.0,2400,14723.0,3440,4370.0,3000,3374.0,3240,975.0,2800,886.0,3080,1654.0,2120,955.0,2200,579.0,2400,502.0,2520,450.0,2480,5682.0,3440,1803.0,3000,1630.0,3240,1037.0,2800,755.0,3080,SH406,0.2782327356624918,0.3614893464052288,,,0.2772459195781147,0.3141998697068404,0.2962558208955223,,0.2918184615384616,,47.0,242.0,522.0,930.0,0.0,0.0,15.0,2200,11.0,2120,10.0,2240,6.0,2160,3.0,2280,75.0,3400,56.0,3360,36.0,3280,22.0,3320,19.0,3240,74.0,2120,61.0,2160,51.0,2520,51.0,2200,37.0,2320,149.0,3400,89.0,3320,84.0,3360,64.0,3240,63.0,3200,,,,,,,,,,,,,,,,,,,,,,,,,,,,,,,,,,,,,,,,,,,,,,,,,,,,,,,,,
2023-12-25,2199.0,8618.0,9070.0,16829.0,0.0,0.0,SH405,0.3182252024922118,0.3048639776951672,0.342473,0.296401,0.3177353146853147,0.3161395571955719,0.3206984615384615,,0.3302260606060606,,2199.0,8565.0,8548.0,15896.0,0.0,0.0,390.0,2600,256.0,2440,222.0,2520,152.0,2480,144.0,2120,4255.0,3440,1766.0,3000,1063.0,3240,241.0,2800,160.0,3200,1643.0,2120,940.0,2200,580.0,2400,477.0,2480,463.0,2520,5728.0,3440,1795.0,3000,1586.0,3240,1076.0,2800,740.0,3080,SH406,,0.2695843309859155,,,,0.2873273253012048,,,,,0.0,53.0,522.0,933.0,0.0,0.0,0.0,2120,0.0,3160,0.0,2600,0.0,2640,0.0,2680,16.0,3400,9.0,3040,7.0,3320,6.0,3080,6.0,3360,74.0,2120,61.0,2160,51.0,2520,51.0,2200,37.0,2320,135.0,3400,88.0,3320,84.0,3360,64.0,3240,63.0,3200,,,,,,,,,,,,,,,,,,,,,,,,,,,,,,,,,,,,,,,,,,,,,,,,,,,,,,,,,
2023-12-26,2132.0,9369.0,9151.0,16845.0,0.0,0.0,SH405,0.3081378504672897,0.2839864566929134,0.31284875,0.282838,0.3023900680272109,0.3193122897196261,0.3129402325581396,,0.3222952631578947,,2132.0,9267.0,8629.0,15918.0,0.0,0.0,442.0,2120,344.0,2400,193.0,2520,190.0,2600,159.0,2440,5313.0,3440,1690.0,3000,782.0,3240,212.0,2920,167.0,2800,1802.0,2120,920.0,2200,599.0,2400,488.0,2520,469.0,2480,5789.0,3440,1809.0,3000,1517.0,3240,1045.0,2800,739.0,3080,SH406,,,,,,0.2931488613861386,,,,,0.0,102.0,522.0,927.0,0.0,0.0,0.0,2120,0.0,3160,0.0,2600,0.0,2640,0.0,2680,46.0,3400,31.0,3360,16.0,3320,3.0,3200,3.0,3240,74.0,2120,61.0,2160,51.0,2520,51.0,2200,37.0,2320,124.0,3400,91.0,3320,86.0,3360,67.0,3240,60.0,3200,,,,,,,,,,,,,,,,,,,,,,,,,,,,,,,,,,,,,,,,,,,,,,,,,,,,,,,,,
2023-12-27,1097.0,5155.0,9174.0,17265.0,0.0,0.0,SH405,0.3074040707964601,0.2921668358208955,0.3082904999999999,0.276815,0.3016852302631578,0.306321511627907,0.3055670212765957,,0.3253749999999999,,1097.0,5128.0,8652.0,16326.0,0.0,0.0,161.0,2120,143.0,2440,101.0,2600,76.0,2720,75.0,2800,2976.0,3440,815.0,3000,455.0,3240,133.0,2840,87.0,3160,1869.0,2120,922.0,2200,582.0,2400,480.0,2520,458.0,2480,6093.0,3440,1792.0,3000,1547.0,3240,1026.0,2800,738.0,3080,SH406,,,,,,,,,,,0.0,27.0,522.0,939.0,0.0,0.0,0.0,2120,0.0,3160,0.0,2600,0.0,2640,0.0,2680,11.0,3360,9.0,3280,4.0,3320,3.0,3400,0.0,2120,74.0,2120,61.0,2160,51.0,2520,51.0,2200,37.0,2320,127.0,3400,95.0,3360,94.0,3320,67.0,3240,60.0,3200,,,,,,,,,,,,,,,,,,,,,,,,,,,,,,,,,,,,,,,,,,,,,,,,,,,,,,,,,
2023-12-28,1979.0,6478.0,9229.0,17008.0,0.0,1.0,SH405,0.3222888888888889,0.2857872972972973,0.31868,0.261039,0.3115507692307692,0.3075595693779904,0.3133658139534884,,0.3356854166666666,,1958.0,6415.0,8710.0,16034.0,0.0,1.0,546.0,2120,310.0,2400,245.0,2600,145.0,2480,133.0,2440,3843.0,3440,979.0,3000,544.0,3240,236.0,3200,133.0,2920,1962.0,2120,927.0,2200,565.0,2400,487.0,2520,481.0,2480,6003.0,3440,1636.0,3000,1467.0,3240,1028.0,2800,725.0,3080,SH406,0.3154784499672988,,,,0.3151105624591236,,0.3147426749509484,,0.3163922471910112,,21.0,63.0,519.0,974.0,0.0,0.0,6.0,2120,6.0,2200,6.0,2160,3.0,2240,0.0,2840,28.0,3360,24.0,3400,11.0,3320,0.0,2120,0.0,3120,74.0,2120,61.0,2160,51.0,2520,51.0,2200,37.0,2320,140.0,3400,113.0,3360,98.0,3320,67.0,3240,60.0,3200,,,,,,,,,,,,,,,,,,,,,,,,,,,,,,,,,,,,,,,,,,,,,,,,,,,,,,,,,
2023-12-29,1219.0,5736.0,9226.0,17177.0,0.0,0.0,SH405,0.3022981896551724,0.2791287246376812,0.3081429999999999,0.2765815,0.3016978896103895,0.3015033333333333,0.3066062424242424,,0.3416530081300812,,1216.0,5736.0,8704.0,16203.0,0.0,0.0,374.0,2400,263.0,2600,119.0,2840,81.0,2120,74.0,2680,3739.0,3440,796.0,3000,396.0,3240,149.0,3200,99.0,2960,1974.0,2120,927.0,2200,603.0,2400,494.0,2520,482.0,2480,6152.0,3440,1548.0,3000,1469.0,3240,1031.0,2800,735.0,3080,SH406,,,,,,,,,,,3.0,0.0,522.0,974.0,0.0,0.0,3.0,2400,0.0,2120,0.0,3080,0.0,3040,0.0,3000,0.0,2120,0.0,3160,0.0,2600,0.0,2640,0.0,2680,74.0,2120,61.0,2160,51.0,2520,51.0,2200,37.0,2320,140.0,3400,113.0,3360,98.0,3320,67.0,3240,60.0,3200,,,,,,,,,,,,,,,,,,,,,,,,,,,,,,,,,,,,,,,,,,,,,,,,,,,,,,,,,
2024-01-02,1056.0,3978.0,9530.0,17243.0,0.0,0.0,SH405,0.2882534421364985,0.2828956756756756,0.30955425,0.2767395,0.3026738461538462,0.3038722459893048,0.3088489622641509,,0.3264923076923076,,1041.0,3921.0,8993.0,16212.0,0.0,0.0,239.0,2400,159.0,2120,100.0,2840,82.0,2760,74.0,2440,2449.0,3440,700.0,3000,333.0,3240,55.0,2880,50.0,3200,2009.0,2120,926.0,2200,660.0,2400,490.0,2520,482.0,2480,6213.0,3440,1527.0,3000,1429.0,3240,1018.0,2800,747.0,3080,SH406,,,,,,0.3042970920502092,0.3091302797202797,,,,15.0,57.0,537.0,1031.0,0.0,0.0,3.0,2240,3.0,2280,3.0,2320,3.0,2360,3.0,2160,9.0,3240,9.0,3280,9.0,3320,6.0,3200,6.0,3360,74.0,2120,64.0,2160,51.0,2520,51.0,2200,40.0,2320,146.0,3400,119.0,3360,107.0,3320,76.0,3240,66.0,3200,,,,,,,,,,,,,,,,,,,,,,,,,,,,,,,,,,,,,,,,,,,,,,,,,,,,,,,,,
2024-01-03,1945.0,5557.0,9967.0,18104.0,0.0,0.0,SH405,0.2909752522255192,0.2769330226700252,0.307075,0.25890825,0.3002361631419939,0.3194499372384937,0.305523606557377,,0.3188720833333333,,1945.0,5557.0,9430.0,17073.0,0.0,0.0,346.0,2120,322.0,2600,210.0,2400,199.0,2200,189.0,2840,3664.0,3440,848.0,3000,379.0,3240,84.0,3280,84.0,3360,2188.0,2120,1001.0,2200,606.0,2400,527.0,2520,494.0,2480,6986.0,3440,1569.0,3000,1422.0,3240,1015.0,2800,747.0,3080,SH406,,,,,,,,,,,0.0,0.0,537.0,1031.0,0.0,0.0,0.0,2120,0.0,3160,0.0,2600,0.0,2640,0.0,2680,0.0,2120,0.0,3160,0.0,2600,0.0,2640,0.0,2680,74.0,2120,64.0,2160,51.0,2520,51.0,2200,40.0,2320,146.0,3400,119.0,3360,107.0,3320,76.0,3240,66.0,3200,,,,,,,,,,,,,,,,,,,,,,,,,,,,,,,,,,,,,,,,,,,,,,,,,,,,,,,,,
2024-01-04,3069.0,7855.0,9806.0,18658.0,1.0,0.0,SH405,0.3035376744186046,0.2646880542986425,0.291734,0.264676,0.2928996381578947,0.2819578181818182,0.3088436416184971,,0.32367,,3069.0,7839.0,9269.0,17612.0,1.0,0.0,957.0,2120,477.0,2520,374.0,2600,225.0,2840,161.0,2400,4261.0,3440,1746.0,3000,763.0,3240,124.0,2680,120.0,3400,1952.0,2120,1004.0,2200,569.0,2600,567.0,2400,524.0,2520,7382.0,3440,1519.0,3240,1515.0,3000,992.0,2800,754.0,3080,SH406,,,,,,0.2774059030837004,,,,,0.0,16.0,537.0,1046.0,0.0,0.0,0.0,2120,0.0,3160,0.0,2600,0.0,2640,0.0,2680,6.0,3120,3.0,3080,3.0,3040,3.0,3160,1.0,3400,74.0,2120,64.0,2160,51.0,2520,51.0,2200,40.0,2320,146.0,3400,119.0,3360,107.0,3320,76.0,3240,66.0,3200,,,,,,,,,,,,,,,,,,,,,,,,,,,,,,,,,,,,,,,,,,,,,,,,,,,,,,,,,
2024-01-05,1244.0,5194.0,9702.0,18459.0,0.0,0.0,SH405,0.296388981233244,0.2690887096774194,0.30643875,0.23870999999999998,0.29247046575342467,0.2797453398058253,0.2999434131736527,,0.3234484210526316,,1244.0,5194.0,9165.0,17413.0,0.0,0.0,404.0,2600,207.0,2120,123.0,2720,117.0,2400,57.0,2520,2804.0,3440,973.0,3000,536.0,3240,176.0,3360,103.0,3400,1956.0,2120,1002.0,2200,529.0,2400,514.0,2520,501.0,2600,7062.0,3440,1657.0,3000,1448.0,3240,996.0,2800,752.0,3080,SH406,,,,,,,,,,,0.0,0.0,537.0,1046.0,0.0,0.0,0.0,2120,0.0,3160,0.0,2600,0.0,2640,0.0,2680,0.0,2120,0.0,3160,0.0,2600,0.0,2640,0.0,2680,74.0,2120,64.0,2160,51.0,2520,51.0,2200,40.0,2320,146.0,3400,119.0,3360,107.0,3320,76.0,3240,66.0,3200,,,,,,,,,,,,,,,,,,,,,,,,,,,,,,,,,,,,,,,,,,,,,,,,,,,,,,,,,
