time,C,C,C,C,C,C,C,C,C,P,P,P,P,P,P,P,P,P,C,C,C,C,C,C,C,C,C,P,P,P,P,P,P,P,P,P,C,C,C,C,C,C,C,C,C,P,P,P,P,P,P,P,P,P,C,C,C,C,C,C,C,C,C,P,P,P,P,P,P,P,P,P,C,C,C,C,C,C,C,C,C,P,P,P,P,P,P,P,P,P,C,C,C,C,C,C,C,C,C,P,P,P,P,P,P,P,P,P,C,C,C,C,C,C,C,C,C,P,P,P,P,P,P,P,P,P,C,C,C,C,C,C,C,C,C,P,P,P,P,P,P,P,P,P,C,C,C,C,C,C,C,C,C,P,P,P,P,P,P,P,P,P,C,C,C,C,C,C,C,C,C,P,P,P,P,P,P,P,P,P,C,C,C,C,C,C,C,C,C,P,P,P,P,P,P,P,P,P,C,C,C,C,C,C,C,C,C,P,P,P,P,P,P,P,P,P,C,C,C,C,C,C,C,C,C,P,P,P,P,P,P,P,P,P,C,C,C,C,C,C,C,C,C,P,P,P,P,P,P,P,P,P
time,24.00,24.00,24.00,24.00,24.00,24.00,24.00,24.00,24.00,24.00,24.00,24.00,24.00,24.00,24.00,24.00,24.00,24.00,24.50,24.50,24.50,24.50,24.50,24.50,24.50,24.50,24.50,24.50,24.50,24.50,24.50,24.50,24.50,24.50,24.50,24.50,25.00,25.00,25.00,25.00,25.00,25.00,25.00,25.00,25.00,25.00,25.00,25.00,25.00,25.00,25.00,25.00,25.00,25.00,25.50,25.50,25.50,25.50,25.50,25.50,25.50,25.50,25.50,25.50,25.50,25.50,25.50,25.50,25.50,25.50,25.50,25.50,26.00,26.00,26.00,26.00,26.00,26.00,26.00,26.00,26.00,26.00,26.00,26.00,26.00,26.00,26.00,26.00,26.00,26.00,26.50,26.50,26.50,26.50,26.50,26.50,26.50,26.50,26.50,26.50,26.50,26.50,26.50,26.50,26.50,26.50,26.50,26.50,27.00,27.00,27.00,27.00,27.00,27.00,27.00,27.00,27.00,27.00,27.00,27.00,27.00,27.00,27.00,27.00,27.00,27.00,27.50,27.50,27.50,27.50,27.50,27.50,27.50,27.50,27.50,27.50,27.50,27.50,27.50,27.50,27.50,27.50,27.50,27.50,28.00,28.00,28.00,28.00,28.00,28.00,28.00,28.00,28.00,28.00,28.00,28.00,28.00,28.00,28.00,28.00,28.00,28.00,28.50,28.50,28.50,28.50,28.50,28.50,28.50,28.50,28.50,28.50,28.50,28.50,28.50,28.50,28.50,28.50,28.50,28.50,29.00,29.00,29.00,29.00,29.00,29.00,29.00,29.00,29.00,29.00,29.00,29.00,29.00,29.00,29.00,29.00,29.00,29.00,23.50,23.50,23.50,23.50,23.50,23.50,23.50,23.50,23.50,23.50,23.50,23.50,23.50,23.50,23.50,23.50,23.50,23.50,23.00,23.00,23.00,23.00,23.00,23.00,23.00,23.00,23.00,23.00,23.00,23.00,23.00,23.00,23.00,23.00,23.00,23.00,29.50,29.50,29.50,29.50,29.50,29.50,29.50,29.50,29.50,29.50,29.50,29.50,29.50,29.50,29.50,29.50,29.50,29.50
time,close,volume,oi,delta,imp_vol,gamma,rho,theta,vega,close,volume,oi,delta,imp_vol,gamma,rho,theta,vega,close,volume,oi,delta,imp_vol,gamma,rho,theta,vega,close,volume,oi,delta,imp_vol,gamma,rho,theta,vega,close,volume,oi,delta,imp_vol,gamma,rho,theta,vega,close,volume,oi,delta,imp_vol,gamma,rho,theta,vega,close,volume,oi,delta,imp_vol,gamma,rho,theta,vega,close,volume,oi,delta,imp_vol,gamma,rho,theta,vega,close,volume,oi,delta,imp_vol,gamma,rho,theta,vega,close,volume,oi,delta,imp_vol,gamma,rho,theta,vega,close,volume,oi,delta,imp_vol,gamma,rho,theta,vega,close,volume,oi,delta,imp_vol,gamma,rho,theta,vega,close,volume,oi,delta,imp_vol,gamma,rho,theta,vega,close,volume,oi,delta,imp_vol,gamma,rho,theta,vega,close,volume,oi,delta,imp_vol,gamma,rho,theta,vega,close,volume,oi,delta,imp_vol,gamma,rho,theta,vega,close,volume,oi,delta,imp_vol,gamma,rho,theta,vega,close,volume,oi,delta,imp_vol,gamma,rho,theta,vega,close,volume,oi,delta,imp_vol,gamma,rho,theta,vega,close,volume,oi,delta,imp_vol,gamma,rho,theta,vega,close,volume,oi,delta,imp_vol,gamma,rho,theta,vega,close,volume,oi,delta,imp_vol,gamma,rho,theta,vega,close,volume,oi,delta,imp_vol,gamma,rho,theta,vega,close,volume,oi,delta,imp_vol,gamma,rho,theta,vega,close,volume,oi,delta,imp_vol,gamma,rho,theta,vega,close,volume,oi,delta,imp_vol,gamma,rho,theta,vega,close,volume,oi,delta,imp_vol,gamma,rho,theta,vega,close,volume,oi,delta,imp_vol,gamma,rho,theta,vega
2023-09-28 13:09:00,,,,,,,,,,,,,,,,,,,,,,,,,,,,,,,,,,,,,,,,,,,,,,0.48,1.0,,,,,,,,,,,,,,,,,,,,,,,,,,,,,,,,,,,,,,,,,,,,,,,,,,,,,,,,,,,,,,,,,,,,,,,,,,,,,,,,0.51,1.0,,,,,,,,,,,,,,,,,,,,,,,,,,1.97,3.0,,,,,,,,0.31,10.0,,,,,,,,,,,,,,,,,,,,,,,,,,,,,,,,,,,,,,,,,,,,,,,,,,,,,,,,,,,,,,,,,,,,,,,,,,,,,,,,,,,,,,,,
2023-09-28 14:34:00,,,,,,,,,,,,,,,,,,,,,,,,,,,,,,,,,,,,,,,,,,,,,,0.46,3.0,,,,,,,,,,,,,,,,,,,,,,,,,,,,,,,,,,,,,,,,,,,,,,,,,,,,,,,,,,,,,,,,,,,,,,,,,,,,,,,,0.51,1.0,,,,,,,,,,,,,,,,,,,,,,,,,,1.97,3.0,,,,,,,,0.31,10.0,,,,,,,,,,,,,,,,,,,,,,,,,,,,,,,,,,,,,,,,,,,,,,,,,,,,,,,,,,,,,,,,,,,,,,,,,,,,,,,,,,,,,,,,
2023-09-28 16:00:00,2.63,2.0,,0.80408,0.34047,0.08936,0.02172,-0.01138,0.02474,,,,-0.171,0.30553,0.09212,-0.00561,-0.00766,0.02289,,,,0.75989,0.32622,0.10506,0.02083,-0.0121,0.02787,,,,-0.21977,0.29678,0.11047,-0.00722,-0.0086,0.02666,,,,0.70752,0.31166,0.12171,0.01967,-0.01264,0.03084,0.46,3.0,,-0.27785,0.28806,0.12896,-0.00916,-0.00935,0.03021,,,,0.64447,0.30173,0.13641,0.01813,-0.0131,0.03347,,,,-0.34583,0.28098,0.14534,-0.01144,-0.0099,0.03321,,,,0.5737,0.29409,0.14744,0.0163,-0.01328,0.03526,,,,-0.42125,0.27255,0.15887,-0.01399,-0.00999,0.03521,,,,0.49838,0.2891,0.15269,0.01428,-0.01314,0.0359,,,,-0.5019,0.27163,0.1625,-0.01677,-0.00994,0.03589,,,,0.42223,0.28492,0.15205,0.01219,-0.01259,0.03523,,,,-0.58332,0.26651,0.16189,-0.01961,-0.00923,0.03509,0.51,1.0,,0.34859,0.28157,0.14546,0.01013,-0.01167,0.03331,,,,-0.65954,0.26601,0.15225,-0.02236,-0.00831,0.03293,,,,0.28524,0.28492,0.13204,0.00832,-0.01077,0.03059,1.97,3.0,,-0.72719,0.26723,0.13721,-0.02488,-0.00717,0.02982,0.31,10.0,,0.22293,0.28018,0.11797,0.00654,-0.00925,0.02688,,,,-0.78557,0.26872,0.11956,-0.02716,-0.00587,0.02613,,,,,,,,,,,,,,,,,,,,,,,,,,,,,,,,,,,,,,,,,,,,,,,,,,,,,,,,,,,,,,,,,,,,,,,,
2023-10-02 09:45:00,2.63,,2.0,,,,,,,,,,,,,,,,,,,,,,,,,0.28,,117.0,,,,,,,2.09,,1.0,,,,,,,0.39,,4.0,,,,,,,,,,,,,,,,0.53,,1.0,,,,,,,,,,,,,,,,0.69,,34.0,,,,,,,,,,,,,,,,,,,,,,,,,0.84,,3.0,,,,,,,,,,,,,,,,0.51,,1.0,,,,,,,,,,,,,,,,0.45,,2.0,,,,,,,1.97,,3.0,,,,,,,0.32,,11.0,,,,,,,,,,,,,,,,0.23,,10.0,,,,,,,2.58,,3.0,,,,,,,,,,,,,,,,,,,,,,,,,,,,,,,,,,,,,,,,,,,,,,,,,,,,,,,,,,,,
2023-10-02 12:41:00,2.63,,2.0,,,,,,,,,,,,,,,,,,,,,,,,,0.28,,117.0,,,,,,,2.09,,1.0,,,,,,,0.41,1.0,4.0,,,,,,,1.67,2.0,,,,,,,,0.53,,1.0,,,,,,,,,,,,,,,,0.75,1.0,34.0,,,,,,,,,,,,,,,,,,,,,,,,,0.84,,3.0,,,,,,,,,,,,,,,,0.51,,1.0,,,,,,,1.52,2.0,,,,,,,,0.41,5.0,2.0,,,,,,,1.97,,3.0,,,,,,,0.29,1.0,11.0,,,,,,,,,,,,,,,,0.21,1.0,10.0,,,,,,,2.58,,3.0,,,,,,,,,,,,,,,,,,,,,,,,,,,,,,,,,,,,,,,,,,,,,,,,,,,,,,,,,,,,
2023-10-03 11:08:00,2.36,2.0,2.0,,,,,,,,,,,,,,,,,,,,,,,,,0.28,,117.0,,,,,,,2.09,,1.0,,,,,,,0.59,1.0,5.0,,,,,,,1.67,,2.0,,,,,,,0.53,,1.0,,,,,,,0.99,2.0,,,,,,,,0.75,,35.0,,,,,,,,,,,,,,,,,,,,,,,,,0.84,,3.0,,,,,,,,,,,,,,,,0.51,,1.0,,,,,,,1.93,1.0,1.0,,,,,,,0.41,,7.0,,,,,,,1.97,,3.0,,,,,,,,,,,,,,,,,,,,,,,,,,,,,,,,,,,,,,,,,,,,,,,,,,,,0.25,104.0,,,,,,,,,,,,,,,,,,,,,,,,,,,,,,,,,,,,,,,,,,,
2023-10-03 14:09:00,2.36,2.0,2.0,,,,,,,,,,,,,,,,,,,,,,,,,0.28,,117.0,,,,,,,2.09,,1.0,,,,,,,0.59,1.0,5.0,,,,,,,1.67,,2.0,,,,,,,0.53,,1.0,,,,,,,0.97,5.0,,,,,,,,1.0,3.0,35.0,,,,,,,,,,,,,,,,,,,,,,,,,0.84,,3.0,,,,,,,,,,,,,,,,0.51,,1.0,,,,,,,1.93,1.0,1.0,,,,,,,0.41,,7.0,,,,,,,1.97,,3.0,,,,,,,,,,,,,,,,,,,,,,,,,,,,,,,,,,,,,,,,,,,,,,,,,,,,0.25,104.0,,,,,,,,,,,,,,,,,,,,,,,,,,,,,,,,,,,,,,,,,,,
2023-10-04 16:00:00,2.36,,4.0,0.74249,0.34069,0.11592,0.01715,-0.01348,0.02612,,,,-0.23799,0.30946,0.12285,-0.00654,-0.00988,0.02514,,,,0.68326,0.32702,0.13338,0.01599,-0.01412,0.02885,0.5,11.0,117.0,-0.30352,0.30165,0.14232,-0.00837,-0.01077,0.0284,2.09,,1.0,0.61389,0.31677,0.14807,0.01454,-0.01453,0.03103,0.63,,5.0,-0.378,0.29258,0.15954,-0.01046,-0.0112,0.03087,1.67,,2.0,0.5373,0.30498,0.15978,0.01286,-0.0144,0.03223,0.9,12.0,1.0,-0.4607,0.28724,0.16965,-0.01282,-0.01127,0.03223,0.97,,5.0,0.45652,0.29993,0.1623,0.01102,-0.01401,0.0322,1.13,1.0,38.0,-0.54673,0.2814,0.17273,-0.0153,-0.01075,0.03215,,,,0.37805,0.29819,0.15655,0.00918,-0.01324,0.03088,1.41,1.0,,-0.63094,0.27808,0.1663,-0.01779,-0.00977,0.03059,0.84,,3.0,0.30178,0.29226,0.14651,0.00738,-0.01183,0.02832,,,,-0.70815,0.2766,0.15198,-0.02014,-0.00844,0.02781,0.51,,1.0,0.23662,0.29189,0.12983,0.00581,-0.01039,0.02506,2.02,,2.0,-0.76363,0.28932,0.13031,-0.022,-0.0076,0.02494,0.22,1.0,7.0,0.17946,0.28998,0.11097,0.00443,-0.00873,0.02128,2.58,1.0,3.0,-0.82451,0.28354,0.11111,-0.02398,-0.00563,0.02084,,,,,,,,,,,,,,,,,,,,,,,,,,,,,,,,,,,,,,,,0.79237,0.35484,0.09857,0.01803,-0.01261,0.02313,0.25,5.0,104.0,-0.18433,0.32002,0.10225,-0.00505,-0.00887,0.02164,,,,0.83826,0.36141,0.08265,0.01881,-0.01122,0.01976,0.2,1.0,2.0,-0.14159,0.33212,0.08298,-0.00388,-0.00781,0.01823,,,,,,,,,,,,,,,,,,
2023-10-05 12:02:00,2.36,,4.0,,,,,,,,,,,,,,,,,,,,,,,,,0.5,,128.0,,,,,,,2.09,,1.0,,,,,,,0.63,,5.0,,,,,,,1.02,2.0,2.0,,,,,,,0.85,1.0,12.0,,,,,,,0.97,,5.0,,,,,,,1.13,,39.0,,,,,,,0.57,1.0,,,,,,,,1.41,,1.0,,,,,,,0.84,,3.0,,,,,,,,,,,,,,,,0.51,,1.0,,,,,,,2.02,,2.0,,,,,,,0.22,3.0,8.0,,,,,,,2.58,,4.0,,,,,,,,,,,,,,,,,,,,,,,,,,,,,,,,,,,,,,,,,,,,,,,,,,,,0.28,1.0,108.0,,,,,,,,,,,,,,,,0.2,,3.0,,,,,,,,,,,,,,,,,,,,,,,,
2023-10-05 14:04:00,2.36,,4.0,,,,,,,,,,,,,,,,,,,,,,,,,0.5,,128.0,,,,,,,2.09,,1.0,,,,,,,0.63,,5.0,,,,,,,1.02,2.0,2.0,,,,,,,0.85,1.0,12.0,,,,,,,0.97,,5.0,,,,,,,1.13,,39.0,,,,,,,0.57,1.0,,,,,,,,1.41,,1.0,,,,,,,0.84,,3.0,,,,,,,,,,,,,,,,0.51,,1.0,,,,,,,2.02,,2.0,,,,,,,0.22,8.0,8.0,,,,,,,2.58,,4.0,,,,,,,,,,,,,,,,,,,,,,,,,,,,,,,,,,,,,,,,,,,,,,,,,,,,0.28,1.0,108.0,,,,,,,,,,,,,,,,,,,,,,,,,,,,,,,,,,,,,,,,,,
2023-10-05 16:00:00,2.36,,4.0,0.76436,0.33804,0.11218,0.01726,-0.01309,0.02471,,,,-0.21672,0.30984,0.11727,-0.00582,-0.00961,0.02368,,,,0.70964,0.31919,0.13238,0.01626,-0.01363,0.02753,0.5,,128.0,-0.27882,0.30057,0.13832,-0.00751,-0.01057,0.02709,2.09,,1.0,0.64079,0.30837,0.14971,0.01486,-0.01419,0.03008,0.63,,5.0,-0.3518,0.29236,0.15705,-0.00951,-0.01121,0.02992,1.02,2.0,2.0,0.56291,0.30087,0.16183,0.01319,-0.01442,0.03173,0.85,1.0,12.0,-0.43349,0.28334,0.17171,-0.01176,-0.01132,0.03171,0.97,,5.0,0.48004,0.29352,0.16786,0.01135,-0.01409,0.03211,1.13,,39.0,-0.52128,0.27709,0.17774,-0.01422,-0.01095,0.03209,0.63,3.0,,0.39605,0.28741,0.16585,0.00943,-0.01324,0.03106,1.41,,1.0,-0.60758,0.27603,0.17202,-0.0167,-0.01021,0.03094,0.84,,3.0,0.31576,0.2827,0.15565,0.00757,-0.01193,0.02867,,,,-0.69908,0.26061,0.16485,-0.01931,-0.00823,0.028,0.32,2.0,1.0,0.243,0.27882,0.13893,0.00586,-0.0103,0.02524,2.02,,2.0,-0.7586,0.27485,0.13983,-0.02123,-0.00745,0.02504,0.22,8.0,8.0,0.18505,0.2805,0.11782,0.00448,-0.00879,0.02154,2.43,20.0,4.0,-0.81634,0.27698,0.11798,-0.0231,-0.00589,0.02129,,,,,,,,,,,,,,,,,,,,,,,,,,,,,,,,,,,,,,,,0.81321,0.34995,0.09438,0.0181,-0.01201,0.02152,0.28,1.0,108.0,-0.16634,0.32079,0.0963,-0.00446,-0.00853,0.02013,,,,,,,,,,,,,,,,,,,,,,,,,,,,,,,,,,,,
2023-10-06 11:52:00,2.36,,4.0,,,,,,,,,,,,,,,,,,,,,,,,,0.5,,128.0,,,,,,,2.09,,1.0,,,,,,,0.63,,5.0,,,,,,,1.02,,2.0,,,,,,,0.85,,12.0,,,,,,,0.97,,5.0,,,,,,,1.13,,39.0,,,,,,,0.63,,3.0,,,,,,,1.41,,1.0,,,,,,,0.84,,3.0,,,,,,,1.52,4.0,,,,,,,,0.39,50.0,3.0,,,,,,,2.02,,2.0,,,,,,,0.29,1.0,16.0,,,,,,,2.02,1.0,24.0,,,,,,,0.29,,12.0,,,,,,,,,,,,,,,,,,,,,,,,,,,,,,,,,,,,,,,,,,,,,,,,,,,,,,,,,,,,,,,,,,,,,,,,,,,,,,,,,,,,,,,
2023-10-09 10:44:00,2.36,,4.0,,,,,,,0.22,,1.0,,,,,,,,,,,,,,,,0.5,,128.0,,,,,,,2.09,,1.0,,,,,,,0.4,,6.0,,,,,,,1.02,,2.0,,,,,,,0.61,1.0,22.0,,,,,,,0.97,,5.0,,,,,,,0.81,7.0,49.0,,,,,,,0.87,,30.0,,,,,,,1.41,,1.0,,,,,,,0.62,,13.0,,,,,,,1.52,,4.0,,,,,,,0.39,,51.0,,,,,,,2.02,,2.0,,,,,,,0.3,,18.0,,,,,,,2.02,,23.0,,,,,,,0.29,,12.0,,,,,,,,,,,,,,,,,,,,,,,,,,,,,,,,,,,,,,,,,,,0.17,,107.0,,,,,,,,,,,,,,,,,,,,,,,,,,,,,,,,,,,,,,,,,,
2023-10-09 11:16:00,2.36,,4.0,,,,,,,0.22,,1.0,,,,,,,,,,,,,,,,0.5,,128.0,,,,,,,2.09,,1.0,,,,,,,0.4,,6.0,,,,,,,1.02,,2.0,,,,,,,0.61,1.0,22.0,,,,,,,0.97,,5.0,,,,,,,0.81,7.0,49.0,,,,,,,0.87,,30.0,,,,,,,1.41,,1.0,,,,,,,0.62,,13.0,,,,,,,1.52,,4.0,,,,,,,0.39,,51.0,,,,,,,2.02,,2.0,,,,,,,0.3,,18.0,,,,,,,2.02,,23.0,,,,,,,0.29,,12.0,,,,,,,,,,,,,,,,,,,,,,,,,,,,,,,,,,,,,,,,,,,0.17,,107.0,,,,,,,,,,,,,,,,,,,,,,,,,,,,,,,,,,,,,,,,,,
2023-10-09 11:47:00,2.36,,4.0,,,,,,,0.22,,1.0,,,,,,,,,,,,,,,,0.5,,128.0,,,,,,,2.09,,1.0,,,,,,,0.4,,6.0,,,,,,,1.02,,2.0,,,,,,,0.61,1.0,22.0,,,,,,,0.97,,5.0,,,,,,,0.81,7.0,49.0,,,,,,,0.87,,30.0,,,,,,,1.41,,1.0,,,,,,,0.62,,13.0,,,,,,,1.52,,4.0,,,,,,,0.39,,51.0,,,,,,,2.02,,2.0,,,,,,,0.3,,18.0,,,,,,,2.02,,23.0,,,,,,,0.29,,12.0,,,,,,,,,,,,,,,,,,,,,,,,,,,,,,,,,,,,,,,,,,,0.17,,107.0,,,,,,,,,,,,,,,,,,,,,,,,,,,,,,,,,,,,,,,,,,
2023-10-09 12:19:00,2.36,,4.0,,,,,,,0.22,,1.0,,,,,,,,,,,,,,,,0.5,,128.0,,,,,,,2.09,,1.0,,,,,,,0.4,,6.0,,,,,,,1.02,,2.0,,,,,,,0.61,1.0,22.0,,,,,,,0.97,,5.0,,,,,,,0.81,7.0,49.0,,,,,,,0.87,,30.0,,,,,,,1.41,,1.0,,,,,,,0.62,,13.0,,,,,,,1.52,,4.0,,,,,,,0.39,,51.0,,,,,,,2.02,,2.0,,,,,,,0.3,,18.0,,,,,,,2.02,,23.0,,,,,,,0.29,,12.0,,,,,,,,,,,,,,,,,,,,,,,,,,,,,,,,,,,,,,,,,,,0.17,,107.0,,,,,,,,,,,,,,,,,,,,,,,,,,,,,,,,,,,,,,,,,,
2023-10-09 12:50:00,2.36,,4.0,,,,,,,0.22,,1.0,,,,,,,,,,,,,,,,0.5,,128.0,,,,,,,2.09,,1.0,,,,,,,0.4,,6.0,,,,,,,1.02,,2.0,,,,,,,0.61,1.0,22.0,,,,,,,0.97,,5.0,,,,,,,0.81,7.0,49.0,,,,,,,0.87,,30.0,,,,,,,1.41,,1.0,,,,,,,0.62,,13.0,,,,,,,1.52,,4.0,,,,,,,0.39,,51.0,,,,,,,2.02,,2.0,,,,,,,0.3,,18.0,,,,,,,2.02,,23.0,,,,,,,0.29,,12.0,,,,,,,,,,,,,,,,,,,,,,,,,,,,,,,,,,,,,,,,,,,0.17,,107.0,,,,,,,,,,,,,,,,,,,,,,,,,,,,,,,,,,,,,,,,,,
2023-10-09 13:22:00,2.36,,4.0,,,,,,,0.22,,1.0,,,,,,,,,,,,,,,,0.5,,128.0,,,,,,,2.09,,1.0,,,,,,,0.4,,6.0,,,,,,,1.02,,2.0,,,,,,,0.61,1.0,22.0,,,,,,,0.97,,5.0,,,,,,,0.81,7.0,49.0,,,,,,,0.87,,30.0,,,,,,,1.41,,1.0,,,,,,,0.62,,13.0,,,,,,,1.52,,4.0,,,,,,,0.39,,51.0,,,,,,,2.02,,2.0,,,,,,,0.3,,18.0,,,,,,,2.02,,23.0,,,,,,,0.29,,12.0,,,,,,,,,,,,,,,,,,,,,,,,,,,,,,,,,,,,,,,,,,,0.17,,107.0,,,,,,,,,,,,,,,,,,,,,,,,,,,,,,,,,,,,,,,,,,
2023-10-09 16:00:00,2.36,,4.0,0.82283,0.35118,0.09461,0.01669,-0.01266,0.02005,0.22,,1.0,-0.15508,0.31956,0.09597,-0.00375,-0.00881,0.01851,,,,0.77644,0.33463,0.11439,0.01599,-0.01368,0.0231,0.5,,128.0,-0.20555,0.3087,0.11859,-0.00499,-0.01009,0.02209,2.09,,1.0,0.71784,0.32131,0.13486,0.01499,-0.01464,0.02615,0.4,,6.0,-0.26865,0.29948,0.14165,-0.00653,-0.01124,0.0256,1.02,,2.0,0.64773,0.31003,0.15373,0.01368,-0.01532,0.02876,0.61,1.0,22.0,-0.3429,0.28939,0.16335,-0.00837,-0.01195,0.02853,0.97,,5.0,0.56767,0.30186,0.16733,0.01211,-0.01561,0.03048,0.81,7.0,49.0,-0.42823,0.28157,0.17919,-0.01049,-0.01221,0.03045,0.78,10.0,30.0,0.48174,0.29352,0.17451,0.01037,-0.01524,0.03091,1.41,,1.0,-0.51955,0.27749,0.18452,-0.0128,-0.01195,0.0309,0.62,,13.0,0.39525,0.28913,0.17125,0.00857,-0.01438,0.02988,1.52,,4.0,-0.61164,0.27168,0.18114,-0.01517,-0.01089,0.0297,0.42,1.0,51.0,0.31355,0.286,0.15943,0.00684,-0.013,0.02752,2.02,,2.0,-0.69689,0.26961,0.16622,-0.01743,-0.00942,0.02704,0.3,,18.0,0.24053,0.2837,0.14112,0.00527,-0.01125,0.02416,2.02,,23.0,-0.76991,0.27013,0.14404,-0.01944,-0.0077,0.02348,0.29,,12.0,0.17905,0.28258,0.11907,0.00394,-0.00937,0.0203,,,,-0.85871,0.24281,0.11773,-0.0218,-0.00406,0.01725,,,,,,,,,,,,,,,,,,,,,,,,,,,,,,,,,,,,,,,,,,,,,,,,,,,,,,,,,,,,,,,,,,,,,,,,
2023-10-10 12:51:00,,,,,,,,,,,,,,,,,,,,,,,,,,,,0.5,,128.0,,,,,,,2.09,,1.0,,,,,,,0.27,1.0,6.0,,,,,,,1.02,,2.0,,,,,,,0.4,1.0,23.0,,,,,,,0.97,,5.0,,,,,,,0.81,,54.0,,,,,,,1.12,18.0,24.0,,,,,,,1.41,,1.0,,,,,,,0.85,5.0,13.0,,,,,,,0.92,1.0,4.0,,,,,,,0.63,10.0,52.0,,,,,,,1.27,1.0,2.0,,,,,,,0.43,4.0,18.0,,,,,,,2.02,,23.0,,,,,,,0.3,7.0,12.0,,,,,,,,,,,,,,,,0.2,9.0,21.0,,,,,,,2.84,,5.0,,,,,,,,,,,,,,,,,,,,,,,,,,,,,,,,,,,,,,,,,,,,,,,,,,,,,,,,,,,,
2023-10-10 13:22:00,,,,,,,,,,,,,,,,,,,,,,,,,,,,0.5,,128.0,,,,,,,2.09,,1.0,,,,,,,0.27,1.0,6.0,,,,,,,1.02,,2.0,,,,,,,0.4,1.0,23.0,,,,,,,0.97,,5.0,,,,,,,0.49,12.0,54.0,,,,,,,1.12,18.0,24.0,,,,,,,1.41,,1.0,,,,,,,0.85,5.0,13.0,,,,,,,0.92,1.0,4.0,,,,,,,0.63,10.0,52.0,,,,,,,1.27,1.0,2.0,,,,,,,0.43,4.0,18.0,,,,,,,2.02,,23.0,,,,,,,0.3,7.0,12.0,,,,,,,,,,,,,,,,0.2,9.0,21.0,,,,,,,2.84,,5.0,,,,,,,,,,,,,,,,,,,,,,,,,,,,,,,,,,,,,,,,,,,,,,,,,,,,,,,,,,,,
2023-10-10 16:00:00,,,,,,,,,,,,,,,,,,,,,,0.85209,0.32801,0.0891,0.01722,-0.01126,0.01797,0.5,,128.0,-0.13351,0.30944,0.08875,-0.0032,-0.00806,0.01689,2.09,,1.0,0.80765,0.31379,0.11048,0.01657,-0.01249,0.02132,0.27,1.0,6.0,-0.18063,0.29936,0.11195,-0.00433,-0.00945,0.02061,1.02,,2.0,0.74983,0.30306,0.13321,0.01559,-0.01375,0.02482,0.36,2.0,23.0,-0.23993,0.28957,0.13678,-0.00577,-0.0107,0.02436,0.97,,5.0,0.67861,0.29601,0.15387,0.01427,-0.01486,0.02801,0.46,13.0,54.0,-0.3154,0.28677,0.15791,-0.00762,-0.012,0.02785,1.09,23.0,24.0,0.59758,0.28995,0.1698,0.01269,-0.01548,0.03028,1.41,,1.0,-0.39787,0.27724,0.17724,-0.00965,-0.01239,0.03022,0.89,6.0,13.0,0.51017,0.28506,0.17811,0.01092,-0.0155,0.03122,0.92,1.0,4.0,-0.48926,0.27184,0.18679,-0.01192,-0.01231,0.03122,0.64,14.0,52.0,0.42099,0.28051,0.17757,0.00908,-0.01481,0.03063,1.27,1.0,2.0,-0.57923,0.27588,0.18038,-0.01423,-0.01197,0.0306,0.43,4.0,18.0,0.33712,0.27998,0.16618,0.00731,-0.01369,0.02861,1.46,1.0,23.0,-0.66399,0.27586,0.16813,-0.01645,-0.01078,0.02852,0.3,7.0,12.0,0.2605,0.27808,0.14878,0.00568,-0.01201,0.02544,,,,-0.73285,0.28417,0.14702,-0.01835,-0.00963,0.02569,0.2,9.0,21.0,0.19872,0.28106,0.12645,0.00434,-0.01036,0.02186,2.84,,5.0,-0.7866,0.29571,0.12482,-0.01994,-0.00849,0.0227,,,,,,,,,,,,,,,,,,,,,,,,,,,,,,,,,,,,,,,,0.14344,0.27852,0.10354,0.00315,-0.0083,0.01773,,,,-0.83553,0.30002,0.10456,-0.02142,-0.00681,0.01929
2023-10-11 14:57:00,,,,,,,,,,,,,,,,,,,,,,,,,,,,0.15,1.0,128.0,,,,,,,2.09,,1.0,,,,,,,0.19,1.0,6.0,,,,,,,1.02,,2.0,,,,,,,0.36,,24.0,,,,,,,0.97,,5.0,,,,,,,0.46,,67.0,,,,,,,1.25,7.0,31.0,,,,,,,0.56,1.0,1.0,,,,,,,0.95,2.0,19.0,,,,,,,0.74,1.0,3.0,,,,,,,0.7,28.0,66.0,,,,,,,1.27,,3.0,,,,,,,0.51,52.0,20.0,,,,,,,1.46,,24.0,,,,,,,0.36,3.0,19.0,,,,,,,,,,,,,,,,0.28,17.0,29.0,,,,,,,2.84,,5.0,,,,,,,,,,,,,,,,,,,,,,,,,,,,,,,,,,,,,,,,,,,0.18,1.0,,,,,,,,,,,,,,,,
2023-10-11 16:00:00,,,,,,,,,,,,,,,,,,,,,,0.86933,0.34057,0.07935,0.01704,-0.01113,0.01639,0.15,1.0,128.0,-0.11502,0.31902,0.07809,-0.00269,-0.00771,0.01511,2.09,,1.0,0.83063,0.32523,0.09903,0.01654,-0.01237,0.01954,0.19,1.0,6.0,-0.15251,0.30329,0.09975,-0.00357,-0.00884,0.01835,1.02,,2.0,0.77972,0.31295,0.121,0.01574,-0.01369,0.02297,0.36,,24.0,-0.20541,0.2933,0.12444,-0.00482,-0.01024,0.02214,0.97,,5.0,0.71741,0.30055,0.14395,0.01467,-0.01475,0.02625,0.46,,67.0,-0.27282,0.28626,0.14895,-0.00642,-0.01156,0.02587,1.31,27.0,31.0,0.64257,0.28944,0.16513,0.01329,-0.01545,0.02899,0.56,1.0,1.0,-0.35197,0.27908,0.17058,-0.00831,-0.01242,0.02888,0.95,2.0,19.0,0.55627,0.28547,0.17731,0.01161,-0.01589,0.03071,0.74,1.0,3.0,-0.44108,0.27314,0.18524,-0.01046,-0.0127,0.03069,0.77,53.0,66.0,0.46644,0.28191,0.1808,0.0098,-0.01561,0.03092,1.27,,3.0,-0.53479,0.27032,0.18844,-0.01276,-0.01237,0.0309,0.51,52.0,20.0,0.37776,0.27856,0.17499,0.00799,-0.01461,0.02957,1.46,,24.0,-0.62602,0.26889,0.18048,-0.01505,-0.01136,0.02944,0.38,11.0,19.0,0.29532,0.27618,0.16035,0.00628,-0.01306,0.02686,,,,-0.70942,0.26823,0.16347,-0.01719,-0.0098,0.0266,0.28,17.0,29.0,0.22509,0.2769,0.139,0.00481,-0.01131,0.02335,2.84,,5.0,-0.779,0.27077,0.14012,-0.01907,-0.00806,0.02302,,,,,,,,,,,,,,,,,,,,,,,,,,,,,,,,,,,,,0.18,1.0,,0.1667,0.27766,0.11548,0.00357,-0.0094,0.01945,,,,-0.83271,0.27668,0.11548,-0.02062,-0.00641,0.01938
2023-10-12 11:51:00,,,,,,,,,,,,,,,,,,,,,,,,,,,,0.15,10.0,129.0,,,,,,,2.09,,1.0,,,,,,,0.19,,7.0,,,,,,,1.02,,2.0,,,,,,,0.28,1.0,24.0,,,,,,,1.41,1.0,5.0,,,,,,,0.46,,67.0,,,,,,,1.31,,44.0,,,,,,,0.56,,2.0,,,,,,,0.95,,18.0,,,,,,,0.74,,4.0,,,,,,,0.59,2.0,86.0,,,,,,,1.27,,3.0,,,,,,,0.47,3.0,61.0,,,,,,,1.46,,24.0,,,,,,,0.32,4.0,30.0,,,,,,,,,,,,,,,,0.23,10.0,16.0,,,,,,,2.13,4.0,5.0,,,,,,,,,,,,,,,,,,,,,,,,,,,,,,,,,,,,,,,,,,,0.18,,1.0,,,,,,,,,,,,,,,
2023-10-12 12:35:00,,,,,,,,,,,,,,,,,,,,,,,,,,,,0.15,10.0,129.0,,,,,,,2.09,,1.0,,,,,,,0.19,,7.0,,,,,,,1.02,,2.0,,,,,,,0.28,1.0,24.0,,,,,,,1.41,1.0,5.0,,,,,,,0.46,,67.0,,,,,,,1.31,,44.0,,,,,,,0.56,,2.0,,,,,,,0.95,,18.0,,,,,,,0.74,,4.0,,,,,,,0.59,2.0,86.0,,,,,,,1.27,,3.0,,,,,,,0.47,3.0,61.0,,,,,,,1.46,,24.0,,,,,,,0.32,4.0,30.0,,,,,,,,,,,,,,,,0.23,10.0,16.0,,,,,,,2.13,4.0,5.0,,,,,,,,,,,,,,,,,,,,,,,,,,,,,,,,,,,,,,,,,,,0.18,,1.0,,,,,,,,,,,,,,,
2023-10-12 16:00:00,,,,,,,,,,,,,,,,,,,,,,0.84925,0.31389,0.09834,0.01609,-0.01127,0.01748,0.15,10.0,129.0,-0.14308,0.30518,0.0983,-0.00318,-0.00854,0.01699,2.09,,1.0,0.78931,0.31491,0.12127,0.01513,-0.01345,0.02163,0.19,,7.0,-0.19702,0.29709,0.12401,-0.00439,-0.01013,0.02087,1.02,,2.0,0.73156,0.2939,0.14854,0.01424,-0.01415,0.02473,0.36,2.0,24.0,-0.26303,0.28744,0.15073,-0.00587,-0.01142,0.02454,1.41,1.0,5.0,0.65535,0.27941,0.17471,0.01291,-0.0148,0.02765,0.43,5.0,67.0,-0.34415,0.28167,0.17349,-0.00771,-0.01247,0.02768,1.31,,44.0,0.56287,0.28066,0.18619,0.01118,-0.0156,0.0296,0.56,,2.0,-0.43502,0.27506,0.18993,-0.00979,-0.01279,0.02959,0.95,,18.0,0.46812,0.27617,0.19108,0.00937,-0.01531,0.02989,0.74,,4.0,-0.53114,0.273,0.19327,-0.01203,-0.01255,0.02988,0.52,9.0,86.0,0.37631,0.27623,0.18242,0.00757,-0.01446,0.02854,1.27,,3.0,-0.62555,0.27018,0.18599,-0.01427,-0.01145,0.02846,0.38,58.0,61.0,0.29172,0.27528,0.16556,0.0059,-0.01293,0.02581,1.46,,24.0,-0.70843,0.27324,0.16637,-0.01631,-0.01006,0.02575,0.32,4.0,30.0,0.22074,0.27738,0.14203,0.00448,-0.01118,0.02231,,,,-0.77502,0.28048,0.14146,-0.01804,-0.00857,0.02247,0.23,10.0,16.0,0.15772,0.2743,0.11671,0.00322,-0.00894,0.01813,2.13,4.0,5.0,-0.84122,0.27388,0.11669,-0.01977,-0.00603,0.0181,,,,,,,,,,,,,,,,,,,,,,,,,,,,,,,,,,,,,,,,,,,,,,,,,,,,,,
2023-10-13 13:16:00,2.36,,4.0,,,,,,,0.12,,2.0,,,,,,,,,,,,,,,,0.15,,129.0,,,,,,,2.09,,1.0,,,,,,,0.19,,7.0,,,,,,,1.02,,2.0,,,,,,,0.36,10.0,24.0,,,,,,,1.41,,6.0,,,,,,,0.61,2.0,72.0,,,,,,,0.85,3.0,44.0,,,,,,,0.56,,2.0,,,,,,,0.95,,18.0,,,,,,,0.96,50.0,4.0,,,,,,,0.45,4.0,92.0,,,,,,,1.27,,3.0,,,,,,,0.3,1.0,45.0,,,,,,,1.46,,24.0,,,,,,,0.32,,33.0,,,,,,,,,,,,,,,,0.15,1.0,15.0,,,,,,,2.13,,9.0,,,,,,,,,,,,,,,,,,,,,,,,,,,,,,,,,,,,,,,,,,,,,,,,,,,,,,,,,,,,
2023-10-13 14:39:00,2.36,,4.0,,,,,,,0.12,,2.0,,,,,,,,,,,,,,,,0.15,,129.0,,,,,,,2.09,,1.0,,,,,,,0.3,1.0,7.0,,,,,,,1.02,,2.0,,,,,,,0.36,10.0,24.0,,,,,,,1.41,,6.0,,,,,,,0.63,3.0,72.0,,,,,,,0.85,3.0,44.0,,,,,,,0.56,,2.0,,,,,,,0.95,,18.0,,,,,,,1.08,52.0,4.0,,,,,,,0.45,4.0,92.0,,,,,,,1.27,,3.0,,,,,,,0.3,1.0,45.0,,,,,,,1.46,,24.0,,,,,,,0.32,,33.0,,,,,,,,,,,,,,,,0.15,1.0,15.0,,,,,,,2.13,,9.0,,,,,,,,,,,,,,,,,,,,,,,,,,,,,,,,,,,,,,,,,,,,,,,,,,,,,,,,,,,,
2023-10-13 14:49:00,2.36,,4.0,,,,,,,0.12,,2.0,,,,,,,,,,,,,,,,0.15,,129.0,,,,,,,2.09,,1.0,,,,,,,0.3,1.0,7.0,,,,,,,1.02,,2.0,,,,,,,0.36,10.0,24.0,,,,,,,1.41,,6.0,,,,,,,0.63,3.0,72.0,,,,,,,0.85,3.0,44.0,,,,,,,0.56,,2.0,,,,,,,0.95,,18.0,,,,,,,1.08,52.0,4.0,,,,,,,0.45,4.0,92.0,,,,,,,1.27,,3.0,,,,,,,0.3,1.0,45.0,,,,,,,1.46,,24.0,,,,,,,0.32,,33.0,,,,,,,,,,,,,,,,0.15,1.0,15.0,,,,,,,2.13,,9.0,,,,,,,,,,,,,,,,,,,,,,,,,,,,,,,,,,,,,,,,,,,,,,,,,,,,,,,,,,,,
2023-10-13 15:03:00,2.36,,4.0,,,,,,,0.15,1.0,2.0,,,,,,,,,,,,,,,,0.15,,129.0,,,,,,,2.09,,1.0,,,,,,,0.3,1.0,7.0,,,,,,,1.02,,2.0,,,,,,,0.36,10.0,24.0,,,,,,,1.41,,6.0,,,,,,,0.63,3.0,72.0,,,,,,,0.85,3.0,44.0,,,,,,,0.56,,2.0,,,,,,,0.95,,18.0,,,,,,,1.08,52.0,4.0,,,,,,,0.43,6.0,92.0,,,,,,,1.27,,3.0,,,,,,,0.3,1.0,45.0,,,,,,,1.46,,24.0,,,,,,,0.32,,33.0,,,,,,,,,,,,,,,,0.14,2.0,15.0,,,,,,,2.13,,9.0,,,,,,,,,,,,,,,,,,,,,,,,,,,,,,,,,,,,,,,,,,,,,,,,,,,,,,,,,,,,
2023-10-13 16:00:00,2.36,,4.0,0.8743,0.32906,0.08485,0.01571,-0.01063,0.01504,0.15,1.0,2.0,-0.11982,0.32238,0.08442,-0.00255,-0.0081,0.01466,,,,0.80672,0.35319,0.10526,0.01462,-0.0143,0.02002,0.15,,129.0,-0.16747,0.31539,0.10822,-0.00357,-0.00989,0.01838,2.09,,1.0,0.76712,0.31498,0.13173,0.01417,-0.01421,0.02235,0.3,1.0,7.0,-0.22399,0.30339,0.13427,-0.00479,-0.01126,0.02194,1.02,,2.0,0.69738,0.3051,0.15543,0.01304,-0.01543,0.02554,0.36,10.0,24.0,-0.29643,0.29581,0.15916,-0.00636,-0.01257,0.02536,1.41,,6.0,0.61551,0.29663,0.17515,0.01163,-0.01618,0.02798,0.63,3.0,72.0,-0.38035,0.28713,0.18056,-0.00819,-0.01326,0.02792,0.89,5.0,44.0,0.52476,0.29092,0.1862,0.01,-0.01633,0.02918,0.56,,2.0,-0.47403,0.28078,0.19293,-0.01025,-0.0133,0.02918,0.95,,18.0,0.4313,0.28667,0.18658,0.00828,-0.01572,0.02881,1.08,52.0,4.0,-0.57003,0.27884,0.19159,-0.01241,-0.01272,0.02878,0.45,8.0,92.0,0.34152,0.284,0.17594,0.0066,-0.01442,0.02691,1.27,,3.0,-0.66073,0.27822,0.17885,-0.0145,-0.01143,0.0268,0.3,1.0,45.0,0.25917,0.28052,0.15718,0.00503,-0.01249,0.02375,1.46,,24.0,-0.74789,0.27059,0.16014,-0.01654,-0.00913,0.02334,0.32,,33.0,0.19377,0.2833,0.13202,0.00378,-0.01063,0.02015,,,,-0.79879,0.28998,0.13139,-0.01792,-0.00829,0.02052,0.14,2.0,15.0,0.14055,0.28517,0.10658,0.00275,-0.00866,0.01637,2.13,,9.0,-0.86052,0.28241,0.10632,-0.01949,-0.0056,0.01617,,,,,,,,,,,,,,,,,,,,,,,,,,,,,,,,,,,,,,,,,,,,,,,,,,,,,,
2023-10-16 16:00:00,2.36,,4.0,0.87631,0.36699,0.07915,0.01406,-0.01216,0.01415,0.13,1.0,3.0,-0.09561,0.32355,0.07517,-0.00182,-0.0074,0.01185,,,,0.84782,0.3342,0.1003,0.01386,-0.01269,0.01633,0.15,,129.0,-0.13565,0.31198,0.09999,-0.00259,-0.0091,0.0152,2.09,,1.0,0.80007,0.31461,0.1269,0.01328,-0.01395,0.01945,0.24,18.0,8.0,-0.18843,0.30002,0.12886,-0.0036,-0.01078,0.01884,1.02,,2.0,0.72936,0.30962,0.15271,0.01225,-0.01585,0.02304,0.39,1.0,25.0,-0.25708,0.28927,0.1596,-0.00492,-0.0123,0.0225,1.41,,6.0,0.64806,0.30133,0.17608,0.011,-0.01701,0.02585,0.63,,73.0,-0.34297,0.28212,0.18653,-0.00659,-0.01351,0.02564,0.96,5.0,45.0,0.5568,0.28499,0.1982,0.00956,-0.01693,0.02752,0.64,1.0,2.0,-0.44069,0.27315,0.2067,-0.00851,-0.0138,0.02751,0.71,7.0,18.0,0.45803,0.28789,0.1972,0.00791,-0.01696,0.02766,1.08,,56.0,-0.54594,0.26776,0.21172,-0.0106,-0.01326,0.02762,0.47,34.0,95.0,0.36167,0.28418,0.18874,0.00629,-0.01567,0.02613,1.27,,3.0,-0.64586,0.26922,0.19752,-0.01264,-0.01212,0.02591,0.32,2.0,46.0,0.27408,0.28223,0.16899,0.00479,-0.01374,0.02324,1.46,,24.0,-0.75436,0.24813,0.18113,-0.01484,-0.00872,0.0219,0.22,215.0,33.0,0.20134,0.28315,0.14214,0.00353,-0.01156,0.01961,,,,-0.82003,0.25926,0.14426,-0.01633,-0.00708,0.01822,0.14,,15.0,0.14262,0.2838,0.11373,0.00251,-0.00925,0.01573,2.13,,9.0,-0.86726,0.27167,0.11237,-0.0175,-0.00553,0.01487,,,,,,,,,,,,,,,,,,,,,,,,,,,,,,,,,,,,,,,,,,,,,,,,,,,,,,
2023-10-17 16:00:00,2.36,,4.0,0.86151,0.37123,0.08711,0.01324,-0.01328,0.0149,0.13,,3.0,-0.10063,0.3134,0.08285,-0.00182,-0.00753,0.01196,,,,0.81485,0.3601,0.10875,0.01271,-0.01524,0.01805,0.15,,129.0,-0.14354,0.29976,0.11121,-0.0026,-0.00919,0.01536,2.09,,1.0,0.78351,0.30557,0.1409,0.01248,-0.01432,0.01984,0.24,,26.0,-0.20072,0.28522,0.14485,-0.00364,-0.01075,0.01903,1.02,,2.0,0.71004,0.29206,0.1722,0.01146,-0.01566,0.02317,0.35,2.0,24.0,-0.28029,0.27774,0.17853,-0.00511,-0.01244,0.02285,1.41,,6.0,0.61864,0.28327,0.19788,0.01009,-0.01662,0.02583,0.5,1.0,73.0,-0.37485,0.26732,0.20878,-0.00685,-0.01328,0.02571,0.96,,42.0,0.51581,0.2773,0.21151,0.00849,-0.01678,0.02702,0.64,,3.0,-0.48358,0.26274,0.22325,-0.00889,-0.01345,0.02702,0.54,94.0,25.0,0.41065,0.27435,0.20864,0.0068,-0.01601,0.02637,1.08,,56.0,-0.59526,0.25813,0.2208,-0.01101,-0.01246,0.02626,0.37,32.0,108.0,0.31104,0.27112,0.19185,0.00518,-0.01425,0.02397,1.27,,3.0,-0.69758,0.25817,0.19863,-0.01301,-0.01074,0.02363,0.22,13.0,48.0,0.22258,0.26727,0.16422,0.00373,-0.01177,0.02022,1.67,2.0,24.0,-0.81239,0.23147,0.1706,-0.01523,-0.00647,0.01819,0.13,97.0,243.0,0.15603,0.26988,0.13059,0.00262,-0.00949,0.01624,,,,-0.82231,0.29201,0.13068,-0.01575,-0.00829,0.01758,0.14,,15.0,0.10504,0.27163,0.09861,0.00177,-0.00722,0.01234,2.68,4.0,9.0,-0.85709,0.31441,0.1051,-0.01666,-0.00741,0.01523,,,,,,,,,,,,,,,,,,,,,,,,,,,,,,,,,,,,,,,,,,,,,,,,,,,,,,
2023-10-18 16:00:00,2.36,,4.0,0.84839,0.33144,0.10783,0.01251,-0.01274,0.01526,0.13,,3.0,-0.13617,0.31085,0.1075,-0.00233,-0.00927,0.01426,,,,0.79493,0.31332,0.13828,0.01191,-0.01427,0.01849,0.15,,129.0,-0.19088,0.2949,0.14118,-0.00327,-0.01088,0.01777,2.09,,1.0,0.71865,0.30641,0.16809,0.0109,-0.01619,0.02199,0.32,719.0,26.0,-0.26739,0.28484,0.1767,-0.00459,-0.01258,0.02149,1.08,1.0,2.0,0.63064,0.29293,0.1968,0.00968,-0.01705,0.02461,0.49,4.0,24.0,-0.36153,0.27453,0.20872,-0.00622,-0.01362,0.02446,1.41,,6.0,0.52792,0.28518,0.21331,0.00818,-0.01726,0.02597,0.69,1.0,74.0,-0.47088,0.27419,0.22186,-0.00816,-0.0142,0.02597,0.56,27.0,42.0,0.4192,0.27644,0.21613,0.00655,-0.01626,0.02551,0.64,,3.0,-0.58141,0.27183,0.21959,-0.01014,-0.01347,0.02548,0.33,20.0,105.0,0.31682,0.27456,0.19838,0.00498,-0.01459,0.02325,1.08,,56.0,-0.68359,0.27232,0.19958,-0.01203,-0.01185,0.0232,0.21,31.0,135.0,0.22633,0.27171,0.16942,0.00357,-0.01212,0.01965,1.66,9.0,3.0,-0.77185,0.27242,0.16925,-0.01371,-0.0095,0.01968,0.14,5.0,60.0,0.15839,0.27521,0.13437,0.00251,-0.0098,0.01579,2.1,1.0,26.0,-0.84441,0.271,0.13419,-0.01516,-0.00675,0.01552,0.09,4.0,327.0,0.10647,0.27762,0.10123,0.00169,-0.00748,0.012,,,,-0.88891,0.28159,0.10211,-0.01618,-0.00495,0.01227,,,,,,,,,,,,,,,,,,,,,,0.90168,0.32853,0.08002,0.01312,-0.00983,0.01122,0.09,10.0,113.0,-0.09332,0.32255,0.07913,-0.00159,-0.00739,0.0109,,,,,,,,,,,,,,,,,,,,,,,,,,,,,,,,,,,,
2023-10-19 16:00:00,2.36,,4.0,0.79655,0.33434,0.13418,0.01117,-0.01505,0.0177,0.18,2.0,3.0,-0.18152,0.30368,0.13825,-0.00292,-0.01095,0.01656,,,,0.72355,0.32508,0.16342,0.01028,-0.01697,0.02096,0.31,52.0,129.0,-0.25507,0.29057,0.17589,-0.00411,-0.01264,0.02016,2.09,,1.0,0.64128,0.30143,0.197,0.00924,-0.01739,0.02342,0.38,5.0,521.0,-0.35027,0.28244,0.20871,-0.00567,-0.014,0.02325,0.78,1.0,3.0,0.53788,0.29944,0.2109,0.00781,-0.01809,0.02491,0.59,2.0,26.0,-0.46011,0.27624,0.22856,-0.00748,-0.01442,0.02491,0.54,20.0,6.0,0.42806,0.28423,0.21963,0.00628,-0.01682,0.02462,0.81,2.0,73.0,-0.57686,0.26748,0.23271,-0.00944,-0.0134,0.02455,0.39,1.0,63.0,0.32332,0.28175,0.20282,0.00477,-0.01513,0.02254,0.64,,3.0,-0.68801,0.26409,0.21281,-0.01135,-0.01147,0.02217,0.33,,111.0,0.2341,0.28276,0.17258,0.00347,-0.01287,0.01925,1.56,50.0,56.0,-0.7829,0.26266,0.17749,-0.01304,-0.00886,0.01839,0.18,26.0,138.0,0.16041,0.28186,0.13762,0.00239,-0.01015,0.0153,1.66,,10.0,-0.84854,0.27103,0.13711,-0.01431,-0.0067,0.01466,0.14,,59.0,0.1077,0.28488,0.10348,0.00161,-0.00776,0.01163,2.1,,26.0,-0.89859,0.27616,0.10134,-0.01535,-0.00442,0.01104,,,,,,,,,,,,,,,,,,,,,,,,,,,,,,,,,,,,,,,,0.84889,0.35298,0.10511,0.01172,-0.01341,0.01464,0.09,,123.0,-0.1265,0.31751,0.10406,-0.00203,-0.00907,0.01303,,,,,,,,,,,,,,,,,,,,,,,,,,,,,,,,,,,,
2023-10-20 16:00:00,2.36,,4.0,0.73171,0.31421,0.17411,0.00975,-0.01624,0.01975,0.27,23.0,4.0,-0.25646,0.29637,0.18076,-0.00386,-0.01299,0.01934,,,,0.63913,0.30212,0.20589,0.00862,-0.01745,0.02246,0.37,5.0,95.0,-0.35423,0.2873,0.21534,-0.00536,-0.01438,0.02234,0.88,2.0,1.0,0.53124,0.28875,0.22895,0.00724,-0.0175,0.02387,0.64,43.0,521.0,-0.46741,0.27543,0.24001,-0.0071,-0.01446,0.02387,0.55,35.0,4.0,0.4208,0.29643,0.21936,0.00577,-0.01744,0.02348,0.87,5.0,28.0,-0.58535,0.27711,0.23374,-0.00896,-0.01393,0.02339,0.41,2.0,25.0,0.30728,0.28032,0.20851,0.00425,-0.01472,0.0211,1.18,10.0,73.0,-0.69815,0.27138,0.21333,-0.01077,-0.0117,0.0209,0.21,11.0,63.0,0.22514,0.29107,0.17146,0.00312,-0.01295,0.01802,0.64,,3.0,-0.79525,0.26706,0.17627,-0.01239,-0.00873,0.017,0.33,,111.0,0.1499,0.28724,0.13498,0.00209,-0.00988,0.014,1.99,10.0,53.0,-0.87035,0.26412,0.13221,-0.01372,-0.00562,0.01261,0.08,29.0,122.0,0.09148,0.28133,0.09721,0.00128,-0.0068,0.00987,2.35,1.0,10.0,-0.87448,0.32232,0.1059,-0.01407,-0.00706,0.01232,,,,,,,,,,,,,,,,,,,,,,,,,,,,,,,,,,,,,,,,,,,,,,,,,,,,,,,,,,0.80269,0.33244,0.13847,0.01054,-0.01472,0.01662,0.16,1.0,123.0,-0.17885,0.30699,0.14162,-0.00269,-0.01102,0.0157,,,,0.85054,0.36054,0.10679,0.01098,-0.01355,0.0139,0.11,6.0,43.0,-0.11922,0.31606,0.10482,-0.00179,-0.00869,0.01196,,,,,,,,,,,,,,,,,,
2023-10-23 16:00:00,2.36,,4.0,0.7607,0.35084,0.15718,0.00871,-0.01841,0.01738,0.28,1.0,25.0,-0.21183,0.30812,0.16742,-0.00275,-0.01337,0.01625,,,,0.68308,0.32334,0.19587,0.00794,-0.01928,0.01995,0.35,37.0,94.0,-0.30352,0.2977,0.20905,-0.00395,-0.01544,0.01961,0.84,10.0,3.0,0.58084,0.30342,0.22912,0.00684,-0.01963,0.0219,0.53,2.0,542.0,-0.41566,0.28998,0.23942,-0.00544,-0.01656,0.02187,0.58,10.0,39.0,0.46468,0.30456,0.23224,0.00551,-0.01979,0.02229,0.72,10.0,33.0,-0.53897,0.28296,0.2497,-0.00709,-0.01612,0.02226,0.37,223.0,25.0,0.3459,0.29058,0.22597,0.00414,-0.0174,0.02069,1.02,18.0,63.0,-0.67071,0.26286,0.2448,-0.00887,-0.01309,0.02027,0.23,12.0,69.0,0.24276,0.28817,0.1933,0.00292,-0.01454,0.01755,0.64,,3.0,-0.76636,0.27628,0.19698,-0.01026,-0.01117,0.01715,0.14,21.0,111.0,0.15886,0.28545,0.1511,0.00192,-0.0111,0.01359,1.94,2.0,58.0,-0.90184,0.22246,0.1376,-0.01212,-0.00363,0.00964,0.08,10.0,117.0,0.1047,0.29259,0.11046,0.00127,-0.00849,0.01018,2.42,9.0,11.0,-0.90065,0.28489,0.10841,-0.01236,-0.00529,0.00973,,,,,,,,,,,,,,,,,,,,,,,,,,,,,,,,,,,,,,,,,,,,,,,,,,,,,,,,,,0.82014,0.37677,0.12354,0.00925,-0.01691,0.01467,0.13,20.0,124.0,-0.14513,0.32368,0.12548,-0.00188,-0.01113,0.0128,,,,0.86025,0.41095,0.09589,0.00952,-0.01576,0.01242,0.1,9.0,45.0,-0.09725,0.33929,0.09027,-0.00126,-0.00884,0.00965,,,,,,,,,,,,,,,,,,
2023-10-24 16:00:00,2.36,,4.0,0.86443,0.36474,0.1055,0.00947,-0.01479,0.0122,0.11,1.0,25.0,-0.11277,0.33029,0.10289,-0.00142,-0.01016,0.01078,,,,0.81313,0.34246,0.13881,0.00905,-0.01682,0.01507,0.16,1.0,90.0,-0.16833,0.31631,0.14113,-0.00213,-0.01271,0.01415,1.02,10.0,13.0,0.73887,0.32881,0.17518,0.00834,-0.01918,0.01826,0.53,,542.0,-0.24619,0.30545,0.18317,-0.00312,-0.01527,0.01774,0.95,5.0,46.0,0.64843,0.30842,0.2133,0.00741,-0.02027,0.02086,0.4,18.0,30.0,-0.34573,0.296,0.2211,-0.00439,-0.01714,0.02075,0.71,210.0,243.0,0.53615,0.30076,0.23435,0.00618,-0.0209,0.02235,0.61,41.0,61.0,-0.46242,0.28753,0.2451,-0.0059,-0.01766,0.02235,0.5,20.0,68.0,0.41761,0.29423,0.23547,0.00485,-0.01989,0.02197,0.64,,3.0,-0.58628,0.28134,0.24561,-0.00753,-0.01656,0.02191,0.31,167.0,101.0,0.3075,0.29365,0.21249,0.00359,-0.01773,0.01979,1.94,,60.0,-0.70129,0.27985,0.21979,-0.00909,-0.01417,0.0195,0.17,24.0,111.0,0.21641,0.2963,0.17572,0.00254,-0.01484,0.01651,2.42,,10.0,-0.79378,0.28342,0.17812,-0.01039,-0.01119,0.01601,0.13,213.0,53.0,0.14389,0.29701,0.13554,0.00169,-0.01145,0.01276,2.71,,18.0,-0.87301,0.27678,0.13283,-0.01155,-0.00709,0.01166,0.07,5.0,317.0,0.09581,0.30415,0.09928,0.00113,-0.00876,0.00957,2.53,1.0,,-0.90617,0.30037,0.09828,-0.01218,-0.00573,0.00936,,,,,,,,,,,,,,,,,,,,,,0.89795,0.39429,0.07968,0.00966,-0.01327,0.00996,0.13,,125.0,-0.07319,0.34333,0.07185,-0.00092,-0.0077,0.00782,,,,,,,,,,,,,,,,,,,,,,,,,,,,,,,,,,,,
2023-10-27 16:00:00,1.79,10.0,13.0,0.86124,0.331,0.13227,0.0078,-0.01485,0.01109,0.12,5.0,31.0,-0.14092,0.33529,0.13244,-0.00144,-0.01309,0.01125,,,,0.78711,0.31869,0.18068,0.00723,-0.01822,0.01459,0.2,225.0,317.0,-0.21479,0.32268,0.17974,-0.0022,-0.01636,0.01469,1.02,,11.0,0.68824,0.306,0.22928,0.0064,-0.02086,0.01778,0.32,12.0,542.0,-0.31425,0.31264,0.22541,-0.00323,-0.0191,0.01786,0.7,2.0,41.0,0.56531,0.29676,0.26325,0.00531,-0.02216,0.01979,0.51,7.0,59.0,-0.43518,0.3058,0.2556,-0.00449,-0.02047,0.0198,0.47,14.0,116.0,0.43329,0.29809,0.262,0.0041,-0.02197,0.01979,0.79,53.0,94.0,-0.56249,0.31014,0.25218,-0.00585,-0.02045,0.01982,0.3,15.0,112.0,0.31587,0.3061,0.23073,0.003,-0.02022,0.01789,0.96,8.0,19.0,-0.67998,0.31161,0.22768,-0.00714,-0.01819,0.01798,0.18,191.0,256.0,0.21839,0.31083,0.18839,0.00208,-0.01692,0.01484,1.45,3.0,60.0,-0.77776,0.31476,0.18755,-0.00825,-0.01472,0.01496,0.14,2.0,144.0,0.14464,0.31607,0.14299,0.00138,-0.01322,0.01145,1.97,,10.0,-0.83079,0.34676,0.1441,-0.00895,-0.01339,0.01266,0.06,313.0,256.0,0.08537,0.31177,0.09946,0.00082,-0.00892,0.00786,2.71,,18.0,-0.89464,0.33876,0.10633,-0.00974,-0.00855,0.00913,,,,,,,,,,,,,,,,,,,,,,,,,,,,,,,,,,,,,,,,0.92859,0.31752,0.0846,0.0083,-0.00957,0.00681,0.13,,125.0,-0.08955,0.34918,0.09204,-0.00091,-0.00991,0.00814,,,,,,,,,,,,,,,,,,,,,,,,,,,,,,,,,,,,
2023-10-30 16:00:00,1.79,,13.0,0.89778,0.36521,0.10779,0.00642,-0.01511,0.00801,0.06,1.0,31.0,-0.09661,0.35671,0.10635,-0.00078,-0.01223,0.00772,,,,0.85522,0.32362,0.15554,0.00623,-0.01684,0.01024,0.13,4.0,317.0,-0.1536,0.33724,0.15569,-0.00124,-0.01593,0.01068,1.02,,11.0,0.75761,0.32472,0.21307,0.00558,-0.02236,0.01407,0.22,4.0,542.0,-0.23952,0.32107,0.21438,-0.00194,-0.01976,0.014,0.75,1.0,41.0,0.64062,0.31221,0.26527,0.00478,-0.02525,0.01685,0.37,76.0,59.0,-0.35788,0.30973,0.26716,-0.00291,-0.02271,0.01683,0.52,3007.0,116.0,0.50051,0.30374,0.29104,0.00376,-0.02587,0.01798,0.61,6.0,94.0,-0.49866,0.30743,0.28754,-0.00408,-0.02377,0.01798,0.34,35.0,112.0,0.36241,0.30914,0.26883,0.00274,-0.0245,0.01691,0.96,,19.0,-0.64228,0.29872,0.2768,-0.00529,-0.0211,0.01682,0.18,4641.0,256.0,0.23981,0.30619,0.22495,0.00182,-0.01999,0.01401,1.45,,60.0,-0.75004,0.31897,0.22053,-0.00626,-0.0187,0.01431,0.1,550.0,144.0,0.14904,0.30926,0.16641,0.00114,-0.01501,0.01047,1.73,1.0,10.0,-0.83636,0.32673,0.16712,-0.00706,-0.01419,0.01111,0.06,22.0,256.0,0.09161,0.31923,0.11426,0.0007,-0.01094,0.00742,2.71,,18.0,-0.90783,0.3192,0.11425,-0.00775,-0.00824,0.00742,0.02,602.0,318.0,0.05053,0.32111,0.0718,0.00039,-0.00694,0.00469,2.53,,,-0.93739,0.3416,0.07934,-0.00813,-0.00591,0.00551,,,,,,,,,,,,,,,,,,,,,,0.93327,0.39025,0.07301,0.00656,-0.01212,0.0058,0.05,4.0,125.0,-0.05992,0.37705,0.06996,-0.00048,-0.00902,0.00537,,,,,,,,,,,,,,,,,,,,,,,,,,,,,,,,,,,,
2023-10-31 16:00:00,1.79,,13.0,0.83957,0.39069,0.14704,0.00543,-0.02178,0.01029,0.12,25.0,48.0,-0.13235,0.346,0.14621,-0.00096,-0.01529,0.00906,,,,0.77136,0.35165,0.20305,0.00507,-0.02406,0.01279,0.22,24.0,324.0,-0.21179,0.32551,0.21016,-0.00153,-0.01934,0.01226,0.78,15.0,26.0,0.66253,0.33025,0.26112,0.00441,-0.02686,0.01545,0.3,299.0,771.0,-0.32803,0.30954,0.27564,-0.00238,-0.02274,0.01529,0.75,,41.0,0.5232,0.32487,0.28945,0.00352,-0.02842,0.01685,0.63,53.0,160.0,-0.47608,0.30343,0.30989,-0.00348,-0.02425,0.01685,0.35,228.0,3135.0,0.37869,0.31865,0.28188,0.00256,-0.02639,0.01609,0.86,7.0,100.0,-0.63246,0.2935,0.30306,-0.00465,-0.02167,0.01593,0.19,757.0,697.0,0.25289,0.32033,0.23573,0.00172,-0.02215,0.01353,0.96,,19.0,-0.76349,0.29798,0.24418,-0.00567,-0.01736,0.01303,0.08,511.0,4947.0,0.15704,0.32349,0.17549,0.00107,-0.01674,0.01017,1.45,,60.0,-0.84956,0.31455,0.17502,-0.00639,-0.0132,0.00986,0.05,1956.0,2545.0,0.09377,0.33073,0.11956,0.00064,-0.01188,0.00709,1.73,,10.0,-0.91963,0.31073,0.11284,-0.00701,-0.00724,0.00628,0.01,7.0,257.0,0.04541,0.32225,0.06999,0.00031,-0.00659,0.00404,2.71,,18.0,-0.93908,0.35026,0.08075,-0.00728,-0.00624,0.00507,,,,,,,,,,,,,,,,,,,,,,,,,,,,,,,,,,,,,,,,0.88863,0.42382,0.10539,0.00565,-0.01869,0.008,0.07,212.0,315.0,-0.0821,0.36967,0.09687,-0.00059,-0.01161,0.00642,,,,0.91528,0.47281,0.0772,0.0057,-0.0172,0.00654,0.03,2.0,1116.0,-0.05412,0.40218,0.0645,-0.00039,-0.00917,0.00465,,,,,,,,,,,,,,,,,,
2023-11-01 16:00:00,1.52,2.0,13.0,0.86801,0.35334,0.1505,0.00508,-0.01851,0.00855,0.1,6.0,48.0,-0.127,0.34637,0.14985,-0.00082,-0.01568,0.00834,,,,0.78348,0.33532,0.21785,0.00466,-0.02345,0.01175,0.17,20.0,324.0,-0.20745,0.32235,0.22134,-0.00135,-0.01995,0.01147,0.75,2.0,26.0,0.66384,0.31611,0.28753,0.00399,-0.02699,0.01462,0.32,1.0,771.0,-0.33125,0.30622,0.29532,-0.00216,-0.02381,0.01454,0.49,35.0,41.0,0.50947,0.29677,0.33502,0.0031,-0.02737,0.01598,0.57,10.0,160.0,-0.48994,0.30061,0.33073,-0.00321,-0.02536,0.01598,0.28,58.0,3135.0,0.35095,0.3031,0.30499,0.00214,-0.0257,0.01486,0.79,1.0,100.0,-0.6515,0.29761,0.30967,-0.0043,-0.02276,0.01482,0.17,1034.0,697.0,0.22543,0.31371,0.23865,0.00138,-0.02139,0.01204,0.96,,19.0,-0.78931,0.29462,0.24402,-0.00526,-0.01682,0.01156,0.08,39.0,4947.0,0.12469,0.30866,0.16602,0.00077,-0.01435,0.00824,1.45,,60.0,-0.86261,0.32412,0.16862,-0.00584,-0.0135,0.00879,0.04,8.0,2545.0,0.08245,0.33887,0.11193,0.00051,-0.01162,0.0061,1.73,,10.0,-0.91322,0.34481,0.11383,-0.00627,-0.0096,0.00631,0.01,,257.0,0.08557,0.42383,0.09202,0.00052,-0.01489,0.00627,2.71,,18.0,-0.90606,0.43875,0.09492,-0.00635,-0.01375,0.00669,,,,,,,,,,,,,,,,,,,,,,,,,,,,,,,,,,,,,,,,0.90691,0.40166,0.10298,0.00521,-0.0166,0.00665,0.07,1.0,315.0,-0.07428,0.36691,0.09551,-0.00048,-0.01125,0.00563,,,,0.96281,0.37252,0.05378,0.00545,-0.00853,0.00322,0.03,,1116.0,-0.05008,0.40702,0.06328,-0.00032,-0.0092,0.00414,,,,,,,,,,,,,,,,,,
2023-11-02 16:00:00,1.88,2.0,12.0,0.9584,0.27914,0.08268,0.00504,-0.00784,0.00337,0.05,2.0,53.0,-0.08085,0.34887,0.11237,-0.00047,-0.01223,0.00573,,,,0.89046,0.28111,0.17398,0.00476,-0.01438,0.00714,0.17,,344.0,-0.13154,0.31043,0.17973,-0.00076,-0.01541,0.00815,0.9,26.0,47.0,0.78069,0.27007,0.28595,0.00423,-0.02064,0.01128,0.15,158.0,771.0,-0.23098,0.28578,0.2786,-0.00134,-0.0201,0.01163,0.57,119.0,143.0,0.61371,0.26143,0.38269,0.00336,-0.02512,0.01462,0.32,83.0,233.0,-0.39355,0.28429,0.35389,-0.0023,-0.02501,0.0147,0.32,90.0,3154.0,0.41874,0.26793,0.38133,0.00231,-0.0258,0.01493,0.57,1.0,99.0,-0.5787,0.27402,0.37327,-0.0034,-0.02402,0.01494,0.18,231.0,1417.0,0.2588,0.28232,0.29982,0.00143,-0.02229,0.01237,0.93,1.0,19.0,-0.74751,0.27397,0.30473,-0.00444,-0.0189,0.0122,0.09,15.0,4941.0,0.13854,0.28385,0.20367,0.00077,-0.01522,0.00845,1.32,16.0,75.0,-0.83707,0.3122,0.20595,-0.00504,-0.01608,0.00939,0.04,14.0,2544.0,0.07779,0.30369,0.12538,0.00043,-0.01068,0.00556,1.73,,10.0,-0.9342,0.2859,0.11654,-0.00569,-0.00621,0.00487,0.03,4.0,256.0,0.05481,0.34421,0.08431,0.0003,-0.0092,0.00424,2.71,,12.0,-0.84843,0.52279,0.11726,-0.00534,-0.02678,0.00896,,,,,,,,,,,,,,,,,,,,,,,,,,,,,,,,,,,,,,,,0.99957,0.01,0.0,0.00517,-0.00202,0.0,0.07,,315.0,-0.04853,0.38074,0.06919,-0.00028,-0.00899,0.00385,,,,,,,,,,,,,,,,,,,,,,,,,,,,,,,,,,,,
2023-11-03 16:00:00,2.41,5.0,12.0,0.9638,0.3817,0.0564,0.00444,-0.00979,0.00288,0.02,11.0,53.0,-0.02889,0.36183,0.04981,-0.00015,-0.00613,0.00241,1.91,32.0,,0.95009,0.32513,0.08605,0.00446,-0.01066,0.00375,0.04,21.0,344.0,-0.04248,0.31093,0.07952,-0.00022,-0.00721,0.00331,1.35,17.0,47.0,0.89331,0.31311,0.16014,0.00426,-0.01687,0.00671,0.06,18.0,771.0,-0.1015,0.30631,0.15828,-0.00053,-0.01387,0.00649,0.96,13.0,143.0,0.80202,0.29014,0.26177,0.00388,-0.02274,0.01017,0.11,175.0,233.0,-0.19453,0.28621,0.26285,-0.00101,-0.02,0.01007,0.62,211.0,3154.0,0.64776,0.27995,0.36222,0.00317,-0.02847,0.01358,0.24,467.0,99.0,-0.35072,0.27742,0.36509,-0.00183,-0.02585,0.01356,0.34,845.0,1417.0,0.45579,0.27896,0.38833,0.00225,-0.02979,0.0145,0.47,114.0,19.0,-0.54503,0.27345,0.39602,-0.00286,-0.02679,0.0145,0.18,4328.0,4941.0,0.28208,0.28658,0.32212,0.0014,-0.02581,0.01236,0.81,4.0,75.0,-0.72204,0.2805,0.32655,-0.00382,-0.02259,0.01226,0.08,129.0,2544.0,0.14985,0.28675,0.22206,0.00075,-0.01771,0.00852,1.73,,10.0,-0.84179,0.296,0.22263,-0.00451,-0.01636,0.00882,0.04,2.0,256.0,0.07383,0.29479,0.12967,0.00037,-0.01089,0.00512,2.71,,12.0,-0.91472,0.31042,0.13687,-0.00497,-0.01011,0.00569,0.02,,919.0,0.04967,0.33524,0.08363,0.00025,-0.00906,0.00375,2.53,,,-0.93844,0.35697,0.09261,-0.00519,-0.00866,0.00443,,,,,,,,,,,,,,,,,,,,,,,,,,,,,,,,,,,,,,,,,,,,,,,,,,,,,,,,,,,,,,,,,,,,,,,,
2023-11-06 16:00:00,2.41,,16.0,0.98454,0.43212,0.03215,0.00258,-0.0078,0.00106,0.02,2.0,63.0,-0.03469,0.51711,0.05362,-0.0001,-0.01363,0.00212,2.08,1.0,31.0,0.97205,0.38419,0.05998,0.0026,-0.01057,0.00176,0.01,1.0,333.0,-0.04128,0.42483,0.07523,-0.00012,-0.01289,0.00245,1.35,,45.0,0.9467,0.3348,0.1168,0.00258,-0.01463,0.00299,0.03,22.0,770.0,-0.05962,0.34747,0.12332,-0.00018,-0.0141,0.00328,1.08,2.0,142.0,0.84805,0.34203,0.24831,0.00234,-0.02972,0.0065,0.07,5.0,256.0,-0.13982,0.32498,0.24735,-0.00041,-0.02465,0.00615,0.6,147.0,3272.0,0.7019,0.3118,0.40178,0.00197,-0.03901,0.00959,0.16,368.0,350.0,-0.29762,0.3113,0.40225,-0.00088,-0.03655,0.00958,0.32,188.0,1465.0,0.47757,0.30261,0.47573,0.00135,-0.04281,0.01102,0.38,85.0,114.0,-0.52172,0.30696,0.46902,-0.00155,-0.04096,0.01102,0.15,73.0,7578.0,0.26775,0.31501,0.37781,0.00076,-0.03651,0.00911,0.81,,75.0,-0.72825,0.32065,0.37379,-0.00219,-0.03489,0.00917,0.05,43.0,2544.0,0.12571,0.3228,0.23142,0.00036,-0.02337,0.00572,1.16,2.0,10.0,-0.86704,0.33221,0.23353,-0.00263,-0.02238,0.00594,0.02,15.0,256.0,0.05216,0.3337,0.11555,0.00015,-0.01244,0.00295,2.71,,12.0,-0.93806,0.35145,0.12528,-0.00289,-0.01229,0.00337,0.02,1.0,919.0,0.05757,0.44839,0.09297,0.00016,-0.01802,0.00319,2.53,,,-0.95463,0.41792,0.08223,-0.00299,-0.01111,0.00263,0.02,1.0,15.0,0.02259,0.43594,0.04451,6e-05,-0.00815,0.00148,3.24,,3.0,-0.96777,0.47061,0.05516,-0.00308,-0.00895,0.00199,,,,,,,,,,,,,,,,,,,,,,,,,,,,,,,,,,,,,,,,,,,,,,,,,,,,,,
2023-11-07 16:00:00,2.41,,16.0,0.94826,0.63515,0.06979,0.00186,-0.02868,0.00252,0.02,1.0,63.0,-0.03608,0.57376,0.05788,-8e-05,-0.01798,0.00189,2.08,,30.0,0.92725,0.55133,0.105,0.00185,-0.03226,0.00329,0.03,1.0,333.0,-0.05048,0.48783,0.08932,-0.00011,-0.02003,0.00248,1.35,,45.0,0.9038,0.44104,0.16196,0.00184,-0.03189,0.00406,0.03,3.0,771.0,-0.05466,0.35739,0.12986,-0.00012,-0.01559,0.00264,0.7,1.0,144.0,0.83369,0.36525,0.28621,0.00173,-0.03812,0.00595,0.07,,256.0,-0.14487,0.33352,0.28633,-0.00032,-0.02984,0.00543,0.48,67.0,3197.0,0.66331,0.32889,0.4652,0.00139,-0.04927,0.0087,0.15,334.0,645.0,-0.3112,0.27898,0.53103,-0.00068,-0.03841,0.00843,0.2,179.0,1441.0,0.40317,0.2953,0.54958,0.00086,-0.0464,0.00923,0.38,23.0,119.0,-0.61087,0.25985,0.61853,-0.00135,-0.03806,0.00914,0.09,1209.0,7555.0,0.19247,0.31983,0.35853,0.00041,-0.03524,0.00652,0.69,5.0,75.0,-0.85286,0.26614,0.36234,-0.0019,-0.02214,0.00549,0.04,15.0,2571.0,0.08146,0.3437,0.18384,0.00017,-0.02079,0.00359,1.16,,12.0,-0.90543,0.36444,0.19355,-0.00206,-0.02198,0.00401,0.01,10.0,260.0,0.04057,0.38808,0.09417,9e-05,-0.01355,0.00208,2.71,,12.0,-0.93708,0.44053,0.11743,-0.00217,-0.01907,0.00294,0.02,,919.0,0.05551,0.54314,0.0865,0.00012,-0.02433,0.00267,2.53,,,-0.9465,0.53674,0.08482,-0.00223,-0.02054,0.00259,,,,,,,,,,,,,,,,,,,,,,,,,,,,,,,,,,,,,,,,,,,,,,,,,,,,,,,,,,,,,,,,,,,,,,,,
2023-11-08 16:00:00,2.41,,16.0,0.95383,0.69104,0.0723,0.00125,-0.03427,0.00187,0.01,1.0,63.0,-0.03852,0.65727,0.06576,-6e-05,-0.02645,0.00162,2.08,,30.0,0.95189,0.52741,0.09791,0.00127,-0.02752,0.00193,0.03,,332.0,-0.047,0.52415,0.09687,-7e-05,-0.02476,0.0019,1.15,1.0,45.0,0.91164,0.4454,0.18586,0.00124,-0.0365,0.00309,0.02,10.0,774.0,-0.06102,0.38817,0.16084,-9e-05,-0.0225,0.00233,0.65,4.0,144.0,0.83194,0.34448,0.37702,0.00115,-0.04373,0.00485,0.05,25.0,256.0,-0.13521,0.29981,0.37498,-0.0002,-0.03117,0.0042,0.3,91.0,3245.0,0.59093,0.29529,0.68049,0.00083,-0.05684,0.00751,0.16,11.0,521.0,-0.40082,0.26833,0.74508,-0.00058,-0.04915,0.00747,0.09,118.0,1438.0,0.26178,0.29693,0.56701,0.00037,-0.04734,0.00629,0.47,18.0,104.0,-0.76394,0.26422,0.60291,-0.00112,-0.03742,0.00595,0.03,3450.0,8302.0,0.10732,0.35501,0.26914,0.00015,-0.03196,0.00357,0.69,,75.0,-0.89257,0.35502,0.26915,-0.00133,-0.02941,0.00357,0.01,5.0,2572.0,0.06584,0.4547,0.14568,9e-05,-0.02831,0.00248,1.34,2.0,12.0,-0.93382,0.45525,0.14591,-0.00141,-0.0258,0.00248,0.01,,250.0,0.04625,0.55004,0.09112,7e-05,-0.02587,0.00187,2.71,,12.0,-0.94521,0.57727,0.09922,-0.00146,-0.02834,0.00214,0.02,,919.0,0.04633,0.68875,0.07287,6e-05,-0.03242,0.00188,2.53,,,-0.94072,0.73985,0.08238,-0.00148,-0.03952,0.00228,,,,,,,,,,,,,,,,,,,,,,,,,,,,,,,,,,,,,,,,,,,,,,,,,,,,,,,,,,,,,,,,,,,,,,,,
2023-11-09 16:00:00,2.41,,16,0.85939,1.29697,0.12762,0.00055,-0.19691,0.00301,0.02,1,63,-0.05157,0.84324,0.09310,-0.00004,-0.06005,0.00142,2.08,,30,0.86127,0.90330,0.18156,0.00057,-0.13652,0.00298,0.02,10,332,-0.06524,0.64283,0.14692,-0.00005,-0.05503,0.00171,1.15,,45,0.87480,0.50503,0.30255,0.00060,-0.07211,0.00278,0.02,2,779,-0.07925,0.41071,0.26695,-0.00006,-0.04074,0.00199,0.32,82,142,0.73704,0.31276,0.77468,0.00051,-0.07058,0.00439,0.08,60,260,-0.27947,0.34032,0.73396,-0.00020,-0.07660,0.00453,0.06,2017,3296,0.28163,0.29988,0.83605,0.00020,-0.06900,0.00454,0.30,20,525,-0.71485,0.30515,0.82645,-0.00051,-0.06821,0.00457,0.01,3646,1444,0.06985,0.36337,0.27398,0.00005,-0.03305,0.00180,0.47,,113,-0.77155,0.70723,0.31718,-0.00057,-0.14225,0.00408,0.01,18,11446,0.06068,0.57398,0.15551,0.00004,-0.04671,0.00162,0.69,,75,-0.96966,0.47455,0.10718,-0.00072,-0.01946,0.00092,0.01,11,2571,0.03974,0.70470,0.09034,0.00003,-0.04087,0.00115,1.34,,10,-0.97604,0.62498,0.06681,-0.00074,-0.02115,0.00076,0.01,21,250,0.04118,0.90501,0.07241,0.00003,-0.05400,0.00119,2.71,,9,-0.97950,0.77067,0.04748,-0.00075,-0.02298,0.00067,,,,,,,,,,,,,,,,,,,,,,,,,,,,,,,,,,,,,,,,0.88459,1.51538,0.09521,0.00056,-0.20050,0.00262,0.01,11,315,-0.04289,1.04005,0.06512,-0.00003,-0.06393,0.00123,,,,,,,,,,,,,,,,,,,,,,,,,,,,,,,,,,,,
