time,dom1,dom2,dom3,dom4
2019-12-23,300ETF2001,300ETF2002,300ETF2003,300ETF2006
2019-12-24,300ETF2001,300ETF2002,300ETF2003,300ETF2006
2019-12-25,300ETF2001,300ETF2002,300ETF2003,300ETF2006
2019-12-26,300ETF2001,300ETF2002,300ETF2003,300ETF2006
2019-12-27,300ETF2001,300ETF2002,300ETF2003,300ETF2006
2019-12-30,300ETF2001,300ETF2002,300ETF2003,300ETF2006
2019-12-31,300ETF2001,300ETF2002,300ETF2003,300ETF2006
2020-01-02,300ETF2001,300ETF2002,300ETF2003,300ETF2006
2020-01-03,300ETF2001,300ETF2002,300ETF2003,300ETF2006
2020-01-06,300ETF2001,300ETF2002,300ETF2003,300ETF2006
2020-01-07,300ETF2001,300ETF2002,300ETF2003,300ETF2006
2020-01-08,300ETF2001,300ETF2002,300ETF2003,300ETF2006
2020-01-09,300ETF2001,300ETF2002,300ETF2003,300ETF2006
2020-01-10,300ETF2001,300ETF2002,300ETF2003,300ETF2006
2020-01-13,300ETF2001,300ETF2002,300ETF2003,300ETF2006
2020-01-14,300ETF2001,300ETF2002,300ETF2003,300ETF2006
2020-01-15,300ETF2001,300ETF2002,300ETF2003,300ETF2006
2020-01-16,300ETF2001,300ETF2002,300ETF2003,300ETF2006
2020-01-17,300ETF2001,300ETF2002,300ETF2003,300ETF2006
2020-01-20,300ETF2001,300ETF2002,300ETF2003,300ETF2006
2020-01-21,300ETF2001,300ETF2002,300ETF2003,300ETF2006
2020-01-22,300ETF2002,300ETF2003,300ETF2006,
2020-01-23,300ETF2002,300ETF2003,300ETF2006,300ETF2009
2020-02-03,300ETF2002,300ETF2003,300ETF2006,300ETF2009
2020-02-04,300ETF2002,300ETF2003,300ETF2006,300ETF2009
2020-02-05,300ETF2002,300ETF2003,300ETF2006,300ETF2009
2020-02-06,300ETF2002,300ETF2003,300ETF2006,300ETF2009
2020-02-07,300ETF2002,300ETF2003,300ETF2006,300ETF2009
2020-02-10,300ETF2002,300ETF2003,300ETF2006,300ETF2009
2020-02-11,300ETF2002,300ETF2003,300ETF2006,300ETF2009
2020-02-12,300ETF2002,300ETF2003,300ETF2006,300ETF2009
2020-02-13,300ETF2002,300ETF2003,300ETF2006,300ETF2009
2020-02-14,300ETF2002,300ETF2003,300ETF2006,300ETF2009
2020-02-17,300ETF2002,300ETF2003,300ETF2006,300ETF2009
2020-02-18,300ETF2002,300ETF2003,300ETF2006,300ETF2009
2020-02-19,300ETF2002,300ETF2003,300ETF2006,300ETF2009
2020-02-20,300ETF2002,300ETF2003,300ETF2006,300ETF2009
2020-02-21,300ETF2002,300ETF2003,300ETF2006,300ETF2009
2020-02-24,300ETF2002,300ETF2003,300ETF2006,300ETF2009
2020-02-25,300ETF2002,300ETF2003,300ETF2006,300ETF2009
2020-02-26,300ETF2003,300ETF2006,300ETF2009,
2020-02-27,300ETF2003,300ETF2004,300ETF2006,300ETF2009
2020-02-28,300ETF2003,300ETF2004,300ETF2006,300ETF2009
2020-03-02,300ETF2003,300ETF2004,300ETF2006,300ETF2009
2020-03-03,300ETF2003,300ETF2004,300ETF2006,300ETF2009
2020-03-04,300ETF2003,300ETF2004,300ETF2006,300ETF2009
2020-03-05,300ETF2003,300ETF2004,300ETF2006,300ETF2009
2020-03-06,300ETF2003,300ETF2004,300ETF2006,300ETF2009
2020-03-09,300ETF2003,300ETF2004,300ETF2006,300ETF2009
2020-03-10,300ETF2003,300ETF2004,300ETF2006,300ETF2009
2020-03-11,300ETF2003,300ETF2004,300ETF2006,300ETF2009
2020-03-12,300ETF2003,300ETF2004,300ETF2006,300ETF2009
2020-03-13,300ETF2003,300ETF2004,300ETF2006,300ETF2009
2020-03-16,300ETF2003,300ETF2004,300ETF2006,300ETF2009
2020-03-17,300ETF2003,300ETF2004,300ETF2006,300ETF2009
2020-03-18,300ETF2003,300ETF2004,300ETF2006,300ETF2009
2020-03-19,300ETF2003,300ETF2004,300ETF2006,300ETF2009
2020-03-20,300ETF2003,300ETF2004,300ETF2006,300ETF2009
2020-03-23,300ETF2003,300ETF2004,300ETF2006,300ETF2009
2020-03-24,300ETF2003,300ETF2004,300ETF2006,300ETF2009
2020-03-25,300ETF2004,300ETF2006,300ETF2009,
2020-03-26,300ETF2004,300ETF2005,300ETF2006,300ETF2009
2020-03-27,300ETF2004,300ETF2005,300ETF2006,300ETF2009
2020-03-30,300ETF2004,300ETF2005,300ETF2006,300ETF2009
2020-03-31,300ETF2004,300ETF2005,300ETF2006,300ETF2009
2020-04-01,300ETF2004,300ETF2005,300ETF2006,300ETF2009
2020-04-02,300ETF2004,300ETF2005,300ETF2006,300ETF2009
2020-04-03,300ETF2004,300ETF2005,300ETF2006,300ETF2009
2020-04-07,300ETF2004,300ETF2005,300ETF2006,300ETF2009
2020-04-08,300ETF2004,300ETF2005,300ETF2006,300ETF2009
2020-04-09,300ETF2004,300ETF2005,300ETF2006,300ETF2009
2020-04-10,300ETF2004,300ETF2005,300ETF2006,300ETF2009
2020-04-13,300ETF2004,300ETF2005,300ETF2006,300ETF2009
2020-04-14,300ETF2004,300ETF2005,300ETF2006,300ETF2009
2020-04-15,300ETF2004,300ETF2005,300ETF2006,300ETF2009
2020-04-16,300ETF2004,300ETF2005,300ETF2006,300ETF2009
2020-04-17,300ETF2004,300ETF2005,300ETF2006,300ETF2009
2020-04-20,300ETF2004,300ETF2005,300ETF2006,300ETF2009
2020-04-21,300ETF2004,300ETF2005,300ETF2006,300ETF2009
2020-04-22,300ETF2005,300ETF2006,300ETF2009,
2020-04-23,300ETF2005,300ETF2006,300ETF2009,300ETF2012
2020-04-24,300ETF2005,300ETF2006,300ETF2009,300ETF2012
2020-04-27,300ETF2005,300ETF2006,300ETF2009,300ETF2012
2020-04-28,300ETF2005,300ETF2006,300ETF2009,300ETF2012
2020-04-29,300ETF2005,300ETF2006,300ETF2009,300ETF2012
2020-04-30,300ETF2005,300ETF2006,300ETF2009,300ETF2012
2020-05-06,300ETF2005,300ETF2006,300ETF2009,300ETF2012
2020-05-07,300ETF2005,300ETF2006,300ETF2009,300ETF2012
2020-05-08,300ETF2005,300ETF2006,300ETF2009,300ETF2012
2020-05-11,300ETF2005,300ETF2006,300ETF2009,300ETF2012
2020-05-12,300ETF2005,300ETF2006,300ETF2009,300ETF2012
2020-05-13,300ETF2005,300ETF2006,300ETF2009,300ETF2012
2020-05-14,300ETF2005,300ETF2006,300ETF2009,300ETF2012
2020-05-15,300ETF2005,300ETF2006,300ETF2009,300ETF2012
2020-05-18,300ETF2005,300ETF2006,300ETF2009,300ETF2012
2020-05-19,300ETF2005,300ETF2006,300ETF2009,300ETF2012
2020-05-20,300ETF2005,300ETF2006,300ETF2009,300ETF2012
2020-05-21,300ETF2005,300ETF2006,300ETF2009,300ETF2012
2020-05-22,300ETF2005,300ETF2006,300ETF2009,300ETF2012
2020-05-25,300ETF2005,300ETF2006,300ETF2009,300ETF2012
2020-05-26,300ETF2005,300ETF2006,300ETF2009,300ETF2012
2020-05-27,300ETF2006,300ETF2009,300ETF2012,
2020-05-28,300ETF2006,300ETF2007,300ETF2009,300ETF2012
2020-05-29,300ETF2006,300ETF2007,300ETF2009,300ETF2012
2020-06-01,300ETF2006,300ETF2007,300ETF2009,300ETF2012
2020-06-02,300ETF2006,300ETF2007,300ETF2009,300ETF2012
2020-06-03,300ETF2006,300ETF2007,300ETF2009,300ETF2012
2020-06-04,300ETF2006,300ETF2007,300ETF2009,300ETF2012
2020-06-05,300ETF2006,300ETF2007,300ETF2009,300ETF2012
2020-06-08,300ETF2006,300ETF2007,300ETF2009,300ETF2012
2020-06-09,300ETF2006,300ETF2007,300ETF2009,300ETF2012
2020-06-10,300ETF2006,300ETF2007,300ETF2009,300ETF2012
2020-06-11,300ETF2006,300ETF2007,300ETF2009,300ETF2012
2020-06-12,300ETF2006,300ETF2007,300ETF2009,300ETF2012
2020-06-15,300ETF2006,300ETF2007,300ETF2009,300ETF2012
2020-06-16,300ETF2006,300ETF2007,300ETF2009,300ETF2012
2020-06-17,300ETF2006,300ETF2007,300ETF2009,300ETF2012
2020-06-18,300ETF2006,300ETF2007,300ETF2009,300ETF2012
2020-06-19,300ETF2006,300ETF2007,300ETF2009,300ETF2012
2020-06-22,300ETF2006,300ETF2007,300ETF2009,300ETF2012
2020-06-23,300ETF2006,300ETF2007,300ETF2009,300ETF2012
2020-06-24,300ETF2007,300ETF2009,300ETF2012,
2020-06-29,300ETF2007,300ETF2008,300ETF2009,300ETF2012
2020-06-30,300ETF2007,300ETF2008,300ETF2009,300ETF2012
2020-07-01,300ETF2007,300ETF2008,300ETF2009,300ETF2012
2020-07-02,300ETF2007,300ETF2008,300ETF2009,300ETF2012
2020-07-03,300ETF2007,300ETF2008,300ETF2009,300ETF2012
2020-07-06,300ETF2007,300ETF2008,300ETF2009,300ETF2012
2020-07-07,300ETF2007,300ETF2008,300ETF2009,300ETF2012
2020-07-08,300ETF2007,300ETF2008,300ETF2009,300ETF2012
2020-07-09,300ETF2007,300ETF2008,300ETF2009,300ETF2012
2020-07-10,300ETF2007,300ETF2008,300ETF2009,300ETF2012
2020-07-13,300ETF2007,300ETF2008,300ETF2009,300ETF2012
2020-07-14,300ETF2007,300ETF2008,300ETF2009,300ETF2012
2020-07-15,300ETF2007,300ETF2008,300ETF2009,300ETF2012
2020-07-16,300ETF2007,300ETF2008,300ETF2009,300ETF2012
2020-07-17,300ETF2007,300ETF2008,300ETF2009,300ETF2012
2020-07-20,300ETF2007,300ETF2008,300ETF2009,300ETF2012
2020-07-21,300ETF2007,300ETF2008,300ETF2009,300ETF2012
2020-07-22,300ETF2008,300ETF2009,300ETF2012,
2020-07-23,300ETF2008,300ETF2009,300ETF2012,300ETF2103
2020-07-24,300ETF2008,300ETF2009,300ETF2012,300ETF2103
2020-07-27,300ETF2008,300ETF2009,300ETF2012,300ETF2103
2020-07-28,300ETF2008,300ETF2009,300ETF2012,300ETF2103
2020-07-29,300ETF2008,300ETF2009,300ETF2012,300ETF2103
2020-07-30,300ETF2008,300ETF2009,300ETF2012,300ETF2103
2020-07-31,300ETF2008,300ETF2009,300ETF2012,300ETF2103
2020-08-03,300ETF2008,300ETF2009,300ETF2012,300ETF2103
2020-08-04,300ETF2008,300ETF2009,300ETF2012,300ETF2103
2020-08-05,300ETF2008,300ETF2009,300ETF2012,300ETF2103
2020-08-06,300ETF2008,300ETF2009,300ETF2012,300ETF2103
2020-08-07,300ETF2008,300ETF2009,300ETF2012,300ETF2103
2020-08-10,300ETF2008,300ETF2009,300ETF2012,300ETF2103
2020-08-11,300ETF2008,300ETF2009,300ETF2012,300ETF2103
2020-08-12,300ETF2008,300ETF2009,300ETF2012,300ETF2103
2020-08-13,300ETF2008,300ETF2009,300ETF2012,300ETF2103
2020-08-14,300ETF2008,300ETF2009,300ETF2012,300ETF2103
2020-08-17,300ETF2008,300ETF2009,300ETF2012,300ETF2103
2020-08-18,300ETF2008,300ETF2009,300ETF2012,300ETF2103
2020-08-19,300ETF2008,300ETF2009,300ETF2012,300ETF2103
2020-08-20,300ETF2008,300ETF2009,300ETF2012,300ETF2103
2020-08-21,300ETF2008,300ETF2009,300ETF2012,300ETF2103
2020-08-24,300ETF2008,300ETF2009,300ETF2012,300ETF2103
2020-08-25,300ETF2008,300ETF2009,300ETF2012,300ETF2103
2020-08-26,300ETF2009,300ETF2012,300ETF2103,
2020-08-27,300ETF2009,300ETF2010,300ETF2012,300ETF2103
2020-08-28,300ETF2009,300ETF2010,300ETF2012,300ETF2103
2020-08-31,300ETF2009,300ETF2010,300ETF2012,300ETF2103
2020-09-01,300ETF2009,300ETF2010,300ETF2012,300ETF2103
2020-09-02,300ETF2009,300ETF2010,300ETF2012,300ETF2103
2020-09-03,300ETF2009,300ETF2010,300ETF2012,300ETF2103
2020-09-04,300ETF2009,300ETF2010,300ETF2012,300ETF2103
2020-09-07,300ETF2009,300ETF2010,300ETF2012,300ETF2103
2020-09-08,300ETF2009,300ETF2010,300ETF2012,300ETF2103
2020-09-09,300ETF2009,300ETF2010,300ETF2012,300ETF2103
2020-09-10,300ETF2009,300ETF2010,300ETF2012,300ETF2103
2020-09-11,300ETF2009,300ETF2010,300ETF2012,300ETF2103
2020-09-14,300ETF2009,300ETF2010,300ETF2012,300ETF2103
2020-09-15,300ETF2009,300ETF2010,300ETF2012,300ETF2103
2020-09-16,300ETF2009,300ETF2010,300ETF2012,300ETF2103
2020-09-17,300ETF2009,300ETF2010,300ETF2012,300ETF2103
2020-09-18,300ETF2009,300ETF2010,300ETF2012,300ETF2103
2020-09-21,300ETF2009,300ETF2010,300ETF2012,300ETF2103
2020-09-22,300ETF2009,300ETF2010,300ETF2012,300ETF2103
2020-09-23,300ETF2010,300ETF2012,300ETF2103,
2020-09-24,300ETF2010,300ETF2011,300ETF2012,300ETF2103
2020-09-25,300ETF2010,300ETF2011,300ETF2012,300ETF2103
2020-09-28,300ETF2010,300ETF2011,300ETF2012,300ETF2103
2020-09-29,300ETF2010,300ETF2011,300ETF2012,300ETF2103
2020-09-30,300ETF2010,300ETF2011,300ETF2012,300ETF2103
2020-10-09,300ETF2010,300ETF2011,300ETF2012,300ETF2103
2020-10-12,300ETF2010,300ETF2011,300ETF2012,300ETF2103
2020-10-13,300ETF2010,300ETF2011,300ETF2012,300ETF2103
2020-10-14,300ETF2010,300ETF2011,300ETF2012,300ETF2103
2020-10-15,300ETF2010,300ETF2011,300ETF2012,300ETF2103
2020-10-16,300ETF2010,300ETF2011,300ETF2012,300ETF2103
2020-10-19,300ETF2010,300ETF2011,300ETF2012,300ETF2103
2020-10-20,300ETF2010,300ETF2011,300ETF2012,300ETF2103
2020-10-21,300ETF2010,300ETF2011,300ETF2012,300ETF2103
2020-10-22,300ETF2010,300ETF2011,300ETF2012,300ETF2103
2020-10-23,300ETF2010,300ETF2011,300ETF2012,300ETF2103
2020-10-26,300ETF2010,300ETF2011,300ETF2012,300ETF2103
2020-10-27,300ETF2010,300ETF2011,300ETF2012,300ETF2103
2020-10-28,300ETF2011,300ETF2012,300ETF2103,
2020-10-29,300ETF2011,300ETF2012,300ETF2103,300ETF2106
2020-10-30,300ETF2011,300ETF2012,300ETF2103,300ETF2106
2020-11-02,300ETF2011,300ETF2012,300ETF2103,300ETF2106
2020-11-03,300ETF2011,300ETF2012,300ETF2103,300ETF2106
2020-11-04,300ETF2011,300ETF2012,300ETF2103,300ETF2106
2020-11-05,300ETF2011,300ETF2012,300ETF2103,300ETF2106
2020-11-06,300ETF2011,300ETF2012,300ETF2103,300ETF2106
2020-11-09,300ETF2011,300ETF2012,300ETF2103,300ETF2106
2020-11-10,300ETF2011,300ETF2012,300ETF2103,300ETF2106
2020-11-11,300ETF2011,300ETF2012,300ETF2103,300ETF2106
2020-11-12,300ETF2011,300ETF2012,300ETF2103,300ETF2106
2020-11-13,300ETF2011,300ETF2012,300ETF2103,300ETF2106
2020-11-16,300ETF2011,300ETF2012,300ETF2103,300ETF2106
2020-11-17,300ETF2011,300ETF2012,300ETF2103,300ETF2106
2020-11-18,300ETF2011,300ETF2012,300ETF2103,300ETF2106
2020-11-19,300ETF2011,300ETF2012,300ETF2103,300ETF2106
2020-11-20,300ETF2011,300ETF2012,300ETF2103,300ETF2106
2020-11-23,300ETF2011,300ETF2012,300ETF2103,300ETF2106
2020-11-24,300ETF2011,300ETF2012,300ETF2103,300ETF2106
2020-11-25,300ETF2012,300ETF2103,300ETF2106,
2020-11-26,300ETF2012,300ETF2101,300ETF2103,300ETF2106
2020-11-27,300ETF2012,300ETF2101,300ETF2103,300ETF2106
2020-11-30,300ETF2012,300ETF2101,300ETF2103,300ETF2106
2020-12-01,300ETF2012,300ETF2101,300ETF2103,300ETF2106
2020-12-02,300ETF2012,300ETF2101,300ETF2103,300ETF2106
2020-12-03,300ETF2012,300ETF2101,300ETF2103,300ETF2106
2020-12-04,300ETF2012,300ETF2101,300ETF2103,300ETF2106
2020-12-07,300ETF2012,300ETF2101,300ETF2103,300ETF2106
2020-12-08,300ETF2012,300ETF2101,300ETF2103,300ETF2106
2020-12-09,300ETF2012,300ETF2101,300ETF2103,300ETF2106
2020-12-10,300ETF2012,300ETF2101,300ETF2103,300ETF2106
2020-12-11,300ETF2012,300ETF2101,300ETF2103,300ETF2106
2020-12-14,300ETF2012,300ETF2101,300ETF2103,300ETF2106
2020-12-15,300ETF2012,300ETF2101,300ETF2103,300ETF2106
2020-12-16,300ETF2012,300ETF2101,300ETF2103,300ETF2106
2020-12-17,300ETF2012,300ETF2101,300ETF2103,300ETF2106
2020-12-18,300ETF2012,300ETF2101,300ETF2103,300ETF2106
2020-12-21,300ETF2012,300ETF2101,300ETF2103,300ETF2106
2020-12-22,300ETF2012,300ETF2101,300ETF2103,300ETF2106
2020-12-23,300ETF2101,300ETF2103,300ETF2106,
2020-12-24,300ETF2101,300ETF2102,300ETF2103,300ETF2106
2020-12-25,300ETF2101,300ETF2102,300ETF2103,300ETF2106
2020-12-28,300ETF2101,300ETF2102,300ETF2103,300ETF2106
2020-12-29,300ETF2101,300ETF2102,300ETF2103,300ETF2106
2020-12-30,300ETF2101,300ETF2102,300ETF2103,300ETF2106
2020-12-31,300ETF2101,300ETF2102,300ETF2103,300ETF2106
2021-01-04,300ETF2101,300ETF2102,300ETF2103,300ETF2106
2021-01-05,300ETF2101,300ETF2102,300ETF2103,300ETF2106
2021-01-06,300ETF2101,300ETF2102,300ETF2103,300ETF2106
2021-01-07,300ETF2101,300ETF2102,300ETF2103,300ETF2106
2021-01-08,300ETF2101,300ETF2102,300ETF2103,300ETF2106
2021-01-11,300ETF2101,300ETF2102,300ETF2103,300ETF2106
2021-01-12,300ETF2101,300ETF2102,300ETF2103,300ETF2106
2021-01-13,300ETF2101,300ETF2102,300ETF2103,300ETF2106
2021-01-14,300ETF2101,300ETF2102,300ETF2103,300ETF2106
2021-01-15,300ETF2101,300ETF2102,300ETF2103,300ETF2106
2021-01-18,300ETF2101,300ETF2102,300ETF2103,300ETF2106
2021-01-19,300ETF2101,300ETF2102,300ETF2103,300ETF2106
2021-01-20,300ETF2101,300ETF2102,300ETF2103,300ETF2106
2021-01-21,300ETF2101,300ETF2102,300ETF2103,300ETF2106
2021-01-22,300ETF2101,300ETF2102,300ETF2103,300ETF2106
2021-01-25,300ETF2101,300ETF2102,300ETF2103,300ETF2106
2021-01-26,300ETF2101,300ETF2102,300ETF2103,300ETF2106
2021-01-27,300ETF2102,300ETF2103,300ETF2106,
2021-01-28,300ETF2102,300ETF2103,300ETF2106,300ETF2109
2021-01-29,300ETF2102,300ETF2103,300ETF2106,300ETF2109
2021-02-01,300ETF2102,300ETF2103,300ETF2106,300ETF2109
2021-02-02,300ETF2102,300ETF2103,300ETF2106,300ETF2109
2021-02-03,300ETF2102,300ETF2103,300ETF2106,300ETF2109
2021-02-04,300ETF2102,300ETF2103,300ETF2106,300ETF2109
2021-02-05,300ETF2102,300ETF2103,300ETF2106,300ETF2109
2021-02-08,300ETF2102,300ETF2103,300ETF2106,300ETF2109
2021-02-09,300ETF2102,300ETF2103,300ETF2106,300ETF2109
2021-02-10,300ETF2102,300ETF2103,300ETF2106,300ETF2109
2021-02-18,300ETF2102,300ETF2103,300ETF2106,300ETF2109
2021-02-19,300ETF2102,300ETF2103,300ETF2106,300ETF2109
2021-02-22,300ETF2102,300ETF2103,300ETF2106,300ETF2109
2021-02-23,300ETF2102,300ETF2103,300ETF2106,300ETF2109
2021-02-24,300ETF2103,300ETF2106,300ETF2109,
2021-02-25,300ETF2103,300ETF2104,300ETF2106,300ETF2109
2021-02-26,300ETF2103,300ETF2104,300ETF2106,300ETF2109
2021-03-01,300ETF2103,300ETF2104,300ETF2106,300ETF2109
2021-03-02,300ETF2103,300ETF2104,300ETF2106,300ETF2109
2021-03-03,300ETF2103,300ETF2104,300ETF2106,300ETF2109
2021-03-04,300ETF2103,300ETF2104,300ETF2106,300ETF2109
2021-03-05,300ETF2103,300ETF2104,300ETF2106,300ETF2109
2021-03-08,300ETF2103,300ETF2104,300ETF2106,300ETF2109
2021-03-09,300ETF2103,300ETF2104,300ETF2106,300ETF2109
2021-03-10,300ETF2103,300ETF2104,300ETF2106,300ETF2109
2021-03-11,300ETF2103,300ETF2104,300ETF2106,300ETF2109
2021-03-12,300ETF2103,300ETF2104,300ETF2106,300ETF2109
2021-03-15,300ETF2103,300ETF2104,300ETF2106,300ETF2109
2021-03-16,300ETF2103,300ETF2104,300ETF2106,300ETF2109
2021-03-17,300ETF2103,300ETF2104,300ETF2106,300ETF2109
2021-03-18,300ETF2103,300ETF2104,300ETF2106,300ETF2109
2021-03-19,300ETF2103,300ETF2104,300ETF2106,300ETF2109
2021-03-22,300ETF2103,300ETF2104,300ETF2106,300ETF2109
2021-03-23,300ETF2103,300ETF2104,300ETF2106,300ETF2109
2021-03-24,300ETF2104,300ETF2106,300ETF2109,
2021-03-25,300ETF2104,300ETF2105,300ETF2106,300ETF2109
2021-03-26,300ETF2104,300ETF2105,300ETF2106,300ETF2109
2021-03-29,300ETF2104,300ETF2105,300ETF2106,300ETF2109
2021-03-30,300ETF2104,300ETF2105,300ETF2106,300ETF2109
2021-03-31,300ETF2104,300ETF2105,300ETF2106,300ETF2109
2021-04-01,300ETF2104,300ETF2105,300ETF2106,300ETF2109
2021-04-02,300ETF2104,300ETF2105,300ETF2106,300ETF2109
2021-04-06,300ETF2104,300ETF2105,300ETF2106,300ETF2109
2021-04-07,300ETF2104,300ETF2105,300ETF2106,300ETF2109
2021-04-08,300ETF2104,300ETF2105,300ETF2106,300ETF2109
2021-04-09,300ETF2104,300ETF2105,300ETF2106,300ETF2109
2021-04-12,300ETF2104,300ETF2105,300ETF2106,300ETF2109
2021-04-13,300ETF2104,300ETF2105,300ETF2106,300ETF2109
2021-04-14,300ETF2104,300ETF2105,300ETF2106,300ETF2109
2021-04-15,300ETF2104,300ETF2105,300ETF2106,300ETF2109
2021-04-16,300ETF2104,300ETF2105,300ETF2106,300ETF2109
2021-04-19,300ETF2104,300ETF2105,300ETF2106,300ETF2109
2021-04-20,300ETF2104,300ETF2105,300ETF2106,300ETF2109
2021-04-21,300ETF2104,300ETF2105,300ETF2106,300ETF2109
2021-04-22,300ETF2104,300ETF2105,300ETF2106,300ETF2109
2021-04-23,300ETF2104,300ETF2105,300ETF2106,300ETF2109
2021-04-26,300ETF2104,300ETF2105,300ETF2106,300ETF2109
2021-04-27,300ETF2104,300ETF2105,300ETF2106,300ETF2109
2021-04-28,300ETF2105,300ETF2106,300ETF2109,
2021-04-29,300ETF2105,300ETF2106,300ETF2109,300ETF2112
2021-04-30,300ETF2105,300ETF2106,300ETF2109,300ETF2112
2021-05-06,300ETF2105,300ETF2106,300ETF2109,300ETF2112
2021-05-07,300ETF2105,300ETF2106,300ETF2109,300ETF2112
2021-05-10,300ETF2105,300ETF2106,300ETF2109,300ETF2112
2021-05-11,300ETF2105,300ETF2106,300ETF2109,300ETF2112
2021-05-12,300ETF2105,300ETF2106,300ETF2109,300ETF2112
2021-05-13,300ETF2105,300ETF2106,300ETF2109,300ETF2112
2021-05-14,300ETF2105,300ETF2106,300ETF2109,300ETF2112
2021-05-17,300ETF2105,300ETF2106,300ETF2109,300ETF2112
2021-05-18,300ETF2105,300ETF2106,300ETF2109,300ETF2112
2021-05-19,300ETF2105,300ETF2106,300ETF2109,300ETF2112
2021-05-20,300ETF2105,300ETF2106,300ETF2109,300ETF2112
2021-05-21,300ETF2105,300ETF2106,300ETF2109,300ETF2112
2021-05-24,300ETF2105,300ETF2106,300ETF2109,300ETF2112
2021-05-25,300ETF2105,300ETF2106,300ETF2109,300ETF2112
2021-05-26,300ETF2106,300ETF2109,300ETF2112,
2021-05-27,300ETF2106,300ETF2107,300ETF2109,300ETF2112
2021-05-28,300ETF2106,300ETF2107,300ETF2109,300ETF2112
2021-05-31,300ETF2106,300ETF2107,300ETF2109,300ETF2112
2021-06-01,300ETF2106,300ETF2107,300ETF2109,300ETF2112
2021-06-02,300ETF2106,300ETF2107,300ETF2109,300ETF2112
2021-06-03,300ETF2106,300ETF2107,300ETF2109,300ETF2112
2021-06-04,300ETF2106,300ETF2107,300ETF2109,300ETF2112
2021-06-07,300ETF2106,300ETF2107,300ETF2109,300ETF2112
2021-06-08,300ETF2106,300ETF2107,300ETF2109,300ETF2112
2021-06-09,300ETF2106,300ETF2107,300ETF2109,300ETF2112
2021-06-10,300ETF2106,300ETF2107,300ETF2109,300ETF2112
2021-06-11,300ETF2106,300ETF2107,300ETF2109,300ETF2112
2021-06-15,300ETF2106,300ETF2107,300ETF2109,300ETF2112
2021-06-16,300ETF2106,300ETF2107,300ETF2109,300ETF2112
2021-06-17,300ETF2106,300ETF2107,300ETF2109,300ETF2112
2021-06-18,300ETF2106,300ETF2107,300ETF2109,300ETF2112
2021-06-21,300ETF2106,300ETF2107,300ETF2109,300ETF2112
2021-06-22,300ETF2106,300ETF2107,300ETF2109,300ETF2112
2021-06-23,300ETF2107,300ETF2109,300ETF2112,
2021-06-24,300ETF2107,300ETF2108,300ETF2109,300ETF2112
2021-06-25,300ETF2107,300ETF2108,300ETF2109,300ETF2112
2021-06-28,300ETF2107,300ETF2108,300ETF2109,300ETF2112
2021-06-29,300ETF2107,300ETF2108,300ETF2109,300ETF2112
2021-06-30,300ETF2107,300ETF2108,300ETF2109,300ETF2112
2021-07-01,300ETF2107,300ETF2108,300ETF2109,300ETF2112
2021-07-02,300ETF2107,300ETF2108,300ETF2109,300ETF2112
2021-07-05,300ETF2107,300ETF2108,300ETF2109,300ETF2112
2021-07-06,300ETF2107,300ETF2108,300ETF2109,300ETF2112
2021-07-07,300ETF2107,300ETF2108,300ETF2109,300ETF2112
2021-07-08,300ETF2107,300ETF2108,300ETF2109,300ETF2112
2021-07-09,300ETF2107,300ETF2108,300ETF2109,300ETF2112
2021-07-12,300ETF2107,300ETF2108,300ETF2109,300ETF2112
2021-07-13,300ETF2107,300ETF2108,300ETF2109,300ETF2112
2021-07-14,300ETF2107,300ETF2108,300ETF2109,300ETF2112
2021-07-15,300ETF2107,300ETF2108,300ETF2109,300ETF2112
2021-07-16,300ETF2107,300ETF2108,300ETF2109,300ETF2112
2021-07-19,300ETF2107,300ETF2108,300ETF2109,300ETF2112
2021-07-20,300ETF2107,300ETF2108,300ETF2109,300ETF2112
2021-07-21,300ETF2107,300ETF2108,300ETF2109,300ETF2112
2021-07-22,300ETF2107,300ETF2108,300ETF2109,300ETF2112
2021-07-23,300ETF2107,300ETF2108,300ETF2109,300ETF2112
2021-07-26,300ETF2107,300ETF2108,300ETF2109,300ETF2112
2021-07-27,300ETF2107,300ETF2108,300ETF2109,300ETF2112
2021-07-28,300ETF2108,300ETF2109,300ETF2112,
2021-07-29,300ETF2108,300ETF2109,300ETF2112,300ETF2203
2021-07-30,300ETF2108,300ETF2109,300ETF2112,300ETF2203
2021-08-02,300ETF2108,300ETF2109,300ETF2112,300ETF2203
2021-08-03,300ETF2108,300ETF2109,300ETF2112,300ETF2203
2021-08-04,300ETF2108,300ETF2109,300ETF2112,300ETF2203
2021-08-05,300ETF2108,300ETF2109,300ETF2112,300ETF2203
2021-08-06,300ETF2108,300ETF2109,300ETF2112,300ETF2203
2021-08-09,300ETF2108,300ETF2109,300ETF2112,300ETF2203
2021-08-10,300ETF2108,300ETF2109,300ETF2112,300ETF2203
2021-08-11,300ETF2108,300ETF2109,300ETF2112,300ETF2203
2021-08-12,300ETF2108,300ETF2109,300ETF2112,300ETF2203
2021-08-13,300ETF2108,300ETF2109,300ETF2112,300ETF2203
2021-08-16,300ETF2108,300ETF2109,300ETF2112,300ETF2203
2021-08-17,300ETF2108,300ETF2109,300ETF2112,300ETF2203
2021-08-18,300ETF2108,300ETF2109,300ETF2112,300ETF2203
2021-08-19,300ETF2108,300ETF2109,300ETF2112,300ETF2203
2021-08-20,300ETF2108,300ETF2109,300ETF2112,300ETF2203
2021-08-23,300ETF2108,300ETF2109,300ETF2112,300ETF2203
2021-08-24,300ETF2108,300ETF2109,300ETF2112,300ETF2203
2021-08-25,300ETF2109,300ETF2112,300ETF2203,
2021-08-26,300ETF2109,300ETF2110,300ETF2112,300ETF2203
2021-08-27,300ETF2109,300ETF2110,300ETF2112,300ETF2203
2021-08-30,300ETF2109,300ETF2110,300ETF2112,300ETF2203
2021-08-31,300ETF2109,300ETF2110,300ETF2112,300ETF2203
2021-09-01,300ETF2109,300ETF2110,300ETF2112,300ETF2203
2021-09-02,300ETF2109,300ETF2110,300ETF2112,300ETF2203
2021-09-03,300ETF2109,300ETF2110,300ETF2112,300ETF2203
2021-09-06,300ETF2109,300ETF2110,300ETF2112,300ETF2203
2021-09-07,300ETF2109,300ETF2110,300ETF2112,300ETF2203
2021-09-08,300ETF2109,300ETF2110,300ETF2112,300ETF2203
2021-09-09,300ETF2109,300ETF2110,300ETF2112,300ETF2203
2021-09-10,300ETF2109,300ETF2110,300ETF2112,300ETF2203
2021-09-13,300ETF2109,300ETF2110,300ETF2112,300ETF2203
2021-09-14,300ETF2109,300ETF2110,300ETF2112,300ETF2203
2021-09-15,300ETF2109,300ETF2110,300ETF2112,300ETF2203
2021-09-16,300ETF2109,300ETF2110,300ETF2112,300ETF2203
2021-09-17,300ETF2109,300ETF2110,300ETF2112,300ETF2203
2021-09-22,300ETF2110,300ETF2112,300ETF2203,
2021-09-23,300ETF2110,300ETF2111,300ETF2112,300ETF2203
2021-09-24,300ETF2110,300ETF2111,300ETF2112,300ETF2203
2021-09-27,300ETF2110,300ETF2111,300ETF2112,300ETF2203
2021-09-28,300ETF2110,300ETF2111,300ETF2112,300ETF2203
2021-09-29,300ETF2110,300ETF2111,300ETF2112,300ETF2203
2021-09-30,300ETF2110,300ETF2111,300ETF2112,300ETF2203
2021-10-08,300ETF2110,300ETF2111,300ETF2112,300ETF2203
2021-10-11,300ETF2110,300ETF2111,300ETF2112,300ETF2203
2021-10-12,300ETF2110,300ETF2111,300ETF2112,300ETF2203
2021-10-13,300ETF2110,300ETF2111,300ETF2112,300ETF2203
2021-10-14,300ETF2110,300ETF2111,300ETF2112,300ETF2203
2021-10-15,300ETF2110,300ETF2111,300ETF2112,300ETF2203
2021-10-18,300ETF2110,300ETF2111,300ETF2112,300ETF2203
2021-10-19,300ETF2110,300ETF2111,300ETF2112,300ETF2203
2021-10-20,300ETF2110,300ETF2111,300ETF2112,300ETF2203
2021-10-21,300ETF2110,300ETF2111,300ETF2112,300ETF2203
2021-10-22,300ETF2110,300ETF2111,300ETF2112,300ETF2203
2021-10-25,300ETF2110,300ETF2111,300ETF2112,300ETF2203
2021-10-26,300ETF2110,300ETF2111,300ETF2112,300ETF2203
2021-10-27,300ETF2111,300ETF2112,300ETF2203,
2021-10-28,300ETF2111,300ETF2112,300ETF2203,300ETF2206
2021-10-29,300ETF2111,300ETF2112,300ETF2203,300ETF2206
2021-11-01,300ETF2111,300ETF2112,300ETF2203,300ETF2206
2021-11-02,300ETF2111,300ETF2112,300ETF2203,300ETF2206
2021-11-03,300ETF2111,300ETF2112,300ETF2203,300ETF2206
2021-11-04,300ETF2111,300ETF2112,300ETF2203,300ETF2206
2021-11-05,300ETF2111,300ETF2112,300ETF2203,300ETF2206
2021-11-08,300ETF2111,300ETF2112,300ETF2203,300ETF2206
2021-11-09,300ETF2111,300ETF2112,300ETF2203,300ETF2206
2021-11-10,300ETF2111,300ETF2112,300ETF2203,300ETF2206
2021-11-11,300ETF2111,300ETF2112,300ETF2203,300ETF2206
2021-11-12,300ETF2111,300ETF2112,300ETF2203,300ETF2206
2021-11-15,300ETF2111,300ETF2112,300ETF2203,300ETF2206
2021-11-16,300ETF2111,300ETF2112,300ETF2203,300ETF2206
2021-11-17,300ETF2111,300ETF2112,300ETF2203,300ETF2206
2021-11-18,300ETF2111,300ETF2112,300ETF2203,300ETF2206
2021-11-19,300ETF2111,300ETF2112,300ETF2203,300ETF2206
2021-11-22,300ETF2111,300ETF2112,300ETF2203,300ETF2206
2021-11-23,300ETF2111,300ETF2112,300ETF2203,300ETF2206
2021-11-24,300ETF2112,300ETF2203,300ETF2206,
2021-11-25,300ETF2112,300ETF2201,300ETF2203,300ETF2206
2021-11-26,300ETF2112,300ETF2201,300ETF2203,300ETF2206
2021-11-29,300ETF2112,300ETF2201,300ETF2203,300ETF2206
2021-11-30,300ETF2112,300ETF2201,300ETF2203,300ETF2206
2021-12-01,300ETF2112,300ETF2201,300ETF2203,300ETF2206
2021-12-02,300ETF2112,300ETF2201,300ETF2203,300ETF2206
2021-12-03,300ETF2112,300ETF2201,300ETF2203,300ETF2206
2021-12-06,300ETF2112,300ETF2201,300ETF2203,300ETF2206
2021-12-07,300ETF2112,300ETF2201,300ETF2203,300ETF2206
2021-12-08,300ETF2112,300ETF2201,300ETF2203,300ETF2206
2021-12-09,300ETF2112,300ETF2201,300ETF2203,300ETF2206
2021-12-10,300ETF2112,300ETF2201,300ETF2203,300ETF2206
2021-12-13,300ETF2112,300ETF2201,300ETF2203,300ETF2206
2021-12-14,300ETF2112,300ETF2201,300ETF2203,300ETF2206
2021-12-15,300ETF2112,300ETF2201,300ETF2203,300ETF2206
2021-12-16,300ETF2112,300ETF2201,300ETF2203,300ETF2206
2021-12-17,300ETF2112,300ETF2201,300ETF2203,300ETF2206
2021-12-20,300ETF2112,300ETF2201,300ETF2203,300ETF2206
2021-12-21,300ETF2112,300ETF2201,300ETF2203,300ETF2206
2021-12-22,300ETF2201,300ETF2203,300ETF2206,
2021-12-23,300ETF2201,300ETF2202,300ETF2203,300ETF2206
2021-12-24,300ETF2201,300ETF2202,300ETF2203,300ETF2206
2021-12-27,300ETF2201,300ETF2202,300ETF2203,300ETF2206
2021-12-28,300ETF2201,300ETF2202,300ETF2203,300ETF2206
2021-12-29,300ETF2201,300ETF2202,300ETF2203,300ETF2206
2021-12-30,300ETF2201,300ETF2202,300ETF2203,300ETF2206
2021-12-31,300ETF2201,300ETF2202,300ETF2203,300ETF2206
2022-01-04,300ETF2201,300ETF2202,300ETF2203,300ETF2206
2022-01-05,300ETF2201,300ETF2202,300ETF2203,300ETF2206
2022-01-06,300ETF2201,300ETF2202,300ETF2203,300ETF2206
2022-01-07,300ETF2201,300ETF2202,300ETF2203,300ETF2206
2022-01-10,300ETF2201,300ETF2202,300ETF2203,300ETF2206
2022-01-11,300ETF2201,300ETF2202,300ETF2203,300ETF2206
2022-01-12,300ETF2201,300ETF2202,300ETF2203,300ETF2206
2022-01-13,300ETF2201,300ETF2202,300ETF2203,300ETF2206
2022-01-14,300ETF2201,300ETF2202,300ETF2203,300ETF2206
2022-01-17,300ETF2201,300ETF2202,300ETF2203,300ETF2206
2022-01-18,300ETF2201,300ETF2202,300ETF2203,300ETF2206
2022-01-19,300ETF2201,300ETF2202,300ETF2203,300ETF2206
2022-01-20,300ETF2201,300ETF2202,300ETF2203,300ETF2206
2022-01-21,300ETF2201,300ETF2202,300ETF2203,300ETF2206
2022-01-24,300ETF2201,300ETF2202,300ETF2203,300ETF2206
2022-01-25,300ETF2201,300ETF2202,300ETF2203,300ETF2206
2022-01-26,300ETF2202,300ETF2203,300ETF2206,
2022-01-27,300ETF2202,300ETF2203,300ETF2206,300ETF2209
2022-01-28,300ETF2202,300ETF2203,300ETF2206,300ETF2209
2022-02-07,300ETF2202,300ETF2203,300ETF2206,300ETF2209
2022-02-08,300ETF2202,300ETF2203,300ETF2206,300ETF2209
2022-02-09,300ETF2202,300ETF2203,300ETF2206,300ETF2209
2022-02-10,300ETF2202,300ETF2203,300ETF2206,300ETF2209
2022-02-11,300ETF2202,300ETF2203,300ETF2206,300ETF2209
2022-02-14,300ETF2202,300ETF2203,300ETF2206,300ETF2209
2022-02-15,300ETF2202,300ETF2203,300ETF2206,300ETF2209
2022-02-16,300ETF2202,300ETF2203,300ETF2206,300ETF2209
2022-02-17,300ETF2202,300ETF2203,300ETF2206,300ETF2209
2022-02-18,300ETF2202,300ETF2203,300ETF2206,300ETF2209
2022-02-21,300ETF2202,300ETF2203,300ETF2206,300ETF2209
2022-02-22,300ETF2202,300ETF2203,300ETF2206,300ETF2209
2022-02-23,300ETF2203,300ETF2206,300ETF2209,
2022-02-24,300ETF2203,300ETF2204,300ETF2206,300ETF2209
2022-02-25,300ETF2203,300ETF2204,300ETF2206,300ETF2209
2022-02-28,300ETF2203,300ETF2204,300ETF2206,300ETF2209
2022-03-01,300ETF2203,300ETF2204,300ETF2206,300ETF2209
2022-03-02,300ETF2203,300ETF2204,300ETF2206,300ETF2209
2022-03-03,300ETF2203,300ETF2204,300ETF2206,300ETF2209
2022-03-04,300ETF2203,300ETF2204,300ETF2206,300ETF2209
2022-03-07,300ETF2203,300ETF2204,300ETF2206,300ETF2209
2022-03-08,300ETF2203,300ETF2204,300ETF2206,300ETF2209
2022-03-09,300ETF2203,300ETF2204,300ETF2206,300ETF2209
2022-03-10,300ETF2203,300ETF2204,300ETF2206,300ETF2209
2022-03-11,300ETF2203,300ETF2204,300ETF2206,300ETF2209
2022-03-14,300ETF2203,300ETF2204,300ETF2206,300ETF2209
2022-03-15,300ETF2203,300ETF2204,300ETF2206,300ETF2209
2022-03-16,300ETF2203,300ETF2204,300ETF2206,300ETF2209
2022-03-17,300ETF2203,300ETF2204,300ETF2206,300ETF2209
2022-03-18,300ETF2203,300ETF2204,300ETF2206,300ETF2209
2022-03-21,300ETF2203,300ETF2204,300ETF2206,300ETF2209
2022-03-22,300ETF2203,300ETF2204,300ETF2206,300ETF2209
2022-03-23,300ETF2204,300ETF2206,300ETF2209,
2022-03-24,300ETF2204,300ETF2205,300ETF2206,300ETF2209
2022-03-25,300ETF2204,300ETF2205,300ETF2206,300ETF2209
2022-03-28,300ETF2204,300ETF2205,300ETF2206,300ETF2209
2022-03-29,300ETF2204,300ETF2205,300ETF2206,300ETF2209
2022-03-30,300ETF2204,300ETF2205,300ETF2206,300ETF2209
2022-03-31,300ETF2204,300ETF2205,300ETF2206,300ETF2209
2022-04-01,300ETF2204,300ETF2205,300ETF2206,300ETF2209
2022-04-06,300ETF2204,300ETF2205,300ETF2206,300ETF2209
2022-04-07,300ETF2204,300ETF2205,300ETF2206,300ETF2209
2022-04-08,300ETF2204,300ETF2205,300ETF2206,300ETF2209
2022-04-11,300ETF2204,300ETF2205,300ETF2206,300ETF2209
2022-04-12,300ETF2204,300ETF2205,300ETF2206,300ETF2209
2022-04-13,300ETF2204,300ETF2205,300ETF2206,300ETF2209
2022-04-14,300ETF2204,300ETF2205,300ETF2206,300ETF2209
2022-04-15,300ETF2204,300ETF2205,300ETF2206,300ETF2209
2022-04-18,300ETF2204,300ETF2205,300ETF2206,300ETF2209
2022-04-19,300ETF2204,300ETF2205,300ETF2206,300ETF2209
2022-04-20,300ETF2204,300ETF2205,300ETF2206,300ETF2209
2022-04-21,300ETF2204,300ETF2205,300ETF2206,300ETF2209
2022-04-22,300ETF2204,300ETF2205,300ETF2206,300ETF2209
2022-04-25,300ETF2204,300ETF2205,300ETF2206,300ETF2209
2022-04-26,300ETF2204,300ETF2205,300ETF2206,300ETF2209
2022-04-27,300ETF2205,300ETF2206,300ETF2209,
2022-04-28,300ETF2205,300ETF2206,300ETF2209,300ETF2212
2022-04-29,300ETF2205,300ETF2206,300ETF2209,300ETF2212
2022-05-05,300ETF2205,300ETF2206,300ETF2209,300ETF2212
2022-05-06,300ETF2205,300ETF2206,300ETF2209,300ETF2212
2022-05-09,300ETF2205,300ETF2206,300ETF2209,300ETF2212
2022-05-10,300ETF2205,300ETF2206,300ETF2209,300ETF2212
2022-05-11,300ETF2205,300ETF2206,300ETF2209,300ETF2212
2022-05-12,300ETF2205,300ETF2206,300ETF2209,300ETF2212
2022-05-13,300ETF2205,300ETF2206,300ETF2209,300ETF2212
2022-05-16,300ETF2205,300ETF2206,300ETF2209,300ETF2212
2022-05-17,300ETF2205,300ETF2206,300ETF2209,300ETF2212
2022-05-18,300ETF2205,300ETF2206,300ETF2209,300ETF2212
2022-05-19,300ETF2205,300ETF2206,300ETF2209,300ETF2212
2022-05-20,300ETF2205,300ETF2206,300ETF2209,300ETF2212
2022-05-23,300ETF2205,300ETF2206,300ETF2209,300ETF2212
2022-05-24,300ETF2205,300ETF2206,300ETF2209,300ETF2212
2022-05-25,300ETF2206,300ETF2209,300ETF2212,
2022-05-26,300ETF2206,300ETF2207,300ETF2209,300ETF2212
2022-05-27,300ETF2206,300ETF2207,300ETF2209,300ETF2212
2022-05-30,300ETF2206,300ETF2207,300ETF2209,300ETF2212
2022-05-31,300ETF2206,300ETF2207,300ETF2209,300ETF2212
2022-06-01,300ETF2206,300ETF2207,300ETF2209,300ETF2212
2022-06-02,300ETF2206,300ETF2207,300ETF2209,300ETF2212
2022-06-06,300ETF2206,300ETF2207,300ETF2209,300ETF2212
2022-06-07,300ETF2206,300ETF2207,300ETF2209,300ETF2212
2022-06-08,300ETF2206,300ETF2207,300ETF2209,300ETF2212
2022-06-09,300ETF2206,300ETF2207,300ETF2209,300ETF2212
2022-06-10,300ETF2206,300ETF2207,300ETF2209,300ETF2212
2022-06-13,300ETF2206,300ETF2207,300ETF2209,300ETF2212
2022-06-14,300ETF2206,300ETF2207,300ETF2209,300ETF2212
2022-06-15,300ETF2206,300ETF2207,300ETF2209,300ETF2212
2022-06-16,300ETF2206,300ETF2207,300ETF2209,300ETF2212
2022-06-17,300ETF2206,300ETF2207,300ETF2209,300ETF2212
2022-06-20,300ETF2206,300ETF2207,300ETF2209,300ETF2212
2022-06-21,300ETF2206,300ETF2207,300ETF2209,300ETF2212
2022-06-22,300ETF2207,300ETF2209,300ETF2212,
2022-06-23,300ETF2207,300ETF2208,300ETF2209,300ETF2212
2022-06-24,300ETF2207,300ETF2208,300ETF2209,300ETF2212
2022-06-27,300ETF2207,300ETF2208,300ETF2209,300ETF2212
2022-06-28,300ETF2207,300ETF2208,300ETF2209,300ETF2212
2022-06-29,300ETF2207,300ETF2208,300ETF2209,300ETF2212
2022-06-30,300ETF2207,300ETF2208,300ETF2209,300ETF2212
2022-07-01,300ETF2207,300ETF2208,300ETF2209,300ETF2212
2022-07-04,300ETF2207,300ETF2208,300ETF2209,300ETF2212
2022-07-05,300ETF2207,300ETF2208,300ETF2209,300ETF2212
2022-07-06,300ETF2207,300ETF2208,300ETF2209,300ETF2212
2022-07-07,300ETF2207,300ETF2208,300ETF2209,300ETF2212
2022-07-08,300ETF2207,300ETF2208,300ETF2209,300ETF2212
2022-07-11,300ETF2207,300ETF2208,300ETF2209,300ETF2212
2022-07-12,300ETF2207,300ETF2208,300ETF2209,300ETF2212
2022-07-13,300ETF2207,300ETF2208,300ETF2209,300ETF2212
2022-07-14,300ETF2207,300ETF2208,300ETF2209,300ETF2212
2022-07-15,300ETF2207,300ETF2208,300ETF2209,300ETF2212
2022-07-18,300ETF2207,300ETF2208,300ETF2209,300ETF2212
2022-07-19,300ETF2207,300ETF2208,300ETF2209,300ETF2212
2022-07-20,300ETF2207,300ETF2208,300ETF2209,300ETF2212
2022-07-21,300ETF2207,300ETF2208,300ETF2209,300ETF2212
2022-07-22,300ETF2207,300ETF2208,300ETF2209,300ETF2212
2022-07-25,300ETF2207,300ETF2208,300ETF2209,300ETF2212
2022-07-26,300ETF2207,300ETF2208,300ETF2209,300ETF2212
2022-07-27,300ETF2208,300ETF2209,300ETF2212,
2022-07-28,300ETF2208,300ETF2209,300ETF2212,300ETF2303
2022-07-29,300ETF2208,300ETF2209,300ETF2212,300ETF2303
2022-08-01,300ETF2208,300ETF2209,300ETF2212,300ETF2303
2022-08-02,300ETF2208,300ETF2209,300ETF2212,300ETF2303
2022-08-03,300ETF2208,300ETF2209,300ETF2212,300ETF2303
2022-08-04,300ETF2208,300ETF2209,300ETF2212,300ETF2303
2022-08-05,300ETF2208,300ETF2209,300ETF2212,300ETF2303
2022-08-08,300ETF2208,300ETF2209,300ETF2212,300ETF2303
2022-08-09,300ETF2208,300ETF2209,300ETF2212,300ETF2303
2022-08-10,300ETF2208,300ETF2209,300ETF2212,300ETF2303
2022-08-11,300ETF2208,300ETF2209,300ETF2212,300ETF2303
2022-08-12,300ETF2208,300ETF2209,300ETF2212,300ETF2303
2022-08-15,300ETF2208,300ETF2209,300ETF2212,300ETF2303
2022-08-16,300ETF2208,300ETF2209,300ETF2212,300ETF2303
2022-08-17,300ETF2208,300ETF2209,300ETF2212,300ETF2303
2022-08-18,300ETF2208,300ETF2209,300ETF2212,300ETF2303
2022-08-19,300ETF2208,300ETF2209,300ETF2212,300ETF2303
2022-08-22,300ETF2208,300ETF2209,300ETF2212,300ETF2303
2022-08-23,300ETF2208,300ETF2209,300ETF2212,300ETF2303
2022-08-24,300ETF2209,300ETF2212,300ETF2303,
2022-08-25,300ETF2209,300ETF2210,300ETF2212,300ETF2303
2022-08-26,300ETF2209,300ETF2210,300ETF2212,300ETF2303
2022-08-29,300ETF2209,300ETF2210,300ETF2212,300ETF2303
2022-08-30,300ETF2209,300ETF2210,300ETF2212,300ETF2303
2022-08-31,300ETF2209,300ETF2210,300ETF2212,300ETF2303
2022-09-01,300ETF2209,300ETF2210,300ETF2212,300ETF2303
2022-09-02,300ETF2209,300ETF2210,300ETF2212,300ETF2303
2022-09-05,300ETF2209,300ETF2210,300ETF2212,300ETF2303
2022-09-06,300ETF2209,300ETF2210,300ETF2212,300ETF2303
2022-09-07,300ETF2209,300ETF2210,300ETF2212,300ETF2303
2022-09-08,300ETF2209,300ETF2210,300ETF2212,300ETF2303
2022-09-09,300ETF2209,300ETF2210,300ETF2212,300ETF2303
2022-09-13,300ETF2209,300ETF2210,300ETF2212,300ETF2303
2022-09-14,300ETF2209,300ETF2210,300ETF2212,300ETF2303
2022-09-15,300ETF2209,300ETF2210,300ETF2212,300ETF2303
2022-09-16,300ETF2209,300ETF2210,300ETF2212,300ETF2303
2022-09-19,300ETF2209,300ETF2210,300ETF2212,300ETF2303
2022-09-20,300ETF2209,300ETF2210,300ETF2212,300ETF2303
2022-09-21,300ETF2209,300ETF2210,300ETF2212,300ETF2303
2022-09-22,300ETF2209,300ETF2210,300ETF2212,300ETF2303
2022-09-23,300ETF2209,300ETF2210,300ETF2212,300ETF2303
2022-09-26,300ETF2209,300ETF2210,300ETF2212,300ETF2303
2022-09-27,300ETF2209,300ETF2210,300ETF2212,300ETF2303
2022-09-28,300ETF2210,300ETF2212,300ETF2303,
2022-09-29,300ETF2210,300ETF2211,300ETF2212,300ETF2303
2022-09-30,300ETF2210,300ETF2211,300ETF2212,300ETF2303
2022-10-10,300ETF2210,300ETF2211,300ETF2212,300ETF2303
2022-10-11,300ETF2210,300ETF2211,300ETF2212,300ETF2303
2022-10-12,300ETF2210,300ETF2211,300ETF2212,300ETF2303
2022-10-13,300ETF2210,300ETF2211,300ETF2212,300ETF2303
2022-10-14,300ETF2210,300ETF2211,300ETF2212,300ETF2303
2022-10-17,300ETF2210,300ETF2211,300ETF2212,300ETF2303
2022-10-18,300ETF2210,300ETF2211,300ETF2212,300ETF2303
2022-10-19,300ETF2210,300ETF2211,300ETF2212,300ETF2303
2022-10-20,300ETF2210,300ETF2211,300ETF2212,300ETF2303
2022-10-21,300ETF2210,300ETF2211,300ETF2212,300ETF2303
2022-10-24,300ETF2210,300ETF2211,300ETF2212,300ETF2303
2022-10-25,300ETF2210,300ETF2211,300ETF2212,300ETF2303
2022-10-26,300ETF2211,300ETF2212,300ETF2303,
2022-10-27,300ETF2211,300ETF2212,300ETF2303,300ETF2306
2022-10-28,300ETF2211,300ETF2212,300ETF2303,300ETF2306
2022-10-31,300ETF2211,300ETF2212,300ETF2303,300ETF2306
2022-11-01,300ETF2211,300ETF2212,300ETF2303,300ETF2306
2022-11-02,300ETF2211,300ETF2212,300ETF2303,300ETF2306
2022-11-03,300ETF2211,300ETF2212,300ETF2303,300ETF2306
2022-11-04,300ETF2211,300ETF2212,300ETF2303,300ETF2306
2022-11-07,300ETF2211,300ETF2212,300ETF2303,300ETF2306
2022-11-08,300ETF2211,300ETF2212,300ETF2303,300ETF2306
2022-11-09,300ETF2211,300ETF2212,300ETF2303,300ETF2306
2022-11-10,300ETF2211,300ETF2212,300ETF2303,300ETF2306
2022-11-11,300ETF2211,300ETF2212,300ETF2303,300ETF2306
2022-11-14,300ETF2211,300ETF2212,300ETF2303,300ETF2306
2022-11-15,300ETF2211,300ETF2212,300ETF2303,300ETF2306
2022-11-16,300ETF2211,300ETF2212,300ETF2303,300ETF2306
2022-11-17,300ETF2211,300ETF2212,300ETF2303,300ETF2306
2022-11-18,300ETF2211,300ETF2212,300ETF2303,300ETF2306
2022-11-21,300ETF2211,300ETF2212,300ETF2303,300ETF2306
2022-11-22,300ETF2211,300ETF2212,300ETF2303,300ETF2306
2022-11-23,300ETF2212,300ETF2303,300ETF2306,
2022-11-24,300ETF2212,300ETF2301,300ETF2303,300ETF2306
2022-11-25,300ETF2212,300ETF2301,300ETF2303,300ETF2306
2022-11-28,300ETF2212,300ETF2301,300ETF2303,300ETF2306
2022-11-29,300ETF2212,300ETF2301,300ETF2303,300ETF2306
2022-11-30,300ETF2212,300ETF2301,300ETF2303,300ETF2306
2022-12-01,300ETF2212,300ETF2301,300ETF2303,300ETF2306
2022-12-02,300ETF2212,300ETF2301,300ETF2303,300ETF2306
2022-12-05,300ETF2212,300ETF2301,300ETF2303,300ETF2306
2022-12-06,300ETF2212,300ETF2301,300ETF2303,300ETF2306
2022-12-07,300ETF2212,300ETF2301,300ETF2303,300ETF2306
2022-12-08,300ETF2212,300ETF2301,300ETF2303,300ETF2306
2022-12-09,300ETF2212,300ETF2301,300ETF2303,300ETF2306
2022-12-12,300ETF2212,300ETF2301,300ETF2303,300ETF2306
2022-12-13,300ETF2212,300ETF2301,300ETF2303,300ETF2306
2022-12-14,300ETF2212,300ETF2301,300ETF2303,300ETF2306
2022-12-15,300ETF2212,300ETF2301,300ETF2303,300ETF2306
2022-12-16,300ETF2212,300ETF2301,300ETF2303,300ETF2306
2022-12-19,300ETF2212,300ETF2301,300ETF2303,300ETF2306
2022-12-20,300ETF2212,300ETF2301,300ETF2303,300ETF2306
2022-12-21,300ETF2212,300ETF2301,300ETF2303,300ETF2306
2022-12-22,300ETF2212,300ETF2301,300ETF2303,300ETF2306
2022-12-23,300ETF2212,300ETF2301,300ETF2303,300ETF2306
2022-12-26,300ETF2212,300ETF2301,300ETF2303,300ETF2306
2022-12-27,300ETF2212,300ETF2301,300ETF2303,300ETF2306
2022-12-28,300ETF2301,300ETF2303,300ETF2306,
2022-12-29,300ETF2301,300ETF2302,300ETF2303,300ETF2306
2022-12-30,300ETF2301,300ETF2302,300ETF2303,300ETF2306
2023-01-03,300ETF2301,300ETF2302,300ETF2303,300ETF2306
2023-01-04,300ETF2301,300ETF2302,300ETF2303,300ETF2306
2023-01-05,300ETF2301,300ETF2302,300ETF2303,300ETF2306
2023-01-06,300ETF2301,300ETF2302,300ETF2303,300ETF2306
2023-01-09,300ETF2301,300ETF2302,300ETF2303,300ETF2306
2023-01-10,300ETF2301,300ETF2302,300ETF2303,300ETF2306
2023-01-11,300ETF2301,300ETF2302,300ETF2303,300ETF2306
2023-01-12,300ETF2301,300ETF2302,300ETF2303,300ETF2306
2023-01-13,300ETF2301,300ETF2302,300ETF2303,300ETF2306
2023-01-16,300ETF2301,300ETF2302,300ETF2303,300ETF2306
2023-01-17,300ETF2301,300ETF2302,300ETF2303,300ETF2306
2023-01-18,300ETF2301,300ETF2302,300ETF2303,300ETF2306
2023-01-19,300ETF2301,300ETF2302,300ETF2303,300ETF2306
2023-01-20,300ETF2301,300ETF2302,300ETF2303,300ETF2306
2023-01-30,300ETF2302,300ETF2303,300ETF2306,
2023-01-31,300ETF2302,300ETF2303,300ETF2306,300ETF2309
2023-02-01,300ETF2302,300ETF2303,300ETF2306,300ETF2309
2023-02-02,300ETF2302,300ETF2303,300ETF2306,300ETF2309
2023-02-03,300ETF2302,300ETF2303,300ETF2306,300ETF2309
2023-02-06,300ETF2302,300ETF2303,300ETF2306,300ETF2309
2023-02-07,300ETF2302,300ETF2303,300ETF2306,300ETF2309
2023-02-08,300ETF2302,300ETF2303,300ETF2306,300ETF2309
2023-02-09,300ETF2302,300ETF2303,300ETF2306,300ETF2309
2023-02-10,300ETF2302,300ETF2303,300ETF2306,300ETF2309
2023-02-13,300ETF2302,300ETF2303,300ETF2306,300ETF2309
2023-02-14,300ETF2302,300ETF2303,300ETF2306,300ETF2309
2023-02-15,300ETF2302,300ETF2303,300ETF2306,300ETF2309
2023-02-16,300ETF2302,300ETF2303,300ETF2306,300ETF2309
2023-02-17,300ETF2302,300ETF2303,300ETF2306,300ETF2309
2023-02-20,300ETF2302,300ETF2303,300ETF2306,300ETF2309
2023-02-21,300ETF2302,300ETF2303,300ETF2306,300ETF2309
2023-02-22,300ETF2303,300ETF2306,300ETF2309,
2023-02-23,300ETF2303,300ETF2304,300ETF2306,300ETF2309
2023-02-24,300ETF2303,300ETF2304,300ETF2306,300ETF2309
2023-02-27,300ETF2303,300ETF2304,300ETF2306,300ETF2309
2023-02-28,300ETF2303,300ETF2304,300ETF2306,300ETF2309
2023-03-01,300ETF2303,300ETF2304,300ETF2306,300ETF2309
2023-03-02,300ETF2303,300ETF2304,300ETF2306,300ETF2309
2023-03-03,300ETF2303,300ETF2304,300ETF2306,300ETF2309
2023-03-06,300ETF2303,300ETF2304,300ETF2306,300ETF2309
2023-03-07,300ETF2303,300ETF2304,300ETF2306,300ETF2309
2023-03-08,300ETF2303,300ETF2304,300ETF2306,300ETF2309
2023-03-09,300ETF2303,300ETF2304,300ETF2306,300ETF2309
2023-03-10,300ETF2303,300ETF2304,300ETF2306,300ETF2309
2023-03-13,300ETF2303,300ETF2304,300ETF2306,300ETF2309
2023-03-14,300ETF2303,300ETF2304,300ETF2306,300ETF2309
2023-03-15,300ETF2303,300ETF2304,300ETF2306,300ETF2309
2023-03-16,300ETF2303,300ETF2304,300ETF2306,300ETF2309
2023-03-17,300ETF2303,300ETF2304,300ETF2306,300ETF2309
2023-03-20,300ETF2303,300ETF2304,300ETF2306,300ETF2309
2023-03-21,300ETF2303,300ETF2304,300ETF2306,300ETF2309
2023-03-22,300ETF2304,300ETF2306,300ETF2309,
2023-03-23,300ETF2304,300ETF2305,300ETF2306,300ETF2309
2023-03-24,300ETF2304,300ETF2305,300ETF2306,300ETF2309
2023-03-27,300ETF2304,300ETF2305,300ETF2306,300ETF2309
2023-03-28,300ETF2304,300ETF2305,300ETF2306,300ETF2309
2023-03-29,300ETF2304,300ETF2305,300ETF2306,300ETF2309
2023-03-30,300ETF2304,300ETF2305,300ETF2306,300ETF2309
2023-03-31,300ETF2304,300ETF2305,300ETF2306,300ETF2309
2023-04-03,300ETF2304,300ETF2305,300ETF2306,300ETF2309
2023-04-04,300ETF2304,300ETF2305,300ETF2306,300ETF2309
2023-04-06,300ETF2304,300ETF2305,300ETF2306,300ETF2309
2023-04-07,300ETF2304,300ETF2305,300ETF2306,300ETF2309
2023-04-10,300ETF2304,300ETF2305,300ETF2306,300ETF2309
2023-04-11,300ETF2304,300ETF2305,300ETF2306,300ETF2309
2023-04-12,300ETF2304,300ETF2305,300ETF2306,300ETF2309
2023-04-13,300ETF2304,300ETF2305,300ETF2306,300ETF2309
2023-04-14,300ETF2304,300ETF2305,300ETF2306,300ETF2309
2023-04-17,300ETF2304,300ETF2305,300ETF2306,300ETF2309
2023-04-18,300ETF2304,300ETF2305,300ETF2306,300ETF2309
2023-04-19,300ETF2304,300ETF2305,300ETF2306,300ETF2309
2023-04-20,300ETF2304,300ETF2305,300ETF2306,300ETF2309
2023-04-21,300ETF2304,300ETF2305,300ETF2306,300ETF2309
2023-04-24,300ETF2304,300ETF2305,300ETF2306,300ETF2309
2023-04-25,300ETF2304,300ETF2305,300ETF2306,300ETF2309
2023-04-26,300ETF2305,300ETF2306,300ETF2309,
2023-04-27,300ETF2305,300ETF2306,300ETF2309,300ETF2312
2023-04-28,300ETF2305,300ETF2306,300ETF2309,300ETF2312
2023-05-04,300ETF2305,300ETF2306,300ETF2309,300ETF2312
2023-05-05,300ETF2305,300ETF2306,300ETF2309,300ETF2312
2023-05-08,300ETF2305,300ETF2306,300ETF2309,300ETF2312
2023-05-09,300ETF2305,300ETF2306,300ETF2309,300ETF2312
2023-05-10,300ETF2305,300ETF2306,300ETF2309,300ETF2312
2023-05-11,300ETF2305,300ETF2306,300ETF2309,300ETF2312
2023-05-12,300ETF2305,300ETF2306,300ETF2309,300ETF2312
2023-05-15,300ETF2305,300ETF2306,300ETF2309,300ETF2312
2023-05-16,300ETF2305,300ETF2306,300ETF2309,300ETF2312
2023-05-17,300ETF2305,300ETF2306,300ETF2309,300ETF2312
2023-05-18,300ETF2305,300ETF2306,300ETF2309,300ETF2312
2023-05-19,300ETF2305,300ETF2306,300ETF2309,300ETF2312
2023-05-22,300ETF2305,300ETF2306,300ETF2309,300ETF2312
2023-05-23,300ETF2305,300ETF2306,300ETF2309,300ETF2312
2023-05-24,300ETF2306,300ETF2309,300ETF2312,
2023-05-25,300ETF2306,300ETF2307,300ETF2309,300ETF2312
2023-05-26,300ETF2306,300ETF2307,300ETF2309,300ETF2312
2023-05-29,300ETF2306,300ETF2307,300ETF2309,300ETF2312
2023-05-30,300ETF2306,300ETF2307,300ETF2309,300ETF2312
2023-05-31,300ETF2306,300ETF2307,300ETF2309,300ETF2312
2023-06-01,300ETF2306,300ETF2307,300ETF2309,300ETF2312
2023-06-02,300ETF2306,300ETF2307,300ETF2309,300ETF2312
2023-06-05,300ETF2306,300ETF2307,300ETF2309,300ETF2312
2023-06-06,300ETF2306,300ETF2307,300ETF2309,300ETF2312
2023-06-07,300ETF2306,300ETF2307,300ETF2309,300ETF2312
2023-06-08,300ETF2306,300ETF2307,300ETF2309,300ETF2312
2023-06-09,300ETF2306,300ETF2307,300ETF2309,300ETF2312
2023-06-12,300ETF2306,300ETF2307,300ETF2309,300ETF2312
2023-06-13,300ETF2306,300ETF2307,300ETF2309,300ETF2312
2023-06-14,300ETF2306,300ETF2307,300ETF2309,300ETF2312
2023-06-15,300ETF2306,300ETF2307,300ETF2309,300ETF2312
2023-06-16,300ETF2306,300ETF2307,300ETF2309,300ETF2312
2023-06-19,300ETF2306,300ETF2307,300ETF2309,300ETF2312
2023-06-20,300ETF2306,300ETF2307,300ETF2309,300ETF2312
2023-06-21,300ETF2306,300ETF2307,300ETF2309,300ETF2312
2023-06-26,300ETF2306,300ETF2307,300ETF2309,300ETF2312
2023-06-27,300ETF2306,300ETF2307,300ETF2309,300ETF2312
2023-06-28,300ETF2307,300ETF2309,300ETF2312,
2023-06-29,300ETF2307,300ETF2308,300ETF2309,300ETF2312
2023-06-30,300ETF2307,300ETF2308,300ETF2309,300ETF2312
2023-07-03,300ETF2307,300ETF2308,300ETF2309,300ETF2312
2023-07-04,300ETF2307,300ETF2308,300ETF2309,300ETF2312
2023-07-05,300ETF2307,300ETF2308,300ETF2309,300ETF2312
2023-07-06,300ETF2307,300ETF2308,300ETF2309,300ETF2312
2023-07-07,300ETF2307,300ETF2308,300ETF2309,300ETF2312
2023-07-10,300ETF2307,300ETF2308,300ETF2309,300ETF2312
2023-07-11,300ETF2307,300ETF2308,300ETF2309,300ETF2312
2023-07-12,300ETF2307,300ETF2308,300ETF2309,300ETF2312
2023-07-13,300ETF2307,300ETF2308,300ETF2309,300ETF2312
2023-07-14,300ETF2307,300ETF2308,300ETF2309,300ETF2312
2023-07-17,300ETF2307,300ETF2308,300ETF2309,300ETF2312
2023-07-18,300ETF2307,300ETF2308,300ETF2309,300ETF2312
2023-07-19,300ETF2307,300ETF2308,300ETF2309,300ETF2312
2023-07-20,300ETF2307,300ETF2308,300ETF2309,300ETF2312
2023-07-21,300ETF2307,300ETF2308,300ETF2309,300ETF2312
2023-07-24,300ETF2307,300ETF2308,300ETF2309,300ETF2312
2023-07-25,300ETF2307,300ETF2308,300ETF2309,300ETF2312
2023-07-26,300ETF2308,300ETF2309,300ETF2312,
2023-07-27,300ETF2308,300ETF2309,300ETF2312,300ETF2403
2023-07-28,300ETF2308,300ETF2309,300ETF2312,300ETF2403
2023-07-31,300ETF2308,300ETF2309,300ETF2312,300ETF2403
2023-08-01,300ETF2308,300ETF2309,300ETF2312,300ETF2403
2023-08-02,300ETF2308,300ETF2309,300ETF2312,300ETF2403
2023-08-03,300ETF2308,300ETF2309,300ETF2312,300ETF2403
2023-08-04,300ETF2308,300ETF2309,300ETF2312,300ETF2403
2023-08-07,300ETF2308,300ETF2309,300ETF2312,300ETF2403
2023-08-08,300ETF2308,300ETF2309,300ETF2312,300ETF2403
2023-08-09,300ETF2308,300ETF2309,300ETF2312,300ETF2403
2023-08-10,300ETF2308,300ETF2309,300ETF2312,300ETF2403
2023-08-11,300ETF2308,300ETF2309,300ETF2312,300ETF2403
2023-08-14,300ETF2308,300ETF2309,300ETF2312,300ETF2403
2023-08-15,300ETF2308,300ETF2309,300ETF2312,300ETF2403
2023-08-16,300ETF2308,300ETF2309,300ETF2312,300ETF2403
2023-08-17,300ETF2308,300ETF2309,300ETF2312,300ETF2403
2023-08-18,300ETF2308,300ETF2309,300ETF2312,300ETF2403
2023-08-21,300ETF2308,300ETF2309,300ETF2312,300ETF2403
2023-08-22,300ETF2308,300ETF2309,300ETF2312,300ETF2403
2023-08-23,300ETF2309,300ETF2312,300ETF2403,
2023-08-24,300ETF2309,300ETF2310,300ETF2312,300ETF2403
2023-08-25,300ETF2309,300ETF2310,300ETF2312,300ETF2403
2023-08-28,300ETF2309,300ETF2310,300ETF2312,300ETF2403
2023-08-29,300ETF2309,300ETF2310,300ETF2312,300ETF2403
2023-08-30,300ETF2309,300ETF2310,300ETF2312,300ETF2403
2023-08-31,300ETF2309,300ETF2310,300ETF2312,300ETF2403
2023-09-01,300ETF2309,300ETF2310,300ETF2312,300ETF2403
2023-09-04,300ETF2309,300ETF2310,300ETF2312,300ETF2403
2023-09-05,300ETF2309,300ETF2310,300ETF2312,300ETF2403
2023-09-06,300ETF2309,300ETF2310,300ETF2312,300ETF2403
2023-09-07,300ETF2309,300ETF2310,300ETF2312,300ETF2403
2023-09-08,300ETF2309,300ETF2310,300ETF2312,300ETF2403
2023-09-11,300ETF2309,300ETF2310,300ETF2312,300ETF2403
2023-09-12,300ETF2309,300ETF2310,300ETF2312,300ETF2403
2023-09-13,300ETF2309,300ETF2310,300ETF2312,300ETF2403
2023-09-14,300ETF2309,300ETF2310,300ETF2312,300ETF2403
2023-09-15,300ETF2309,300ETF2310,300ETF2312,300ETF2403
2023-09-18,300ETF2309,300ETF2310,300ETF2312,300ETF2403
2023-09-19,300ETF2309,300ETF2310,300ETF2312,300ETF2403
2023-09-20,300ETF2309,300ETF2310,300ETF2312,300ETF2403
2023-09-21,300ETF2309,300ETF2310,300ETF2312,300ETF2403
2023-09-22,300ETF2309,300ETF2310,300ETF2312,300ETF2403
2023-09-25,300ETF2309,300ETF2310,300ETF2312,300ETF2403
2023-09-26,300ETF2309,300ETF2310,300ETF2312,300ETF2403
2023-09-27,300ETF2310,300ETF2312,300ETF2403,
2023-09-28,300ETF2310,300ETF2311,300ETF2312,300ETF2403
2023-10-09,300ETF2310,300ETF2311,300ETF2312,300ETF2403
2023-10-10,300ETF2310,300ETF2311,300ETF2312,300ETF2403
2023-10-11,300ETF2310,300ETF2311,300ETF2312,300ETF2403
2023-10-12,300ETF2310,300ETF2311,300ETF2312,300ETF2403
2023-10-13,300ETF2310,300ETF2311,300ETF2312,300ETF2403
2023-10-16,300ETF2310,300ETF2311,300ETF2312,300ETF2403
2023-10-17,300ETF2310,300ETF2311,300ETF2312,300ETF2403
2023-10-18,300ETF2310,300ETF2311,300ETF2312,300ETF2403
2023-10-19,300ETF2310,300ETF2311,300ETF2312,300ETF2403
2023-10-20,300ETF2310,300ETF2311,300ETF2312,300ETF2403
2023-10-23,300ETF2310,300ETF2311,300ETF2312,300ETF2403
2023-10-24,300ETF2310,300ETF2311,300ETF2312,300ETF2403
2023-10-25,300ETF2311,300ETF2312,300ETF2403,
2023-10-26,300ETF2311,300ETF2312,300ETF2403,300ETF2406
2023-10-27,300ETF2311,300ETF2312,300ETF2403,300ETF2406
2023-10-30,300ETF2311,300ETF2312,300ETF2403,300ETF2406
2023-10-31,300ETF2311,300ETF2312,300ETF2403,300ETF2406
2023-11-01,300ETF2311,300ETF2312,300ETF2403,300ETF2406
2023-11-02,300ETF2311,300ETF2312,300ETF2403,300ETF2406
2023-11-03,300ETF2311,300ETF2312,300ETF2403,300ETF2406
2023-11-06,300ETF2311,300ETF2312,300ETF2403,300ETF2406
2023-11-07,300ETF2311,300ETF2312,300ETF2403,300ETF2406
2023-11-08,300ETF2311,300ETF2312,300ETF2403,300ETF2406
2023-11-09,300ETF2311,300ETF2312,300ETF2403,300ETF2406
2023-11-10,300ETF2311,300ETF2312,300ETF2403,300ETF2406
2023-11-13,300ETF2311,300ETF2312,300ETF2403,300ETF2406
2023-11-14,300ETF2311,300ETF2312,300ETF2403,300ETF2406
2023-11-15,300ETF2311,300ETF2312,300ETF2403,300ETF2406
2023-11-16,300ETF2311,300ETF2312,300ETF2403,300ETF2406
2023-11-17,300ETF2311,300ETF2312,300ETF2403,300ETF2406
2023-11-20,300ETF2311,300ETF2312,300ETF2403,300ETF2406
2023-11-21,300ETF2311,300ETF2312,300ETF2403,300ETF2406
2023-11-22,300ETF2312,300ETF2403,300ETF2406,
2023-11-23,300ETF2312,300ETF2401,300ETF2403,300ETF2406
2023-11-24,300ETF2312,300ETF2401,300ETF2403,300ETF2406
2023-11-27,300ETF2312,300ETF2401,300ETF2403,300ETF2406
2023-11-28,300ETF2312,300ETF2401,300ETF2403,300ETF2406
2023-11-29,300ETF2312,300ETF2401,300ETF2403,300ETF2406
2023-11-30,300ETF2312,300ETF2401,300ETF2403,300ETF2406
2023-12-01,300ETF2312,300ETF2401,300ETF2403,300ETF2406
2023-12-04,300ETF2312,300ETF2401,300ETF2403,300ETF2406
2023-12-05,300ETF2312,300ETF2401,300ETF2403,300ETF2406
2023-12-06,300ETF2312,300ETF2401,300ETF2403,300ETF2406
2023-12-07,300ETF2312,300ETF2401,300ETF2403,300ETF2406
2023-12-08,300ETF2312,300ETF2401,300ETF2403,300ETF2406
2023-12-11,300ETF2312,300ETF2401,300ETF2403,300ETF2406
2023-12-12,300ETF2312,300ETF2401,300ETF2403,300ETF2406
2023-12-13,300ETF2312,300ETF2401,300ETF2403,300ETF2406
2023-12-14,300ETF2312,300ETF2401,300ETF2403,300ETF2406
2023-12-15,300ETF2312,300ETF2401,300ETF2403,300ETF2406
2023-12-18,300ETF2312,300ETF2401,300ETF2403,300ETF2406
2023-12-19,300ETF2312,300ETF2401,300ETF2403,300ETF2406
2023-12-20,300ETF2312,300ETF2401,300ETF2403,300ETF2406
2023-12-21,300ETF2312,300ETF2401,300ETF2403,300ETF2406
2023-12-22,300ETF2312,300ETF2401,300ETF2403,300ETF2406
2023-12-25,300ETF2312,300ETF2401,300ETF2403,300ETF2406
2023-12-26,300ETF2312,300ETF2401,300ETF2403,300ETF2406
2023-12-27,300ETF2401,300ETF2403,300ETF2406,
2023-12-28,300ETF2401,300ETF2402,300ETF2403,300ETF2406
2023-12-29,300ETF2401,300ETF2402,300ETF2403,300ETF2406
2024-01-02,300ETF2401,300ETF2402,300ETF2403,300ETF2406
2024-01-03,300ETF2401,300ETF2402,300ETF2403,300ETF2406
2024-01-04,300ETF2401,300ETF2402,300ETF2403,300ETF2406
