time,etf_price,C,C,C,C,P,P,P,P,C,C,C,C,P,P,P,P,C,C,C,C,P,P,P,P,C,C,C,C,P,P,P,P,C,C,C,C,P,P,P,P,C,C,C,C,P,P,P,P,C,C,C,C,P,P,P,P,C,C,C,C,P,P,P,P,C,C,C,C,P,P,P,P,C,C,C,C,P,P,P,P,C,C,C,C,P,P,P,P,C,C,C,C,P,P,P,P,C,C,C,C,P,P,P,P,C,C,C,C,P,P,P,P,C,C,C,C,P,P,P,P
time,etf_price,2.35,2.35,2.35,2.35,2.35,2.35,2.35,2.35,2.4,2.4,2.4,2.4,2.4,2.4,2.4,2.4,2.45,2.45,2.45,2.45,2.45,2.45,2.45,2.45,2.5,2.5,2.5,2.5,2.5,2.5,2.5,2.5,2.55,2.55,2.55,2.55,2.55,2.55,2.55,2.55,2.6,2.6,2.6,2.6,2.6,2.6,2.6,2.6,2.65,2.65,2.65,2.65,2.65,2.65,2.65,2.65,2.7,2.7,2.7,2.7,2.7,2.7,2.7,2.7,2.75,2.75,2.75,2.75,2.75,2.75,2.75,2.75,2.8,2.8,2.8,2.8,2.8,2.8,2.8,2.8,2.85,2.85,2.85,2.85,2.85,2.85,2.85,2.85,2.9,2.9,2.9,2.9,2.9,2.9,2.9,2.9,2.95,2.95,2.95,2.95,2.95,2.95,2.95,2.95,2.25,2.25,2.25,2.25,2.25,2.25,2.25,2.25,2.3,2.3,2.3,2.3,2.3,2.3,2.3,2.3
time,etf_price,close,volume,oi,iv,close,volume,oi,iv,close,volume,oi,iv,close,volume,oi,iv,close,volume,oi,iv,close,volume,oi,iv,close,volume,oi,iv,close,volume,oi,iv,close,volume,oi,iv,close,volume,oi,iv,close,volume,oi,iv,close,volume,oi,iv,close,volume,oi,iv,close,volume,oi,iv,close,volume,oi,iv,close,volume,oi,iv,close,volume,oi,iv,close,volume,oi,iv,close,volume,oi,iv,close,volume,oi,iv,close,volume,oi,iv,close,volume,oi,iv,close,volume,oi,iv,close,volume,oi,iv,close,volume,oi,iv,close,volume,oi,iv,close,volume,oi,iv,close,volume,oi,iv,close,volume,oi,iv,close,volume,oi,iv
2023-09-19 15:00:00,2.609,0.3277,146.0,979.0,20.46,0.0238,1114.0,3014.0,15.89,0.2874,94.0,900.0,19.78,0.0333,688.0,4574.0,15.82,0.2494,82.0,1361.0,19.2,0.0443,910.0,9615.0,15.55,0.214,298.0,1555.0,18.73,0.0588,481.0,4011.0,15.43,0.1818,135.0,1842.0,18.35,0.0764,272.0,4466.0,15.31,0.1542,602.0,2853.0,18.25,0.0971,389.0,5166.0,15.16,0.1295,328.0,3241.0,18.15,0.1205,123.0,3340.0,14.93,0.1055,285.0,4485.0,17.79,0.148,47.0,2914.0,14.78,0.0883,267.0,2829.0,17.94,0.1789,127.0,1163.0,14.65,0.0722,278.0,2481.0,17.92,0.2108,59.0,554.0,14.18,0.0596,495.0,5190.0,18.07,0.247,41.0,572.0,13.87,0.0475,287.0,3352.0,17.97,0.2859,27.0,589.0,13.5,0.0385,1211.0,11406.0,18.07,0.3275,102.0,739.0,13.16,,,,,,,,,,,,,,,,
2023-09-20 15:00:00,2.597,0.324,143.0,1052.0,21.61,0.0258,427.0,3142.0,15.97,0.2851,81.0,975.0,21.0,0.0351,294.0,4481.0,15.75,0.243,714.0,1663.0,19.62,0.0464,297.0,9749.0,15.45,0.2087,212.0,1650.0,19.18,0.0615,408.0,4080.0,15.32,0.1776,133.0,1882.0,18.85,0.0797,218.0,4585.0,15.19,0.1494,347.0,2945.0,18.57,0.1011,599.0,5614.0,15.03,0.1246,325.0,3351.0,18.36,0.1258,530.0,3578.0,14.86,0.1028,292.0,4578.0,18.19,0.154,68.0,2930.0,14.69,0.0842,34.0,2816.0,18.08,0.1832,61.0,1167.0,14.17,0.0687,98.0,2508.0,18.05,0.2181,17.0,556.0,13.99,0.0564,859.0,5384.0,18.16,0.2546,86.0,649.0,13.57,0.0454,290.0,3454.0,18.16,0.2938,7.0,591.0,13.06,0.036,682.0,11521.0,18.12,0.334,46.0,757.0,11.96,,,,,,,,,,,,,,,,
2023-09-21 15:00:00,2.572,0.2988,194.0,1184.0,20.65,0.0302,1018.0,3375.0,16.04,0.2603,275.0,1131.0,20.04,0.0409,799.0,4542.0,15.84,0.225,1263.0,2704.0,19.62,0.0536,640.0,9730.0,15.55,0.192,347.0,1847.0,19.19,0.0707,877.0,3951.0,15.48,0.1625,382.0,2149.0,18.9,0.0902,543.0,4651.0,15.28,0.1361,850.0,3193.0,18.65,0.113,690.0,5567.0,15.08,0.1131,854.0,3410.0,18.51,0.1399,271.0,3635.0,14.95,0.0928,440.0,4547.0,18.33,0.169,107.0,2924.0,14.66,0.0766,1114.0,3350.0,18.38,0.2028,238.0,1090.0,14.58,0.0622,635.0,2585.0,18.33,0.2364,77.0,573.0,13.94,0.051,970.0,5333.0,18.46,0.2745,47.0,689.0,13.5,0.0411,517.0,3501.0,18.48,0.3149,15.0,599.0,12.92,0.0334,985.0,11756.0,18.6,0.3565,89.0,774.0,11.72,,,,,,,,,,,,,,,,
2023-09-22 15:00:00,2.634,0.3411,141.0,1216.0,19.29,0.0224,798.0,3363.0,16.48,0.3061,344.0,1156.0,19.9,0.0304,971.0,4632.0,16.25,0.269,177.0,2705.0,19.63,0.0405,1719.0,9766.0,15.99,0.2327,526.0,1846.0,19.15,0.054,1294.0,3693.0,15.89,0.1996,229.0,2182.0,18.82,0.0705,2185.0,4524.0,15.81,0.1718,773.0,3252.0,18.86,0.0899,1912.0,5885.0,15.67,0.1423,815.0,3397.0,18.31,0.1132,683.0,3703.0,15.64,0.1188,920.0,4567.0,18.19,0.138,340.0,3024.0,15.36,0.0978,1684.0,2765.0,18.03,0.1665,61.0,1096.0,15.14,0.081,661.0,2457.0,18.08,0.2008,89.0,552.0,15.28,0.066,1376.0,5266.0,18.04,0.2345,47.0,712.0,14.9,0.0538,954.0,3652.0,18.09,0.2725,68.0,637.0,14.77,0.0434,2256.0,11665.0,18.12,0.3116,73.0,795.0,14.36,,,,,,,,,,,,,,,,
2023-09-25 15:00:00,2.609,0.3313,130.0,1237.0,21.61,0.0222,604.0,3375.0,15.72,0.2899,52.0,1160.0,20.65,0.0306,717.0,4590.0,15.48,0.2521,677.0,2262.0,20.04,0.0418,716.0,9689.0,15.33,0.2164,86.0,1852.0,19.47,0.0554,369.0,3679.0,15.1,0.1841,36.0,2191.0,19.06,0.0725,501.0,4617.0,14.94,0.1546,262.0,3286.0,18.66,0.093,401.0,5878.0,14.78,0.129,535.0,3595.0,18.44,0.1164,195.0,3795.0,14.54,0.1061,250.0,4696.0,18.21,0.1446,200.0,3184.0,14.47,0.0877,208.0,2863.0,18.21,0.175,131.0,1135.0,14.21,0.0715,356.0,2514.0,18.15,0.2074,92.0,610.0,13.75,0.0576,873.0,5278.0,18.09,0.2427,146.0,818.0,13.15,0.0465,196.0,3725.0,18.12,0.2809,91.0,711.0,12.4,0.0378,960.0,11918.0,18.26,0.3215,175.0,943.0,11.3,,,,,,,,,,,,,,,,
2023-09-26 15:00:00,2.592,0.3154,218.0,1381.0,21.22,0.0241,491.0,3594.0,15.63,0.2767,253.0,1291.0,20.65,0.0332,565.0,4663.0,15.39,0.2393,221.0,2355.0,20.01,0.0448,616.0,9732.0,15.16,0.204,395.0,2007.0,19.36,0.0599,877.0,3896.0,15.03,0.1731,234.0,2314.0,19.03,0.0772,260.0,4732.0,14.75,0.1473,368.0,3427.0,19.02,0.1006,1055.0,5974.0,14.82,0.1205,620.0,3821.0,18.49,0.1248,337.0,3994.0,14.51,0.0998,578.0,4981.0,18.42,0.1533,120.0,3244.0,14.31,0.0817,275.0,2877.0,18.33,0.1852,57.0,1184.0,14.09,0.0667,258.0,2554.0,18.33,0.2183,72.0,670.0,13.5,0.0542,180.0,5264.0,18.37,0.2555,83.0,882.0,13.01,0.0436,430.0,3775.0,18.38,0.2949,123.0,833.0,12.26,0.0353,1611.0,12576.0,18.49,0.3369,195.0,1026.0,11.18,,,,,,,,,,,,,,,,
2023-09-27 15:00:00,2.604,0.3274,486.0,1609.0,21.75,0.0216,1398.0,3694.0,15.48,0.2851,269.0,1472.0,20.62,0.0301,699.0,4794.0,15.27,0.2458,270.0,2453.0,19.75,0.0412,567.0,9782.0,15.09,0.2137,404.0,2155.0,19.7,0.0555,580.0,4050.0,14.95,0.1806,429.0,2463.0,19.12,0.0723,446.0,4901.0,14.72,0.1532,429.0,3554.0,18.98,0.0961,574.0,6257.0,14.98,0.1251,403.0,3894.0,18.37,0.1171,530.0,4194.0,14.36,0.1039,225.0,5006.0,18.32,0.1438,177.0,3337.0,14.01,0.085,507.0,2812.0,18.21,0.1755,196.0,1259.0,13.85,0.0695,309.0,2651.0,18.21,0.2115,179.0,810.0,13.87,0.0558,138.0,5288.0,18.14,0.2461,104.0,932.0,13.06,0.0451,715.0,3662.0,18.2,0.2843,82.0,851.0,12.21,0.0366,1770.0,12696.0,18.33,0.3254,133.0,1049.0,11.01,,,,,,,,,,,,,,,,
2023-09-28 15:00:00,2.583,0.3068,303.0,1791.0,21.07,0.0226,1997.0,4651.0,15.03,0.2652,276.0,1655.0,19.97,0.0333,1230.0,5253.0,15.14,0.2292,335.0,2491.0,19.54,0.0455,853.0,9958.0,14.97,0.1956,293.0,2346.0,19.12,0.0611,869.0,3982.0,14.84,0.1642,427.0,2499.0,18.65,0.0793,700.0,4836.0,14.61,0.136,670.0,3856.0,18.26,0.102,973.0,6339.0,14.5,0.114,647.0,3982.0,18.31,0.1277,386.0,4306.0,14.31,0.094,809.0,5261.0,18.26,0.1572,87.0,3351.0,14.14,0.0772,421.0,2687.0,18.29,0.189,60.0,1263.0,13.77,0.0627,347.0,2785.0,18.27,0.224,81.0,821.0,13.35,0.0508,562.0,5440.0,18.32,0.2586,20.0,935.0,12.11,0.0412,533.0,3854.0,18.43,0.2998,25.0,863.0,11.35,0.0333,3251.0,12734.0,18.55,0.3426,79.0,1063.0,9.67,,,,,,,,,,,,,,,,
2023-10-09 15:00:00,2.575,0.2921,198.0,1863.0,20.29,0.0211,5512.0,5997.0,14.79,0.252,146.0,1746.0,19.49,0.0296,2068.0,6014.0,14.48,0.2137,200.0,2521.0,18.69,0.0415,2439.0,10176.0,14.31,0.1818,495.0,2447.0,18.53,0.0573,1486.0,3712.0,14.22,0.1488,533.0,2627.0,17.8,0.0756,755.0,4659.0,13.96,0.1222,873.0,3959.0,17.57,0.099,1253.0,6181.0,13.89,0.0995,923.0,4124.0,17.44,0.126,888.0,4130.0,13.76,0.0805,595.0,5295.0,17.42,0.1566,256.0,3400.0,13.59,0.0652,883.0,2585.0,17.53,0.1882,111.0,1267.0,12.96,0.0517,1077.0,2937.0,17.52,0.2239,71.0,822.0,12.32,0.0415,1254.0,5274.0,17.68,0.263,78.0,916.0,11.52,0.0328,1047.0,3937.0,17.77,0.3025,35.0,869.0,8.98,0.0261,3184.0,12285.0,17.94,0.3457,25.0,1064.0,0.0,,,,,,,,,,,,,,,,
2023-10-10 15:00:00,2.559,0.2774,125.0,1926.0,19.95,0.0224,2288.0,6740.0,14.55,0.236,131.0,1812.0,18.84,0.0325,846.0,6204.0,14.43,0.2,134.0,2555.0,18.33,0.0457,1670.0,10459.0,14.32,0.1675,210.0,2513.0,17.97,0.0615,1137.0,4103.0,14.06,0.1395,227.0,2671.0,17.85,0.083,3377.0,6888.0,14.11,0.1141,569.0,4080.0,17.64,0.1059,863.0,6430.0,13.77,0.0927,830.0,4458.0,17.55,0.135,906.0,4067.0,13.75,0.0748,399.0,5365.0,17.55,0.1667,118.0,3414.0,13.55,0.0598,546.0,2672.0,17.57,0.2011,77.0,1306.0,13.18,0.048,869.0,3108.0,17.7,0.2373,55.0,847.0,12.43,0.038,847.0,5326.0,17.77,0.2775,30.0,921.0,11.65,0.0302,797.0,4309.0,17.92,0.32,16.0,872.0,10.25,0.0246,1520.0,12718.0,18.24,0.3619,87.0,1072.0,0.0,,,,,,,,,,,,,,,,
2023-10-11 15:00:00,2.567,0.2822,826.0,2231.0,19.74,0.0215,1769.0,7013.0,14.67,0.24,303.0,2057.0,18.55,0.0316,829.0,6459.0,14.62,0.2026,264.0,2741.0,17.92,0.0436,1118.0,10624.0,14.38,0.1716,321.0,2739.0,17.9,0.0594,577.0,4283.0,14.21,0.1421,337.0,2824.0,17.61,0.0799,540.0,7098.0,14.18,0.116,907.0,4243.0,17.38,0.1031,1637.0,6075.0,13.98,0.0946,468.0,4561.0,17.38,0.1302,253.0,4048.0,13.76,0.0763,292.0,5383.0,17.38,0.1615,143.0,3340.0,13.59,0.0606,249.0,2696.0,17.33,0.1961,63.0,1328.0,13.35,0.0484,982.0,3828.0,17.46,0.2329,32.0,821.0,12.87,0.0384,740.0,5469.0,17.55,0.2734,17.0,912.0,12.45,0.0302,348.0,4301.0,17.65,0.3154,25.0,881.0,11.52,0.024,847.0,12682.0,17.85,0.3573,35.0,1071.0,0.0,,,,,,,,,,,,,,,,
2023-10-12 15:00:00,2.591,0.3008,203.0,2305.0,19.73,0.019,1522.0,6825.0,14.97,0.2605,118.0,2148.0,19.07,0.028,815.0,6667.0,14.89,0.2227,162.0,2813.0,18.51,0.0388,1098.0,10894.0,14.65,0.188,343.0,2864.0,18.08,0.0534,893.0,4326.0,14.53,0.1566,244.0,2932.0,17.74,0.0718,923.0,7335.0,14.44,0.1292,1234.0,4394.0,17.54,0.0935,766.0,6188.0,14.28,0.106,2285.0,4658.0,17.49,0.1195,368.0,4042.0,14.18,0.0863,851.0,5446.0,17.5,0.149,112.0,3344.0,14.04,0.0693,239.0,2743.0,17.48,0.1848,74.0,1325.0,14.32,0.0554,443.0,3915.0,17.53,0.2164,48.0,821.0,13.33,0.044,382.0,5524.0,17.59,0.2567,14.0,919.0,13.28,0.0347,537.0,4488.0,17.66,0.296,42.0,881.0,12.3,0.0276,1484.0,13015.0,17.83,0.3388,62.0,1076.0,11.13,,,,,,,,,,,,,,,,
2023-10-13 15:00:00,2.566,0.2805,363.0,2555.0,19.7,0.0221,1571.0,7697.0,14.84,0.2392,241.0,2276.0,18.7,0.0318,894.0,7100.0,14.7,0.2049,182.0,2901.0,18.55,0.0448,787.0,11282.0,14.6,0.1704,348.0,2998.0,17.93,0.0613,968.0,4706.0,14.51,0.1427,383.0,3132.0,17.92,0.0817,1030.0,7519.0,14.45,0.1167,767.0,4746.0,17.69,0.1053,521.0,6389.0,14.28,0.0955,887.0,4475.0,17.7,0.1333,311.0,3998.0,14.18,0.0772,856.0,5461.0,17.69,0.1664,317.0,3147.0,14.31,0.0622,675.0,2829.0,17.76,0.199,118.0,1265.0,13.77,0.0499,730.0,3991.0,17.87,0.2373,41.0,842.0,13.64,0.0403,560.0,5588.0,18.08,0.2766,9.0,924.0,13.06,0.0316,494.0,4596.0,18.12,0.3172,13.0,883.0,11.84,0.0258,1114.0,13515.0,18.43,0.3599,107.0,1076.0,8.59,,,,,,,,,,,,,,,,
2023-10-16 15:00:00,2.543,0.2587,174.0,2657.0,19.18,0.0257,844.0,8064.0,14.92,0.2213,131.0,2311.0,18.73,0.0375,1642.0,7817.0,14.92,0.1872,232.0,2983.0,18.41,0.052,1881.0,12159.0,14.82,0.156,265.0,3069.0,18.12,0.0704,1283.0,4655.0,14.75,0.129,314.0,3261.0,17.98,0.0928,1633.0,7865.0,14.7,0.1048,1694.0,4776.0,17.79,0.1182,968.0,6095.0,14.53,0.0859,667.0,4533.0,17.92,0.1516,207.0,4060.0,14.98,0.0692,1586.0,5571.0,17.94,0.1804,82.0,3152.0,14.16,0.0557,1998.0,3168.0,18.07,0.2185,55.0,1303.0,14.28,0.0448,1418.0,4002.0,18.24,0.255,26.0,857.0,13.5,0.036,888.0,5619.0,18.43,0.2953,25.0,934.0,12.72,0.029,372.0,4668.0,18.65,0.3434,13.0,884.0,13.7,0.0235,1797.0,14059.0,18.92,0.3827,42.0,1065.0,6.25,,,,,,,,,,,,,,,,
2023-10-17 15:00:00,2.553,0.267,539.0,2601.0,19.36,0.0246,1083.0,8106.0,15.11,0.2262,131.0,2363.0,18.38,0.0356,1832.0,8697.0,15.04,0.1926,141.0,3011.0,18.26,0.0499,278.0,12251.0,15.0,0.16,165.0,3109.0,17.85,0.0672,184.0,4716.0,14.87,0.1336,1131.0,3598.0,17.91,0.0888,253.0,7890.0,14.82,0.1088,365.0,4838.0,17.72,0.1137,571.0,6215.0,14.67,0.0883,341.0,4581.0,17.71,0.1424,83.0,4048.0,14.53,0.0719,610.0,5540.0,17.87,0.1752,64.0,3203.0,14.45,0.0571,684.0,3432.0,17.85,0.2114,193.0,1370.0,14.38,0.046,373.0,4017.0,18.04,0.2505,10.0,856.0,14.31,0.037,228.0,5595.0,18.26,0.291,11.0,933.0,13.94,0.0295,292.0,4702.0,18.43,0.3313,2.0,884.0,12.6,0.0237,1493.0,14484.0,18.68,0.3759,10.0,1069.0,11.43,,,,,,,,,,,,,,,,
2023-10-18 15:00:00,2.543,0.2578,418.0,2555.0,19.36,0.0261,837.0,8424.0,15.01,0.218,177.0,2468.0,18.47,0.038,937.0,9060.0,15.01,0.184,166.0,3099.0,18.19,0.0534,807.0,12347.0,15.04,0.1531,189.0,3186.0,17.93,0.0714,669.0,4575.0,14.87,0.1266,979.0,4074.0,17.87,0.0945,878.0,8342.0,14.9,0.1026,644.0,4928.0,17.69,0.1193,624.0,6227.0,14.61,0.0841,447.0,4528.0,17.87,0.1494,197.0,3934.0,14.54,0.067,697.0,5638.0,17.81,0.1816,58.0,3211.0,14.21,0.054,327.0,3356.0,17.97,0.2187,23.0,1381.0,14.12,0.0431,569.0,4098.0,18.12,0.258,22.0,869.0,13.87,0.0345,570.0,5593.0,18.31,0.2988,12.0,932.0,13.28,0.0275,553.0,4750.0,18.51,0.3383,8.0,891.0,10.64,0.0223,1060.0,14621.0,18.8,0.3861,11.0,1068.0,10.25,,,,,,,,,,,,,,,,
2023-10-19 15:00:00,2.474,0.2052,1005.0,2863.0,19.1,0.0447,8194.0,11393.0,15.71,0.1717,1089.0,2860.0,18.69,0.0593,3106.0,9578.0,15.33,0.1423,730.0,3409.0,18.47,0.0821,4648.0,12378.0,15.69,0.1173,2038.0,3737.0,18.43,0.1062,5336.0,6744.0,15.63,0.0963,1963.0,4752.0,18.51,0.1341,2325.0,8539.0,15.56,0.0785,3222.0,6269.0,18.63,0.1652,1681.0,6565.0,15.43,0.0639,2154.0,4563.0,18.8,0.2008,640.0,3982.0,15.5,0.0519,2866.0,5640.0,19.01,0.237,596.0,3176.0,15.11,0.0404,2449.0,3948.0,18.9,0.2779,138.0,1412.0,15.09,0.033,2329.0,4329.0,19.24,0.3161,113.0,877.0,13.6,0.0278,2318.0,6225.0,19.78,0.3618,115.0,943.0,13.53,0.0224,1657.0,4984.0,20.0,0.4012,86.0,913.0,0.0,0.0188,5246.0,16341.0,20.43,0.453,176.0,1052.0,0.0,,,,,,,,,,,,,,,,
2023-10-20 15:00:00,2.46,0.1959,638.0,3098.0,19.24,0.0517,2441.0,11622.0,16.31,0.1628,572.0,3142.0,18.76,0.0702,2583.0,9695.0,16.36,0.1339,1159.0,3718.0,18.47,0.0912,5453.0,11008.0,16.21,0.112,2069.0,4396.0,18.77,0.1156,2814.0,7331.0,16.03,0.0916,1473.0,5256.0,18.81,0.145,2504.0,7193.0,16.04,0.0736,1457.0,6571.0,18.75,0.176,1093.0,6168.0,15.75,0.0597,3658.0,5647.0,18.92,0.2127,1133.0,4072.0,15.87,0.0475,2827.0,6445.0,18.97,0.25,527.0,3287.0,15.56,0.0388,1695.0,4533.0,19.3,0.2893,284.0,1396.0,15.04,0.0317,1564.0,4698.0,19.63,0.3327,127.0,923.0,14.94,0.0261,1158.0,6252.0,20.0,0.3748,113.0,939.0,13.53,0.0208,1585.0,5050.0,20.14,0.4225,46.0,890.0,13.67,0.0178,2821.0,16898.0,20.7,0.4688,112.0,1030.0,11.52,0.27,576.0,468.0,20.25,0.0267,6065.0,3310.0,16.58,0.2275,702.0,615.0,18.95,0.0375,3281.0,1737.0,16.41
2023-10-23 15:00:00,2.441,0.1834,618.0,3311.0,19.51,0.0612,3990.0,12050.0,17.09,0.1517,198.0,3178.0,19.06,0.0808,2150.0,9447.0,17.05,0.1272,2473.0,4464.0,19.26,0.1031,3617.0,10889.0,16.87,0.1044,2868.0,5648.0,19.23,0.1286,1041.0,7420.0,16.63,0.0856,1926.0,6070.0,19.34,0.1593,1231.0,6983.0,16.64,0.0698,2411.0,7304.0,19.47,0.1918,787.0,6128.0,16.39,0.0567,3741.0,6242.0,19.63,0.2273,457.0,4264.0,16.1,0.0454,4602.0,7028.0,19.73,0.2708,198.0,3343.0,16.89,0.0364,2812.0,5140.0,19.87,0.31,195.0,1512.0,16.31,0.0298,1942.0,4682.0,20.19,0.3555,9.0,926.0,16.85,0.0245,1771.0,6377.0,20.56,0.4029,31.0,932.0,17.68,0.0198,2989.0,4315.0,20.78,0.4508,33.0,878.0,18.55,0.017,3034.0,17634.0,21.34,0.49,57.0,1025.0,14.36,0.2576,271.0,657.0,20.97,0.0326,2908.0,4304.0,17.26,0.217,466.0,874.0,19.8,0.0453,3449.0,2746.0,17.18
2023-10-24 15:00:00,2.449,0.1893,553.0,3454.0,19.68,0.0528,2149.0,12297.0,16.1,0.1567,379.0,3202.0,19.15,0.0707,1410.0,9085.0,15.94,0.1307,1117.0,4970.0,19.2,0.093,4111.0,11819.0,15.89,0.107,1288.0,6116.0,19.1,0.1183,907.0,7489.0,15.72,0.0874,1062.0,6487.0,19.15,0.1514,803.0,6875.0,16.19,0.0704,1747.0,7404.0,19.17,0.1804,673.0,6100.0,15.38,0.0568,3272.0,6809.0,19.29,0.2164,775.0,4301.0,15.16,0.0461,1269.0,6920.0,19.53,0.2551,394.0,3454.0,14.87,0.0378,1508.0,5016.0,19.87,0.2972,385.0,1626.0,14.72,0.0306,1215.0,4824.0,20.12,0.3388,292.0,949.0,13.62,0.0251,1050.0,6301.0,20.46,0.3818,291.0,969.0,10.94,0.0203,1143.0,4660.0,20.7,0.4255,35.0,887.0,0.0,0.0176,1888.0,18372.0,21.34,0.475,80.0,1010.0,0.0,0.2627,515.0,733.0,20.84,0.0265,2684.0,4741.0,16.24,0.222,131.0,947.0,19.73,0.0377,3342.0,3383.0,16.11
2023-10-25 15:00:00,2.461,0.1939,701.0,3413.0,18.87,0.0486,4166.0,12432.0,16.16,0.1612,600.0,3377.0,18.51,0.0657,1913.0,9514.0,16.05,0.1331,1276.0,5396.0,18.4,0.0865,2364.0,12228.0,15.94,0.1085,2761.0,7390.0,18.31,0.1112,1951.0,7860.0,15.84,0.088,1207.0,6616.0,18.35,0.14,859.0,6855.0,15.8,0.0705,1262.0,7668.0,18.37,0.1719,648.0,6004.0,15.66,0.0566,1592.0,7050.0,18.53,0.2075,508.0,4211.0,15.58,0.0456,1322.0,6958.0,18.77,0.2468,390.0,3571.0,15.66,0.0362,975.0,5379.0,18.93,0.2872,184.0,1609.0,15.43,0.0293,997.0,4983.0,19.26,0.3296,169.0,981.0,15.09,0.0238,1186.0,6699.0,19.6,0.3736,167.0,962.0,14.55,0.019,673.0,4847.0,19.82,0.4152,21.0,887.0,6.25,0.0161,2759.0,18228.0,20.36,0.4628,63.0,999.0,0.0,0.2692,537.0,868.0,19.95,0.0245,3152.0,5699.0,16.43,0.229,485.0,856.0,19.14,0.0347,1341.0,3521.0,16.24
2023-10-26 15:00:00,2.47,0.1985,279.0,3492.0,18.64,0.0435,3838.0,12576.0,15.72,0.1645,300.0,3447.0,18.18,0.0589,3743.0,8992.0,15.48,0.1347,2104.0,5940.0,17.9,0.0788,3741.0,12831.0,15.36,0.1092,3758.0,8536.0,17.77,0.1022,2896.0,8966.0,15.19,0.087,2835.0,6828.0,17.63,0.1301,1584.0,7063.0,15.09,0.0691,2258.0,7882.0,17.65,0.1614,844.0,5924.0,14.92,0.0547,1641.0,7374.0,17.77,0.1959,597.0,4040.0,14.67,0.0433,2084.0,7685.0,17.94,0.2347,421.0,3539.0,14.61,0.0342,3706.0,6242.0,18.16,0.275,384.0,1631.0,14.26,0.0273,3460.0,5034.0,18.46,0.317,256.0,1021.0,13.57,0.0219,4303.0,7297.0,18.8,0.3617,224.0,952.0,12.89,0.0176,5029.0,5952.0,19.14,0.4062,98.0,880.0,0.0,0.0145,8333.0,17530.0,19.58,0.4512,132.0,995.0,0.0,0.2671,204.0,1042.0,17.9,0.0215,6412.0,7412.0,16.06,0.2347,209.0,985.0,18.99,0.0309,4269.0,4567.0,15.87
2023-10-27 15:00:00,2.494,0.213,405.0,3645.0,18.2,0.0366,6481.0,13301.0,15.6,0.1771,620.0,3529.0,17.69,0.0503,7737.0,10291.0,15.36,0.1461,1882.0,5721.0,17.5,0.0676,4899.0,13304.0,15.14,0.1176,2140.0,9099.0,17.19,0.0888,6869.0,11831.0,14.92,0.0939,3356.0,7642.0,17.07,0.1149,3906.0,8942.0,14.84,0.0749,4052.0,8500.0,17.15,0.142,1226.0,6048.0,14.27,0.0584,4255.0,7037.0,17.11,0.177,1073.0,3380.0,14.37,0.046,3205.0,8123.0,17.3,0.2142,271.0,3643.0,14.26,0.0361,3847.0,6422.0,17.5,0.251,206.0,1754.0,13.31,0.0277,4616.0,5622.0,17.6,0.2908,246.0,1193.0,11.91,0.0222,8152.0,6856.0,17.97,0.3388,445.0,1286.0,12.65,0.0175,9104.0,6485.0,18.26,0.3729,191.0,892.0,0.0,0.0145,11064.0,18390.0,18.77,0.4276,252.0,1005.0,0.0,0.2931,152.0,1046.0,19.46,0.018,13640.0,8585.0,16.09,0.2515,89.0,1018.0,18.73,0.0258,7736.0,5505.0,15.8
2023-10-30 15:00:00,2.492,0.2123,103.0,3627.0,18.58,0.0351,3735.0,12898.0,15.33,0.1765,62.0,3547.0,18.04,0.0489,2160.0,10271.0,15.12,0.144,592.0,5904.0,17.58,0.0665,6517.0,17235.0,14.95,0.1165,880.0,9250.0,17.38,0.0873,4370.0,12619.0,14.65,0.0929,2058.0,8317.0,17.26,0.1136,2107.0,9555.0,14.58,0.0732,1519.0,8703.0,17.2,0.1433,348.0,6198.0,14.38,0.0574,1242.0,7391.0,17.26,0.1772,280.0,3346.0,14.23,0.0446,1394.0,8560.0,17.33,0.2139,102.0,3657.0,13.94,0.0347,1431.0,6683.0,17.5,0.2534,141.0,1790.0,13.53,0.0275,2472.0,5964.0,17.82,0.2952,153.0,1281.0,12.84,0.0215,5719.0,6916.0,18.07,0.3393,184.0,1448.0,11.82,0.0172,4937.0,6631.0,18.46,0.3816,299.0,904.0,0.0,0.0143,5293.0,18777.0,18.99,0.4297,65.0,999.0,0.0,0.2936,79.0,1029.0,20.24,0.0173,4522.0,8232.0,15.94,0.2531,107.0,991.0,19.63,0.0249,4252.0,5639.0,15.63
2023-10-31 15:00:00,2.488,0.2081,89.0,3634.0,18.41,0.035,4563.0,13274.0,15.16,0.1705,89.0,3577.0,17.53,0.0489,3729.0,10484.0,14.95,0.1398,262.0,6039.0,17.36,0.0669,1405.0,17275.0,14.81,0.1125,2587.0,9696.0,17.16,0.0879,2992.0,13204.0,14.49,0.0891,1421.0,8307.0,17.02,0.1147,1666.0,9610.0,14.43,0.0695,1586.0,8827.0,16.92,0.1442,499.0,6097.0,14.14,0.0543,2655.0,7220.0,17.02,0.1772,116.0,3304.0,13.75,0.0415,1500.0,8811.0,17.02,0.22,16.0,3663.0,14.6,0.0327,2347.0,7136.0,17.33,0.2558,44.0,1778.0,13.28,0.0257,3666.0,6461.0,17.63,0.3006,115.0,1347.0,13.48,0.0202,5422.0,6985.0,17.94,0.3408,83.0,1445.0,9.86,0.0159,7085.0,6964.0,18.26,0.3841,115.0,911.0,0.0,0.0133,4843.0,18900.0,18.85,0.4333,145.0,976.0,0.0,0.286,72.0,1032.0,19.29,0.0167,5904.0,8426.0,15.67,0.244,59.0,975.0,18.46,0.0243,6478.0,5625.0,15.36
2023-11-01 15:00:00,2.497,0.2122,84.0,3647.0,17.99,0.0345,6185.0,13401.0,15.54,0.1764,130.0,3606.0,17.58,0.0481,3400.0,10266.0,15.33,0.1442,387.0,6045.0,17.24,0.0655,4793.0,16776.0,15.19,0.1163,1689.0,9434.0,17.05,0.0865,4442.0,14304.0,14.97,0.0924,1799.0,8422.0,16.94,0.1124,1657.0,10303.0,14.88,0.0726,1633.0,9123.0,16.91,0.1423,315.0,6120.0,14.79,0.0566,982.0,7207.0,16.96,0.1748,194.0,3248.0,14.5,0.0439,1698.0,8756.0,17.07,0.2114,55.0,3641.0,14.28,0.0338,1720.0,7426.0,17.21,0.2508,72.0,1783.0,13.94,0.0265,2462.0,6488.0,17.5,0.2899,14.0,1341.0,12.55,0.0208,2477.0,6854.0,17.82,0.3354,117.0,1413.0,12.21,0.0163,3028.0,6898.0,18.12,0.3805,22.0,906.0,8.59,0.0134,3862.0,18804.0,18.63,0.4284,26.0,964.0,0.0,0.2929,73.0,997.0,19.24,0.0166,4550.0,8371.0,16.02,0.2512,42.0,978.0,18.55,0.0243,5693.0,4882.0,15.8
2023-11-02 15:00:00,2.493,0.2096,40.0,3654.0,18.15,0.0345,3957.0,13279.0,15.39,0.1719,84.0,3626.0,17.33,0.0483,2292.0,10180.0,15.21,0.14,294.0,5903.0,17.03,0.066,1951.0,16574.0,15.05,0.112,1502.0,9317.0,16.78,0.0873,2479.0,14685.0,14.84,0.0889,1361.0,8485.0,16.75,0.1132,1822.0,10883.0,14.7,0.0692,1093.0,9133.0,16.67,0.1418,512.0,6300.0,14.33,0.0536,1140.0,7452.0,16.72,0.1759,104.0,3274.0,14.21,0.0413,1317.0,8840.0,16.85,0.2096,59.0,3641.0,13.26,0.0319,1351.0,7468.0,17.05,0.2498,22.0,1782.0,12.82,0.0247,2715.0,6224.0,17.31,0.2929,14.0,1332.0,12.3,0.0192,3570.0,6280.0,17.6,0.336,2.0,1413.0,9.67,0.0151,3705.0,6515.0,17.94,0.384,36.0,889.0,0.0,0.0123,3065.0,18183.0,18.43,0.4323,131.0,964.0,0.0,0.2879,61.0,972.0,18.9,0.0164,3652.0,8039.0,15.87,0.248,37.0,951.0,18.63,0.0241,2898.0,4921.0,15.63
2023-11-03 15:00:00,2.513,0.2208,161.0,3622.0,17.46,0.0283,3194.0,13549.0,15.04,0.1835,130.0,3634.0,16.99,0.0402,4021.0,10477.0,14.79,0.1508,330.0,5808.0,16.8,0.0564,2055.0,16108.0,14.7,0.1207,1099.0,9019.0,16.48,0.0756,1564.0,14899.0,14.43,0.0957,1637.0,8741.0,16.37,0.1007,1642.0,11314.0,14.43,0.0748,1432.0,9327.0,16.33,0.1295,379.0,6396.0,14.36,0.058,1697.0,7106.0,16.38,0.161,210.0,3265.0,14.06,0.0443,1598.0,8946.0,16.43,0.1964,72.0,3620.0,13.75,0.034,1851.0,7428.0,16.61,0.2373,68.0,1752.0,13.89,0.0265,3538.0,6118.0,16.93,0.2745,6.0,1329.0,12.16,0.0204,4955.0,7277.0,17.19,0.3184,14.0,1407.0,11.04,0.0159,3958.0,6435.0,17.5,0.3644,18.0,871.0,0.0,0.0128,5982.0,17892.0,17.97,0.412,18.0,964.0,0.0,0.3072,114.0,967.0,19.63,0.013,3621.0,8054.0,15.55,0.2656,65.0,952.0,19.07,0.0194,3665.0,4863.0,15.28
2023-11-06 15:00:00,2.533,0.2381,25.0,3614.0,18.07,0.0251,4294.0,13366.0,15.33,0.1985,133.0,3639.0,17.32,0.0357,4590.0,10496.0,15.04,0.164,219.0,5709.0,17.04,0.0494,5202.0,14548.0,14.75,0.1327,2413.0,8271.0,16.72,0.0676,5407.0,15534.0,14.58,0.1066,1782.0,9046.0,16.69,0.091,3664.0,12261.0,14.58,0.0838,2865.0,9633.0,16.58,0.1173,737.0,6616.0,14.38,0.0656,2445.0,7010.0,16.63,0.1493,135.0,3315.0,14.43,0.051,2025.0,9079.0,16.75,0.1853,109.0,3591.0,14.53,0.0383,2931.0,7121.0,16.7,0.2208,30.0,1751.0,13.87,0.0298,4278.0,6074.0,16.97,0.262,58.0,1342.0,13.7,0.0231,3304.0,6957.0,17.26,0.3057,66.0,1417.0,13.55,0.0178,7377.0,5941.0,17.5,0.351,33.0,870.0,13.23,0.014,6242.0,17604.0,17.87,0.394,45.0,984.0,0.0,0.3243,116.0,968.0,19.95,0.0117,5222.0,7926.0,15.97,0.2808,51.0,953.0,19.09,0.0174,6714.0,4902.0,15.65
2023-11-07 15:00:00,2.522,0.2294,32.0,3642.0,18.13,0.0257,6224.0,13422.0,15.04,0.1944,43.0,3655.0,18.14,0.0368,3850.0,10508.0,14.77,0.1576,427.0,5619.0,17.26,0.0515,2143.0,13940.0,14.54,0.1268,601.0,8270.0,16.89,0.0701,1533.0,15921.0,14.31,0.1009,1934.0,9508.0,16.75,0.0942,2022.0,12634.0,14.28,0.0789,1668.0,10312.0,16.64,0.1212,330.0,6538.0,14.01,0.0616,2402.0,7452.0,16.71,0.1529,124.0,3319.0,13.83,0.0472,1342.0,9217.0,16.75,0.1898,16.0,3586.0,13.89,0.0363,2113.0,7429.0,16.89,0.2263,135.0,1789.0,13.11,0.028,4004.0,6093.0,17.14,0.2648,77.0,1350.0,11.57,0.0216,4127.0,7363.0,17.38,0.3087,27.0,1418.0,10.01,0.0168,6992.0,6132.0,17.7,0.351,0.0,870.0,0.0,0.0134,6952.0,18181.0,18.12,0.4081,19.0,975.0,12.55,0.3181,3.0,969.0,20.9,0.0116,6093.0,8019.0,15.58,0.2732,12.0,951.0,19.51,0.0174,8587.0,4774.0,15.28
2023-11-08 15:00:00,2.514,0.2181,99.0,3664.0,17.11,0.0266,6046.0,13820.0,14.92,0.1838,51.0,3634.0,17.29,0.0382,3651.0,10791.0,14.67,0.1505,247.0,5545.0,17.0,0.0536,2402.0,14126.0,14.48,0.1205,1069.0,8321.0,16.7,0.0731,2111.0,15950.0,14.29,0.0948,1660.0,10086.0,16.48,0.0975,1709.0,13066.0,14.2,0.0744,1455.0,10756.0,16.53,0.1253,328.0,6443.0,13.94,0.0568,1598.0,7645.0,16.44,0.16,176.0,3276.0,14.16,0.0441,1577.0,9365.0,16.66,0.1961,27.0,3585.0,13.96,0.0332,1745.0,7359.0,16.72,0.235,32.0,1784.0,13.65,0.0257,4328.0,6411.0,17.02,0.2752,70.0,1351.0,12.7,0.0199,4218.0,8538.0,17.33,0.3206,17.0,1420.0,12.55,0.0155,4967.0,6681.0,17.68,0.3702,3.0,871.0,13.92,0.0124,4658.0,18634.0,18.12,0.4108,36.0,988.0,0.0,0.3023,25.0,968.0,18.53,0.0118,5677.0,7883.0,15.43,0.257,6.0,950.0,17.26,0.0179,6203.0,4859.0,15.14
2023-11-09 15:00:00,2.514,0.222,81.0,3648.0,18.04,0.0261,5455.0,13593.0,14.86,0.1845,138.0,3631.0,17.5,0.0378,2486.0,10905.0,14.65,0.1501,192.0,5541.0,17.02,0.0536,2815.0,15023.0,14.53,0.1219,979.0,8398.0,16.99,0.0728,3532.0,15395.0,14.28,0.0963,2121.0,10458.0,16.8,0.0975,2399.0,13438.0,14.23,0.0748,2165.0,10831.0,16.65,0.1257,330.0,6406.0,14.05,0.0578,2451.0,8067.0,16.67,0.1585,155.0,3228.0,13.92,0.0443,2047.0,9824.0,16.77,0.1942,18.0,3585.0,13.6,0.034,930.0,7314.0,16.94,0.2335,63.0,1760.0,13.28,0.0264,3938.0,6586.0,17.26,0.2748,36.0,1342.0,12.57,0.0205,2563.0,8632.0,17.58,0.319,19.0,1415.0,11.67,0.0159,5283.0,6277.0,17.87,0.3666,5.0,868.0,11.52,0.0126,3918.0,18636.0,18.26,0.4103,16.0,990.0,0.0,0.3011,17.0,973.0,18.26,0.0115,3282.0,8042.0,15.36,0.2626,23.0,950.0,18.73,0.0177,5483.0,5075.0,15.14
2023-11-10 15:00:00,2.49,0.2014,83.0,3654.0,17.6,0.0316,7484.0,14342.0,15.0,0.1662,81.0,3620.0,17.29,0.045,3682.0,10883.0,14.79,0.1359,275.0,5475.0,17.22,0.0625,2959.0,14751.0,14.62,0.1073,1334.0,8683.0,16.85,0.084,3037.0,14052.0,14.4,0.0838,2584.0,10131.0,16.69,0.1111,2607.0,12150.0,14.4,0.0649,4119.0,11260.0,16.67,0.1401,390.0,6235.0,13.99,0.05,3400.0,8213.0,16.78,0.1748,132.0,3199.0,13.84,0.038,2085.0,10117.0,16.87,0.2145,526.0,4008.0,13.99,0.0291,2073.0,7233.0,17.09,0.2535,24.0,1754.0,13.21,0.0227,2199.0,6483.0,17.46,0.2939,31.0,1351.0,11.33,0.0175,1725.0,8729.0,17.75,0.3407,13.0,1425.0,10.64,0.0137,4025.0,7025.0,18.12,0.3666,0.0,868.0,0.0,0.0111,3083.0,19109.0,18.6,0.4344,31.0,978.0,0.0,0.2827,32.0,976.0,18.95,0.014,4496.0,8377.0,15.38,0.2415,22.0,953.0,18.38,0.0214,6275.0,5057.0,15.19
2023-11-13 15:00:00,2.484,0.1976,145.0,3764.0,17.98,0.0318,5986.0,14674.0,14.89,0.1596,149.0,3744.0,17.04,0.0453,3238.0,11127.0,14.64,0.132,1417.0,5817.0,17.41,0.0632,1773.0,14699.0,14.48,0.1047,2182.0,8789.0,17.15,0.0852,4238.0,12206.0,14.26,0.0812,2683.0,9537.0,16.92,0.1116,4040.0,10455.0,14.04,0.0629,2756.0,10276.0,16.94,0.1426,1234.0,6059.0,13.84,0.0484,1627.0,8397.0,17.04,0.1784,77.0,3194.0,13.77,0.0369,2205.0,10503.0,17.16,0.2188,72.0,4038.0,13.94,0.0279,1526.0,7441.0,17.31,0.257,60.0,1754.0,12.7,0.0216,2116.0,6683.0,17.63,0.2996,35.0,1352.0,11.23,0.0167,1167.0,9018.0,17.97,0.3469,24.0,1435.0,10.64,0.0131,2751.0,7206.0,18.36,0.3942,6.0,868.0,0.0,0.0105,3280.0,18933.0,18.8,0.4413,51.0,986.0,0.0,0.2757,139.0,1102.0,18.68,0.0141,3918.0,8724.0,15.33,0.2368,147.0,1070.0,18.65,0.0215,6751.0,5497.0,15.11
2023-11-14 15:00:00,2.482,0.1955,70.0,3803.0,17.94,0.0308,5224.0,15065.0,14.62,0.16,86.0,3771.0,17.44,0.0446,2089.0,11192.0,14.43,0.1277,253.0,5811.0,16.94,0.062,1251.0,14830.0,14.17,0.1015,837.0,8920.0,16.87,0.084,2091.0,11331.0,13.94,0.0785,2404.0,9296.0,16.69,0.1112,1955.0,10162.0,13.82,0.0602,1829.0,10316.0,16.66,0.1427,406.0,5957.0,13.65,0.0456,1601.0,8662.0,16.7,0.1779,58.0,3228.0,13.38,0.0343,2442.0,10719.0,16.8,0.2188,6.0,4043.0,13.57,0.0258,2837.0,8828.0,16.97,0.2634,23.0,1744.0,14.14,0.0199,2469.0,6781.0,17.33,0.3013,41.0,1345.0,11.04,0.0154,2320.0,9115.0,17.7,0.3472,2.0,1434.0,0.0,0.0118,2339.0,7393.0,18.02,0.3942,0.0,868.0,0.0,0.0093,3195.0,19243.0,18.41,0.4378,81.0,986.0,0.0,0.2766,61.0,1127.0,19.46,0.0136,6076.0,8796.0,15.14,0.2332,32.0,1091.0,18.29,0.0208,5661.0,5593.0,14.87
2023-11-15 15:00:00,2.503,0.2096,260.0,3869.0,17.7,0.0253,7429.0,15334.0,14.45,0.1725,110.0,3814.0,17.18,0.0372,4226.0,11166.0,14.21,0.139,508.0,5913.0,16.75,0.0534,2681.0,14614.0,14.09,0.1091,1884.0,8927.0,16.33,0.0739,2996.0,11508.0,13.93,0.085,3651.0,8880.0,16.24,0.0987,2628.0,10600.0,13.72,0.0649,3158.0,10025.0,16.16,0.128,447.0,5916.0,13.5,0.0494,3060.0,8730.0,16.26,0.162,92.0,3226.0,13.31,0.0369,1740.0,10780.0,16.31,0.2005,19.0,4044.0,13.26,0.0277,4132.0,10086.0,16.5,0.242,44.0,1746.0,13.16,0.021,3092.0,6793.0,16.8,0.2829,33.0,1339.0,11.72,0.0161,3335.0,8684.0,17.14,0.3289,9.0,1430.0,10.89,0.0123,4192.0,7868.0,17.48,0.3748,2.0,869.0,0.0,0.0099,11322.0,20736.0,18.02,0.4203,69.0,994.0,0.0,0.2903,95.0,1176.0,18.46,0.0108,14748.0,8957.0,14.99,0.2504,180.0,1142.0,18.48,0.017,5437.0,5370.0,14.77
2023-11-16 15:00:00,2.478,0.1887,218.0,3992.0,17.31,0.0304,13919.0,15711.0,14.43,0.1527,336.0,3938.0,16.75,0.0444,6219.0,11436.0,14.26,0.1212,1055.0,5849.0,16.39,0.063,2168.0,14759.0,14.16,0.0942,3500.0,9104.0,16.14,0.0851,3417.0,11989.0,13.89,0.0727,3867.0,9141.0,16.14,0.1123,2407.0,10834.0,13.67,0.055,3338.0,10299.0,16.14,0.1447,1174.0,5913.0,13.59,0.0414,1960.0,9049.0,16.25,0.1795,109.0,3235.0,13.13,0.0307,5911.0,11290.0,16.36,0.2189,45.0,4034.0,12.79,0.0228,3832.0,10650.0,16.55,0.2599,31.0,1744.0,11.77,0.0177,2447.0,7016.0,16.99,0.301,47.0,1347.0,0.0,0.0135,2652.0,8764.0,17.33,0.3502,17.0,1430.0,0.0,0.0104,3630.0,8209.0,17.72,0.3965,7.0,869.0,0.0,0.0084,5041.0,20160.0,18.26,0.4429,68.0,999.0,0.0,0.27,163.0,1320.0,18.8,0.0129,6626.0,8422.0,14.84,0.2275,210.0,1278.0,17.87,0.0202,5971.0,5730.0,14.65
2023-11-17 15:00:00,2.474,0.1822,222.0,3994.0,16.67,0.0291,23205.0,17033.0,13.99,0.1453,271.0,3948.0,15.95,0.0437,10112.0,13073.0,13.94,0.1151,2489.0,6596.0,15.82,0.062,6455.0,14288.0,13.75,0.0891,6205.0,10850.0,15.7,0.0852,4857.0,11360.0,13.61,0.0676,5330.0,8487.0,15.63,0.1126,4882.0,9888.0,13.35,0.0504,5486.0,11372.0,15.63,0.146,1628.0,6290.0,13.35,0.0376,5247.0,10086.0,15.78,0.1879,154.0,3266.0,14.31,0.0278,5639.0,11831.0,15.97,0.2282,52.0,4008.0,14.36,0.0205,5622.0,9765.0,16.19,0.2662,93.0,1724.0,12.79,0.0158,4143.0,7800.0,16.65,0.3158,28.0,1327.0,14.45,0.012,3482.0,8883.0,17.04,0.355,97.0,1367.0,0.0,0.009,5225.0,7667.0,17.33,0.4082,44.0,825.0,13.43,0.0073,4735.0,20550.0,17.92,0.45,238.0,1016.0,0.0,0.257,156.0,1365.0,16.14,0.012,13616.0,9583.0,14.4,0.2141,201.0,1311.0,15.5,0.0192,14721.0,6707.0,14.23
2023-11-20 15:00:00,2.48,0.1836,163.0,4031.0,16.28,0.0253,19546.0,16800.0,13.56,0.1466,428.0,3944.0,15.67,0.0387,10820.0,13109.0,13.45,0.1154,1394.0,6842.0,15.47,0.056,6976.0,13994.0,13.24,0.0886,6472.0,10769.0,15.31,0.0786,5520.0,12095.0,13.11,0.0668,3402.0,8564.0,15.26,0.1066,2412.0,10312.0,13.04,0.0497,7673.0,11474.0,15.32,0.1395,1820.0,6104.0,12.99,0.0366,6932.0,10231.0,15.45,0.1766,457.0,3295.0,12.94,0.0267,7799.0,12076.0,15.61,0.2158,54.0,3977.0,12.45,0.0199,5180.0,9516.0,15.97,0.2576,264.0,1742.0,11.52,0.015,4532.0,8164.0,16.36,0.3027,26.0,1329.0,10.25,0.0114,6059.0,9186.0,16.8,0.3477,66.0,1391.0,0.0,0.0087,6013.0,8158.0,17.19,0.4132,2.0,825.0,18.99,0.0071,5344.0,21344.0,17.82,0.4439,87.0,1031.0,0.0,0.2665,64.0,1383.0,17.72,0.0098,12024.0,9607.0,13.96,0.2237,267.0,1307.0,16.94,0.0162,9710.0,6705.0,13.79
2023-11-21 15:00:00,2.492,0.1908,228.0,4035.0,15.94,0.0222,12142.0,17647.0,13.45,0.1537,258.0,3931.0,15.52,0.0346,14092.0,12576.0,13.35,0.1204,1012.0,6775.0,15.14,0.0516,6928.0,13539.0,13.31,0.0933,6550.0,12140.0,15.11,0.0732,6985.0,12692.0,13.21,0.0705,5205.0,8512.0,15.06,0.1001,4125.0,10026.0,13.16,0.0527,5217.0,11254.0,15.16,0.1336,757.0,6049.0,13.43,0.0389,6204.0,9834.0,15.31,0.1678,391.0,3391.0,13.02,0.0286,8776.0,11905.0,15.5,0.2077,164.0,4002.0,12.99,0.0209,6930.0,11812.0,15.75,0.2495,114.0,1750.0,12.55,0.0159,7295.0,7990.0,16.21,0.2938,89.0,1349.0,11.91,0.0122,5999.0,9903.0,16.7,0.342,51.0,1391.0,12.45,0.0094,6020.0,8754.0,17.14,0.3885,6.0,826.0,9.38,0.0076,5419.0,21626.0,17.77,0.4348,69.0,1022.0,0.0,0.2761,30.0,1391.0,17.63,0.0081,6748.0,10031.0,13.77,0.2288,85.0,1313.0,15.8,0.014,6474.0,6655.0,13.7
2023-11-22 15:00:00,2.471,0.1765,111.0,4051.0,16.36,0.0265,13331.0,18231.0,13.48,0.1396,293.0,3932.0,15.65,0.0406,13073.0,12707.0,13.38,0.1087,937.0,6983.0,15.38,0.059,5412.0,13505.0,13.23,0.0832,8598.0,14686.0,15.3,0.0829,4760.0,13078.0,13.16,0.0621,4458.0,8897.0,15.23,0.1117,2952.0,9974.0,13.06,0.0461,5712.0,12736.0,15.34,0.1451,633.0,5934.0,12.93,0.0328,5098.0,10746.0,15.28,0.1822,620.0,3784.0,12.65,0.0243,6651.0,12563.0,15.63,0.2228,166.0,4020.0,12.26,0.0177,6172.0,12821.0,15.87,0.2647,103.0,1764.0,10.89,0.0133,7110.0,8600.0,16.31,0.3104,47.0,1338.0,8.2,0.0094,6643.0,10023.0,16.46,0.3561,15.0,1390.0,0.0,0.0077,4751.0,9118.0,17.19,0.4005,32.0,827.0,0.0,0.0064,3942.0,21032.0,17.92,0.4505,780.0,1582.0,0.0,0.2598,120.0,1400.0,18.19,0.0092,6978.0,11052.0,13.48,0.2153,117.0,1363.0,16.82,0.0164,7197.0,6856.0,13.55
2023-11-23 15:00:00,2.48,0.1842,260.0,4066.0,16.61,0.0238,24882.0,17409.0,13.35,0.1468,313.0,4046.0,15.91,0.0365,12097.0,12708.0,13.16,0.1145,1332.0,7467.0,15.5,0.0534,4276.0,13672.0,12.93,0.0874,5185.0,14932.0,15.28,0.0756,3273.0,13173.0,12.74,0.065,4374.0,9758.0,15.14,0.1032,1118.0,9978.0,12.59,0.0478,6032.0,12555.0,15.15,0.1351,608.0,5878.0,12.28,0.0341,5982.0,11801.0,15.11,0.17,114.0,3728.0,11.52,0.0243,7992.0,13656.0,15.23,0.2105,39.0,3996.0,10.89,0.0174,11424.0,14382.0,15.45,0.2531,139.0,1838.0,8.98,0.0128,9933.0,9704.0,15.82,0.2993,107.0,1338.0,0.0,0.0094,13378.0,10120.0,16.16,0.3441,76.0,1355.0,0.0,0.0071,7849.0,8847.0,16.6,0.3909,107.0,824.0,0.0,0.0058,6322.0,21538.0,17.29,0.4399,54.0,1587.0,0.0,0.269,98.0,1456.0,18.7,0.0088,12123.0,10358.0,13.72,0.2205,154.0,1419.0,16.36,0.0147,12945.0,7333.0,13.5
2023-11-24 15:00:00,2.467,0.1726,167.0,4126.0,16.28,0.027,13052.0,18683.0,13.5,0.1369,264.0,4277.0,15.76,0.0411,14870.0,13955.0,13.34,0.1068,942.0,7877.0,15.58,0.0594,3229.0,14420.0,13.11,0.081,5270.0,16338.0,15.38,0.0834,3866.0,14676.0,12.99,0.0599,2905.0,10855.0,15.25,0.1119,1438.0,10666.0,12.76,0.0438,6495.0,13357.0,15.28,0.145,460.0,5936.0,12.43,0.0309,4389.0,12770.0,15.21,0.1821,62.0,3762.0,11.94,0.0219,7378.0,15243.0,15.33,0.2222,23.0,4013.0,10.94,0.0156,9306.0,16813.0,15.55,0.2668,51.0,1870.0,9.86,0.0112,9240.0,11956.0,15.82,0.3102,42.0,1350.0,0.0,0.0083,6728.0,10987.0,16.26,0.3575,30.0,1365.0,0.0,0.0063,5659.0,9625.0,16.7,0.4051,83.0,904.0,0.0,0.0051,7171.0,24352.0,17.38,0.4539,18.0,1593.0,0.0,0.2554,80.0,1529.0,18.02,0.0101,10139.0,12281.0,13.79,0.2122,115.0,1510.0,16.99,0.0172,9004.0,8155.0,13.72
2023-11-24 15:00:00,2.467,0.1726,167.0,4035.0,16.28,0.027,13052.0,17794.0,13.5,0.1369,264.0,4045.0,15.76,0.0411,14870.0,12683.0,13.34,0.1068,942.0,7723.0,15.58,0.0594,3229.0,13474.0,13.11,0.081,5270.0,15544.0,15.38,0.0834,3866.0,13565.0,12.99,0.0599,2905.0,10088.0,15.25,0.1119,1438.0,9950.0,12.76,0.0438,6495.0,12314.0,15.28,0.145,460.0,5832.0,12.43,0.0309,4389.0,11340.0,15.21,0.1821,62.0,3726.0,11.94,0.0219,7378.0,14555.0,15.33,0.2222,23.0,3994.0,10.94,0.0156,9306.0,15346.0,15.55,0.2668,51.0,1859.0,9.86,0.0112,9240.0,10811.0,15.82,0.3102,42.0,1338.0,0.0,0.0083,6728.0,10253.0,16.26,0.3575,30.0,1355.0,0.0,0.0063,5659.0,9087.0,16.7,0.4051,83.0,821.0,0.0,0.0051,7171.0,22325.0,17.38,0.4539,18.0,1591.0,0.0,0.2554,80.0,1461.0,18.02,0.0101,10139.0,11181.0,13.79,0.2122,115.0,1404.0,16.99,0.0172,9004.0,7323.0,13.72
