time,C,C,C,C,C,C,C,C,C,C,C,C,C,C,C,C,C,C,C,C,C,C,C,C,C,C,C,C,C,C,C,C,C,C,C,C,C,C,C,C,C,C,C,C,C,C,C,C,C,C,C,C,C,C,C,C,C,C,C,C,C,C,C,C,C,C,C,C,C,C,C,C,P,P,P,P,P,P,P,P,P,P,P,P,P,P,P,P,P,P,P,P,P,P,P,P,P,P,P,P,P,P,P,P,P,P,P,P,P,P,P,P,P,P,P,P,P,P,P,P,P,P,P,P,P,P,P,P,P,P,P,P,P,P,P,P,P,P,P,P,P,P,P,P,P,P,P,P,P,P,P,P,P,P,P,P
time,14900.00,14900.00,15000.00,15000.00,15300.00,15300.00,15400.00,15400.00,16000.00,16000.00,16100.00,16100.00,16150.00,16150.00,16200.00,16200.00,16250.00,16250.00,16500.00,16500.00,17000.00,17000.00,17100.00,17100.00,17250.00,17250.00,17300.00,17300.00,17500.00,17500.00,17700.00,17700.00,17750.00,17750.00,17800.00,17800.00,17850.00,17850.00,18000.00,18000.00,18100.00,18100.00,18500.00,18500.00,18800.00,18800.00,19000.00,19000.00,19500.00,19500.00,19600.00,19600.00,20000.00,20000.00,21000.00,21000.00,21500.00,21500.00,22000.00,22000.00,23000.00,23000.00,23800.00,23800.00,23900.00,23900.00,25000.00,25000.00,26000.00,26000.00,30000.00,30000.00,9750.00,9750.00,9900.00,9900.00,10000.00,10000.00,10500.00,10500.00,10600.00,10600.00,11000.00,11000.00,11100.00,11100.00,12000.00,12000.00,12300.00,12300.00,12500.00,12500.00,12750.00,12750.00,13000.00,13000.00,13200.00,13200.00,13800.00,13800.00,14000.00,14000.00,14250.00,14250.00,14500.00,14500.00,14600.00,14600.00,14900.00,14900.00,15000.00,15000.00,15250.00,15250.00,15300.00,15300.00,15400.00,15400.00,15500.00,15500.00,15550.00,15550.00,16000.00,16000.00,16100.00,16100.00,16200.00,16200.00,16250.00,16250.00,16500.00,16500.00,16700.00,16700.00,16750.00,16750.00,16800.00,16800.00,17000.00,17000.00,17250.00,17250.00,17500.00,17500.00,17700.00,17700.00,17750.00,17750.00,17800.00,17800.00,17850.00,17850.00,18000.00,18000.00,19000.00,19000.00
time,volume,oi,volume,oi,volume,oi,volume,oi,volume,oi,volume,oi,volume,oi,volume,oi,volume,oi,volume,oi,volume,oi,volume,oi,volume,oi,volume,oi,volume,oi,volume,oi,volume,oi,volume,oi,volume,oi,volume,oi,volume,oi,volume,oi,volume,oi,volume,oi,volume,oi,volume,oi,volume,oi,volume,oi,volume,oi,volume,oi,volume,oi,volume,oi,volume,oi,volume,oi,volume,oi,volume,oi,volume,oi,volume,oi,volume,oi,volume,oi,volume,oi,volume,oi,volume,oi,volume,oi,volume,oi,volume,oi,volume,oi,volume,oi,volume,oi,volume,oi,volume,oi,volume,oi,volume,oi,volume,oi,volume,oi,volume,oi,volume,oi,volume,oi,volume,oi,volume,oi,volume,oi,volume,oi,volume,oi,volume,oi,volume,oi,volume,oi,volume,oi,volume,oi,volume,oi,volume,oi,volume,oi,volume,oi,volume,oi,volume,oi,volume,oi,volume,oi,volume,oi,volume,oi
2021-01-04,0.0,50.0,0.0,400.0,0.0,150.0,0.0,25.0,0.0,675.0,,,,,,,,,,,0.0,600.0,,,,,,,0.0,615.0,,,,,0.0,100.0,,,0.0,94.0,,,,,,,0.0,202.0,0.0,190.0,0.0,2.0,650.0,1517.0,400.0,200.0,,,200.0,200.0,,,,,,,,,,,,,0.0,200.0,0.0,150.0,0.0,200.0,0.0,25.0,0.0,7.0,0.0,755.0,0.0,2.0,0.0,562.0,0.0,12.0,0.0,2.0,0.0,10.0,0.0,130.0,0.0,4.0,0.0,3.0,0.0,50.0,0.0,10.0,0.0,470.0,0.0,150.0,0.0,50.0,0.0,875.0,,,0.0,150.0,0.0,25.0,450.0,300.0,,,0.0,280.0,,,,,,,,,,,,,,,,,,,,,,,,,0.0,100.0,,,,,,
2021-01-05,0.0,50.0,0.0,400.0,0.0,150.0,0.0,25.0,0.0,675.0,,,,,,,,,,,0.0,600.0,,,,,,,0.0,615.0,,,,,0.0,100.0,,,0.0,94.0,,,,,,,0.0,202.0,0.0,190.0,0.0,2.0,800.0,1817.0,1600.0,800.0,,,800.0,500.0,,,,,,,,,,,,,0.0,200.0,0.0,150.0,0.0,200.0,0.0,25.0,0.0,7.0,0.0,755.0,0.0,2.0,0.0,562.0,0.0,12.0,0.0,2.0,0.0,10.0,0.0,130.0,0.0,4.0,0.0,3.0,0.0,50.0,0.0,10.0,0.0,470.0,0.0,150.0,0.0,50.0,0.0,875.0,,,0.0,150.0,0.0,25.0,0.0,300.0,,,0.0,280.0,,,,,,,,,,,,,,,,,,,,,,,,,0.0,100.0,,,,,,
2021-01-06,0.0,50.0,0.0,400.0,0.0,150.0,0.0,25.0,0.0,675.0,,,,,,,,,,,0.0,600.0,,,,,,,157.0,634.0,,,,,0.0,100.0,,,0.0,94.0,,,,,,,300.0,352.0,0.0,190.0,0.0,2.0,0.0,1817.0,0.0,800.0,,,0.0,500.0,,,,,,,,,,,,,0.0,200.0,0.0,150.0,0.0,200.0,0.0,25.0,0.0,7.0,0.0,755.0,0.0,2.0,0.0,562.0,0.0,12.0,0.0,2.0,0.0,10.0,0.0,130.0,0.0,4.0,0.0,3.0,0.0,50.0,0.0,10.0,250.0,470.0,0.0,150.0,0.0,50.0,100.0,875.0,,,0.0,150.0,0.0,25.0,0.0,300.0,,,0.0,280.0,,,,,,,300.0,150.0,,,,,,,,,,,,,,,,,0.0,100.0,,,,,,
2021-01-07,0.0,50.0,0.0,400.0,0.0,150.0,0.0,25.0,0.0,675.0,,,,,,,,,,,0.0,600.0,,,,,,,0.0,634.0,,,,,0.0,100.0,,,0.0,94.0,,,,,,,0.0,352.0,0.0,190.0,0.0,2.0,0.0,1817.0,0.0,800.0,,,0.0,500.0,,,,,,,,,,,,,0.0,200.0,0.0,150.0,0.0,200.0,0.0,25.0,0.0,7.0,0.0,755.0,0.0,2.0,0.0,562.0,0.0,12.0,0.0,2.0,0.0,10.0,0.0,130.0,0.0,4.0,0.0,3.0,0.0,50.0,0.0,10.0,0.0,470.0,0.0,150.0,0.0,50.0,200.0,675.0,,,0.0,150.0,0.0,25.0,0.0,300.0,,,30.0,290.0,,,,,,,200.0,350.0,,,,,,,,,,,,,,,,,0.0,100.0,,,,,,
2021-01-08,0.0,50.0,0.0,400.0,0.0,150.0,0.0,25.0,0.0,675.0,,,,,,,,,,,0.0,600.0,,,,,,,0.0,634.0,,,,,0.0,100.0,,,0.0,94.0,,,,,,,0.0,352.0,0.0,190.0,0.0,2.0,0.0,1817.0,0.0,800.0,,,0.0,500.0,,,,,,,,,,,,,0.0,200.0,0.0,150.0,0.0,200.0,0.0,25.0,0.0,7.0,0.0,755.0,0.0,2.0,0.0,562.0,0.0,12.0,0.0,2.0,0.0,10.0,0.0,130.0,0.0,4.0,0.0,3.0,0.0,50.0,0.0,10.0,0.0,470.0,0.0,150.0,0.0,50.0,0.0,675.0,,,0.0,150.0,0.0,25.0,0.0,300.0,,,0.0,280.0,,,,,,,0.0,350.0,,,,,,,,,,,,,,,,,0.0,100.0,,,,,,
2021-01-11,0.0,50.0,0.0,400.0,0.0,150.0,0.0,25.0,0.0,675.0,,,,,,,,,,,0.0,600.0,,,,,,,0.0,634.0,,,,,0.0,100.0,,,0.0,94.0,,,,,,,0.0,352.0,0.0,190.0,0.0,2.0,0.0,1817.0,100.0,800.0,,,0.0,500.0,,,,,,,,,,,,,0.0,200.0,0.0,150.0,0.0,200.0,0.0,25.0,0.0,7.0,0.0,755.0,0.0,2.0,0.0,562.0,0.0,12.0,0.0,2.0,0.0,10.0,0.0,130.0,0.0,4.0,0.0,3.0,0.0,50.0,0.0,10.0,100.0,470.0,0.0,150.0,0.0,50.0,0.0,675.0,,,0.0,150.0,0.0,25.0,0.0,300.0,,,0.0,280.0,,,,,,,0.0,350.0,,,,,,,,,,,,,,,,,0.0,100.0,,,,,,
2021-01-12,0.0,50.0,0.0,400.0,0.0,150.0,0.0,25.0,0.0,675.0,,,,,,,,,,,0.0,600.0,,,,,,,0.0,634.0,,,,,0.0,100.0,,,0.0,94.0,,,,,,,0.0,352.0,0.0,190.0,0.0,2.0,0.0,1817.0,0.0,800.0,,,0.0,500.0,,,,,,,,,,,,,0.0,200.0,0.0,150.0,0.0,200.0,0.0,25.0,0.0,7.0,0.0,755.0,0.0,2.0,0.0,562.0,0.0,12.0,0.0,2.0,0.0,10.0,0.0,130.0,0.0,4.0,0.0,3.0,0.0,50.0,0.0,10.0,0.0,470.0,0.0,150.0,0.0,50.0,0.0,675.0,,,0.0,150.0,0.0,25.0,0.0,300.0,,,0.0,280.0,,,,,,,0.0,350.0,,,,,,,,,,,,,,,,,0.0,100.0,,,,,,
2021-01-13,0.0,50.0,0.0,400.0,0.0,150.0,0.0,25.0,0.0,675.0,,,,,,,,,,,0.0,600.0,,,,,,,0.0,634.0,,,,,0.0,100.0,,,0.0,94.0,,,,,,,0.0,352.0,0.0,190.0,0.0,2.0,0.0,1817.0,0.0,800.0,,,0.0,500.0,,,,,,,,,,,,,0.0,200.0,0.0,150.0,0.0,200.0,0.0,25.0,0.0,7.0,0.0,755.0,0.0,2.0,0.0,562.0,0.0,12.0,0.0,2.0,0.0,10.0,0.0,130.0,0.0,4.0,0.0,3.0,0.0,50.0,0.0,10.0,0.0,470.0,0.0,150.0,0.0,50.0,0.0,675.0,,,0.0,150.0,0.0,25.0,0.0,300.0,,,0.0,280.0,,,,,,,0.0,350.0,,,,,,,,,,,,,,,,,0.0,100.0,,,,,,
2021-01-14,0.0,50.0,0.0,400.0,0.0,150.0,0.0,25.0,0.0,675.0,,,,,,,,,,,0.0,600.0,,,,,,,0.0,634.0,,,,,0.0,100.0,,,0.0,94.0,,,,,,,0.0,352.0,0.0,190.0,0.0,2.0,0.0,1817.0,0.0,800.0,,,1006.0,902.0,,,,,,,,,,,,,0.0,200.0,0.0,150.0,0.0,200.0,0.0,25.0,0.0,7.0,0.0,755.0,0.0,2.0,0.0,562.0,0.0,12.0,0.0,2.0,0.0,10.0,0.0,130.0,0.0,4.0,0.0,3.0,0.0,50.0,0.0,10.0,0.0,470.0,0.0,150.0,0.0,50.0,0.0,675.0,,,0.0,150.0,0.0,25.0,0.0,300.0,,,0.0,280.0,,,,,,,0.0,350.0,,,,,,,,,,,,,,,,,0.0,100.0,,,,,,
2021-01-15,0.0,50.0,0.0,400.0,0.0,150.0,0.0,25.0,0.0,675.0,,,,,,,,,,,0.0,600.0,,,,,,,0.0,634.0,,,,,0.0,100.0,,,0.0,94.0,,,400.0,200.0,,,0.0,352.0,0.0,190.0,0.0,2.0,0.0,1817.0,400.0,1000.0,,,0.0,902.0,,,,,,,,,,,,,0.0,200.0,0.0,150.0,0.0,200.0,0.0,25.0,0.0,7.0,0.0,755.0,0.0,2.0,0.0,562.0,0.0,12.0,0.0,2.0,0.0,10.0,0.0,130.0,0.0,4.0,0.0,3.0,0.0,50.0,0.0,10.0,0.0,470.0,0.0,150.0,0.0,50.0,200.0,675.0,,,0.0,150.0,0.0,25.0,0.0,300.0,400.0,200.0,0.0,280.0,,,,,,,0.0,350.0,,,,,,,200.0,100.0,,,,,,,,,0.0,100.0,,,,,,
2021-01-18,0.0,50.0,0.0,400.0,0.0,150.0,0.0,25.0,0.0,675.0,,,,,,,,,,,0.0,600.0,,,,,,,0.0,634.0,,,,,0.0,100.0,,,0.0,94.0,,,0.0,200.0,,,150.0,402.0,0.0,190.0,0.0,2.0,150.0,1817.0,600.0,1000.0,,,0.0,902.0,,,,,,,,,,,,,0.0,200.0,0.0,150.0,0.0,200.0,0.0,25.0,0.0,7.0,0.0,755.0,0.0,2.0,0.0,562.0,0.0,12.0,0.0,2.0,0.0,10.0,0.0,130.0,0.0,4.0,0.0,3.0,0.0,50.0,0.0,10.0,0.0,470.0,0.0,150.0,0.0,50.0,0.0,675.0,,,0.0,150.0,0.0,25.0,150.0,350.0,0.0,200.0,0.0,280.0,,,,,,,0.0,350.0,,,,,,,0.0,100.0,,,,,,,,,0.0,100.0,,,,,,
2021-01-19,0.0,50.0,0.0,400.0,0.0,150.0,0.0,25.0,0.0,675.0,,,,,,,,,,,0.0,600.0,,,,,,,0.0,634.0,,,,,0.0,100.0,,,0.0,94.0,,,0.0,200.0,,,0.0,402.0,0.0,190.0,0.0,2.0,0.0,1817.0,0.0,800.0,,,0.0,902.0,,,,,,,,,,,,,0.0,200.0,0.0,150.0,0.0,200.0,0.0,25.0,0.0,7.0,0.0,755.0,0.0,2.0,0.0,562.0,0.0,12.0,0.0,2.0,0.0,10.0,0.0,130.0,0.0,4.0,0.0,3.0,0.0,50.0,0.0,10.0,0.0,470.0,0.0,150.0,0.0,50.0,0.0,675.0,,,0.0,150.0,0.0,25.0,0.0,350.0,0.0,200.0,0.0,280.0,,,,,,,0.0,350.0,,,,,,,0.0,100.0,,,,,,,,,0.0,100.0,,,,,,
2021-01-20,0.0,50.0,0.0,400.0,0.0,150.0,0.0,25.0,0.0,675.0,,,,,,,,,,,0.0,600.0,,,,,,,0.0,634.0,,,,,0.0,100.0,,,0.0,94.0,,,0.0,200.0,,,0.0,402.0,0.0,190.0,0.0,2.0,200.0,1917.0,0.0,800.0,400.0,200.0,0.0,902.0,200.0,100.0,,,,,,,,,,,0.0,200.0,0.0,150.0,0.0,200.0,0.0,25.0,0.0,7.0,0.0,755.0,0.0,2.0,0.0,562.0,0.0,12.0,0.0,2.0,0.0,10.0,0.0,130.0,0.0,4.0,0.0,3.0,0.0,50.0,0.0,10.0,0.0,470.0,0.0,150.0,0.0,50.0,0.0,675.0,,,0.0,150.0,0.0,25.0,0.0,350.0,0.0,200.0,0.0,280.0,,,,,,,0.0,350.0,,,,,,,0.0,100.0,,,,,,,,,0.0,100.0,,,,,,
2021-01-21,0.0,50.0,0.0,400.0,0.0,150.0,0.0,25.0,0.0,675.0,,,,,,,,,,,0.0,600.0,,,,,,,0.0,634.0,,,,,0.0,100.0,,,0.0,94.0,,,0.0,200.0,,,0.0,402.0,0.0,190.0,0.0,2.0,0.0,1917.0,0.0,800.0,0.0,200.0,0.0,902.0,0.0,100.0,,,,,,,,,,,0.0,200.0,0.0,150.0,0.0,200.0,0.0,25.0,0.0,7.0,0.0,755.0,0.0,2.0,0.0,562.0,0.0,12.0,0.0,2.0,0.0,10.0,0.0,130.0,0.0,4.0,0.0,3.0,0.0,50.0,0.0,10.0,0.0,470.0,0.0,150.0,0.0,50.0,0.0,675.0,,,0.0,150.0,0.0,25.0,0.0,350.0,0.0,200.0,0.0,280.0,,,,,,,0.0,350.0,,,,,,,0.0,100.0,,,,,,,,,0.0,100.0,,,,,,
2021-01-22,0.0,50.0,0.0,400.0,0.0,150.0,0.0,25.0,0.0,675.0,,,,,,,,,,,0.0,600.0,,,,,,,0.0,634.0,,,,,0.0,100.0,,,0.0,94.0,,,0.0,200.0,,,0.0,402.0,0.0,190.0,0.0,2.0,0.0,1917.0,0.0,800.0,0.0,200.0,0.0,902.0,0.0,100.0,,,,,,,,,,,0.0,200.0,0.0,150.0,0.0,200.0,0.0,25.0,0.0,7.0,0.0,755.0,0.0,2.0,0.0,562.0,0.0,12.0,0.0,2.0,0.0,10.0,0.0,130.0,0.0,4.0,0.0,3.0,0.0,50.0,0.0,10.0,0.0,470.0,0.0,150.0,0.0,50.0,0.0,675.0,,,0.0,150.0,0.0,25.0,0.0,350.0,0.0,200.0,0.0,280.0,,,,,,,0.0,350.0,,,,,,,0.0,100.0,,,,,,,,,0.0,100.0,,,,,,
2021-01-25,0.0,50.0,0.0,400.0,0.0,150.0,0.0,25.0,0.0,675.0,,,,,,,,,,,0.0,600.0,,,,,,,0.0,634.0,,,,,0.0,100.0,,,0.0,94.0,,,0.0,200.0,,,0.0,402.0,0.0,190.0,0.0,2.0,0.0,1917.0,0.0,800.0,0.0,200.0,0.0,902.0,0.0,100.0,,,,,,,,,,,0.0,200.0,0.0,150.0,0.0,200.0,0.0,25.0,0.0,7.0,0.0,755.0,0.0,2.0,0.0,562.0,0.0,12.0,0.0,2.0,0.0,10.0,0.0,130.0,0.0,4.0,0.0,3.0,0.0,50.0,0.0,10.0,0.0,470.0,0.0,150.0,0.0,50.0,0.0,675.0,,,0.0,150.0,0.0,25.0,0.0,350.0,0.0,200.0,10.0,280.0,,,,,,,0.0,350.0,,,,,,,0.0,100.0,,,,,,,,,0.0,100.0,,,,,,
2021-01-26,0.0,50.0,0.0,400.0,0.0,150.0,0.0,25.0,0.0,675.0,,,,,,,,,,,0.0,600.0,,,,,,,0.0,634.0,,,,,0.0,100.0,,,0.0,94.0,,,0.0,200.0,,,0.0,402.0,0.0,190.0,0.0,2.0,0.0,1917.0,0.0,800.0,0.0,200.0,0.0,902.0,0.0,100.0,,,200.0,100.0,,,,,,,0.0,200.0,0.0,150.0,0.0,200.0,0.0,25.0,0.0,7.0,0.0,755.0,0.0,2.0,0.0,562.0,0.0,12.0,0.0,2.0,0.0,10.0,0.0,130.0,0.0,4.0,0.0,3.0,0.0,50.0,0.0,10.0,0.0,470.0,0.0,150.0,0.0,50.0,0.0,675.0,,,0.0,150.0,0.0,25.0,0.0,350.0,0.0,200.0,0.0,280.0,,,,,,,0.0,350.0,,,,,,,0.0,100.0,,,,,,,,,0.0,100.0,,,,,,
2021-01-27,0.0,50.0,0.0,400.0,0.0,150.0,0.0,25.0,0.0,675.0,,,,,,,,,,,0.0,600.0,,,,,,,0.0,634.0,,,,,0.0,100.0,,,0.0,94.0,,,0.0,200.0,,,0.0,402.0,0.0,190.0,0.0,2.0,0.0,1917.0,0.0,800.0,0.0,200.0,0.0,902.0,0.0,100.0,,,0.0,100.0,,,,,,,0.0,200.0,0.0,150.0,0.0,200.0,0.0,25.0,0.0,7.0,0.0,755.0,0.0,2.0,0.0,562.0,0.0,12.0,0.0,2.0,0.0,10.0,0.0,130.0,0.0,4.0,0.0,3.0,0.0,50.0,0.0,10.0,0.0,470.0,0.0,150.0,0.0,50.0,0.0,675.0,,,0.0,150.0,0.0,25.0,0.0,350.0,0.0,200.0,0.0,280.0,,,,,,,0.0,350.0,,,,,,,0.0,100.0,,,,,,,,,0.0,100.0,,,,,,
2021-01-28,0.0,50.0,0.0,400.0,0.0,150.0,0.0,25.0,0.0,675.0,,,,,,,,,,,0.0,600.0,,,,,,,0.0,634.0,,,,,0.0,100.0,,,0.0,94.0,,,0.0,200.0,,,0.0,402.0,0.0,190.0,0.0,2.0,0.0,1917.0,0.0,800.0,0.0,200.0,0.0,902.0,0.0,100.0,,,0.0,100.0,,,,,,,0.0,200.0,0.0,150.0,0.0,200.0,0.0,25.0,0.0,7.0,0.0,755.0,0.0,2.0,0.0,562.0,0.0,12.0,0.0,2.0,0.0,10.0,0.0,130.0,0.0,4.0,0.0,3.0,0.0,50.0,0.0,10.0,0.0,470.0,0.0,150.0,0.0,50.0,0.0,675.0,,,0.0,150.0,0.0,25.0,0.0,350.0,200.0,300.0,0.0,280.0,,,,,,,0.0,350.0,,,,,,,0.0,100.0,,,,,,,,,0.0,100.0,,,,,,
2021-01-29,0.0,50.0,0.0,400.0,0.0,150.0,0.0,25.0,0.0,675.0,,,,,,,,,,,0.0,600.0,,,,,,,0.0,634.0,,,,,0.0,100.0,,,0.0,94.0,,,0.0,200.0,,,0.0,402.0,0.0,190.0,0.0,2.0,0.0,1917.0,0.0,800.0,0.0,200.0,0.0,902.0,0.0,100.0,,,0.0,100.0,,,,,,,0.0,200.0,0.0,150.0,0.0,200.0,0.0,25.0,0.0,7.0,0.0,755.0,0.0,2.0,0.0,562.0,0.0,12.0,0.0,2.0,0.0,10.0,0.0,130.0,0.0,4.0,0.0,3.0,0.0,50.0,0.0,10.0,0.0,470.0,0.0,150.0,0.0,50.0,130.0,675.0,10.0,10.0,0.0,150.0,0.0,25.0,0.0,350.0,0.0,200.0,0.0,280.0,,,,,,,0.0,350.0,,,,,,,0.0,100.0,,,,,,,,,0.0,100.0,,,,,,
2021-02-01,0.0,50.0,0.0,400.0,0.0,150.0,0.0,25.0,0.0,675.0,,,,,,,,,,,0.0,600.0,,,,,,,0.0,634.0,,,,,0.0,100.0,,,0.0,94.0,,,0.0,200.0,,,0.0,402.0,0.0,190.0,0.0,2.0,0.0,1917.0,0.0,800.0,0.0,200.0,0.0,902.0,0.0,100.0,,,0.0,100.0,,,,,,,0.0,200.0,0.0,150.0,0.0,200.0,0.0,25.0,0.0,7.0,0.0,755.0,0.0,2.0,0.0,562.0,0.0,12.0,0.0,2.0,0.0,10.0,0.0,130.0,0.0,4.0,0.0,3.0,0.0,50.0,0.0,10.0,0.0,470.0,0.0,150.0,0.0,50.0,0.0,675.0,0.0,10.0,0.0,150.0,0.0,25.0,0.0,350.0,0.0,200.0,0.0,280.0,,,,,,,0.0,350.0,,,,,,,0.0,100.0,,,,,,,,,0.0,100.0,,,,,,
2021-02-02,0.0,50.0,0.0,400.0,0.0,150.0,0.0,25.0,0.0,675.0,,,,,,,,,,,0.0,600.0,,,,,,,0.0,634.0,,,,,0.0,100.0,,,0.0,94.0,,,0.0,200.0,,,0.0,402.0,0.0,190.0,0.0,2.0,0.0,1917.0,0.0,800.0,0.0,200.0,0.0,902.0,0.0,100.0,,,0.0,100.0,,,,,,,0.0,200.0,0.0,150.0,0.0,200.0,0.0,25.0,0.0,7.0,0.0,755.0,0.0,2.0,0.0,562.0,0.0,12.0,0.0,2.0,0.0,10.0,0.0,130.0,0.0,4.0,0.0,3.0,0.0,50.0,0.0,10.0,0.0,470.0,0.0,150.0,0.0,50.0,0.0,675.0,0.0,10.0,0.0,150.0,0.0,25.0,0.0,350.0,0.0,200.0,0.0,280.0,,,,,,,0.0,350.0,,,,,,,0.0,100.0,,,,,,,,,0.0,100.0,,,,,,
2021-02-03,0.0,50.0,0.0,400.0,0.0,150.0,0.0,25.0,0.0,675.0,,,,,,,,,,,0.0,600.0,,,,,,,0.0,634.0,,,,,0.0,100.0,,,0.0,94.0,,,0.0,200.0,,,0.0,402.0,0.0,190.0,0.0,2.0,0.0,1917.0,0.0,800.0,0.0,200.0,0.0,902.0,0.0,100.0,250.0,250.0,0.0,100.0,,,,,,,0.0,200.0,0.0,150.0,0.0,200.0,0.0,25.0,0.0,7.0,0.0,755.0,0.0,2.0,0.0,562.0,0.0,12.0,0.0,2.0,0.0,10.0,0.0,130.0,0.0,4.0,0.0,3.0,0.0,50.0,0.0,10.0,0.0,470.0,0.0,150.0,0.0,50.0,0.0,675.0,0.0,10.0,0.0,150.0,0.0,25.0,0.0,350.0,0.0,200.0,0.0,280.0,,,,,,,0.0,350.0,,,,,,,0.0,100.0,,,,,,,,,0.0,100.0,,,,,,
2021-02-04,0.0,50.0,0.0,400.0,0.0,150.0,0.0,25.0,0.0,675.0,,,,,,,,,,,0.0,600.0,,,,,,,0.0,634.0,,,,,0.0,100.0,,,0.0,94.0,,,0.0,200.0,,,0.0,402.0,0.0,190.0,0.0,2.0,0.0,1917.0,0.0,800.0,0.0,200.0,0.0,902.0,0.0,100.0,400.0,250.0,0.0,100.0,,,,,,,0.0,200.0,0.0,150.0,0.0,200.0,0.0,25.0,0.0,7.0,0.0,755.0,0.0,2.0,0.0,562.0,0.0,12.0,0.0,2.0,0.0,10.0,0.0,130.0,0.0,4.0,0.0,3.0,0.0,50.0,0.0,10.0,0.0,470.0,0.0,150.0,0.0,50.0,0.0,675.0,0.0,10.0,0.0,150.0,0.0,25.0,0.0,350.0,0.0,200.0,0.0,280.0,,,,,,,0.0,350.0,,,,,,,0.0,100.0,,,,,,,,,0.0,100.0,,,,,,
2021-02-05,0.0,50.0,0.0,400.0,0.0,150.0,0.0,25.0,0.0,675.0,,,,,,,,,,,268.0,667.0,,,,,,,0.0,634.0,,,,,0.0,100.0,,,250.0,208.0,,,0.0,200.0,,,0.0,402.0,0.0,190.0,0.0,2.0,0.0,1917.0,0.0,800.0,0.0,200.0,268.0,969.0,0.0,100.0,0.0,250.0,0.0,100.0,,,,,,,0.0,200.0,0.0,150.0,0.0,200.0,0.0,25.0,0.0,7.0,0.0,755.0,0.0,2.0,0.0,562.0,0.0,12.0,0.0,2.0,0.0,10.0,0.0,130.0,0.0,4.0,0.0,3.0,0.0,50.0,0.0,10.0,0.0,470.0,0.0,150.0,0.0,50.0,0.0,675.0,0.0,10.0,0.0,150.0,0.0,25.0,0.0,350.0,0.0,200.0,0.0,280.0,,,,,,,100.0,350.0,,,,,,,0.0,100.0,,,,,,,,,0.0,100.0,,,250.0,125.0,,
2021-02-08,0.0,50.0,0.0,400.0,0.0,150.0,0.0,25.0,0.0,675.0,,,,,,,,,,,0.0,667.0,,,,,,,0.0,634.0,,,,,0.0,100.0,,,0.0,208.0,,,0.0,200.0,,,0.0,402.0,0.0,190.0,0.0,2.0,0.0,1917.0,0.0,800.0,0.0,200.0,0.0,969.0,0.0,100.0,0.0,250.0,0.0,100.0,,,,,,,0.0,200.0,0.0,150.0,0.0,200.0,0.0,25.0,0.0,7.0,0.0,755.0,0.0,2.0,0.0,562.0,0.0,12.0,0.0,2.0,0.0,10.0,0.0,130.0,0.0,4.0,0.0,3.0,0.0,50.0,0.0,10.0,0.0,470.0,0.0,150.0,0.0,50.0,0.0,675.0,0.0,10.0,0.0,150.0,0.0,25.0,0.0,350.0,0.0,200.0,0.0,280.0,,,,,,,0.0,350.0,,,,,,,0.0,100.0,,,,,,,,,0.0,100.0,,,0.0,125.0,,
2021-02-09,0.0,50.0,0.0,400.0,0.0,150.0,0.0,25.0,0.0,675.0,,,,,,,,,,,0.0,667.0,,,,,,,0.0,634.0,,,,,0.0,100.0,,,0.0,208.0,,,0.0,200.0,,,0.0,402.0,0.0,190.0,0.0,2.0,0.0,1917.0,0.0,800.0,0.0,200.0,0.0,969.0,0.0,100.0,0.0,250.0,0.0,100.0,,,,,,,0.0,200.0,0.0,150.0,0.0,200.0,0.0,25.0,0.0,7.0,0.0,755.0,0.0,2.0,0.0,562.0,0.0,12.0,0.0,2.0,0.0,10.0,0.0,130.0,0.0,4.0,0.0,3.0,0.0,50.0,0.0,10.0,0.0,470.0,0.0,150.0,0.0,50.0,0.0,675.0,0.0,10.0,0.0,150.0,0.0,25.0,0.0,350.0,0.0,200.0,10.0,280.0,,,,,,,0.0,350.0,,,,,,,0.0,100.0,,,,,,,,,0.0,100.0,,,0.0,125.0,,
2021-02-10,0.0,50.0,0.0,400.0,0.0,150.0,0.0,25.0,0.0,675.0,,,,,,,,,,,0.0,667.0,,,,,,,0.0,634.0,,,,,0.0,100.0,,,0.0,208.0,,,0.0,200.0,,,0.0,402.0,0.0,190.0,0.0,2.0,0.0,1917.0,0.0,800.0,0.0,200.0,0.0,969.0,0.0,100.0,0.0,250.0,0.0,100.0,40.0,20.0,,,,,0.0,200.0,0.0,150.0,0.0,200.0,0.0,25.0,0.0,7.0,0.0,755.0,0.0,2.0,0.0,562.0,0.0,12.0,0.0,2.0,0.0,10.0,0.0,130.0,0.0,4.0,0.0,3.0,0.0,50.0,0.0,10.0,0.0,470.0,0.0,150.0,0.0,50.0,0.0,675.0,0.0,10.0,0.0,150.0,0.0,25.0,0.0,350.0,0.0,200.0,0.0,280.0,,,,,,,0.0,350.0,,,,,,,0.0,100.0,,,,,,,,,0.0,100.0,,,0.0,125.0,,
2021-02-11,0.0,50.0,0.0,400.0,0.0,150.0,0.0,25.0,0.0,675.0,,,,,,,,,,,0.0,667.0,,,,,,,0.0,634.0,,,,,0.0,100.0,,,0.0,208.0,,,0.0,200.0,,,0.0,402.0,0.0,190.0,0.0,2.0,0.0,1917.0,300.0,800.0,0.0,200.0,600.0,1119.0,300.0,250.0,0.0,250.0,0.0,100.0,0.0,20.0,,,,,0.0,200.0,0.0,150.0,0.0,200.0,0.0,25.0,0.0,7.0,0.0,755.0,0.0,2.0,0.0,562.0,0.0,12.0,0.0,2.0,0.0,10.0,0.0,130.0,0.0,4.0,0.0,3.0,0.0,50.0,0.0,10.0,0.0,470.0,0.0,150.0,0.0,50.0,0.0,675.0,0.0,10.0,0.0,150.0,0.0,25.0,0.0,350.0,100.0,250.0,0.0,280.0,,,,,,,0.0,350.0,,,,,,,0.0,100.0,,,,,,,,,0.0,100.0,,,0.0,125.0,,
2021-02-12,0.0,50.0,0.0,400.0,0.0,150.0,0.0,25.0,0.0,675.0,,,,,,,,,,,0.0,667.0,,,,,,,0.0,634.0,,,,,0.0,100.0,,,0.0,208.0,,,0.0,200.0,,,0.0,402.0,0.0,190.0,0.0,2.0,0.0,1917.0,0.0,800.0,0.0,200.0,0.0,1119.0,0.0,250.0,0.0,250.0,0.0,100.0,0.0,20.0,,,,,0.0,200.0,0.0,150.0,0.0,200.0,0.0,25.0,0.0,7.0,0.0,755.0,0.0,2.0,0.0,562.0,0.0,12.0,0.0,2.0,0.0,10.0,0.0,130.0,0.0,4.0,0.0,3.0,0.0,50.0,0.0,10.0,0.0,470.0,0.0,150.0,0.0,50.0,0.0,675.0,0.0,10.0,0.0,150.0,0.0,25.0,0.0,350.0,0.0,200.0,0.0,280.0,,,,,,,0.0,350.0,,,,,,,0.0,100.0,,,,,,,,,0.0,100.0,,,0.0,125.0,,
2021-02-15,0.0,50.0,0.0,400.0,0.0,150.0,0.0,25.0,0.0,675.0,,,,,,,,,,,0.0,667.0,,,,,,,0.0,634.0,,,,,0.0,100.0,,,0.0,208.0,,,0.0,200.0,,,0.0,402.0,0.0,190.0,0.0,2.0,0.0,1917.0,0.0,800.0,0.0,200.0,4.0,1123.0,0.0,250.0,0.0,250.0,0.0,100.0,0.0,20.0,,,,,0.0,200.0,0.0,150.0,0.0,200.0,0.0,25.0,0.0,7.0,0.0,755.0,0.0,2.0,0.0,562.0,0.0,12.0,0.0,2.0,0.0,10.0,0.0,130.0,0.0,4.0,0.0,3.0,0.0,50.0,0.0,10.0,0.0,470.0,0.0,150.0,0.0,50.0,0.0,675.0,0.0,10.0,0.0,150.0,0.0,25.0,0.0,350.0,0.0,200.0,0.0,280.0,,,,,,,5.0,355.0,,,,,,,0.0,100.0,,,,,,,,,0.0,100.0,,,0.0,125.0,,
2021-02-16,0.0,50.0,0.0,400.0,0.0,150.0,0.0,25.0,0.0,675.0,,,,,,,,,,,0.0,667.0,,,,,,,0.0,634.0,,,,,0.0,100.0,,,0.0,208.0,,,0.0,200.0,1500.0,500.0,0.0,402.0,0.0,190.0,0.0,2.0,1500.0,2017.0,0.0,800.0,0.0,200.0,0.0,1123.0,0.0,250.0,0.0,250.0,0.0,100.0,0.0,20.0,,,,,0.0,200.0,0.0,150.0,0.0,200.0,0.0,25.0,0.0,7.0,0.0,755.0,0.0,2.0,0.0,562.0,0.0,12.0,0.0,2.0,0.0,10.0,0.0,130.0,0.0,4.0,0.0,3.0,0.0,50.0,0.0,10.0,0.0,470.0,0.0,150.0,0.0,50.0,0.0,675.0,0.0,10.0,0.0,150.0,0.0,25.0,0.0,350.0,0.0,200.0,0.0,280.0,,,,,,,10.0,365.0,,,,,1500.0,500.0,0.0,100.0,,,,,,,,,0.0,100.0,,,0.0,125.0,,
2021-02-17,0.0,50.0,0.0,400.0,0.0,150.0,0.0,25.0,0.0,675.0,,,,,,,,,,,0.0,667.0,,,,,,,0.0,634.0,,,,,0.0,100.0,,,0.0,208.0,,,0.0,200.0,0.0,500.0,0.0,402.0,0.0,190.0,0.0,2.0,1000.0,2517.0,0.0,800.0,0.0,200.0,0.0,1123.0,0.0,250.0,0.0,250.0,0.0,100.0,0.0,20.0,,,,,0.0,200.0,0.0,150.0,0.0,200.0,0.0,25.0,0.0,7.0,0.0,755.0,0.0,2.0,0.0,562.0,0.0,12.0,0.0,2.0,0.0,10.0,0.0,130.0,0.0,4.0,0.0,3.0,0.0,50.0,0.0,10.0,0.0,470.0,0.0,150.0,0.0,50.0,0.0,675.0,0.0,10.0,0.0,150.0,0.0,25.0,0.0,350.0,0.0,200.0,0.0,280.0,,,,,,,0.0,365.0,,,,,0.0,500.0,0.0,100.0,,,525.0,275.0,,,,,0.0,100.0,,,0.0,125.0,,
2021-02-18,0.0,50.0,0.0,400.0,0.0,150.0,0.0,25.0,0.0,675.0,,,,,,,,,,,0.0,667.0,,,,,,,0.0,634.0,,,,,0.0,100.0,,,0.0,208.0,,,0.0,200.0,0.0,500.0,0.0,402.0,60.0,190.0,0.0,2.0,50.0,2517.0,260.0,900.0,0.0,200.0,350.0,1273.0,0.0,250.0,0.0,250.0,0.0,100.0,0.0,20.0,,,,,0.0,200.0,0.0,150.0,0.0,200.0,0.0,25.0,0.0,7.0,0.0,755.0,0.0,2.0,0.0,562.0,0.0,12.0,0.0,2.0,0.0,10.0,0.0,130.0,0.0,4.0,0.0,3.0,0.0,50.0,0.0,10.0,0.0,470.0,0.0,150.0,0.0,50.0,0.0,675.0,0.0,10.0,0.0,150.0,0.0,25.0,0.0,350.0,100.0,250.0,0.0,280.0,,,,,,,210.0,385.0,,,,,0.0,500.0,50.0,125.0,,,85.0,295.0,,,,,0.0,100.0,,,0.0,125.0,,
2021-02-19,0.0,50.0,0.0,400.0,0.0,150.0,0.0,25.0,0.0,675.0,,,,,,,,,,,0.0,667.0,,,,,,,0.0,634.0,,,,,0.0,100.0,,,0.0,208.0,,,0.0,200.0,0.0,500.0,0.0,402.0,0.0,190.0,0.0,2.0,500.0,2517.0,1000.0,1300.0,0.0,200.0,595.0,1413.0,0.0,250.0,0.0,250.0,0.0,100.0,0.0,20.0,90.0,30.0,45.0,15.0,0.0,200.0,0.0,150.0,0.0,200.0,0.0,25.0,0.0,7.0,0.0,755.0,0.0,2.0,0.0,562.0,0.0,12.0,0.0,2.0,0.0,10.0,0.0,130.0,0.0,4.0,0.0,3.0,0.0,50.0,0.0,10.0,0.0,470.0,0.0,150.0,0.0,50.0,0.0,675.0,0.0,10.0,0.0,150.0,0.0,25.0,0.0,350.0,0.0,200.0,0.0,280.0,,,,,,,0.0,385.0,,,,,0.0,500.0,245.0,225.0,,,25.0,295.0,,,,,0.0,100.0,,,0.0,125.0,,
2021-02-22,0.0,50.0,0.0,400.0,0.0,150.0,0.0,25.0,0.0,675.0,,,,,,,,,,,0.0,667.0,,,,,,,0.0,634.0,,,,,0.0,100.0,,,0.0,208.0,,,0.0,200.0,1000.0,1000.0,0.0,402.0,0.0,190.0,0.0,2.0,2000.0,3267.0,0.0,1300.0,1000.0,700.0,100.0,1463.0,0.0,250.0,0.0,250.0,0.0,100.0,0.0,20.0,0.0,30.0,0.0,15.0,0.0,200.0,0.0,150.0,0.0,200.0,0.0,25.0,0.0,7.0,0.0,755.0,0.0,2.0,0.0,562.0,0.0,12.0,0.0,2.0,0.0,10.0,0.0,130.0,0.0,4.0,0.0,3.0,0.0,50.0,0.0,10.0,0.0,470.0,0.0,150.0,0.0,50.0,0.0,675.0,0.0,10.0,0.0,150.0,0.0,25.0,0.0,350.0,0.0,200.0,0.0,280.0,,,,,,,0.0,385.0,,,,,500.0,750.0,0.0,225.0,,,0.0,295.0,,,,,0.0,100.0,,,0.0,125.0,,
2021-02-23,0.0,50.0,0.0,400.0,0.0,150.0,0.0,25.0,0.0,675.0,,,,,,,,,,,0.0,667.0,,,,,,,0.0,634.0,,,,,0.0,100.0,,,0.0,208.0,,,0.0,200.0,0.0,500.0,0.0,402.0,0.0,190.0,0.0,2.0,750.0,3017.0,900.0,1550.0,0.0,700.0,0.0,1463.0,0.0,250.0,0.0,250.0,0.0,100.0,0.0,20.0,0.0,30.0,0.0,15.0,0.0,200.0,0.0,150.0,0.0,200.0,0.0,25.0,0.0,7.0,0.0,755.0,0.0,2.0,0.0,562.0,0.0,12.0,0.0,2.0,0.0,10.0,0.0,130.0,0.0,4.0,0.0,3.0,0.0,50.0,0.0,10.0,0.0,470.0,0.0,150.0,0.0,50.0,0.0,675.0,0.0,10.0,0.0,150.0,0.0,25.0,0.0,350.0,0.0,200.0,0.0,280.0,,,,,,,1000.0,885.0,,,,,0.0,750.0,100.0,275.0,,,0.0,295.0,,,,,0.0,100.0,,,0.0,125.0,10.0,10.0
2021-02-24,0.0,50.0,0.0,400.0,0.0,150.0,0.0,25.0,0.0,675.0,,,,,,,,,,,0.0,667.0,,,,,,,0.0,634.0,,,,,0.0,100.0,,,0.0,208.0,,,0.0,200.0,0.0,500.0,0.0,402.0,0.0,190.0,0.0,2.0,0.0,2767.0,75.0,1375.0,0.0,700.0,0.0,1463.0,0.0,250.0,0.0,250.0,0.0,100.0,0.0,20.0,0.0,30.0,0.0,15.0,0.0,200.0,0.0,150.0,0.0,200.0,0.0,25.0,0.0,7.0,0.0,755.0,0.0,2.0,0.0,562.0,0.0,12.0,0.0,2.0,0.0,10.0,0.0,130.0,0.0,4.0,0.0,3.0,0.0,50.0,0.0,10.0,0.0,470.0,0.0,150.0,0.0,50.0,0.0,675.0,0.0,10.0,0.0,150.0,0.0,25.0,0.0,350.0,0.0,200.0,0.0,280.0,,,,,,,800.0,1185.0,,,,,0.0,750.0,0.0,275.0,,,0.0,295.0,,,400.0,150.0,0.0,100.0,,,0.0,125.0,0.0,10.0
2021-02-25,0.0,50.0,0.0,400.0,0.0,150.0,0.0,25.0,0.0,675.0,,,,,,,,,,,0.0,667.0,,,,,,,0.0,634.0,,,,,0.0,100.0,,,0.0,208.0,,,0.0,200.0,0.0,500.0,0.0,402.0,0.0,190.0,0.0,2.0,0.0,2767.0,0.0,1375.0,0.0,700.0,45.0,1478.0,0.0,250.0,0.0,250.0,0.0,100.0,60.0,40.0,90.0,60.0,45.0,30.0,0.0,200.0,0.0,150.0,0.0,200.0,0.0,25.0,0.0,7.0,0.0,755.0,0.0,2.0,0.0,562.0,0.0,12.0,0.0,2.0,0.0,10.0,0.0,130.0,0.0,4.0,0.0,3.0,0.0,50.0,0.0,10.0,20.0,470.0,0.0,150.0,0.0,50.0,0.0,675.0,0.0,10.0,0.0,150.0,0.0,25.0,0.0,350.0,0.0,200.0,0.0,280.0,,,,,,,0.0,1185.0,,,,,0.0,750.0,45.0,290.0,,,0.0,295.0,,,0.0,150.0,0.0,100.0,,,0.0,125.0,0.0,10.0
2021-02-26,0.0,50.0,0.0,400.0,0.0,150.0,0.0,25.0,0.0,675.0,,,,,,,,,,,0.0,667.0,,,,,,,0.0,634.0,,,,,0.0,100.0,,,0.0,208.0,,,0.0,200.0,0.0,500.0,0.0,402.0,0.0,190.0,0.0,2.0,0.0,2767.0,0.0,1375.0,0.0,700.0,0.0,1463.0,0.0,250.0,0.0,250.0,0.0,100.0,0.0,20.0,0.0,30.0,0.0,15.0,0.0,200.0,0.0,150.0,0.0,200.0,0.0,25.0,0.0,7.0,0.0,755.0,0.0,2.0,0.0,562.0,0.0,12.0,0.0,2.0,0.0,10.0,0.0,130.0,0.0,4.0,0.0,3.0,0.0,50.0,0.0,10.0,0.0,450.0,0.0,150.0,0.0,50.0,0.0,675.0,0.0,10.0,0.0,150.0,0.0,25.0,0.0,350.0,0.0,200.0,0.0,280.0,,,,,10.0,10.0,0.0,1185.0,,,,,0.0,750.0,0.0,275.0,,,0.0,295.0,,,0.0,150.0,0.0,100.0,,,0.0,125.0,0.0,10.0
2021-03-01,0.0,50.0,0.0,400.0,0.0,150.0,0.0,25.0,0.0,675.0,,,,,,,,,,,0.0,667.0,,,,,,,0.0,634.0,,,,,0.0,100.0,,,0.0,208.0,,,0.0,200.0,0.0,500.0,0.0,402.0,250.0,315.0,0.0,2.0,0.0,2767.0,0.0,1375.0,500.0,950.0,0.0,1463.0,0.0,250.0,0.0,250.0,0.0,100.0,0.0,20.0,0.0,30.0,0.0,15.0,0.0,200.0,0.0,150.0,0.0,200.0,0.0,25.0,0.0,7.0,0.0,755.0,0.0,2.0,0.0,562.0,0.0,12.0,0.0,2.0,0.0,10.0,0.0,130.0,0.0,4.0,0.0,3.0,0.0,50.0,0.0,10.0,0.0,450.0,0.0,150.0,0.0,50.0,0.0,675.0,0.0,10.0,0.0,150.0,0.0,25.0,0.0,350.0,0.0,200.0,0.0,280.0,,,,,0.0,10.0,0.0,1185.0,,,5.0,5.0,0.0,750.0,0.0,275.0,,,0.0,295.0,,,0.0,150.0,0.0,100.0,,,0.0,125.0,0.0,10.0
2021-03-02,0.0,50.0,0.0,400.0,0.0,150.0,0.0,25.0,0.0,675.0,,,,,,,,,,,0.0,667.0,,,,,,,0.0,634.0,,,,,0.0,100.0,,,0.0,208.0,,,0.0,200.0,0.0,500.0,0.0,402.0,300.0,415.0,0.0,2.0,0.0,2767.0,0.0,1375.0,300.0,1100.0,0.0,1463.0,0.0,250.0,0.0,250.0,0.0,100.0,0.0,20.0,0.0,30.0,0.0,15.0,0.0,200.0,0.0,150.0,0.0,200.0,0.0,25.0,0.0,7.0,0.0,755.0,0.0,2.0,0.0,562.0,0.0,12.0,0.0,2.0,0.0,10.0,0.0,130.0,0.0,4.0,0.0,3.0,0.0,50.0,0.0,10.0,0.0,450.0,0.0,150.0,0.0,50.0,0.0,675.0,0.0,10.0,0.0,150.0,0.0,25.0,0.0,350.0,0.0,200.0,0.0,280.0,,,,,0.0,10.0,0.0,1185.0,,,0.0,5.0,0.0,750.0,100.0,275.0,,,0.0,295.0,,,0.0,150.0,0.0,100.0,,,0.0,125.0,0.0,10.0
2021-03-03,0.0,50.0,0.0,400.0,0.0,150.0,0.0,25.0,0.0,675.0,,,,,,,,,,,0.0,667.0,,,,,,,0.0,634.0,,,,,0.0,100.0,,,0.0,208.0,,,0.0,200.0,0.0,500.0,0.0,402.0,0.0,415.0,0.0,2.0,0.0,2767.0,500.0,1375.0,0.0,1100.0,0.0,1463.0,0.0,250.0,0.0,250.0,0.0,100.0,0.0,20.0,0.0,30.0,0.0,15.0,0.0,200.0,0.0,150.0,0.0,200.0,0.0,25.0,0.0,7.0,0.0,755.0,0.0,2.0,0.0,562.0,0.0,12.0,0.0,2.0,0.0,10.0,0.0,130.0,0.0,4.0,0.0,3.0,0.0,50.0,0.0,10.0,0.0,450.0,0.0,150.0,0.0,50.0,0.0,675.0,0.0,10.0,0.0,150.0,0.0,25.0,0.0,350.0,0.0,200.0,10.0,290.0,,,,,0.0,10.0,0.0,1185.0,,,0.0,5.0,0.0,750.0,0.0,225.0,,,0.0,295.0,,,0.0,150.0,0.0,100.0,,,0.0,125.0,0.0,10.0
2021-03-04,0.0,50.0,0.0,400.0,0.0,150.0,0.0,25.0,0.0,675.0,40.0,40.0,,,,,,,950.0,400.0,0.0,667.0,,,,,,,0.0,634.0,,,,,0.0,100.0,,,0.0,208.0,,,0.0,200.0,0.0,500.0,0.0,402.0,0.0,415.0,0.0,2.0,0.0,2767.0,0.0,1125.0,0.0,1100.0,0.0,1463.0,0.0,250.0,0.0,250.0,0.0,100.0,0.0,20.0,0.0,30.0,0.0,15.0,0.0,200.0,0.0,150.0,0.0,200.0,0.0,25.0,0.0,7.0,0.0,755.0,0.0,2.0,0.0,562.0,0.0,12.0,0.0,2.0,0.0,10.0,0.0,130.0,0.0,4.0,0.0,3.0,250.0,175.0,0.0,10.0,0.0,450.0,0.0,150.0,0.0,50.0,990.0,1085.0,0.0,10.0,0.0,150.0,0.0,25.0,40.0,370.0,0.0,200.0,0.0,290.0,,,,,0.0,10.0,0.0,1185.0,,,0.0,5.0,0.0,750.0,0.0,225.0,,,0.0,295.0,,,0.0,150.0,0.0,100.0,,,0.0,125.0,0.0,10.0
2021-03-05,0.0,50.0,0.0,400.0,0.0,150.0,0.0,25.0,0.0,675.0,0.0,40.0,,,,,,,0.0,400.0,160.0,617.0,,,,,,,0.0,634.0,,,,,0.0,100.0,,,0.0,208.0,,,10.0,210.0,0.0,500.0,0.0,402.0,0.0,415.0,0.0,2.0,1335.0,3777.0,1335.0,2060.0,0.0,1100.0,0.0,1463.0,0.0,250.0,0.0,250.0,0.0,100.0,0.0,20.0,0.0,30.0,0.0,15.0,0.0,200.0,0.0,150.0,0.0,200.0,0.0,25.0,0.0,7.0,0.0,755.0,0.0,2.0,0.0,562.0,0.0,12.0,0.0,2.0,0.0,10.0,0.0,130.0,0.0,4.0,0.0,3.0,450.0,350.0,0.0,10.0,0.0,450.0,0.0,150.0,0.0,50.0,0.0,1075.0,0.0,10.0,0.0,150.0,0.0,25.0,120.0,370.0,0.0,200.0,0.0,290.0,120.0,40.0,,,0.0,10.0,0.0,1185.0,,,0.0,5.0,0.0,750.0,200.0,325.0,,,0.0,295.0,,,0.0,150.0,0.0,100.0,,,0.0,125.0,0.0,10.0
2021-03-08,0.0,50.0,0.0,400.0,0.0,150.0,0.0,25.0,0.0,675.0,0.0,40.0,,,,,,,1025.0,900.0,0.0,617.0,,,,,,,0.0,634.0,,,,,0.0,100.0,,,0.0,208.0,,,0.0,210.0,0.0,500.0,0.0,402.0,0.0,415.0,0.0,2.0,0.0,3777.0,0.0,2060.0,0.0,1100.0,0.0,1463.0,0.0,250.0,0.0,250.0,0.0,100.0,0.0,20.0,0.0,30.0,0.0,15.0,0.0,200.0,0.0,150.0,0.0,200.0,0.0,25.0,0.0,7.0,0.0,755.0,0.0,2.0,0.0,562.0,0.0,12.0,0.0,2.0,0.0,10.0,0.0,130.0,0.0,4.0,0.0,3.0,255.0,365.0,0.0,10.0,0.0,450.0,0.0,150.0,0.0,50.0,0.0,1075.0,0.0,10.0,0.0,150.0,0.0,25.0,0.0,350.0,0.0,200.0,0.0,290.0,0.0,40.0,,,0.0,10.0,0.0,1185.0,,,0.0,5.0,0.0,750.0,0.0,225.0,,,0.0,295.0,,,0.0,150.0,0.0,100.0,,,0.0,125.0,0.0,10.0
2021-03-09,0.0,50.0,0.0,400.0,0.0,150.0,0.0,25.0,0.0,675.0,40.0,80.0,,,,,,,200.0,1000.0,0.0,617.0,,,,,,,200.0,584.0,,,,,0.0,100.0,,,10.0,208.0,,,0.0,210.0,0.0,500.0,0.0,402.0,0.0,415.0,0.0,2.0,0.0,3777.0,0.0,2060.0,0.0,1100.0,0.0,1463.0,0.0,250.0,0.0,250.0,0.0,100.0,0.0,20.0,0.0,30.0,0.0,15.0,0.0,200.0,0.0,150.0,0.0,200.0,0.0,25.0,0.0,7.0,0.0,755.0,0.0,2.0,0.0,562.0,0.0,12.0,0.0,2.0,0.0,10.0,0.0,130.0,0.0,4.0,0.0,3.0,0.0,325.0,0.0,10.0,0.0,450.0,0.0,150.0,0.0,50.0,20.0,1085.0,0.0,10.0,0.0,150.0,0.0,25.0,40.0,390.0,0.0,200.0,0.0,290.0,40.0,80.0,,,0.0,10.0,0.0,1185.0,,,0.0,5.0,0.0,750.0,0.0,225.0,,,0.0,295.0,,,0.0,150.0,0.0,100.0,,,0.0,125.0,0.0,10.0
2021-03-10,0.0,50.0,0.0,400.0,0.0,150.0,0.0,25.0,0.0,675.0,0.0,80.0,,,,,,,0.0,1000.0,0.0,617.0,,,,,,,0.0,584.0,,,,,0.0,100.0,,,0.0,208.0,,,0.0,210.0,0.0,500.0,0.0,402.0,0.0,415.0,0.0,2.0,0.0,3777.0,0.0,2060.0,0.0,1100.0,0.0,1463.0,0.0,250.0,0.0,250.0,0.0,100.0,0.0,20.0,0.0,30.0,0.0,15.0,0.0,200.0,0.0,150.0,0.0,200.0,0.0,25.0,0.0,7.0,0.0,755.0,0.0,2.0,0.0,562.0,0.0,12.0,0.0,2.0,0.0,10.0,0.0,130.0,0.0,4.0,0.0,3.0,0.0,325.0,0.0,10.0,0.0,450.0,0.0,150.0,0.0,50.0,0.0,1075.0,0.0,10.0,0.0,150.0,0.0,25.0,0.0,350.0,0.0,200.0,200.0,260.0,0.0,40.0,,,0.0,10.0,0.0,1185.0,,,0.0,5.0,0.0,750.0,0.0,225.0,,,0.0,295.0,,,0.0,150.0,0.0,100.0,,,0.0,125.0,0.0,10.0
2021-03-11,0.0,50.0,0.0,400.0,0.0,150.0,0.0,25.0,0.0,675.0,0.0,80.0,,,,,80.0,40.0,0.0,1000.0,730.0,882.0,,,,,,,0.0,584.0,,,,,0.0,100.0,,,0.0,208.0,,,0.0,210.0,0.0,500.0,1500.0,825.0,0.0,415.0,0.0,2.0,0.0,3777.0,200.0,2060.0,0.0,1100.0,0.0,1463.0,100.0,300.0,0.0,250.0,0.0,100.0,0.0,20.0,0.0,30.0,0.0,15.0,0.0,200.0,0.0,150.0,0.0,200.0,0.0,25.0,0.0,7.0,0.0,755.0,0.0,2.0,0.0,562.0,0.0,12.0,0.0,2.0,0.0,10.0,0.0,130.0,0.0,4.0,0.0,3.0,0.0,325.0,0.0,10.0,0.0,450.0,0.0,150.0,0.0,50.0,0.0,1075.0,0.0,10.0,0.0,150.0,0.0,25.0,0.0,350.0,0.0,200.0,0.0,260.0,0.0,40.0,,,0.0,10.0,0.0,1185.0,,,0.0,5.0,0.0,750.0,0.0,225.0,,,0.0,295.0,,,0.0,150.0,0.0,100.0,,,0.0,125.0,0.0,10.0
2021-03-12,0.0,50.0,0.0,400.0,0.0,150.0,0.0,25.0,0.0,675.0,0.0,80.0,,,,,0.0,40.0,0.0,1000.0,0.0,617.0,,,,,,,0.0,584.0,,,,,0.0,100.0,,,0.0,208.0,,,0.0,210.0,0.0,500.0,0.0,825.0,0.0,415.0,0.0,2.0,0.0,3777.0,0.0,2060.0,0.0,1100.0,0.0,1463.0,0.0,300.0,0.0,250.0,0.0,100.0,0.0,20.0,0.0,30.0,0.0,15.0,0.0,200.0,0.0,150.0,0.0,200.0,0.0,25.0,0.0,7.0,0.0,755.0,0.0,2.0,0.0,562.0,0.0,12.0,0.0,2.0,0.0,10.0,0.0,130.0,0.0,4.0,0.0,3.0,0.0,325.0,0.0,10.0,0.0,450.0,0.0,150.0,0.0,50.0,0.0,1075.0,0.0,10.0,0.0,150.0,0.0,25.0,0.0,350.0,0.0,200.0,0.0,260.0,0.0,40.0,,,0.0,10.0,0.0,1185.0,,,0.0,5.0,0.0,750.0,0.0,225.0,,,0.0,295.0,,,0.0,150.0,0.0,100.0,,,0.0,125.0,0.0,10.0
2021-03-15,0.0,50.0,0.0,400.0,0.0,150.0,0.0,25.0,0.0,675.0,0.0,80.0,,,,,0.0,40.0,0.0,1000.0,0.0,617.0,,,,,,,0.0,584.0,,,,,0.0,100.0,,,0.0,208.0,,,0.0,210.0,0.0,500.0,0.0,825.0,0.0,415.0,0.0,2.0,0.0,3777.0,0.0,2060.0,0.0,1100.0,0.0,1463.0,0.0,300.0,0.0,250.0,0.0,100.0,0.0,20.0,0.0,30.0,0.0,15.0,0.0,200.0,0.0,150.0,0.0,200.0,0.0,25.0,0.0,7.0,0.0,755.0,0.0,2.0,0.0,562.0,0.0,12.0,0.0,2.0,0.0,10.0,0.0,130.0,0.0,4.0,0.0,3.0,0.0,325.0,0.0,10.0,0.0,450.0,0.0,150.0,0.0,50.0,0.0,1075.0,0.0,10.0,0.0,150.0,0.0,25.0,0.0,350.0,0.0,200.0,0.0,260.0,0.0,40.0,,,0.0,10.0,0.0,1185.0,,,0.0,5.0,0.0,750.0,0.0,225.0,,,0.0,295.0,,,0.0,150.0,0.0,100.0,,,0.0,125.0,0.0,10.0
2021-03-16,0.0,50.0,0.0,400.0,0.0,150.0,0.0,25.0,0.0,675.0,0.0,80.0,,,,,0.0,40.0,0.0,1000.0,0.0,617.0,,,,,,,0.0,584.0,,,,,0.0,100.0,,,0.0,208.0,,,0.0,210.0,0.0,500.0,0.0,825.0,0.0,415.0,0.0,2.0,100.0,3827.0,0.0,2060.0,0.0,1100.0,0.0,1463.0,0.0,300.0,0.0,250.0,0.0,100.0,0.0,20.0,0.0,30.0,0.0,15.0,0.0,200.0,0.0,150.0,0.0,200.0,0.0,25.0,0.0,7.0,0.0,755.0,0.0,2.0,0.0,562.0,0.0,12.0,0.0,2.0,0.0,10.0,0.0,130.0,0.0,4.0,0.0,3.0,0.0,325.0,0.0,10.0,0.0,450.0,0.0,150.0,0.0,50.0,0.0,1075.0,0.0,10.0,0.0,150.0,0.0,25.0,0.0,350.0,0.0,200.0,0.0,260.0,0.0,40.0,,,0.0,10.0,0.0,1185.0,,,0.0,5.0,0.0,750.0,0.0,225.0,,,0.0,295.0,,,0.0,150.0,0.0,100.0,,,0.0,125.0,0.0,10.0
2021-03-17,0.0,50.0,0.0,400.0,0.0,150.0,0.0,25.0,0.0,675.0,0.0,80.0,,,,,0.0,40.0,0.0,1000.0,0.0,617.0,,,,,,,0.0,584.0,,,,,0.0,100.0,,,0.0,208.0,,,0.0,210.0,0.0,500.0,0.0,825.0,0.0,415.0,0.0,2.0,100.0,3827.0,0.0,2060.0,0.0,1100.0,0.0,1463.0,0.0,300.0,0.0,250.0,0.0,100.0,0.0,20.0,0.0,30.0,0.0,15.0,0.0,200.0,0.0,150.0,0.0,200.0,0.0,25.0,0.0,7.0,0.0,755.0,0.0,2.0,0.0,562.0,0.0,12.0,0.0,2.0,0.0,10.0,0.0,130.0,0.0,4.0,0.0,3.0,0.0,325.0,0.0,10.0,0.0,450.0,0.0,150.0,0.0,50.0,0.0,1075.0,0.0,10.0,0.0,150.0,0.0,25.0,0.0,350.0,0.0,200.0,0.0,260.0,0.0,40.0,,,0.0,10.0,0.0,1185.0,,,0.0,5.0,0.0,750.0,0.0,225.0,,,0.0,295.0,,,0.0,150.0,0.0,100.0,,,0.0,125.0,0.0,10.0
2021-03-18,0.0,50.0,0.0,400.0,0.0,150.0,0.0,25.0,0.0,675.0,0.0,80.0,,,,,0.0,40.0,0.0,1000.0,0.0,617.0,,,,,,,0.0,584.0,,,,,0.0,100.0,,,0.0,208.0,,,0.0,210.0,0.0,500.0,0.0,825.0,0.0,415.0,0.0,2.0,0.0,3777.0,0.0,2060.0,0.0,1100.0,0.0,1463.0,0.0,300.0,0.0,250.0,0.0,100.0,0.0,20.0,0.0,30.0,0.0,15.0,0.0,200.0,0.0,150.0,0.0,200.0,0.0,25.0,0.0,7.0,0.0,755.0,0.0,2.0,0.0,562.0,0.0,12.0,0.0,2.0,0.0,10.0,0.0,130.0,0.0,4.0,0.0,3.0,0.0,325.0,0.0,10.0,0.0,450.0,0.0,150.0,0.0,50.0,0.0,1075.0,0.0,10.0,0.0,150.0,0.0,25.0,0.0,350.0,0.0,200.0,0.0,260.0,0.0,40.0,,,0.0,10.0,0.0,1185.0,,,0.0,5.0,0.0,750.0,0.0,225.0,,,0.0,295.0,,,0.0,150.0,0.0,100.0,,,0.0,125.0,0.0,10.0
2021-03-19,0.0,50.0,0.0,400.0,0.0,150.0,0.0,25.0,0.0,675.0,0.0,80.0,,,,,0.0,40.0,0.0,1000.0,0.0,617.0,,,,,,,0.0,584.0,,,,,0.0,100.0,,,0.0,208.0,,,0.0,210.0,0.0,500.0,0.0,825.0,0.0,415.0,0.0,2.0,0.0,3777.0,0.0,2060.0,0.0,1100.0,0.0,1463.0,0.0,300.0,0.0,250.0,0.0,100.0,0.0,20.0,0.0,30.0,0.0,15.0,0.0,200.0,0.0,150.0,0.0,200.0,0.0,25.0,0.0,7.0,0.0,755.0,0.0,2.0,0.0,562.0,0.0,12.0,0.0,2.0,0.0,10.0,0.0,130.0,0.0,4.0,0.0,3.0,0.0,325.0,0.0,10.0,60.0,480.0,0.0,150.0,0.0,50.0,0.0,1075.0,0.0,10.0,0.0,150.0,0.0,25.0,0.0,350.0,0.0,200.0,0.0,260.0,0.0,40.0,,,0.0,10.0,0.0,1185.0,,,0.0,5.0,0.0,750.0,0.0,225.0,,,0.0,295.0,,,0.0,150.0,0.0,100.0,,,0.0,125.0,0.0,10.0
2021-03-22,0.0,50.0,0.0,400.0,0.0,150.0,0.0,25.0,0.0,675.0,0.0,80.0,,,,,0.0,40.0,0.0,1000.0,0.0,617.0,,,,,,,0.0,584.0,,,,,0.0,100.0,,,0.0,208.0,,,0.0,210.0,0.0,500.0,0.0,825.0,0.0,415.0,0.0,2.0,0.0,3777.0,0.0,2060.0,0.0,1100.0,0.0,1463.0,0.0,300.0,0.0,250.0,0.0,100.0,0.0,20.0,0.0,30.0,0.0,15.0,0.0,200.0,0.0,150.0,0.0,200.0,0.0,25.0,0.0,7.0,0.0,755.0,0.0,2.0,0.0,562.0,0.0,12.0,0.0,2.0,0.0,10.0,0.0,130.0,0.0,4.0,0.0,3.0,0.0,325.0,0.0,10.0,0.0,480.0,0.0,150.0,0.0,50.0,0.0,1075.0,0.0,10.0,0.0,150.0,0.0,25.0,0.0,350.0,0.0,200.0,0.0,260.0,0.0,40.0,,,0.0,10.0,0.0,1185.0,,,0.0,5.0,0.0,750.0,0.0,225.0,,,0.0,295.0,,,0.0,150.0,0.0,100.0,,,0.0,125.0,0.0,10.0
2021-03-23,0.0,50.0,0.0,400.0,0.0,150.0,0.0,25.0,0.0,675.0,0.0,80.0,,,,,0.0,40.0,0.0,1000.0,0.0,617.0,,,,,,,0.0,584.0,,,,,0.0,100.0,,,100.0,208.0,,,0.0,210.0,0.0,500.0,0.0,825.0,0.0,415.0,0.0,2.0,0.0,3777.0,0.0,2060.0,0.0,1100.0,0.0,1463.0,0.0,300.0,0.0,250.0,0.0,100.0,0.0,20.0,0.0,30.0,0.0,15.0,0.0,200.0,0.0,150.0,0.0,200.0,0.0,25.0,0.0,7.0,0.0,755.0,0.0,2.0,0.0,562.0,0.0,12.0,0.0,2.0,0.0,10.0,0.0,130.0,0.0,4.0,0.0,3.0,0.0,325.0,0.0,10.0,0.0,480.0,0.0,150.0,0.0,50.0,0.0,1075.0,0.0,10.0,0.0,150.0,0.0,25.0,0.0,350.0,0.0,200.0,0.0,260.0,0.0,40.0,,,0.0,10.0,0.0,1185.0,,,0.0,5.0,0.0,750.0,0.0,225.0,,,0.0,295.0,,,0.0,150.0,0.0,100.0,,,0.0,125.0,0.0,10.0
2021-03-24,0.0,50.0,0.0,400.0,0.0,150.0,0.0,25.0,0.0,675.0,0.0,80.0,,,,,0.0,40.0,0.0,1000.0,0.0,617.0,,,,,,,0.0,584.0,,,,,0.0,100.0,,,0.0,208.0,,,0.0,210.0,0.0,500.0,0.0,825.0,0.0,415.0,0.0,2.0,0.0,3777.0,0.0,2060.0,0.0,1100.0,0.0,1463.0,0.0,300.0,0.0,250.0,0.0,100.0,0.0,20.0,0.0,30.0,0.0,15.0,0.0,200.0,0.0,150.0,0.0,200.0,0.0,25.0,0.0,7.0,0.0,755.0,0.0,2.0,0.0,562.0,0.0,12.0,0.0,2.0,0.0,10.0,0.0,130.0,0.0,4.0,0.0,3.0,0.0,325.0,0.0,10.0,5.0,485.0,0.0,150.0,0.0,50.0,5.0,1080.0,0.0,10.0,0.0,150.0,0.0,25.0,0.0,350.0,0.0,200.0,0.0,260.0,0.0,40.0,,,0.0,10.0,0.0,1185.0,,,0.0,5.0,0.0,750.0,0.0,225.0,,,0.0,295.0,,,0.0,150.0,0.0,100.0,,,0.0,125.0,0.0,10.0
2021-03-25,0.0,50.0,0.0,400.0,0.0,150.0,0.0,25.0,0.0,675.0,0.0,80.0,,,,,0.0,40.0,0.0,1000.0,0.0,617.0,,,,,,,0.0,584.0,,,,,0.0,100.0,,,0.0,208.0,,,0.0,210.0,0.0,500.0,0.0,825.0,0.0,415.0,0.0,2.0,0.0,3777.0,0.0,2060.0,0.0,1100.0,0.0,1463.0,0.0,300.0,0.0,250.0,0.0,100.0,0.0,20.0,0.0,30.0,0.0,15.0,0.0,200.0,0.0,150.0,0.0,200.0,0.0,25.0,0.0,7.0,0.0,755.0,0.0,2.0,0.0,562.0,0.0,12.0,0.0,2.0,0.0,10.0,0.0,130.0,0.0,4.0,0.0,3.0,0.0,325.0,0.0,10.0,0.0,485.0,0.0,150.0,0.0,50.0,0.0,1080.0,0.0,10.0,0.0,150.0,0.0,25.0,0.0,350.0,0.0,200.0,0.0,260.0,0.0,40.0,,,0.0,10.0,0.0,1185.0,,,0.0,5.0,0.0,750.0,0.0,225.0,,,0.0,295.0,,,0.0,150.0,0.0,100.0,,,0.0,125.0,0.0,10.0
2021-03-26,0.0,50.0,0.0,400.0,0.0,150.0,0.0,25.0,0.0,675.0,0.0,80.0,,,,,0.0,40.0,0.0,1000.0,0.0,617.0,,,,,,,0.0,584.0,,,,,0.0,100.0,,,0.0,208.0,,,0.0,210.0,0.0,500.0,0.0,825.0,0.0,415.0,0.0,2.0,0.0,3777.0,0.0,2060.0,0.0,1100.0,0.0,1463.0,0.0,300.0,0.0,250.0,0.0,100.0,0.0,20.0,0.0,30.0,0.0,15.0,0.0,200.0,0.0,150.0,0.0,200.0,0.0,25.0,0.0,7.0,0.0,755.0,0.0,2.0,0.0,562.0,0.0,12.0,0.0,2.0,0.0,10.0,0.0,130.0,0.0,4.0,0.0,3.0,0.0,325.0,0.0,10.0,0.0,485.0,0.0,150.0,0.0,50.0,0.0,1080.0,0.0,10.0,0.0,150.0,0.0,25.0,0.0,350.0,0.0,200.0,0.0,260.0,0.0,40.0,,,0.0,10.0,0.0,1185.0,,,0.0,5.0,0.0,750.0,0.0,225.0,,,0.0,295.0,,,0.0,150.0,0.0,100.0,,,0.0,125.0,0.0,10.0
2021-03-29,0.0,50.0,0.0,400.0,0.0,150.0,0.0,25.0,0.0,675.0,0.0,80.0,,,,,0.0,40.0,0.0,1000.0,0.0,617.0,,,,,,,0.0,584.0,,,,,0.0,100.0,,,0.0,208.0,,,0.0,210.0,0.0,500.0,0.0,825.0,0.0,415.0,0.0,2.0,0.0,3777.0,0.0,2060.0,0.0,1100.0,0.0,1463.0,0.0,300.0,0.0,250.0,0.0,100.0,0.0,20.0,0.0,30.0,0.0,15.0,0.0,200.0,0.0,150.0,0.0,200.0,0.0,25.0,0.0,7.0,0.0,755.0,0.0,2.0,0.0,562.0,0.0,12.0,0.0,2.0,0.0,10.0,0.0,130.0,0.0,4.0,0.0,3.0,0.0,325.0,0.0,10.0,0.0,485.0,0.0,150.0,0.0,50.0,0.0,1080.0,0.0,10.0,0.0,150.0,0.0,25.0,0.0,350.0,0.0,200.0,0.0,260.0,0.0,40.0,,,0.0,10.0,0.0,1185.0,,,0.0,5.0,0.0,750.0,0.0,225.0,,,0.0,295.0,,,0.0,150.0,0.0,100.0,,,0.0,125.0,0.0,10.0
2021-03-30,0.0,50.0,0.0,400.0,0.0,150.0,0.0,25.0,0.0,675.0,0.0,80.0,,,,,0.0,40.0,0.0,1000.0,0.0,617.0,,,,,,,0.0,584.0,,,,,0.0,100.0,,,0.0,208.0,,,0.0,210.0,0.0,500.0,0.0,825.0,0.0,415.0,0.0,2.0,0.0,3777.0,0.0,2060.0,0.0,1100.0,0.0,1463.0,0.0,300.0,0.0,250.0,0.0,100.0,0.0,20.0,0.0,30.0,0.0,15.0,0.0,200.0,0.0,150.0,0.0,200.0,0.0,25.0,0.0,7.0,0.0,755.0,0.0,2.0,0.0,562.0,0.0,12.0,0.0,2.0,0.0,10.0,0.0,130.0,0.0,4.0,0.0,3.0,0.0,325.0,0.0,10.0,0.0,485.0,0.0,150.0,0.0,50.0,0.0,1080.0,0.0,10.0,0.0,150.0,0.0,25.0,0.0,350.0,0.0,200.0,0.0,260.0,0.0,40.0,,,0.0,10.0,0.0,1185.0,,,0.0,5.0,0.0,750.0,0.0,225.0,,,0.0,295.0,,,0.0,150.0,0.0,100.0,,,0.0,125.0,0.0,10.0
2021-03-31,0.0,50.0,0.0,400.0,0.0,150.0,0.0,25.0,0.0,675.0,0.0,80.0,,,,,0.0,40.0,0.0,1000.0,10.0,627.0,,,,,,,0.0,584.0,,,,,0.0,100.0,,,0.0,208.0,,,0.0,210.0,0.0,500.0,0.0,825.0,0.0,415.0,0.0,2.0,0.0,3777.0,0.0,2060.0,0.0,1100.0,0.0,1463.0,0.0,300.0,0.0,250.0,0.0,100.0,0.0,20.0,0.0,30.0,0.0,15.0,0.0,200.0,0.0,150.0,0.0,200.0,0.0,25.0,0.0,7.0,0.0,755.0,0.0,2.0,0.0,562.0,0.0,12.0,0.0,2.0,0.0,10.0,0.0,130.0,0.0,4.0,0.0,3.0,0.0,325.0,0.0,10.0,0.0,485.0,0.0,150.0,0.0,50.0,10.0,1080.0,0.0,10.0,0.0,150.0,0.0,25.0,0.0,350.0,0.0,200.0,0.0,260.0,0.0,40.0,,,0.0,10.0,0.0,1185.0,,,0.0,5.0,0.0,750.0,0.0,225.0,,,0.0,295.0,,,0.0,150.0,0.0,100.0,,,0.0,125.0,0.0,10.0
2021-04-01,0.0,50.0,0.0,400.0,0.0,150.0,0.0,25.0,0.0,675.0,0.0,80.0,,,,,0.0,40.0,0.0,1000.0,0.0,627.0,,,10.0,10.0,,,0.0,584.0,,,,,0.0,100.0,,,0.0,208.0,,,0.0,210.0,0.0,500.0,0.0,825.0,0.0,415.0,0.0,2.0,0.0,3777.0,0.0,2060.0,0.0,1100.0,0.0,1463.0,0.0,300.0,0.0,250.0,0.0,100.0,0.0,20.0,0.0,30.0,0.0,15.0,0.0,200.0,0.0,150.0,0.0,200.0,0.0,25.0,0.0,7.0,0.0,755.0,0.0,2.0,0.0,562.0,0.0,12.0,0.0,2.0,0.0,10.0,0.0,130.0,0.0,4.0,0.0,3.0,0.0,325.0,0.0,10.0,0.0,485.0,0.0,150.0,0.0,50.0,600.0,855.0,0.0,10.0,0.0,150.0,0.0,25.0,0.0,350.0,0.0,200.0,70.0,295.0,0.0,40.0,,,0.0,10.0,0.0,1185.0,,,0.0,5.0,0.0,750.0,0.0,225.0,,,0.0,295.0,,,0.0,150.0,0.0,100.0,,,0.0,125.0,0.0,10.0
2021-04-06,0.0,50.0,0.0,400.0,0.0,150.0,0.0,25.0,0.0,675.0,0.0,80.0,,,,,0.0,40.0,0.0,1000.0,0.0,627.0,,,0.0,10.0,,,0.0,584.0,,,10.0,10.0,0.0,100.0,,,0.0,208.0,,,0.0,210.0,0.0,500.0,0.0,825.0,0.0,415.0,0.0,2.0,0.0,3777.0,0.0,2060.0,0.0,1100.0,0.0,1463.0,0.0,300.0,0.0,250.0,0.0,100.0,0.0,20.0,0.0,30.0,0.0,15.0,0.0,200.0,0.0,150.0,0.0,200.0,0.0,25.0,0.0,7.0,0.0,755.0,0.0,2.0,0.0,562.0,0.0,12.0,0.0,2.0,0.0,10.0,0.0,130.0,0.0,4.0,0.0,3.0,150.0,375.0,0.0,10.0,0.0,485.0,0.0,150.0,0.0,50.0,0.0,805.0,0.0,10.0,0.0,150.0,0.0,25.0,0.0,350.0,0.0,200.0,0.0,295.0,0.0,40.0,,,0.0,10.0,0.0,1185.0,,,0.0,5.0,0.0,750.0,0.0,225.0,,,0.0,295.0,,,0.0,150.0,0.0,100.0,,,0.0,125.0,0.0,10.0
2021-04-07,0.0,50.0,0.0,400.0,0.0,150.0,0.0,25.0,250.0,925.0,0.0,80.0,,,,,0.0,40.0,0.0,1000.0,12.0,629.0,,,0.0,10.0,,,1000.0,1084.0,,,0.0,10.0,0.0,100.0,,,0.0,208.0,,,1000.0,710.0,0.0,500.0,450.0,925.0,0.0,415.0,0.0,2.0,0.0,3777.0,0.0,2060.0,0.0,1100.0,0.0,1463.0,0.0,300.0,0.0,250.0,0.0,100.0,0.0,20.0,0.0,30.0,0.0,15.0,0.0,200.0,0.0,150.0,0.0,200.0,0.0,25.0,0.0,7.0,0.0,755.0,0.0,2.0,0.0,562.0,0.0,12.0,0.0,2.0,0.0,10.0,0.0,130.0,0.0,4.0,0.0,3.0,150.0,375.0,0.0,10.0,0.0,485.0,0.0,150.0,0.0,50.0,0.0,805.0,0.0,10.0,0.0,150.0,0.0,25.0,40.0,370.0,0.0,200.0,40.0,315.0,0.0,40.0,,,0.0,10.0,0.0,1185.0,,,0.0,5.0,0.0,750.0,0.0,225.0,,,0.0,295.0,,,0.0,150.0,0.0,100.0,,,0.0,125.0,0.0,10.0
2021-04-08,0.0,50.0,0.0,400.0,0.0,150.0,0.0,25.0,0.0,925.0,0.0,80.0,,,,,0.0,40.0,0.0,1000.0,0.0,629.0,,,0.0,10.0,,,300.0,1084.0,,,0.0,10.0,0.0,100.0,,,0.0,208.0,,,0.0,710.0,0.0,500.0,0.0,925.0,0.0,415.0,0.0,2.0,600.0,3977.0,0.0,2060.0,0.0,1100.0,0.0,1463.0,0.0,300.0,0.0,250.0,0.0,100.0,0.0,20.0,0.0,30.0,0.0,15.0,0.0,200.0,0.0,150.0,0.0,200.0,0.0,25.0,0.0,7.0,0.0,755.0,0.0,2.0,0.0,562.0,0.0,12.0,0.0,2.0,0.0,10.0,0.0,130.0,0.0,4.0,0.0,3.0,0.0,325.0,0.0,10.0,0.0,485.0,0.0,150.0,0.0,50.0,600.0,805.0,0.0,10.0,0.0,150.0,0.0,25.0,0.0,370.0,0.0,200.0,0.0,315.0,0.0,40.0,,,0.0,10.0,0.0,1185.0,,,0.0,5.0,0.0,750.0,0.0,225.0,,,0.0,295.0,,,0.0,150.0,0.0,100.0,,,0.0,125.0,0.0,10.0
2021-04-09,0.0,50.0,0.0,400.0,0.0,150.0,0.0,25.0,500.0,1175.0,0.0,80.0,,,,,0.0,40.0,0.0,1000.0,0.0,629.0,,,0.0,10.0,,,0.0,1084.0,,,0.0,10.0,0.0,100.0,,,0.0,208.0,,,0.0,710.0,0.0,500.0,0.0,925.0,0.0,415.0,0.0,2.0,0.0,3977.0,0.0,2060.0,0.0,1100.0,0.0,1463.0,0.0,300.0,0.0,250.0,0.0,100.0,0.0,20.0,0.0,30.0,0.0,15.0,0.0,200.0,0.0,150.0,0.0,200.0,0.0,25.0,0.0,7.0,0.0,755.0,0.0,2.0,0.0,562.0,0.0,12.0,0.0,2.0,0.0,10.0,0.0,130.0,0.0,4.0,0.0,3.0,0.0,325.0,0.0,10.0,0.0,485.0,0.0,150.0,0.0,50.0,0.0,805.0,0.0,10.0,0.0,150.0,0.0,25.0,0.0,370.0,0.0,200.0,0.0,315.0,0.0,40.0,,,0.0,10.0,0.0,1185.0,,,0.0,5.0,0.0,750.0,0.0,225.0,,,0.0,295.0,,,0.0,150.0,0.0,100.0,,,0.0,125.0,0.0,10.0
2021-04-12,0.0,50.0,0.0,400.0,0.0,150.0,0.0,25.0,0.0,675.0,0.0,80.0,,,,,0.0,40.0,0.0,1000.0,141.0,676.0,,,0.0,10.0,,,0.0,1084.0,,,0.0,10.0,0.0,100.0,,,0.0,208.0,,,0.0,710.0,0.0,500.0,0.0,925.0,0.0,415.0,0.0,2.0,0.0,3237.0,0.0,2060.0,0.0,1100.0,126.0,1495.0,0.0,300.0,0.0,250.0,0.0,100.0,0.0,20.0,0.0,30.0,0.0,15.0,0.0,200.0,0.0,150.0,0.0,200.0,0.0,25.0,0.0,7.0,0.0,755.0,0.0,2.0,0.0,562.0,0.0,12.0,0.0,2.0,0.0,10.0,0.0,130.0,0.0,4.0,0.0,3.0,0.0,325.0,0.0,10.0,0.0,485.0,0.0,150.0,0.0,50.0,25.0,805.0,0.0,10.0,0.0,150.0,0.0,25.0,0.0,370.0,0.0,200.0,0.0,315.0,0.0,40.0,,,450.0,160.0,0.0,1185.0,,,0.0,5.0,0.0,750.0,0.0,225.0,,,0.0,295.0,,,0.0,150.0,0.0,100.0,,,0.0,125.0,0.0,10.0
2021-04-13,0.0,50.0,0.0,400.0,0.0,150.0,0.0,25.0,0.0,675.0,0.0,80.0,,,,,0.0,40.0,0.0,1000.0,0.0,629.0,,,0.0,10.0,,,0.0,1084.0,,,0.0,10.0,0.0,100.0,,,0.0,208.0,,,0.0,710.0,0.0,500.0,0.0,925.0,0.0,415.0,0.0,2.0,0.0,3237.0,0.0,2060.0,0.0,1100.0,0.0,1448.0,0.0,300.0,0.0,250.0,0.0,100.0,0.0,20.0,0.0,30.0,0.0,15.0,0.0,200.0,0.0,150.0,0.0,200.0,0.0,25.0,0.0,7.0,0.0,755.0,0.0,2.0,0.0,562.0,0.0,12.0,0.0,2.0,0.0,10.0,0.0,130.0,0.0,4.0,0.0,3.0,0.0,325.0,0.0,10.0,0.0,485.0,0.0,150.0,0.0,50.0,0.0,805.0,0.0,10.0,0.0,150.0,0.0,25.0,0.0,370.0,0.0,200.0,0.0,315.0,0.0,40.0,,,0.0,160.0,0.0,1185.0,,,0.0,5.0,0.0,750.0,0.0,225.0,,,0.0,295.0,,,0.0,150.0,0.0,100.0,,,0.0,125.0,0.0,10.0
2021-04-14,0.0,50.0,0.0,400.0,0.0,150.0,0.0,25.0,0.0,675.0,0.0,80.0,,,,,0.0,40.0,0.0,1000.0,0.0,629.0,,,0.0,10.0,,,0.0,1084.0,,,0.0,10.0,0.0,100.0,,,0.0,208.0,,,0.0,710.0,0.0,500.0,0.0,925.0,0.0,415.0,0.0,2.0,0.0,3237.0,0.0,2060.0,0.0,1100.0,0.0,1448.0,0.0,300.0,0.0,250.0,0.0,100.0,0.0,20.0,0.0,30.0,0.0,15.0,0.0,200.0,0.0,150.0,0.0,200.0,0.0,25.0,0.0,7.0,0.0,755.0,0.0,2.0,0.0,562.0,0.0,12.0,0.0,2.0,0.0,10.0,0.0,130.0,0.0,4.0,0.0,3.0,0.0,325.0,0.0,10.0,0.0,485.0,0.0,150.0,0.0,50.0,0.0,805.0,0.0,10.0,0.0,150.0,0.0,25.0,0.0,370.0,0.0,200.0,0.0,315.0,0.0,40.0,,,0.0,160.0,0.0,1185.0,,,0.0,5.0,0.0,750.0,0.0,225.0,,,0.0,295.0,,,0.0,150.0,0.0,100.0,,,0.0,125.0,0.0,10.0
2021-04-15,0.0,50.0,0.0,400.0,0.0,150.0,0.0,25.0,0.0,675.0,0.0,80.0,,,,,0.0,40.0,100.0,1000.0,300.0,772.0,,,0.0,10.0,,,0.0,1084.0,,,0.0,10.0,0.0,100.0,,,0.0,208.0,,,0.0,710.0,0.0,500.0,800.0,1225.0,0.0,415.0,0.0,2.0,0.0,3237.0,0.0,2060.0,0.0,1100.0,0.0,1448.0,0.0,300.0,0.0,250.0,0.0,100.0,0.0,20.0,0.0,30.0,0.0,15.0,0.0,200.0,0.0,150.0,0.0,200.0,0.0,25.0,0.0,7.0,0.0,755.0,0.0,2.0,0.0,562.0,0.0,12.0,0.0,2.0,0.0,10.0,0.0,130.0,0.0,4.0,0.0,3.0,0.0,325.0,0.0,10.0,0.0,485.0,0.0,150.0,0.0,50.0,0.0,805.0,0.0,10.0,0.0,150.0,0.0,25.0,0.0,370.0,0.0,200.0,110.0,350.0,0.0,40.0,,,0.0,160.0,0.0,1185.0,,,0.0,5.0,0.0,750.0,0.0,225.0,,,0.0,295.0,,,0.0,150.0,0.0,100.0,,,0.0,125.0,0.0,10.0
2021-04-16,0.0,50.0,0.0,400.0,0.0,150.0,0.0,25.0,0.0,675.0,0.0,80.0,,,,,0.0,40.0,0.0,1000.0,0.0,772.0,,,200.0,110.0,,,0.0,1084.0,,,0.0,10.0,0.0,100.0,,,0.0,208.0,,,0.0,710.0,0.0,500.0,0.0,825.0,0.0,415.0,0.0,2.0,0.0,3237.0,0.0,2060.0,0.0,1100.0,0.0,1448.0,0.0,300.0,0.0,250.0,0.0,100.0,0.0,20.0,0.0,30.0,0.0,15.0,0.0,200.0,0.0,150.0,0.0,200.0,0.0,25.0,0.0,7.0,0.0,755.0,0.0,2.0,0.0,562.0,0.0,12.0,0.0,2.0,0.0,10.0,0.0,130.0,0.0,4.0,0.0,3.0,0.0,325.0,0.0,10.0,0.0,485.0,0.0,150.0,0.0,50.0,0.0,805.0,0.0,10.0,0.0,150.0,0.0,25.0,0.0,370.0,0.0,200.0,100.0,295.0,0.0,40.0,,,0.0,160.0,0.0,1185.0,,,0.0,5.0,0.0,750.0,0.0,225.0,,,0.0,295.0,,,0.0,150.0,0.0,100.0,,,0.0,125.0,0.0,10.0
2021-04-19,0.0,50.0,0.0,400.0,0.0,150.0,0.0,25.0,0.0,675.0,0.0,80.0,,,,,0.0,40.0,0.0,1000.0,5.0,777.0,,,0.0,110.0,,,0.0,1084.0,,,0.0,10.0,0.0,100.0,,,0.0,208.0,,,90.0,755.0,0.0,500.0,0.0,825.0,0.0,415.0,0.0,2.0,0.0,3237.0,0.0,2060.0,0.0,1100.0,0.0,1448.0,0.0,300.0,0.0,250.0,0.0,100.0,0.0,20.0,0.0,30.0,0.0,15.0,0.0,200.0,0.0,150.0,0.0,200.0,0.0,25.0,0.0,7.0,0.0,755.0,0.0,2.0,0.0,562.0,0.0,12.0,0.0,2.0,0.0,10.0,0.0,130.0,0.0,4.0,0.0,3.0,0.0,325.0,0.0,10.0,150.0,530.0,0.0,150.0,0.0,50.0,0.0,805.0,0.0,10.0,0.0,150.0,0.0,25.0,0.0,370.0,0.0,200.0,0.0,295.0,0.0,40.0,,,0.0,160.0,0.0,1185.0,,,0.0,5.0,0.0,750.0,50.0,250.0,,,0.0,295.0,,,0.0,150.0,0.0,100.0,,,0.0,125.0,0.0,10.0
2021-04-20,0.0,50.0,0.0,400.0,0.0,150.0,0.0,25.0,0.0,675.0,0.0,80.0,,,,,0.0,40.0,0.0,1000.0,0.0,777.0,,,0.0,110.0,,,0.0,1084.0,,,0.0,10.0,0.0,100.0,,,0.0,208.0,,,40.0,755.0,0.0,500.0,0.0,825.0,0.0,415.0,0.0,2.0,0.0,3237.0,0.0,2060.0,0.0,1100.0,0.0,1448.0,0.0,300.0,0.0,250.0,0.0,100.0,0.0,20.0,0.0,30.0,0.0,15.0,0.0,200.0,0.0,150.0,0.0,200.0,0.0,25.0,0.0,7.0,0.0,755.0,0.0,2.0,0.0,562.0,0.0,12.0,0.0,2.0,0.0,10.0,0.0,130.0,0.0,4.0,0.0,3.0,0.0,325.0,0.0,10.0,40.0,500.0,0.0,150.0,0.0,50.0,420.0,1005.0,0.0,10.0,0.0,150.0,0.0,25.0,0.0,370.0,0.0,200.0,0.0,295.0,0.0,40.0,,,300.0,310.0,0.0,1185.0,,,0.0,5.0,0.0,750.0,0.0,225.0,,,0.0,295.0,,,0.0,150.0,0.0,100.0,,,0.0,125.0,0.0,10.0
2021-04-21,0.0,50.0,0.0,400.0,0.0,150.0,0.0,25.0,0.0,675.0,0.0,80.0,,,100.0,50.0,0.0,40.0,0.0,1000.0,0.0,777.0,,,0.0,110.0,,,500.0,1584.0,,,200.0,100.0,0.0,100.0,,,0.0,208.0,,,0.0,755.0,0.0,500.0,0.0,825.0,0.0,415.0,0.0,2.0,0.0,3237.0,0.0,2060.0,0.0,1100.0,0.0,1448.0,0.0,300.0,0.0,250.0,0.0,100.0,0.0,20.0,0.0,30.0,0.0,15.0,0.0,200.0,0.0,150.0,0.0,200.0,0.0,25.0,0.0,7.0,0.0,755.0,0.0,2.0,0.0,562.0,0.0,12.0,0.0,2.0,0.0,10.0,0.0,130.0,0.0,4.0,0.0,3.0,0.0,325.0,0.0,10.0,0.0,500.0,0.0,150.0,0.0,50.0,0.0,805.0,0.0,10.0,0.0,150.0,0.0,25.0,0.0,370.0,0.0,200.0,0.0,295.0,0.0,40.0,100.0,50.0,0.0,160.0,0.0,1185.0,,,0.0,5.0,0.0,750.0,0.0,225.0,,,0.0,295.0,,,0.0,150.0,0.0,100.0,,,0.0,125.0,0.0,10.0
2021-04-22,0.0,50.0,0.0,400.0,0.0,150.0,0.0,25.0,150.0,675.0,0.0,80.0,,,0.0,50.0,0.0,40.0,0.0,1000.0,0.0,777.0,,,0.0,110.0,,,700.0,1784.0,,,0.0,100.0,0.0,100.0,,,0.0,208.0,,,210.0,710.0,0.0,500.0,0.0,825.0,0.0,415.0,0.0,2.0,0.0,3237.0,0.0,2060.0,0.0,1100.0,0.0,1448.0,0.0,300.0,0.0,250.0,0.0,100.0,0.0,20.0,0.0,30.0,0.0,15.0,0.0,200.0,0.0,150.0,0.0,200.0,0.0,25.0,0.0,7.0,0.0,755.0,0.0,2.0,0.0,562.0,0.0,12.0,0.0,2.0,0.0,10.0,0.0,130.0,0.0,4.0,0.0,3.0,0.0,325.0,0.0,10.0,210.0,455.0,0.0,150.0,0.0,50.0,0.0,805.0,0.0,10.0,0.0,150.0,0.0,25.0,0.0,370.0,0.0,200.0,0.0,295.0,0.0,40.0,0.0,50.0,0.0,160.0,0.0,1185.0,,,0.0,5.0,0.0,750.0,0.0,225.0,,,0.0,295.0,,,0.0,150.0,0.0,100.0,,,0.0,125.0,0.0,10.0
2021-04-23,0.0,50.0,0.0,400.0,0.0,150.0,0.0,25.0,0.0,675.0,0.0,80.0,50.0,25.0,0.0,50.0,0.0,40.0,0.0,1000.0,0.0,777.0,300.0,100.0,0.0,110.0,,,200.0,1784.0,,,0.0,100.0,0.0,100.0,,,40.0,224.0,300.0,100.0,0.0,710.0,0.0,500.0,0.0,825.0,0.0,415.0,0.0,2.0,0.0,3237.0,0.0,2060.0,0.0,1100.0,0.0,1448.0,0.0,300.0,0.0,250.0,0.0,100.0,0.0,20.0,0.0,30.0,0.0,15.0,0.0,200.0,0.0,150.0,0.0,200.0,0.0,25.0,0.0,7.0,0.0,755.0,0.0,2.0,0.0,562.0,0.0,12.0,0.0,2.0,0.0,10.0,0.0,130.0,0.0,4.0,0.0,3.0,0.0,325.0,0.0,10.0,16.0,463.0,24.0,156.0,0.0,50.0,0.0,805.0,0.0,10.0,0.0,150.0,0.0,25.0,0.0,370.0,0.0,200.0,275.0,420.0,0.0,40.0,0.0,50.0,0.0,160.0,0.0,1185.0,,,0.0,5.0,0.0,750.0,0.0,225.0,,,0.0,295.0,,,0.0,150.0,0.0,100.0,,,0.0,125.0,0.0,10.0
2021-04-26,0.0,50.0,0.0,400.0,0.0,150.0,0.0,25.0,0.0,675.0,0.0,80.0,0.0,25.0,0.0,50.0,0.0,40.0,0.0,1000.0,0.0,777.0,0.0,100.0,0.0,110.0,,,200.0,1284.0,,,0.0,100.0,0.0,100.0,,,0.0,214.0,0.0,100.0,0.0,710.0,0.0,500.0,0.0,825.0,0.0,415.0,0.0,2.0,0.0,3237.0,0.0,2060.0,0.0,1100.0,0.0,1448.0,0.0,300.0,0.0,250.0,0.0,100.0,0.0,20.0,0.0,30.0,0.0,15.0,0.0,200.0,0.0,150.0,0.0,200.0,0.0,25.0,0.0,7.0,0.0,755.0,0.0,2.0,0.0,562.0,0.0,12.0,0.0,2.0,0.0,10.0,0.0,130.0,0.0,4.0,0.0,3.0,0.0,325.0,0.0,10.0,200.0,509.0,0.0,150.0,0.0,50.0,40.0,815.0,0.0,10.0,0.0,150.0,0.0,25.0,10.0,380.0,0.0,200.0,0.0,420.0,0.0,40.0,0.0,50.0,0.0,160.0,0.0,1185.0,,,0.0,5.0,0.0,750.0,0.0,225.0,,,0.0,295.0,,,0.0,150.0,0.0,100.0,,,0.0,125.0,0.0,10.0
2021-04-27,0.0,50.0,0.0,400.0,0.0,150.0,0.0,25.0,0.0,675.0,0.0,80.0,0.0,25.0,0.0,50.0,0.0,40.0,0.0,1000.0,0.0,777.0,0.0,100.0,0.0,110.0,,,0.0,1284.0,,,0.0,100.0,0.0,100.0,,,500.0,331.0,0.0,100.0,0.0,710.0,0.0,500.0,150.0,825.0,150.0,559.0,0.0,2.0,1600.0,3837.0,0.0,2060.0,0.0,1100.0,0.0,1448.0,0.0,300.0,0.0,250.0,0.0,100.0,0.0,20.0,0.0,30.0,0.0,15.0,0.0,200.0,0.0,150.0,0.0,200.0,0.0,25.0,0.0,7.0,0.0,755.0,0.0,2.0,0.0,562.0,0.0,12.0,0.0,2.0,0.0,10.0,0.0,130.0,0.0,4.0,0.0,3.0,0.0,325.0,0.0,10.0,0.0,509.0,0.0,150.0,0.0,50.0,0.0,795.0,0.0,10.0,0.0,150.0,0.0,25.0,40.0,380.0,0.0,200.0,0.0,420.0,0.0,40.0,0.0,50.0,0.0,160.0,0.0,1185.0,,,0.0,5.0,0.0,750.0,0.0,225.0,,,0.0,295.0,,,0.0,150.0,0.0,100.0,,,0.0,125.0,0.0,10.0
2021-04-28,0.0,50.0,0.0,400.0,0.0,150.0,0.0,25.0,20.0,675.0,0.0,80.0,0.0,25.0,0.0,50.0,0.0,40.0,0.0,1000.0,0.0,777.0,0.0,100.0,90.0,110.0,50.0,25.0,400.0,1484.0,,,0.0,100.0,0.0,100.0,,,380.0,371.0,0.0,100.0,0.0,710.0,0.0,500.0,400.0,975.0,0.0,559.0,0.0,2.0,900.0,4037.0,0.0,2060.0,0.0,1100.0,0.0,1448.0,0.0,300.0,0.0,250.0,0.0,100.0,0.0,20.0,0.0,30.0,0.0,15.0,0.0,200.0,0.0,150.0,0.0,200.0,0.0,25.0,0.0,7.0,0.0,755.0,0.0,2.0,0.0,562.0,0.0,12.0,0.0,2.0,0.0,10.0,0.0,130.0,0.0,4.0,0.0,3.0,0.0,325.0,0.0,10.0,40.0,525.0,0.0,150.0,0.0,50.0,0.0,795.0,0.0,10.0,0.0,150.0,0.0,25.0,200.0,410.0,0.0,200.0,355.0,685.0,0.0,40.0,0.0,50.0,0.0,160.0,100.0,1235.0,,,0.0,5.0,0.0,750.0,0.0,225.0,90.0,45.0,0.0,295.0,,,0.0,150.0,0.0,100.0,,,0.0,125.0,0.0,10.0
2021-04-29,0.0,50.0,0.0,400.0,0.0,150.0,0.0,25.0,0.0,665.0,0.0,80.0,0.0,25.0,0.0,50.0,0.0,40.0,0.0,1000.0,0.0,777.0,0.0,100.0,0.0,110.0,0.0,25.0,0.0,1284.0,,,0.0,100.0,0.0,100.0,,,1009.0,654.0,0.0,100.0,0.0,710.0,0.0,500.0,909.0,1175.0,0.0,559.0,0.0,2.0,0.0,4037.0,0.0,2060.0,0.0,1100.0,0.0,1448.0,0.0,300.0,0.0,250.0,0.0,100.0,0.0,20.0,0.0,30.0,0.0,15.0,0.0,200.0,0.0,150.0,0.0,200.0,0.0,25.0,0.0,7.0,0.0,755.0,0.0,2.0,0.0,562.0,0.0,12.0,0.0,2.0,0.0,10.0,0.0,130.0,0.0,4.0,0.0,3.0,0.0,325.0,0.0,10.0,0.0,505.0,0.0,150.0,0.0,50.0,0.0,795.0,0.0,10.0,0.0,150.0,0.0,25.0,0.0,360.0,0.0,200.0,0.0,665.0,0.0,40.0,0.0,50.0,0.0,160.0,100.0,1235.0,,,0.0,5.0,0.0,750.0,2.0,227.0,0.0,45.0,0.0,295.0,,,0.0,150.0,0.0,100.0,,,0.0,125.0,0.0,10.0
2021-04-30,0.0,50.0,0.0,400.0,0.0,150.0,0.0,25.0,0.0,665.0,0.0,80.0,0.0,25.0,0.0,50.0,0.0,40.0,0.0,1000.0,0.0,777.0,0.0,100.0,0.0,110.0,0.0,25.0,0.0,1284.0,,,0.0,100.0,0.0,100.0,,,0.0,654.0,0.0,100.0,0.0,710.0,0.0,500.0,12.0,1128.0,0.0,559.0,0.0,2.0,0.0,4037.0,0.0,2060.0,0.0,1100.0,0.0,1448.0,0.0,300.0,0.0,250.0,0.0,100.0,0.0,20.0,0.0,30.0,0.0,15.0,0.0,200.0,0.0,150.0,0.0,200.0,0.0,25.0,0.0,7.0,0.0,755.0,0.0,2.0,0.0,562.0,0.0,12.0,0.0,2.0,0.0,10.0,0.0,130.0,0.0,4.0,0.0,3.0,0.0,325.0,0.0,10.0,0.0,505.0,0.0,150.0,0.0,50.0,150.0,845.0,0.0,10.0,0.0,150.0,0.0,25.0,0.0,360.0,0.0,200.0,66.0,698.0,0.0,40.0,0.0,50.0,0.0,160.0,0.0,1235.0,,,0.0,5.0,0.0,750.0,200.0,327.0,0.0,45.0,0.0,295.0,,,0.0,150.0,0.0,100.0,,,0.0,125.0,0.0,10.0
2021-05-04,0.0,50.0,0.0,400.0,0.0,150.0,0.0,25.0,0.0,665.0,0.0,80.0,0.0,25.0,0.0,50.0,0.0,40.0,0.0,1000.0,0.0,777.0,0.0,100.0,0.0,110.0,0.0,25.0,800.0,1634.0,100.0,50.0,0.0,100.0,0.0,100.0,,,0.0,654.0,0.0,100.0,500.0,960.0,0.0,500.0,0.0,1125.0,0.0,559.0,0.0,2.0,150.0,4087.0,0.0,2060.0,0.0,1100.0,0.0,1448.0,0.0,300.0,0.0,250.0,0.0,100.0,0.0,20.0,0.0,30.0,0.0,15.0,0.0,200.0,0.0,150.0,0.0,200.0,0.0,25.0,0.0,7.0,0.0,755.0,0.0,2.0,0.0,562.0,0.0,12.0,0.0,2.0,0.0,10.0,0.0,130.0,0.0,4.0,0.0,3.0,0.0,325.0,0.0,10.0,0.0,505.0,0.0,150.0,0.0,50.0,0.0,795.0,0.0,10.0,0.0,150.0,0.0,25.0,0.0,360.0,0.0,200.0,0.0,694.0,0.0,40.0,0.0,50.0,0.0,160.0,16.0,1243.0,,,0.0,5.0,0.0,750.0,205.0,327.0,0.0,45.0,0.0,295.0,100.0,50.0,0.0,150.0,0.0,100.0,,,0.0,125.0,0.0,10.0
2021-05-05,0.0,50.0,0.0,400.0,0.0,150.0,0.0,25.0,0.0,665.0,0.0,80.0,0.0,25.0,0.0,50.0,0.0,40.0,0.0,1000.0,0.0,777.0,0.0,100.0,0.0,110.0,0.0,25.0,0.0,1634.0,0.0,50.0,100.0,150.0,240.0,220.0,,,300.0,654.0,0.0,100.0,700.0,960.0,0.0,500.0,0.0,1125.0,0.0,559.0,16.0,10.0,750.0,4237.0,0.0,2060.0,0.0,1100.0,200.0,1498.0,0.0,300.0,0.0,250.0,0.0,100.0,0.0,20.0,0.0,30.0,0.0,15.0,0.0,200.0,0.0,150.0,0.0,200.0,0.0,25.0,0.0,7.0,0.0,755.0,0.0,2.0,0.0,562.0,0.0,12.0,0.0,2.0,0.0,10.0,0.0,130.0,0.0,4.0,0.0,3.0,0.0,325.0,0.0,10.0,0.0,505.0,0.0,150.0,0.0,50.0,0.0,795.0,0.0,10.0,0.0,150.0,0.0,25.0,0.0,360.0,0.0,200.0,400.0,744.0,0.0,40.0,0.0,50.0,0.0,160.0,16.0,1243.0,,,0.0,5.0,0.0,750.0,400.0,527.0,0.0,45.0,0.0,295.0,0.0,50.0,0.0,150.0,240.0,220.0,,,0.0,125.0,0.0,10.0
2021-05-06,0.0,50.0,0.0,400.0,0.0,150.0,0.0,25.0,0.0,665.0,0.0,80.0,0.0,25.0,0.0,50.0,0.0,40.0,0.0,1000.0,0.0,777.0,0.0,100.0,0.0,110.0,0.0,25.0,350.0,1684.0,0.0,50.0,0.0,150.0,0.0,220.0,,,0.0,554.0,0.0,100.0,0.0,960.0,0.0,500.0,10.0,1135.0,0.0,559.0,0.0,6.0,4005.0,5572.0,4005.0,3395.0,0.0,1100.0,0.0,1398.0,0.0,300.0,0.0,250.0,0.0,100.0,0.0,20.0,0.0,30.0,0.0,15.0,0.0,200.0,0.0,150.0,0.0,200.0,0.0,25.0,0.0,7.0,0.0,755.0,0.0,2.0,0.0,562.0,0.0,12.0,0.0,2.0,0.0,10.0,0.0,130.0,0.0,4.0,0.0,3.0,0.0,325.0,0.0,10.0,0.0,505.0,0.0,150.0,0.0,50.0,0.0,795.0,0.0,10.0,0.0,150.0,0.0,25.0,0.0,360.0,0.0,200.0,4.0,744.0,0.0,40.0,0.0,50.0,0.0,160.0,0.0,1239.0,,,0.0,5.0,0.0,750.0,0.0,527.0,10.0,55.0,0.0,295.0,0.0,50.0,0.0,150.0,0.0,220.0,,,0.0,125.0,0.0,10.0
2021-05-07,0.0,50.0,0.0,400.0,0.0,150.0,0.0,25.0,0.0,665.0,0.0,80.0,0.0,25.0,0.0,50.0,0.0,40.0,0.0,1000.0,0.0,777.0,0.0,100.0,0.0,110.0,0.0,25.0,0.0,1484.0,0.0,50.0,0.0,150.0,0.0,220.0,,,100.0,579.0,0.0,100.0,50.0,960.0,0.0,500.0,600.0,1285.0,0.0,559.0,0.0,6.0,2400.0,4487.0,450.0,2060.0,0.0,1100.0,0.0,1398.0,0.0,300.0,0.0,250.0,0.0,100.0,0.0,20.0,0.0,30.0,0.0,15.0,0.0,200.0,0.0,150.0,0.0,200.0,0.0,25.0,0.0,7.0,0.0,755.0,0.0,2.0,0.0,562.0,0.0,12.0,0.0,2.0,0.0,10.0,0.0,130.0,0.0,4.0,0.0,3.0,0.0,325.0,0.0,10.0,0.0,505.0,0.0,150.0,0.0,50.0,0.0,795.0,0.0,10.0,0.0,150.0,0.0,25.0,0.0,360.0,0.0,200.0,0.0,744.0,0.0,40.0,0.0,50.0,0.0,160.0,0.0,1239.0,,,0.0,5.0,0.0,750.0,0.0,527.0,0.0,55.0,0.0,295.0,0.0,50.0,0.0,150.0,0.0,220.0,,,0.0,125.0,0.0,10.0
2021-05-10,0.0,50.0,0.0,400.0,0.0,150.0,0.0,25.0,0.0,665.0,0.0,80.0,0.0,25.0,0.0,50.0,0.0,40.0,0.0,1000.0,0.0,777.0,0.0,100.0,0.0,110.0,0.0,25.0,0.0,1484.0,0.0,50.0,0.0,150.0,0.0,220.0,,,0.0,579.0,0.0,100.0,0.0,960.0,0.0,500.0,0.0,1285.0,0.0,559.0,0.0,6.0,1200.0,3887.0,0.0,2060.0,0.0,1100.0,0.0,1398.0,0.0,300.0,0.0,250.0,0.0,100.0,0.0,20.0,0.0,30.0,0.0,15.0,0.0,200.0,0.0,150.0,0.0,200.0,0.0,25.0,0.0,7.0,0.0,755.0,0.0,2.0,0.0,562.0,0.0,12.0,0.0,2.0,0.0,10.0,0.0,130.0,0.0,4.0,0.0,3.0,0.0,325.0,0.0,10.0,0.0,505.0,0.0,150.0,0.0,50.0,0.0,795.0,0.0,10.0,0.0,150.0,0.0,25.0,0.0,360.0,0.0,200.0,0.0,744.0,0.0,40.0,0.0,50.0,0.0,160.0,0.0,1239.0,,,0.0,5.0,0.0,750.0,0.0,527.0,0.0,55.0,0.0,295.0,0.0,50.0,0.0,150.0,0.0,220.0,,,0.0,125.0,0.0,10.0
2021-05-11,0.0,50.0,0.0,400.0,0.0,150.0,0.0,25.0,0.0,665.0,0.0,80.0,0.0,25.0,0.0,50.0,0.0,40.0,0.0,1000.0,0.0,777.0,0.0,100.0,0.0,110.0,0.0,25.0,0.0,1484.0,0.0,50.0,0.0,150.0,0.0,220.0,,,0.0,579.0,0.0,100.0,105.0,905.0,0.0,500.0,0.0,1285.0,500.0,734.0,0.0,6.0,100.0,3387.0,0.0,2060.0,0.0,1100.0,0.0,1398.0,0.0,300.0,0.0,250.0,0.0,100.0,0.0,20.0,0.0,30.0,0.0,15.0,0.0,200.0,0.0,150.0,0.0,200.0,0.0,25.0,0.0,7.0,0.0,755.0,0.0,2.0,0.0,562.0,0.0,12.0,0.0,2.0,0.0,10.0,0.0,130.0,0.0,4.0,0.0,3.0,0.0,325.0,0.0,10.0,0.0,505.0,0.0,150.0,0.0,50.0,0.0,795.0,0.0,10.0,0.0,150.0,0.0,25.0,0.0,360.0,0.0,200.0,0.0,744.0,0.0,40.0,0.0,50.0,0.0,160.0,450.0,1389.0,,,0.0,5.0,0.0,750.0,8.0,529.0,0.0,55.0,0.0,295.0,0.0,50.0,0.0,150.0,0.0,220.0,,,0.0,125.0,0.0,10.0
2021-05-12,0.0,50.0,0.0,400.0,0.0,150.0,0.0,25.0,0.0,665.0,0.0,80.0,0.0,25.0,0.0,50.0,0.0,40.0,0.0,1000.0,0.0,777.0,0.0,100.0,0.0,110.0,0.0,25.0,0.0,1484.0,0.0,50.0,0.0,150.0,0.0,220.0,250.0,125.0,125.0,629.0,0.0,100.0,0.0,905.0,0.0,500.0,24.0,1295.0,0.0,734.0,0.0,6.0,950.0,3387.0,0.0,2060.0,0.0,1100.0,0.0,1398.0,0.0,300.0,0.0,250.0,0.0,100.0,0.0,20.0,0.0,30.0,0.0,15.0,0.0,200.0,0.0,150.0,0.0,200.0,0.0,25.0,0.0,7.0,0.0,755.0,0.0,2.0,0.0,562.0,0.0,12.0,0.0,2.0,0.0,10.0,0.0,130.0,0.0,4.0,0.0,3.0,0.0,325.0,0.0,10.0,0.0,505.0,0.0,150.0,0.0,50.0,0.0,795.0,0.0,10.0,0.0,150.0,0.0,25.0,0.0,360.0,0.0,200.0,0.0,744.0,0.0,40.0,0.0,50.0,0.0,160.0,0.0,1389.0,,,0.0,5.0,0.0,750.0,20.0,527.0,0.0,55.0,150.0,345.0,0.0,50.0,0.0,150.0,0.0,220.0,250.0,125.0,0.0,125.0,0.0,10.0
2021-05-13,0.0,50.0,0.0,400.0,0.0,150.0,0.0,25.0,0.0,665.0,0.0,80.0,0.0,25.0,0.0,50.0,0.0,40.0,0.0,1000.0,0.0,777.0,0.0,100.0,0.0,110.0,0.0,25.0,0.0,1484.0,0.0,50.0,0.0,150.0,0.0,220.0,0.0,125.0,0.0,579.0,0.0,100.0,80.0,925.0,0.0,500.0,0.0,1295.0,0.0,734.0,0.0,6.0,0.0,3137.0,0.0,2060.0,0.0,1100.0,0.0,1398.0,0.0,300.0,0.0,250.0,0.0,100.0,0.0,20.0,0.0,30.0,0.0,15.0,0.0,200.0,0.0,150.0,0.0,200.0,0.0,25.0,0.0,7.0,0.0,755.0,0.0,2.0,0.0,562.0,0.0,12.0,0.0,2.0,0.0,10.0,0.0,130.0,0.0,4.0,0.0,3.0,0.0,325.0,0.0,10.0,0.0,505.0,0.0,150.0,0.0,50.0,0.0,795.0,0.0,10.0,0.0,150.0,0.0,25.0,0.0,360.0,180.0,110.0,0.0,744.0,0.0,40.0,0.0,50.0,0.0,160.0,0.0,1389.0,,,0.0,5.0,0.0,750.0,0.0,527.0,0.0,55.0,0.0,345.0,0.0,50.0,0.0,150.0,0.0,220.0,0.0,125.0,0.0,125.0,0.0,10.0
2021-05-14,0.0,50.0,0.0,400.0,0.0,150.0,0.0,25.0,0.0,665.0,0.0,80.0,0.0,25.0,0.0,50.0,0.0,40.0,0.0,1000.0,0.0,777.0,0.0,100.0,0.0,110.0,0.0,25.0,0.0,1484.0,0.0,50.0,150.0,200.0,0.0,220.0,0.0,125.0,0.0,579.0,0.0,100.0,150.0,905.0,0.0,500.0,0.0,1295.0,0.0,734.0,0.0,6.0,0.0,3137.0,0.0,2060.0,0.0,1100.0,0.0,1398.0,0.0,300.0,0.0,250.0,0.0,100.0,0.0,20.0,0.0,30.0,0.0,15.0,0.0,200.0,0.0,150.0,0.0,200.0,0.0,25.0,0.0,7.0,0.0,755.0,0.0,2.0,0.0,562.0,0.0,12.0,0.0,2.0,0.0,10.0,0.0,130.0,0.0,4.0,0.0,3.0,0.0,325.0,0.0,10.0,0.0,505.0,0.0,150.0,0.0,50.0,0.0,795.0,0.0,10.0,0.0,150.0,0.0,25.0,0.0,360.0,0.0,110.0,0.0,744.0,0.0,40.0,0.0,50.0,0.0,160.0,0.0,1389.0,,,0.0,5.0,0.0,750.0,0.0,527.0,0.0,55.0,0.0,345.0,0.0,50.0,0.0,150.0,0.0,220.0,0.0,125.0,0.0,125.0,0.0,10.0
2021-05-17,0.0,50.0,0.0,400.0,0.0,150.0,0.0,25.0,0.0,665.0,0.0,80.0,0.0,25.0,0.0,50.0,0.0,40.0,0.0,1000.0,0.0,777.0,0.0,100.0,0.0,110.0,0.0,25.0,0.0,1484.0,0.0,50.0,0.0,150.0,0.0,220.0,0.0,125.0,225.0,648.0,0.0,100.0,0.0,855.0,0.0,500.0,0.0,1295.0,0.0,734.0,0.0,6.0,0.0,3137.0,0.0,2060.0,0.0,1100.0,0.0,1398.0,0.0,300.0,0.0,250.0,0.0,100.0,0.0,20.0,0.0,30.0,0.0,15.0,0.0,200.0,0.0,150.0,0.0,200.0,0.0,25.0,0.0,7.0,0.0,755.0,0.0,2.0,0.0,562.0,0.0,12.0,0.0,2.0,0.0,10.0,0.0,130.0,0.0,4.0,0.0,3.0,0.0,325.0,0.0,10.0,0.0,505.0,0.0,150.0,0.0,50.0,0.0,795.0,0.0,10.0,0.0,150.0,0.0,25.0,0.0,360.0,0.0,110.0,0.0,744.0,0.0,40.0,0.0,50.0,0.0,160.0,0.0,1389.0,,,0.0,5.0,0.0,750.0,0.0,527.0,0.0,55.0,0.0,345.0,0.0,50.0,0.0,150.0,0.0,220.0,0.0,125.0,0.0,125.0,0.0,10.0
2021-05-18,0.0,50.0,0.0,400.0,0.0,150.0,0.0,25.0,0.0,665.0,0.0,80.0,0.0,25.0,0.0,50.0,0.0,40.0,0.0,1000.0,0.0,777.0,0.0,100.0,0.0,110.0,0.0,25.0,0.0,1484.0,0.0,50.0,0.0,150.0,0.0,220.0,0.0,125.0,0.0,573.0,0.0,100.0,0.0,855.0,0.0,500.0,0.0,1295.0,0.0,734.0,0.0,6.0,0.0,3137.0,0.0,2060.0,0.0,1100.0,0.0,1398.0,0.0,300.0,0.0,250.0,0.0,100.0,0.0,20.0,0.0,30.0,0.0,15.0,0.0,200.0,0.0,150.0,0.0,200.0,0.0,25.0,0.0,7.0,0.0,755.0,0.0,2.0,0.0,562.0,0.0,12.0,0.0,2.0,0.0,10.0,0.0,130.0,0.0,4.0,0.0,3.0,0.0,325.0,0.0,10.0,0.0,505.0,0.0,150.0,0.0,50.0,0.0,795.0,0.0,10.0,0.0,150.0,0.0,25.0,0.0,360.0,0.0,110.0,0.0,744.0,0.0,40.0,0.0,50.0,0.0,160.0,0.0,1389.0,,,0.0,5.0,0.0,750.0,0.0,527.0,0.0,55.0,0.0,345.0,0.0,50.0,0.0,150.0,0.0,220.0,0.0,125.0,0.0,125.0,0.0,10.0
2021-05-19,0.0,50.0,0.0,400.0,0.0,150.0,0.0,25.0,0.0,665.0,0.0,80.0,0.0,25.0,0.0,50.0,0.0,40.0,0.0,1000.0,0.0,777.0,0.0,100.0,0.0,110.0,0.0,25.0,75.0,1484.0,0.0,50.0,0.0,150.0,0.0,220.0,0.0,125.0,0.0,573.0,0.0,100.0,0.0,855.0,0.0,500.0,0.0,1295.0,0.0,734.0,0.0,6.0,0.0,3137.0,0.0,2060.0,0.0,1100.0,0.0,1398.0,0.0,300.0,0.0,250.0,0.0,100.0,0.0,20.0,0.0,30.0,0.0,15.0,0.0,200.0,0.0,150.0,0.0,200.0,0.0,25.0,0.0,7.0,0.0,755.0,0.0,2.0,0.0,562.0,0.0,12.0,0.0,2.0,0.0,10.0,0.0,130.0,0.0,4.0,0.0,3.0,0.0,325.0,0.0,10.0,0.0,505.0,0.0,150.0,0.0,50.0,0.0,795.0,0.0,10.0,0.0,150.0,0.0,25.0,0.0,360.0,0.0,110.0,0.0,744.0,0.0,40.0,0.0,50.0,0.0,160.0,0.0,1389.0,,,0.0,5.0,0.0,750.0,0.0,527.0,0.0,55.0,0.0,345.0,0.0,50.0,0.0,150.0,0.0,220.0,0.0,125.0,0.0,125.0,0.0,10.0
2021-05-20,0.0,50.0,0.0,400.0,0.0,150.0,0.0,25.0,0.0,665.0,0.0,80.0,0.0,25.0,0.0,50.0,0.0,40.0,0.0,1000.0,0.0,777.0,0.0,100.0,0.0,110.0,0.0,25.0,0.0,1459.0,0.0,50.0,0.0,150.0,0.0,220.0,0.0,125.0,15.0,577.0,0.0,100.0,6.0,858.0,0.0,500.0,0.0,1295.0,0.0,734.0,0.0,6.0,0.0,3137.0,0.0,2060.0,0.0,1100.0,0.0,1398.0,0.0,300.0,0.0,250.0,0.0,100.0,0.0,20.0,0.0,30.0,0.0,15.0,0.0,200.0,0.0,150.0,0.0,200.0,0.0,25.0,0.0,7.0,0.0,755.0,0.0,2.0,0.0,562.0,0.0,12.0,0.0,2.0,0.0,10.0,0.0,130.0,0.0,4.0,0.0,3.0,0.0,325.0,0.0,10.0,0.0,505.0,0.0,150.0,0.0,50.0,0.0,795.0,0.0,10.0,0.0,150.0,0.0,25.0,0.0,360.0,0.0,110.0,10.0,749.0,0.0,40.0,0.0,50.0,0.0,160.0,0.0,1389.0,,,0.0,5.0,0.0,750.0,0.0,527.0,0.0,55.0,0.0,345.0,0.0,50.0,0.0,150.0,0.0,220.0,0.0,125.0,0.0,125.0,0.0,10.0
2021-05-21,0.0,50.0,0.0,400.0,0.0,150.0,0.0,25.0,0.0,665.0,0.0,80.0,0.0,25.0,0.0,50.0,0.0,40.0,0.0,1000.0,0.0,777.0,0.0,100.0,0.0,110.0,0.0,25.0,0.0,1459.0,0.0,50.0,0.0,150.0,0.0,220.0,0.0,125.0,40.0,597.0,0.0,100.0,0.0,858.0,0.0,500.0,40.0,1287.0,0.0,734.0,0.0,6.0,0.0,3137.0,0.0,2060.0,0.0,1100.0,0.0,1398.0,0.0,300.0,0.0,250.0,0.0,100.0,0.0,20.0,0.0,30.0,0.0,15.0,0.0,200.0,0.0,150.0,0.0,200.0,0.0,25.0,0.0,7.0,0.0,755.0,0.0,2.0,0.0,562.0,0.0,12.0,0.0,2.0,0.0,10.0,0.0,130.0,0.0,4.0,0.0,3.0,0.0,325.0,0.0,10.0,0.0,505.0,0.0,150.0,0.0,50.0,0.0,795.0,0.0,10.0,0.0,150.0,0.0,25.0,0.0,360.0,0.0,110.0,0.0,749.0,0.0,40.0,0.0,50.0,0.0,160.0,0.0,1389.0,,,0.0,5.0,0.0,750.0,0.0,527.0,0.0,55.0,0.0,345.0,0.0,50.0,0.0,150.0,0.0,220.0,0.0,125.0,0.0,125.0,0.0,10.0
2021-05-24,0.0,50.0,0.0,400.0,0.0,150.0,0.0,25.0,0.0,665.0,0.0,80.0,0.0,25.0,0.0,50.0,0.0,40.0,0.0,1000.0,0.0,777.0,0.0,100.0,0.0,110.0,0.0,25.0,225.0,1494.0,0.0,50.0,0.0,150.0,0.0,220.0,0.0,125.0,0.0,597.0,0.0,100.0,0.0,858.0,0.0,500.0,0.0,1137.0,0.0,734.0,0.0,6.0,0.0,3137.0,0.0,2060.0,0.0,1100.0,0.0,1398.0,0.0,300.0,0.0,250.0,0.0,100.0,0.0,20.0,0.0,30.0,0.0,15.0,0.0,200.0,0.0,150.0,0.0,200.0,0.0,25.0,0.0,7.0,0.0,755.0,0.0,2.0,0.0,562.0,0.0,12.0,0.0,2.0,0.0,10.0,0.0,130.0,0.0,4.0,0.0,3.0,0.0,325.0,0.0,10.0,0.0,505.0,0.0,150.0,0.0,50.0,0.0,795.0,0.0,10.0,0.0,150.0,0.0,25.0,0.0,360.0,0.0,110.0,0.0,749.0,0.0,40.0,0.0,50.0,0.0,160.0,0.0,1389.0,20.0,20.0,0.0,5.0,0.0,750.0,0.0,527.0,0.0,55.0,0.0,345.0,0.0,50.0,0.0,150.0,0.0,220.0,0.0,125.0,0.0,125.0,0.0,10.0
2021-05-25,0.0,50.0,0.0,400.0,0.0,150.0,0.0,25.0,0.0,665.0,0.0,80.0,0.0,25.0,0.0,50.0,0.0,40.0,0.0,1000.0,0.0,777.0,200.0,200.0,0.0,110.0,0.0,25.0,0.0,1419.0,0.0,50.0,0.0,150.0,0.0,220.0,0.0,125.0,16.0,601.0,0.0,100.0,0.0,858.0,0.0,500.0,0.0,1137.0,0.0,734.0,0.0,6.0,0.0,3137.0,0.0,2060.0,0.0,1100.0,0.0,1398.0,0.0,300.0,0.0,250.0,0.0,100.0,0.0,20.0,0.0,30.0,0.0,15.0,0.0,200.0,0.0,150.0,0.0,200.0,0.0,25.0,0.0,7.0,0.0,755.0,0.0,2.0,0.0,562.0,0.0,12.0,0.0,2.0,0.0,10.0,0.0,130.0,0.0,4.0,0.0,3.0,0.0,325.0,0.0,10.0,16.0,509.0,0.0,150.0,0.0,50.0,0.0,795.0,0.0,10.0,0.0,150.0,0.0,25.0,0.0,360.0,0.0,110.0,250.0,699.0,0.0,40.0,0.0,50.0,0.0,160.0,250.0,1430.0,0.0,20.0,0.0,5.0,0.0,750.0,0.0,527.0,0.0,55.0,0.0,345.0,0.0,50.0,0.0,150.0,0.0,220.0,0.0,125.0,0.0,125.0,0.0,10.0
2021-05-26,0.0,50.0,0.0,400.0,0.0,150.0,0.0,25.0,0.0,665.0,0.0,80.0,0.0,25.0,0.0,50.0,0.0,40.0,0.0,1000.0,0.0,777.0,0.0,100.0,0.0,110.0,0.0,25.0,0.0,1419.0,0.0,50.0,0.0,150.0,0.0,220.0,0.0,125.0,0.0,593.0,0.0,100.0,0.0,858.0,0.0,500.0,0.0,1137.0,0.0,734.0,0.0,6.0,0.0,3137.0,0.0,2060.0,0.0,1100.0,0.0,1398.0,0.0,300.0,0.0,250.0,0.0,100.0,0.0,20.0,0.0,30.0,0.0,15.0,0.0,200.0,0.0,150.0,0.0,200.0,0.0,25.0,0.0,7.0,0.0,755.0,0.0,2.0,0.0,562.0,0.0,12.0,0.0,2.0,0.0,10.0,0.0,130.0,0.0,4.0,0.0,3.0,0.0,325.0,0.0,10.0,0.0,501.0,0.0,150.0,0.0,50.0,0.0,795.0,0.0,10.0,0.0,150.0,0.0,25.0,0.0,360.0,0.0,110.0,0.0,699.0,0.0,40.0,0.0,50.0,0.0,160.0,0.0,1430.0,0.0,20.0,0.0,5.0,0.0,750.0,0.0,527.0,0.0,55.0,0.0,345.0,0.0,50.0,0.0,150.0,0.0,220.0,0.0,125.0,0.0,125.0,0.0,10.0
2021-05-27,0.0,50.0,0.0,400.0,0.0,150.0,0.0,25.0,0.0,665.0,0.0,80.0,0.0,25.0,0.0,50.0,0.0,40.0,0.0,1000.0,0.0,777.0,0.0,100.0,0.0,110.0,0.0,25.0,500.0,1419.0,0.0,50.0,0.0,150.0,0.0,220.0,0.0,125.0,150.0,634.0,0.0,100.0,530.0,973.0,0.0,500.0,600.0,1135.0,0.0,734.0,0.0,6.0,0.0,3137.0,0.0,2060.0,0.0,1100.0,0.0,1398.0,0.0,300.0,0.0,250.0,0.0,100.0,0.0,20.0,0.0,30.0,0.0,15.0,0.0,200.0,0.0,150.0,0.0,200.0,0.0,25.0,0.0,7.0,0.0,755.0,0.0,2.0,0.0,562.0,0.0,12.0,0.0,2.0,0.0,10.0,0.0,130.0,0.0,4.0,0.0,3.0,0.0,325.0,0.0,10.0,0.0,501.0,0.0,150.0,0.0,50.0,0.0,795.0,0.0,10.0,0.0,150.0,0.0,25.0,0.0,360.0,0.0,110.0,0.0,699.0,0.0,40.0,0.0,50.0,0.0,160.0,0.0,1430.0,0.0,20.0,0.0,5.0,0.0,750.0,0.0,527.0,0.0,55.0,0.0,345.0,0.0,50.0,0.0,150.0,0.0,220.0,0.0,125.0,0.0,125.0,0.0,10.0
2021-05-28,0.0,50.0,0.0,400.0,0.0,150.0,0.0,25.0,0.0,665.0,0.0,80.0,0.0,25.0,0.0,50.0,0.0,40.0,0.0,1000.0,0.0,777.0,0.0,100.0,0.0,110.0,0.0,25.0,0.0,1169.0,0.0,50.0,0.0,150.0,0.0,220.0,0.0,125.0,75.0,634.0,0.0,100.0,488.0,710.0,0.0,500.0,13.0,1035.0,0.0,734.0,0.0,6.0,0.0,3137.0,0.0,2060.0,0.0,1100.0,0.0,1398.0,0.0,300.0,0.0,250.0,0.0,100.0,0.0,20.0,0.0,30.0,0.0,15.0,0.0,200.0,0.0,150.0,0.0,200.0,0.0,25.0,0.0,7.0,0.0,755.0,0.0,2.0,0.0,562.0,0.0,12.0,0.0,2.0,0.0,10.0,0.0,130.0,0.0,4.0,0.0,3.0,0.0,325.0,0.0,10.0,0.0,501.0,0.0,150.0,0.0,50.0,0.0,795.0,0.0,10.0,0.0,150.0,0.0,25.0,0.0,360.0,0.0,110.0,0.0,699.0,0.0,40.0,0.0,50.0,0.0,160.0,0.0,1430.0,0.0,20.0,0.0,5.0,0.0,750.0,0.0,527.0,0.0,55.0,400.0,545.0,0.0,50.0,0.0,150.0,0.0,220.0,0.0,125.0,75.0,50.0,0.0,10.0
2021-06-01,0.0,50.0,0.0,400.0,0.0,150.0,0.0,25.0,0.0,665.0,0.0,80.0,0.0,25.0,0.0,50.0,0.0,40.0,0.0,1000.0,0.0,777.0,0.0,100.0,0.0,110.0,0.0,25.0,0.0,1169.0,0.0,50.0,0.0,150.0,0.0,220.0,0.0,125.0,75.0,659.0,0.0,100.0,30.0,707.0,0.0,500.0,0.0,1035.0,0.0,734.0,0.0,6.0,0.0,3137.0,0.0,2060.0,0.0,1100.0,0.0,1398.0,0.0,300.0,0.0,250.0,0.0,100.0,0.0,20.0,0.0,30.0,0.0,15.0,0.0,200.0,0.0,150.0,0.0,200.0,0.0,25.0,0.0,7.0,0.0,755.0,0.0,2.0,0.0,562.0,0.0,12.0,0.0,2.0,0.0,10.0,0.0,130.0,0.0,4.0,0.0,3.0,0.0,325.0,0.0,10.0,0.0,501.0,0.0,150.0,0.0,50.0,0.0,795.0,0.0,10.0,0.0,150.0,0.0,25.0,0.0,360.0,0.0,110.0,0.0,699.0,0.0,40.0,0.0,50.0,0.0,160.0,0.0,1430.0,0.0,20.0,0.0,5.0,0.0,750.0,0.0,527.0,0.0,55.0,0.0,545.0,0.0,50.0,0.0,150.0,0.0,220.0,0.0,125.0,0.0,50.0,0.0,10.0
